orderid,userid,orderdate,orderstatus,orderamount
17004,6851,23/03/2024,returned,628.93
5469,694,19/07/2025,cancelled,56.87
8177,5231,28/06/2025,processing,94.12
3788,1988,12/11/2024,shipped,3.13
14914,170,21/03/2025,processing,625.05
1353,3577,12/11/2024,shipped,1495
11692,6345,26/08/2025,shipped,83.13
11786,2055,21/03/2024,returned,832.48
3426,9008,8/01/2024,processing,202.11
12993,7863,3/06/2025,shipped,224.01
7918,2311,3/08/2025,processing,1977.15
10069,4042,18/05/2024,processing,664.03
4236,6707,22/01/2025,shipped,118.5
13910,9449,15/05/2025,completed,18.64
9118,3718,8/03/2025,completed,575.24
17215,8099,20/07/2025,cancelled,695.48
5913,8055,5/10/2025,shipped,570.57
5891,6620,25/06/2025,shipped,1703.13
3523,7502,9/11/2024,completed,531.53
7933,4302,19/08/2024,returned,47.18
9658,4583,4/02/2024,processing,101.53
7197,8408,7/04/2024,completed,743.19
17119,6343,11/11/2025,returned,361.95
9579,9374,14/02/2024,processing,286.99
6397,6275,13/11/2024,shipped,49.59
1544,8912,25/03/2024,processing,53.26
6746,51,10/08/2025,shipped,586.6
9080,9718,1/03/2025,processing,3417.82
15866,3908,7/07/2025,processing,147.92
4529,5682,4/02/2025,shipped,18.65
18441,2699,27/05/2024,cancelled,19.97
16701,4874,28/04/2024,returned,580.23
6679,7236,4/07/2024,processing,372.7
7547,8917,19/03/2024,processing,90.15
12774,3347,17/10/2024,completed,458.68
1576,3273,20/10/2024,returned,458.37
18614,4961,23/07/2024,shipped,358.44
1497,3429,26/05/2025,cancelled,19.17
9400,340,10/10/2024,completed,266.43
3771,7785,24/04/2024,returned,403.32
15909,7358,8/04/2024,cancelled,1039.2
15574,1810,6/01/2025,shipped,110.08
15827,4635,24/06/2024,shipped,3154.5
17466,637,27/08/2024,cancelled,474.14
14910,3275,1/03/2024,completed,261.97
1570,2102,9/10/2025,processing,152.3
8802,6938,11/11/2025,shipped,29.1
17367,9330,23/05/2024,completed,54.61
7359,5808,10/07/2024,shipped,326.46
12462,2768,15/08/2024,shipped,701.84
15999,7583,20/07/2024,processing,3812.43
14881,5059,5/04/2025,completed,128.42
18201,7400,6/10/2024,completed,602.87
18309,4857,11/03/2024,shipped,17.5
16697,3914,12/03/2024,processing,425.64
5493,8647,20/02/2024,returned,1394.51
2736,3329,3/02/2024,cancelled,82.68
12138,4608,2/12/2024,returned,46.97
10046,6373,8/11/2024,cancelled,363.96
1401,5428,11/06/2025,processing,1099.89
7481,4674,6/06/2024,processing,63.31
1216,2372,16/08/2025,completed,56.26
12722,1223,18/07/2024,returned,456.3
19953,2289,28/07/2025,returned,347.27
2033,4248,11/12/2024,processing,1362.28
7552,5758,10/11/2025,completed,949.7
338,7476,7/01/2024,completed,377.51
6304,4441,13/08/2024,completed,251.79
12335,553,16/06/2024,completed,73.31
17888,8835,21/05/2024,processing,2035.42
12703,8298,26/04/2024,returned,2474.74
18283,901,2/02/2025,processing,517.26
19592,3593,1/09/2024,shipped,56.58
12633,2851,7/06/2025,returned,173.79
16716,5361,13/09/2024,completed,597.8
3808,3819,13/02/2024,shipped,8.89
10683,1210,16/01/2025,completed,219.95
4912,3115,30/09/2025,cancelled,231.74
10380,32,29/07/2025,processing,83.41
3400,1861,27/04/2024,shipped,473.37
12416,8403,13/10/2025,shipped,269.19
12936,8412,30/09/2025,processing,33.11
6155,5401,25/07/2024,shipped,1935.66
13497,3899,6/04/2024,completed,1551.04
14013,4108,30/09/2024,returned,135.83
10489,7369,10/08/2025,shipped,187.92
9357,5653,23/08/2024,completed,93.84
1972,63,24/06/2025,returned,483.6
8856,5844,23/04/2024,cancelled,450.64
14892,8682,10/05/2025,shipped,1217.06
1292,3672,12/01/2025,completed,24.11
8227,2695,17/04/2024,completed,742.83
4935,5578,24/06/2025,processing,139.37
5216,4887,15/04/2024,processing,264.87
5940,3668,6/06/2025,returned,234.12
7792,9674,28/04/2024,shipped,240.3
8320,3305,5/10/2025,shipped,186.05
18552,9705,27/08/2025,shipped,154.29
19084,4050,18/05/2024,shipped,1716.3
4239,8868,8/04/2024,processing,1414.53
4889,511,17/01/2025,cancelled,253.7
13813,3377,20/06/2024,returned,73.69
3099,2076,13/04/2025,processing,673.64
3581,238,13/03/2024,cancelled,26.49
18735,9292,10/06/2025,returned,2.72
18749,2842,4/09/2024,shipped,311.01
13329,822,18/06/2025,returned,837.26
14735,7534,5/10/2025,returned,326.27
14538,3778,3/04/2024,returned,834.3
13242,4056,25/02/2024,cancelled,618.08
9733,426,14/10/2025,processing,77.46
18071,262,9/01/2024,processing,1878.79
18337,6032,31/03/2024,completed,661.52
6272,7125,20/05/2025,shipped,244.95
8457,8311,24/05/2025,cancelled,475.79
9043,8378,6/02/2025,completed,283.17
9591,4603,9/08/2024,completed,484.29
10965,5387,21/05/2025,processing,486.44
12782,9648,30/12/2024,shipped,439.66
4894,5263,20/02/2025,completed,1426.01
7094,6736,11/09/2024,returned,44.38
5718,2456,21/08/2024,cancelled,562.54
10880,6431,16/05/2024,shipped,423.86
12705,8562,18/05/2024,cancelled,783.79
9066,6210,18/01/2024,shipped,2201.62
12180,9074,1/08/2024,processing,15.26
18865,1059,14/01/2025,shipped,845.26
16599,1313,4/09/2025,cancelled,153.82
2897,6722,14/12/2024,completed,5.28
1708,9989,15/03/2025,cancelled,16.86
10101,9554,11/05/2024,cancelled,1205.1
14163,9788,31/10/2024,cancelled,189.22
6934,2062,26/11/2024,processing,405.41
9177,9974,28/03/2024,shipped,964.23
6695,484,3/05/2025,returned,1497.22
3002,2834,20/10/2024,cancelled,739.49
1111,3907,25/06/2024,returned,673.29
11813,7833,12/09/2024,completed,75.81
3533,7004,10/01/2024,shipped,592.06
13589,6022,10/04/2025,cancelled,439.38
17476,6386,11/08/2025,returned,37.84
5697,6000,16/10/2025,processing,163.28
9293,9456,9/03/2024,shipped,1277.73
5752,2706,19/02/2024,processing,140.04
6538,4163,31/12/2024,processing,76.15
18732,763,22/08/2025,completed,737.24
5309,34,2/07/2025,processing,121.15
14525,4659,9/01/2025,completed,3030.95
16247,3307,7/02/2025,cancelled,22.01
10188,3649,20/03/2025,cancelled,2004.61
13227,1785,9/08/2024,shipped,1236.76
7977,7446,26/01/2025,cancelled,1022.07
16705,2417,15/08/2025,completed,1377.14
8434,9316,18/10/2024,completed,21.1
2655,9380,16/09/2024,cancelled,460.66
18925,3114,30/04/2024,processing,84.8
13578,4669,24/09/2024,completed,112.57
18906,2546,22/02/2025,completed,269.94
11210,1108,14/04/2025,returned,204.47
5069,8827,25/08/2024,shipped,479.28
14643,1298,10/08/2024,returned,118.82
856,983,18/07/2025,shipped,633.83
5068,730,24/09/2024,completed,294.45
1519,7123,27/07/2024,processing,565.28
13437,2115,11/04/2024,processing,233.8
12910,5211,5/08/2025,completed,43.4
8073,9669,2/11/2024,returned,492.64
5078,6252,23/05/2024,cancelled,187.79
19585,6718,20/12/2024,cancelled,1190.96
5171,5099,19/06/2024,completed,1680.02
18250,7102,6/11/2024,returned,851.88
2705,3958,1/03/2025,cancelled,180.4
7377,9097,29/09/2025,completed,1287.95
883,8014,16/09/2024,returned,24.2
15950,7832,9/04/2025,returned,1089.82
4599,9719,3/10/2024,processing,731.87
6416,8476,23/11/2024,completed,948.69
15494,2419,12/01/2024,completed,231.26
13444,9804,17/06/2025,processing,2218.59
2528,377,7/01/2025,returned,8.2
4225,8076,2/10/2025,returned,801.98
13735,8444,27/03/2024,returned,19.08
16221,8618,20/03/2024,cancelled,571.58
5151,1484,20/03/2025,processing,1243.77
8553,4809,5/09/2024,processing,10.35
12237,8400,14/05/2025,processing,2323.68
17818,953,27/02/2024,cancelled,636.25
14813,4852,31/12/2024,processing,100.98
6600,2492,30/08/2024,completed,697.59
1380,3969,15/09/2024,returned,58.76
75,3631,14/04/2025,processing,420.44
1635,4451,19/01/2024,shipped,2852.3
10753,667,15/02/2025,processing,1057.09
3923,9656,6/07/2025,completed,1491.17
17230,5173,16/10/2024,returned,5.66
10061,7957,23/08/2024,processing,108.57
11420,3235,29/08/2025,shipped,455.77
7955,8510,29/10/2024,completed,217.37
19128,5654,13/05/2025,completed,15.66
10482,5672,12/09/2024,shipped,887.11
7533,4247,8/07/2024,completed,10.78
17286,1133,5/06/2024,processing,1536.6
6257,3002,3/08/2024,completed,453.07
17049,6308,16/03/2025,returned,110.8
9050,2137,19/08/2025,cancelled,167.4
3894,1160,15/07/2025,returned,340.5
2730,2329,21/10/2025,cancelled,113.98
3698,7416,10/08/2024,returned,151.83
16108,4253,18/10/2025,processing,353.04
1664,5333,24/05/2025,processing,75.5
11124,2223,13/10/2025,processing,91.05
9367,5828,16/04/2025,cancelled,1164.96
14821,188,26/05/2025,returned,12.81
5793,965,15/08/2024,cancelled,94.35
16361,9535,6/05/2024,cancelled,888.47
7143,5276,25/11/2024,returned,81.54
14124,3770,28/05/2025,cancelled,26.39
15872,1886,24/12/2024,shipped,2447.31
9189,1403,11/04/2024,shipped,1175.49
9304,5778,24/06/2025,returned,785.27
3507,6117,27/10/2025,returned,80.37
15199,8713,19/06/2024,cancelled,619.24
2832,9267,11/05/2025,completed,579.73
10048,7875,2/10/2024,returned,3438.14
8051,1109,5/09/2025,cancelled,20.06
9140,4353,28/11/2024,cancelled,379.76
10458,536,19/01/2025,processing,404.39
892,8148,18/07/2024,processing,235.42
10345,1298,13/08/2025,returned,505.48
2295,9209,6/03/2025,cancelled,373.74
15395,2949,24/11/2024,completed,9.97
12475,1680,22/05/2025,cancelled,958.95
10330,6754,15/03/2025,shipped,1195.38
16773,6853,10/10/2024,shipped,2259.12
17880,2360,29/05/2024,shipped,56.74
5167,8480,16/10/2024,completed,1211.04
11028,6814,28/04/2025,returned,40.38
6186,4376,12/05/2025,completed,933.64
5707,8506,11/03/2024,returned,9.1
14177,5783,9/10/2024,returned,373.09
1052,8858,21/07/2025,processing,1295.76
15744,1872,5/06/2025,shipped,1298.39
16515,1562,17/03/2024,shipped,18.65
733,2635,23/12/2024,completed,322.3
11156,7526,28/06/2024,completed,525.77
19589,869,2/08/2024,shipped,39
15712,8140,4/07/2024,processing,208.34
2842,9956,24/06/2024,returned,138.24
15466,2392,24/05/2025,processing,80.1
13302,4821,5/03/2025,shipped,155.96
14222,3003,5/09/2025,shipped,253.68
17370,8109,3/01/2024,shipped,20.06
3971,5876,7/08/2025,cancelled,327.99
12342,5697,9/09/2024,cancelled,142.27
1624,919,6/11/2024,returned,224.63
12232,8608,25/04/2025,returned,105.3
11458,8172,15/08/2025,returned,140.37
4953,3544,25/10/2024,processing,1087.67
15483,8159,3/05/2024,shipped,295.84
17334,1782,17/07/2024,shipped,2795.99
18646,3696,4/01/2024,processing,54.48
5275,1235,3/11/2024,shipped,239.76
15275,2858,23/12/2024,cancelled,416.64
7309,919,5/05/2025,processing,1403.03
19780,8971,26/09/2025,completed,16.14
7802,1541,6/07/2025,returned,468.8
14383,5666,14/08/2024,processing,92.24
3681,4418,23/02/2024,processing,465.9
1361,5138,10/07/2024,processing,46.89
10809,6159,3/02/2024,shipped,831.9
2049,4495,8/06/2024,completed,107.42
6803,6527,18/03/2024,returned,1083.48
17377,6357,15/12/2024,returned,921
5632,5550,3/04/2024,processing,184.56
9326,3904,15/08/2024,shipped,916.09
16917,9372,19/02/2025,completed,322.77
11046,2456,27/12/2024,cancelled,95.48
10063,4235,28/12/2024,completed,252.09
17568,8622,9/06/2025,processing,300.24
7319,6136,13/07/2024,processing,225.5
11720,4136,6/02/2025,processing,307.06
19501,2453,28/03/2025,processing,1554.15
3799,9435,23/12/2024,shipped,2148.39
11026,1687,2/02/2025,processing,2101.53
7302,1008,24/04/2024,shipped,29.94
15545,4023,16/11/2024,processing,210.41
3875,2586,12/02/2024,returned,15.87
6687,8704,14/10/2024,processing,77.34
11617,981,10/01/2024,returned,296.68
15008,3219,21/03/2024,shipped,598.92
1629,4381,30/03/2024,completed,1415.15
11452,8777,20/09/2025,cancelled,61.15
8906,7928,22/10/2025,processing,259.72
3430,707,28/07/2024,shipped,26.48
12706,627,14/01/2024,processing,128.43
12463,378,10/03/2025,returned,59.9
8030,3195,2/01/2024,cancelled,226.2
6512,7558,19/05/2025,processing,326.9
11396,7445,20/02/2024,returned,238.35
17125,8013,1/10/2024,returned,400.48
11258,193,26/12/2024,processing,732.19
3570,2697,18/01/2025,completed,31.17
13042,3781,7/11/2024,shipped,259.15
8845,5640,10/07/2025,completed,177.89
7353,406,22/02/2024,cancelled,3.69
17402,9476,7/10/2024,shipped,596.52
9431,9484,3/11/2025,cancelled,189.88
18215,2588,27/11/2024,completed,817.35
1187,2028,26/04/2025,processing,732.28
19560,3142,8/11/2025,returned,11.67
4660,4335,6/10/2024,shipped,42.19
9007,5565,24/09/2025,cancelled,382.39
3259,8994,24/02/2024,completed,1129.33
11202,7638,14/04/2024,cancelled,213.98
14604,9405,28/08/2025,shipped,264.04
14699,4234,7/10/2024,returned,2823.15
16302,4380,18/05/2025,shipped,738.91
10955,7645,5/03/2024,returned,228.69
5257,4275,13/03/2024,shipped,62.58
4593,2324,13/08/2024,completed,157.79
10358,1064,2/04/2025,cancelled,20.23
1966,5203,19/11/2024,cancelled,144.93
3434,1826,13/08/2024,cancelled,54.48
370,3571,4/03/2024,processing,3716.4
11415,5670,7/10/2025,completed,439.88
9491,9388,2/10/2024,returned,64.11
14119,2668,1/02/2025,cancelled,52.71
319,68,8/08/2025,processing,366.84
3858,2029,18/03/2025,returned,2150.79
7191,961,20/10/2025,processing,84.12
6146,4910,9/09/2025,completed,112.52
13749,9089,20/08/2025,processing,25.96
2616,6090,23/07/2024,completed,117.1
7314,1509,9/11/2025,completed,1424.27
6659,7327,25/04/2025,processing,1440.1
11072,9352,9/07/2024,returned,401.23
14440,5907,16/04/2024,processing,348.74
15250,8899,27/10/2024,cancelled,449.45
7217,8215,23/07/2025,cancelled,2186.73
274,3564,26/05/2024,shipped,465.6
1541,2960,8/12/2024,shipped,324.15
12674,2830,8/07/2025,shipped,576.4
8504,1539,20/09/2024,processing,23.86
18836,9337,23/01/2025,cancelled,438.35
7764,7102,19/03/2025,completed,17.96
15285,1052,29/04/2024,processing,1235.37
13776,4963,18/09/2025,shipped,10.47
17046,4055,26/07/2025,cancelled,383.26
2808,2924,15/03/2024,shipped,8.97
8674,84,18/09/2024,shipped,375.68
7819,5966,6/02/2025,completed,1206.65
18136,4418,1/05/2025,cancelled,97.47
3390,9874,31/05/2024,cancelled,1093.26
7496,5770,15/09/2025,processing,275.73
5433,3240,24/06/2024,shipped,560.6
1133,2645,10/09/2025,cancelled,134.9
18645,9383,2/01/2024,shipped,153.06
11001,5833,20/03/2025,completed,161.28
11532,5426,1/04/2024,returned,11.71
5968,1771,14/08/2025,completed,1054.57
4221,3630,17/03/2025,processing,229.36
2652,620,25/01/2025,cancelled,139.12
19654,4713,31/05/2024,cancelled,405.41
15635,206,5/01/2024,returned,4436.59
873,705,16/10/2025,cancelled,274.66
8460,394,11/10/2024,cancelled,5112.76
16113,7190,15/09/2025,processing,420.75
18430,6697,24/03/2025,processing,852.04
7361,4232,16/06/2024,cancelled,226.36
3456,3262,4/03/2024,shipped,130.26
3240,8237,20/04/2025,returned,265.85
11597,6863,30/05/2024,returned,90.88
15091,513,3/07/2025,returned,172.29
10527,8815,18/01/2025,completed,243.26
18616,3770,22/01/2025,completed,103.35
18425,3644,18/06/2025,returned,295.61
6876,718,11/01/2024,cancelled,98.55
816,5222,6/03/2024,returned,443.67
7499,1157,6/02/2025,returned,104.31
13835,8721,13/05/2025,shipped,54.86
12223,6258,15/08/2024,returned,85.53
14426,6337,18/07/2025,returned,133.96
15242,6045,1/03/2024,processing,412.71
13062,7110,15/11/2024,completed,20.74
491,6170,3/04/2025,shipped,757.22
13359,9828,11/08/2024,completed,1523.53
7580,7377,22/01/2025,completed,390.18
19612,4787,4/04/2025,shipped,137.88
10177,4933,10/03/2024,completed,43.13
6580,7307,1/02/2024,shipped,295.81
13281,4613,29/05/2024,returned,610.68
13675,390,6/03/2025,processing,7.41
12831,2671,3/05/2024,processing,140.31
19396,7214,15/03/2025,processing,203.94
692,3305,4/01/2024,shipped,19.55
2951,1572,4/02/2024,completed,260.49
1057,3550,30/08/2025,cancelled,313.02
4839,4329,26/01/2024,cancelled,37.2
5122,2322,18/05/2025,processing,366.84
17442,8260,3/10/2025,processing,1257.27
10874,6486,23/12/2024,completed,190.88
1789,7155,20/10/2024,returned,877.12
14323,9583,17/10/2025,cancelled,684.46
1486,6659,21/02/2025,completed,120.94
9988,8856,22/03/2024,processing,250.58
17267,8957,22/03/2024,shipped,1664.68
15346,8588,23/05/2025,returned,70.82
18375,6446,28/09/2025,returned,965.14
201,3830,5/02/2025,cancelled,72.87
6352,7907,6/03/2025,shipped,54.48
14134,7626,11/11/2025,shipped,353.87
6913,9780,15/03/2025,cancelled,61.12
1182,6465,7/11/2024,processing,221.26
677,5112,18/05/2025,returned,651.99
14248,8268,16/09/2024,cancelled,1733.86
4255,2236,9/08/2024,returned,1708.25
4981,7356,11/10/2025,shipped,65
10546,204,6/10/2025,completed,516.84
4674,9221,20/04/2025,returned,233.73
12821,1786,1/08/2025,processing,2564.4
3138,1635,18/02/2024,shipped,194.2
8820,4447,13/06/2024,returned,82.98
5643,7999,9/09/2024,processing,107.76
13166,9315,26/06/2024,shipped,52.05
15807,3968,14/12/2024,cancelled,363.8
1498,9806,8/12/2024,shipped,562.36
1616,9459,10/03/2024,returned,318.64
5621,9373,2/01/2025,completed,110.8
18702,3558,31/03/2025,completed,422.52
727,2477,9/02/2025,processing,76.59
334,1482,21/03/2024,completed,119.1
15030,1469,6/05/2024,cancelled,771.2
862,6282,15/07/2025,processing,875.51
19632,7340,20/04/2025,returned,424.5
11622,4782,22/07/2025,completed,3090.2
7759,1057,5/01/2024,completed,95.94
16683,1295,18/03/2024,completed,94.66
3485,4479,27/08/2025,returned,112.71
2392,4481,16/02/2024,processing,1060.41
5220,5933,10/03/2024,shipped,131.08
1457,8080,20/03/2024,completed,1563.08
10950,3303,17/02/2025,returned,236.64
6078,8141,12/10/2024,processing,4631.86
5764,510,8/04/2024,returned,82.56
19050,9642,27/08/2025,shipped,165.27
4093,7930,3/08/2025,completed,375.5
11174,9528,27/08/2024,completed,297.56
12845,4111,24/02/2024,cancelled,119.86
136,1440,8/04/2025,cancelled,327.99
3665,3784,10/08/2025,shipped,27.33
16449,5538,24/07/2025,returned,166.22
890,3349,3/09/2024,processing,40.12
12713,7974,31/01/2024,processing,40.79
13565,4582,17/07/2024,completed,20.09
825,1203,8/07/2024,cancelled,479.02
3736,2893,3/10/2024,returned,1423.47
18740,877,17/03/2025,cancelled,1394.14
1254,3147,11/09/2024,processing,420.41
9718,5276,20/04/2024,shipped,1964.2
15774,3212,4/04/2024,cancelled,1029.1
7899,3812,26/03/2024,shipped,1102.97
3727,2357,4/06/2025,cancelled,1584.36
11900,8725,1/02/2025,completed,947.98
13968,4626,26/06/2024,shipped,253.6
7324,7851,1/09/2024,shipped,149.44
14087,8724,30/11/2024,completed,895.28
15229,3210,11/12/2024,processing,528.7
4241,1565,26/11/2024,completed,16.13
6758,7842,25/03/2025,returned,120.8
14725,6610,5/07/2024,returned,61.06
16202,8230,13/05/2024,shipped,43.35
12569,7297,12/04/2025,cancelled,2.22
1832,9862,24/07/2025,completed,1895.52
15005,4187,27/06/2025,processing,20.19
17111,1033,30/07/2025,cancelled,953.19
6112,9239,10/05/2025,returned,383.43
9902,3782,25/01/2025,processing,220.34
15073,4630,14/02/2025,completed,28.04
15480,7532,11/03/2025,completed,562.01
1729,4767,18/11/2024,processing,336.1
4088,3923,21/04/2025,processing,1275.55
5350,1796,4/02/2025,completed,499.03
16328,2646,7/06/2024,cancelled,420.35
12005,7150,27/01/2025,shipped,1491.57
2450,7159,23/10/2025,cancelled,207.26
9580,1912,19/08/2025,shipped,289.54
11853,8999,26/12/2024,returned,60.18
2534,140,4/11/2024,cancelled,283.47
1588,2816,25/07/2024,returned,138.7
4340,6516,24/02/2024,cancelled,1309.52
15973,4420,5/10/2024,processing,1006.96
13896,1931,4/12/2024,shipped,1376.72
9438,9918,19/09/2024,cancelled,49.09
16766,7691,25/11/2024,processing,442.14
7079,8230,23/10/2025,shipped,38.79
2253,6229,18/08/2025,returned,433.61
2967,2231,14/07/2025,cancelled,451.74
901,3735,16/02/2025,shipped,124.77
8162,6999,21/03/2024,cancelled,3075.93
16397,239,4/01/2025,cancelled,441.04
716,7002,2/09/2025,cancelled,111.52
6814,7423,7/07/2024,shipped,174.51
8596,6531,3/03/2024,completed,2735.8
11999,892,3/09/2024,shipped,2702.39
13450,5724,28/08/2024,returned,1297.72
16065,2466,13/04/2025,returned,395.25
18471,6621,11/07/2024,processing,229.98
4957,691,30/07/2024,returned,55.14
6797,67,26/08/2025,cancelled,253.46
16536,2911,14/10/2024,cancelled,584.97
9613,4581,24/03/2025,completed,99.56
9148,6016,20/04/2025,processing,404.72
3962,7206,24/01/2025,returned,62.08
4032,755,11/06/2024,returned,43.57
1008,1623,4/07/2025,shipped,99.51
5604,19,1/01/2024,shipped,37.8
8815,5023,20/09/2024,processing,2427.48
6502,188,9/09/2025,completed,1164.97
2177,7160,16/02/2025,returned,779.82
18887,4794,3/04/2024,processing,146.84
960,2044,1/07/2025,returned,207.21
667,6225,6/04/2024,shipped,158.03
772,6895,7/02/2024,completed,418.37
3191,5900,30/06/2024,completed,728.79
15604,7144,25/07/2025,completed,40.47
10821,7946,17/04/2024,cancelled,18.77
2772,8978,11/08/2025,completed,65.61
18981,80,12/10/2024,processing,276.29
15037,83,28/08/2024,cancelled,126.88
16894,3647,7/02/2025,cancelled,135.88
8731,4949,15/03/2025,cancelled,628.17
14950,3771,3/01/2024,shipped,85.29
8573,2798,13/09/2024,processing,286.97
14870,8702,4/09/2024,processing,468.2
7810,1597,10/05/2025,cancelled,2545.55
11065,3837,25/11/2024,processing,33.99
13333,2533,21/05/2024,processing,3889.33
14502,84,12/04/2024,processing,1741.27
10112,719,12/08/2024,processing,788.84
4466,6096,16/08/2024,shipped,1526.37
17141,3906,14/08/2025,cancelled,39.96
7038,6930,13/06/2025,shipped,88.66
15748,3477,19/11/2024,processing,702.19
18610,2685,11/07/2025,shipped,386.24
10677,7153,29/01/2025,completed,2209.97
18609,3635,11/11/2025,returned,682.93
12032,6649,3/05/2025,cancelled,55.21
4482,8024,2/08/2024,completed,968.19
2305,2053,18/02/2025,processing,260.33
6380,9469,6/06/2025,processing,1071.38
5907,7676,12/03/2024,shipped,1249.51
2517,7375,2/08/2025,completed,200.4
2954,2203,8/07/2024,completed,602.47
8468,2644,20/02/2024,completed,374.23
11621,5571,29/07/2024,processing,4177.5
8552,127,29/08/2025,completed,431.38
16748,817,2/08/2024,processing,1008.15
6225,3865,28/04/2025,cancelled,706.79
8072,4989,29/10/2025,cancelled,1523.57
4227,7119,31/05/2025,returned,1094.53
9838,8767,24/02/2025,returned,59.97
7804,4150,13/02/2025,cancelled,46
15270,8137,13/08/2024,cancelled,319.47
15763,492,12/11/2025,cancelled,47.35
18868,9778,5/11/2025,shipped,59.93
3990,4890,20/09/2025,cancelled,127.2
9273,5670,15/06/2024,returned,212.68
17510,610,8/12/2024,returned,1636.38
5236,4734,3/04/2024,processing,523.42
15115,5667,31/07/2025,shipped,38.21
12433,966,26/09/2024,returned,418.78
10108,9759,20/10/2024,processing,162.42
5699,6460,29/09/2025,shipped,109.3
1096,8638,1/07/2025,cancelled,674.26
1108,969,18/05/2024,returned,1539.42
101,9367,2/08/2024,shipped,312.65
6620,9124,3/03/2024,completed,185.76
9489,7986,24/06/2024,returned,269.42
1981,7905,19/01/2024,cancelled,496.67
9768,2227,9/11/2025,processing,486.77
14291,2353,12/02/2024,processing,21.73
10133,2147,18/07/2024,shipped,823.69
16508,35,29/12/2024,processing,52.77
15873,7598,14/01/2024,processing,234.48
9386,6962,19/09/2025,returned,271.41
13205,127,7/02/2024,cancelled,3975.71
7556,846,2/03/2024,shipped,517.78
11206,7950,31/03/2024,processing,934.28
11797,2340,5/10/2024,processing,74.41
1334,3654,19/02/2024,cancelled,266.71
14650,2222,24/09/2024,completed,2081.57
4326,371,23/12/2024,shipped,69.92
2263,8355,14/07/2024,completed,2956.05
8584,8035,23/03/2024,completed,818.47
10269,3460,18/05/2024,processing,866.96
16810,8633,22/09/2024,cancelled,1110.31
9297,1557,17/01/2024,cancelled,1663.12
13784,2774,23/02/2025,returned,68.15
9486,3781,10/01/2024,completed,270.78
7870,6135,28/02/2024,processing,1536.32
3402,2189,7/05/2025,returned,173.61
107,5095,11/09/2024,cancelled,91.42
17273,5187,7/08/2025,shipped,1286.18
13748,912,1/05/2025,completed,556.23
8799,1854,15/03/2025,processing,689.59
7013,8794,4/01/2025,completed,703.72
13993,1741,16/05/2025,cancelled,263.07
14110,868,3/03/2024,shipped,58.83
10638,2232,12/10/2024,returned,908.88
4971,8156,10/05/2024,cancelled,151.71
10448,5692,24/06/2024,shipped,417.21
1802,6421,10/07/2025,processing,478.24
15890,6439,4/10/2025,processing,325.61
497,9036,4/01/2025,cancelled,780.81
13211,2073,19/03/2025,shipped,943.41
1564,1366,29/02/2024,completed,15.87
1502,5725,3/09/2025,processing,114.06
19205,9967,5/09/2025,shipped,3194.27
11192,4557,29/08/2025,completed,175.43
9179,2530,1/07/2024,cancelled,54.93
15163,433,30/11/2024,processing,253.18
17328,4317,25/12/2024,processing,2910.3
19342,1628,22/07/2024,cancelled,681.34
16435,3095,29/08/2025,completed,3.44
7224,6310,8/09/2024,shipped,258.05
8632,841,30/07/2024,shipped,6.79
18773,5936,3/05/2025,shipped,7.76
15696,5445,5/07/2025,returned,1490.66
12886,1459,13/06/2024,cancelled,652.2
826,2374,27/03/2024,returned,570.66
15878,5577,1/12/2024,shipped,818.78
10515,8239,25/11/2024,shipped,9.81
3130,2403,7/12/2024,returned,21.38
8045,1718,25/09/2024,cancelled,28.05
17028,9187,20/10/2025,shipped,214.97
6324,5057,3/10/2024,returned,701.36
14769,7878,26/03/2025,returned,1208.68
2216,6820,23/03/2025,completed,33.58
14118,9689,5/09/2025,returned,1014.64
17630,3760,25/12/2024,completed,379.96
10230,9820,25/03/2024,returned,174.57
949,6199,20/08/2025,cancelled,156.32
16261,1553,16/04/2024,cancelled,639.62
11378,4431,30/07/2024,processing,3151.22
7077,188,25/10/2024,completed,21.02
5390,7828,11/11/2025,returned,1708.2
1688,848,11/04/2024,shipped,23.37
13322,2925,25/11/2024,cancelled,1800.51
7839,2972,12/11/2024,completed,509.59
8366,8124,29/09/2025,completed,460.66
15222,6593,2/08/2024,completed,745.53
12068,199,4/06/2024,cancelled,564.28
18464,5528,11/09/2025,cancelled,166.32
18876,7782,21/04/2024,cancelled,46.57
18926,1948,6/06/2024,cancelled,167.52
6997,7304,16/08/2024,completed,917.23
10702,9543,16/04/2025,cancelled,194.65
8092,7739,11/04/2025,shipped,389.34
15889,8954,22/08/2024,returned,295.84
5747,7871,9/06/2025,completed,252.08
859,5658,28/08/2024,returned,295.05
15306,2247,8/11/2024,processing,3886.7
5601,7553,4/10/2025,cancelled,1507.97
7221,2922,22/06/2024,shipped,2572.96
10254,2844,22/12/2024,completed,1280.15
19948,468,4/09/2025,returned,90.02
8653,4609,27/02/2024,cancelled,73.8
18042,3005,18/11/2024,cancelled,606.3
6347,8742,31/12/2024,processing,660.99
5723,1938,11/11/2024,returned,1175.73
11834,8765,6/12/2024,returned,631.53
9496,1058,18/07/2024,processing,214.65
3486,5233,26/04/2024,completed,267.15
17177,1060,25/03/2024,completed,20.06
9897,9674,20/01/2024,cancelled,5711.62
17732,462,6/08/2025,shipped,952.72
9969,9683,23/09/2025,returned,404.6
8302,5087,14/10/2025,completed,1266.34
2250,7871,12/07/2024,returned,293.18
4496,3543,30/10/2024,returned,841.76
4931,9705,10/11/2024,completed,19.77
14276,4457,17/07/2024,cancelled,1177.32
8598,5771,26/01/2025,returned,507.37
14286,1575,17/01/2024,returned,647.96
15533,6901,12/03/2024,returned,29.76
9567,7095,2/12/2024,processing,319.15
13811,3974,26/12/2024,returned,424.27
1995,8136,11/01/2025,returned,2.22
12738,619,6/07/2024,completed,11.89
11278,6663,1/07/2025,processing,612.23
13953,6363,17/06/2024,processing,590.1
2847,7180,25/06/2024,shipped,395.19
18667,8512,4/08/2025,completed,1933.47
16681,2102,8/06/2024,returned,111.05
6984,6735,23/10/2025,cancelled,79.36
13168,4856,11/10/2024,cancelled,175.1
3061,4866,28/10/2024,processing,114.66
1691,5347,18/03/2024,completed,810.13
8241,5992,27/02/2024,cancelled,85.29
8564,9521,13/08/2025,shipped,43.64
13030,7302,25/02/2024,returned,165.32
1269,6783,5/03/2025,processing,220.52
5005,9771,14/07/2024,processing,1134.19
15243,8344,14/02/2025,returned,288.32
17022,3328,9/03/2025,returned,1417.6
10457,4138,18/08/2025,completed,1113.29
1119,7266,19/06/2025,cancelled,1586.27
6849,6182,2/02/2025,cancelled,2269.31
12498,2637,18/04/2024,processing,396.25
8882,7938,15/04/2025,processing,424.57
15087,3650,15/12/2024,processing,418.07
18855,3519,4/10/2025,processing,456.09
12276,9049,19/07/2024,completed,113.5
954,5515,6/06/2025,completed,255.44
8017,7780,21/01/2024,processing,134.71
1492,9777,14/02/2025,completed,306.55
18563,8594,21/06/2024,returned,925.05
3680,4031,1/11/2024,shipped,1495.76
7171,1749,28/08/2025,returned,79.6
8824,6574,20/05/2024,returned,186.82
568,9687,26/01/2024,processing,600.26
15705,4424,29/04/2024,completed,327.68
16395,1925,4/06/2025,shipped,661.45
2523,181,12/10/2025,processing,72.08
2667,1151,15/08/2025,shipped,914.3
18842,8115,13/07/2025,returned,114.66
9527,1768,29/06/2024,shipped,97.36
19545,515,28/03/2024,completed,248.92
17940,989,4/05/2024,returned,35.34
11897,151,5/11/2024,processing,434.71
713,3144,19/09/2025,processing,761.04
14140,9211,6/09/2025,shipped,624.52
11916,375,11/12/2024,completed,30.81
12251,6985,17/10/2025,returned,304.3
18084,425,8/07/2025,processing,1714.78
14292,3423,25/02/2024,cancelled,223.83
11580,7738,28/04/2024,processing,256.16
15857,2299,2/08/2024,completed,97.78
12982,2281,28/10/2025,returned,177.92
16879,6818,7/01/2024,shipped,34.96
8152,7844,23/06/2024,completed,1413.87
6318,9469,1/12/2024,cancelled,566.37
10890,1095,8/02/2025,completed,21.74
18493,4094,18/10/2024,completed,95.77
6268,5635,25/09/2024,completed,157
17181,2684,15/08/2025,cancelled,760.25
8875,7666,11/03/2025,processing,106.99
12087,4201,22/04/2025,processing,173.25
4856,302,2/07/2025,completed,676.95
16133,507,31/12/2024,cancelled,848.8
2775,6654,10/03/2025,processing,395.69
9090,2641,2/04/2025,cancelled,81.24
9503,6696,26/09/2025,processing,826.25
6702,788,15/08/2024,cancelled,241.68
10667,5060,14/04/2025,shipped,318.01
2735,8202,1/01/2025,processing,1092.71
18662,3996,26/09/2024,cancelled,79.93
1034,5256,6/06/2024,returned,3385.66
9972,9006,30/04/2025,completed,494.34
12652,1802,14/01/2025,completed,755.52
18166,7551,18/06/2024,completed,538.68
10027,9568,19/06/2024,returned,236.52
2543,6773,30/08/2024,cancelled,990.89
4773,8326,30/07/2025,returned,44.88
10759,4908,16/09/2024,cancelled,20.74
7848,6311,9/04/2024,returned,955.5
19137,8618,30/09/2024,processing,397.26
16811,9758,4/11/2025,returned,180.28
3373,4679,17/11/2024,processing,175.04
4974,5007,12/04/2025,processing,52.25
10034,4240,14/05/2025,returned,102.08
17436,9447,7/03/2025,returned,71.52
3929,8144,10/04/2025,cancelled,14.44
5584,7484,30/01/2024,shipped,547.69
12770,2252,28/02/2025,completed,375.91
4327,2381,26/02/2024,shipped,75.19
17475,3274,30/12/2024,returned,457.71
16749,6110,29/05/2025,returned,18.89
5978,4261,18/01/2024,returned,297.51
15828,1220,15/10/2025,processing,661.52
18848,3359,1/08/2024,shipped,172.3
1156,276,29/09/2024,cancelled,733.14
2975,9896,23/08/2025,processing,314.22
6309,6097,31/01/2024,shipped,141.49
7701,7833,10/11/2025,completed,425.89
16739,5502,12/11/2024,completed,302.37
7676,2050,25/10/2024,shipped,1295.28
8839,3659,19/05/2024,cancelled,618.01
8536,7046,8/06/2024,shipped,3631.32
7360,5943,12/02/2025,completed,95.66
13182,2947,11/06/2024,completed,57.46
8692,2326,17/05/2024,returned,961.44
12636,2759,4/10/2025,returned,121.54
12672,1151,6/04/2024,returned,225.99
17799,1173,3/08/2024,returned,383.83
12034,2605,5/03/2024,processing,720.58
4124,5109,25/02/2024,completed,11.41
17109,4,18/06/2025,cancelled,3218.25
11476,3587,1/11/2024,processing,71.07
3455,508,16/08/2025,cancelled,333.66
13633,6230,15/06/2024,returned,49.62
4158,8465,19/08/2024,cancelled,81.52
15152,2141,7/03/2025,processing,333.62
6547,990,4/07/2025,shipped,165.61
12079,1340,17/08/2024,shipped,279.33
14249,8894,10/12/2024,completed,627.99
16082,1827,30/01/2024,completed,363.12
6152,8010,7/10/2024,returned,65.13
10595,215,18/08/2025,shipped,1729.22
3809,9137,13/10/2025,processing,749.68
15732,7578,20/10/2025,processing,328.04
10460,1181,19/01/2024,shipped,78.4
13874,8142,14/03/2025,returned,3249.14
3188,7216,1/04/2025,processing,109.92
5509,6771,10/09/2025,shipped,394.61
6252,4704,8/03/2025,shipped,79.42
16959,7550,15/10/2025,cancelled,712.36
15951,7507,30/09/2024,returned,174.81
12555,7372,2/01/2025,cancelled,815.01
1589,7307,27/12/2024,processing,21.15
15964,1660,6/01/2025,completed,70.39
6463,9804,30/08/2024,processing,1059.08
7626,2750,23/12/2024,shipped,154.67
12149,7085,13/09/2025,shipped,845.04
13215,9127,8/02/2024,shipped,4115.1
18620,5581,19/04/2024,completed,237.51
9111,137,18/01/2025,processing,1513.74
5912,174,10/06/2025,shipped,123.01
7289,570,28/10/2024,completed,452.54
10725,5427,15/08/2024,returned,690.92
19810,8147,3/06/2024,processing,166.04
2386,1029,13/06/2025,shipped,110.72
17676,5492,12/06/2024,cancelled,1648.51
13069,6270,5/11/2025,processing,1247.67
3877,3430,17/02/2024,shipped,625.94
9760,879,21/09/2024,completed,71.59
16771,7762,5/07/2024,completed,25.1
14361,8464,29/08/2025,shipped,1504.61
2985,3387,25/01/2024,completed,59.97
7993,1500,25/10/2024,cancelled,8.74
2575,3092,1/09/2024,completed,2036.57
7388,3414,6/08/2025,cancelled,154.82
13293,8540,10/08/2025,shipped,428.49
5386,8998,3/12/2024,completed,611.55
6029,597,1/01/2025,completed,9.25
3668,1707,3/04/2025,cancelled,546.92
9545,5721,14/05/2024,processing,1466.7
14106,4296,1/07/2025,shipped,52.33
6921,3499,10/04/2024,completed,892.5
4686,7343,6/07/2024,cancelled,199.85
6890,6819,29/08/2024,completed,603.49
5857,18,1/11/2025,returned,27.08
11799,9052,15/08/2024,shipped,282.23
6360,5279,8/02/2024,returned,7735.27
5923,1126,14/08/2024,processing,22.21
10265,1566,13/08/2024,cancelled,756.03
5944,5958,27/08/2024,processing,34.11
7404,3024,19/06/2025,returned,48.2
10419,7785,10/05/2025,processing,134.49
19976,8201,17/10/2025,processing,198
15862,2783,20/03/2025,returned,1186.58
14189,3296,13/08/2025,cancelled,114.49
9255,638,7/10/2025,processing,310.33
376,6830,2/12/2024,shipped,758.64
9617,6480,15/01/2025,shipped,418.22
818,5180,1/03/2024,completed,2024.67
6014,9557,5/05/2024,processing,198.21
1017,9963,1/10/2024,completed,492.81
15101,6480,31/03/2025,completed,587.67
1343,1151,23/04/2024,returned,1353.18
8331,8750,28/03/2024,returned,678.27
11795,5177,26/10/2024,processing,320.95
13447,7053,27/02/2024,shipped,2420.82
1930,1216,1/05/2025,cancelled,115.56
1162,6979,8/01/2025,completed,62.47
1468,1935,28/05/2025,processing,8.06
6080,8771,30/01/2025,completed,171.69
4713,1658,17/12/2024,returned,50.37
11102,1224,1/07/2025,returned,52.53
15418,4469,30/11/2024,cancelled,63.5
1364,3676,20/02/2025,cancelled,536.33
6328,6985,3/12/2024,completed,223.21
8540,2858,12/07/2024,shipped,1550.51
10925,234,24/07/2025,shipped,629.28
4272,8420,21/07/2025,returned,1669.88
8750,2730,28/12/2024,cancelled,461.47
7260,4564,8/06/2025,returned,608.11
627,3321,3/09/2025,shipped,506.79
9632,4684,26/09/2025,processing,146.94
10229,7605,4/04/2025,processing,1368.04
16840,9504,4/10/2025,completed,474.18
13160,5301,21/06/2025,completed,5.67
7104,5557,22/04/2024,cancelled,65.21
9509,9731,21/02/2025,returned,962.1
1229,3629,24/06/2025,cancelled,33
16056,853,6/04/2024,completed,107
15273,8943,28/01/2025,returned,1892.26
6475,3966,5/08/2024,processing,193.89
18960,6374,3/04/2024,returned,860.46
5085,2754,8/09/2024,cancelled,494.84
5530,4938,23/11/2024,returned,1175.64
15440,5626,28/10/2025,returned,1055.14
17354,8181,28/10/2025,returned,46.05
263,9534,12/10/2024,completed,20.77
11392,6788,13/07/2025,cancelled,1704.24
2785,4612,9/08/2024,completed,435.35
3431,6158,9/02/2025,returned,347.36
8960,6633,19/02/2024,returned,58.46
9186,2632,1/11/2025,returned,148.45
14201,7012,9/10/2024,returned,159.35
8234,8204,9/05/2024,returned,66.68
4388,3658,10/03/2024,processing,462.62
13668,5623,29/09/2024,processing,41.19
9781,2398,28/06/2024,returned,57.54
1177,1341,7/02/2024,returned,404.77
10225,1608,4/02/2024,returned,16.78
1848,8975,2/09/2025,cancelled,238.8
12262,5151,26/10/2025,cancelled,41.54
13871,3220,2/01/2025,returned,11.31
12415,5101,13/07/2025,processing,152.43
1898,36,16/09/2024,shipped,126.37
8109,9243,1/08/2025,shipped,35.24
13722,4423,26/09/2024,completed,52.99
12832,7956,6/06/2025,returned,655.6
19564,8694,24/05/2025,returned,285.05
10922,9046,9/11/2024,processing,1055.37
4172,8991,22/11/2024,shipped,335.58
15424,4263,9/05/2024,shipped,842.31
13491,1469,29/10/2025,returned,177.91
16682,9628,13/07/2025,cancelled,1006.47
8571,470,5/09/2025,processing,2654.98
19540,6814,22/09/2024,completed,348.6
4304,2322,7/05/2024,shipped,135.04
13517,5697,19/07/2025,shipped,82.88
18527,6869,13/02/2025,completed,9.32
2509,8518,30/10/2025,shipped,398.93
10917,2144,2/10/2024,shipped,29.43
11945,1632,25/05/2024,cancelled,12.72
17590,2793,13/09/2025,processing,211.4
17868,9436,8/09/2025,processing,743.13
16341,9763,8/04/2024,processing,34.59
11413,5810,30/12/2024,shipped,1552.58
7337,4706,25/11/2024,cancelled,439.59
5839,1968,30/03/2024,processing,307.54
1143,2423,28/08/2024,completed,892.77
1358,8533,26/07/2025,cancelled,308.14
9749,8579,30/08/2024,processing,80.37
1161,3145,3/05/2024,shipped,74.08
9900,5687,9/01/2025,cancelled,83.6
11609,6409,6/03/2024,returned,19.17
5960,7673,25/03/2024,processing,80.28
8397,6582,25/06/2024,processing,1463.97
16278,8870,18/02/2025,shipped,1162.6
12967,8517,12/08/2024,completed,461.08
18969,9189,11/06/2024,completed,1469.92
4824,8477,20/09/2024,shipped,1772.36
18140,7554,31/01/2025,shipped,40.58
806,6185,5/09/2024,returned,53.16
5950,4964,13/01/2025,returned,524.18
4069,2230,17/10/2025,shipped,1077.43
1171,7805,13/05/2024,returned,362.48
6458,8506,13/07/2024,cancelled,253.6
18649,3815,21/04/2024,completed,111.12
1510,1859,19/03/2025,shipped,121.55
3586,4332,13/11/2025,shipped,1076.84
18545,8691,22/07/2024,completed,430.39
12912,6927,21/10/2024,returned,1500.03
17020,6446,12/05/2024,completed,2336.85
16098,8104,6/04/2024,cancelled,265.44
5056,1778,27/01/2024,cancelled,186.19
4180,2418,25/05/2024,processing,71.65
4438,5320,2/06/2025,shipped,78.36
12012,8754,29/09/2024,processing,22.11
7587,1446,31/07/2024,shipped,85.89
14309,1221,24/05/2025,cancelled,275.45
7294,8059,13/12/2024,completed,114.57
19714,4638,28/11/2024,cancelled,205.77
273,7453,4/03/2025,completed,163.08
11526,6291,22/01/2025,cancelled,595
11246,2890,30/08/2025,cancelled,600.52
8329,1915,24/07/2025,completed,468.21
12479,9353,5/06/2025,returned,600.51
9462,5440,11/02/2025,shipped,834.3
6072,9453,2/11/2024,cancelled,492.22
9257,2511,1/09/2024,cancelled,163.77
17997,881,15/07/2024,cancelled,2262.72
8349,8333,15/06/2024,completed,36.42
6963,2347,14/03/2024,shipped,183.53
10347,8428,1/03/2025,shipped,140.99
12935,9873,6/07/2024,shipped,119.52
16331,7949,18/04/2024,cancelled,857.27
5215,3065,9/04/2024,returned,291.26
6312,5280,9/09/2024,cancelled,1351.78
19764,2582,1/04/2024,cancelled,115.51
18321,6299,10/02/2024,processing,157.84
11792,6768,27/04/2025,completed,1140.55
14621,2152,9/03/2024,completed,109.81
6630,4971,6/08/2024,completed,234.6
9178,7525,16/06/2025,cancelled,667.59
13467,6859,24/04/2025,returned,489.99
4039,2013,16/06/2024,completed,22.4
4796,8863,18/04/2024,shipped,117.34
852,4677,14/09/2024,shipped,1639.09
10451,3266,28/07/2024,completed,383.06
12233,1691,8/06/2025,returned,532.49
2752,9649,8/01/2024,processing,1388.69
2901,4474,13/01/2024,shipped,5323.75
19389,7535,10/06/2024,returned,242.34
19299,796,13/04/2025,cancelled,84.8
18099,5049,19/11/2024,completed,80.66
278,1355,8/02/2025,cancelled,2295.05
1661,3210,2/04/2024,processing,171.47
13209,6565,19/06/2025,shipped,1892.57
19921,6819,9/10/2025,shipped,28.59
17848,5048,26/08/2024,completed,179.73
9211,9109,21/06/2024,returned,2811.96
15026,8853,30/06/2025,processing,58.95
8949,5191,19/03/2025,returned,53.88
12671,2202,6/04/2024,returned,69.29
14308,3935,27/06/2024,processing,357.87
14827,6999,15/08/2025,cancelled,62.05
4195,4975,9/03/2024,cancelled,32.46
11686,1612,20/09/2024,shipped,389.54
12228,6809,13/01/2024,shipped,414.34
3196,5577,21/09/2025,returned,492.8
18625,6532,4/06/2025,cancelled,511.27
2864,6643,18/01/2025,shipped,2186.91
7009,7307,23/09/2024,shipped,1065.6
2988,7702,2/06/2024,cancelled,1431.97
19019,2189,12/03/2024,shipped,34.4
17950,4941,17/10/2024,completed,3598.59
1021,6893,20/12/2024,shipped,235.84
1800,2175,6/08/2025,shipped,300.07
18830,2586,4/02/2024,returned,1374.02
7016,8433,29/09/2025,processing,1191.98
9457,3898,24/09/2024,completed,168.25
12176,570,31/07/2024,completed,210.69
6824,4138,12/04/2025,processing,955.3
19487,8691,17/04/2024,shipped,34.28
17404,96,16/03/2025,cancelled,387.6
15208,3617,5/04/2024,returned,1553.17
5380,1578,2/04/2024,shipped,2472.84
10591,8627,26/08/2024,shipped,21.36
11270,6465,10/04/2024,shipped,250.41
1214,6639,7/09/2025,completed,706.72
4057,6145,27/04/2025,returned,413.65
6012,8742,21/11/2024,completed,16.58
3308,9937,12/02/2024,cancelled,152.8
4845,5261,11/07/2024,returned,161.15
4888,944,10/10/2025,cancelled,1463.86
15414,5820,7/06/2024,cancelled,1497.39
16145,5552,11/03/2024,cancelled,1055.74
17103,2067,21/09/2024,shipped,345.04
13529,8134,1/12/2024,cancelled,3665.37
12561,6246,2/07/2025,processing,552.57
13321,984,20/03/2025,returned,92.24
11911,9129,28/05/2024,cancelled,460.9
11181,8344,8/03/2025,shipped,606.25
8128,1193,28/02/2024,cancelled,241.98
19661,7583,20/08/2024,completed,44.33
16524,7284,2/11/2024,shipped,8.24
18108,6657,6/05/2024,shipped,225.99
176,9063,23/01/2024,completed,566.87
91,6570,23/01/2024,completed,1707.41
19411,9291,28/03/2024,shipped,2352.66
7443,3601,7/09/2025,processing,408.71
10592,6087,12/03/2025,processing,315.95
6451,9841,3/08/2024,cancelled,1286.93
16713,480,20/02/2024,processing,86.34
3594,8694,25/02/2025,shipped,40.82
14373,1923,15/01/2024,shipped,790.69
7190,2682,21/04/2024,returned,132.2
3271,3445,8/01/2024,cancelled,169.82
17374,4279,17/04/2024,cancelled,231.49
19305,6639,13/06/2025,returned,19.17
7723,4772,15/05/2025,shipped,815.38
15547,834,7/06/2024,shipped,609.98
5776,6673,3/02/2024,returned,2975.45
7682,1927,15/06/2024,returned,476.76
5921,1105,17/01/2025,returned,62.4
1320,7681,1/01/2025,processing,342.44
8546,6298,20/07/2025,cancelled,370.64
18730,8526,27/01/2024,completed,80.33
10160,7392,17/08/2025,returned,2592.94
19446,9902,21/05/2024,completed,838.95
9735,4151,19/01/2025,returned,58.73
15175,389,14/11/2025,cancelled,3993.63
401,5516,9/02/2024,returned,72.72
8520,4396,14/03/2025,processing,1088.94
14988,6296,19/07/2024,completed,1383.21
7372,3485,29/08/2025,returned,463.02
14895,5092,7/05/2024,returned,334.98
14114,3900,8/06/2024,cancelled,671.23
10590,1563,23/08/2025,processing,101.93
9346,994,12/08/2024,shipped,1001.02
6628,2709,9/02/2024,cancelled,214.17
14646,7436,11/11/2024,completed,19.62
19680,7774,4/08/2024,completed,88.34
16157,8916,24/03/2024,shipped,190.16
8974,4134,9/11/2024,returned,1050.94
1350,5530,20/04/2025,processing,470.4
2081,363,7/10/2025,processing,769.71
16239,42,6/04/2025,cancelled,81.44
674,6504,17/05/2025,shipped,3296.56
2918,4176,11/12/2024,completed,212.46
13145,7909,17/11/2024,returned,244.4
11676,7696,4/08/2025,cancelled,81.57
14990,6375,24/03/2024,processing,154.57
10000,8171,5/05/2024,shipped,125.02
6914,2614,8/09/2025,returned,646.11
10426,2134,18/09/2024,cancelled,1269.84
10010,4119,28/10/2025,shipped,79.34
13455,9168,10/02/2025,shipped,233.6
13679,6235,18/06/2024,shipped,474.12
14504,2084,27/10/2024,shipped,298.53
17509,3786,10/02/2025,shipped,95.15
12290,2002,6/03/2025,returned,113.2
1318,8087,6/08/2025,completed,154.41
14075,932,29/10/2025,completed,2927.65
898,1704,14/10/2025,processing,206.43
9379,4498,15/07/2025,shipped,16.22
8930,6391,1/10/2024,completed,256.75
16074,2775,24/09/2025,returned,91.42
14244,6225,2/05/2025,returned,295.1
15785,1728,28/05/2024,returned,341.45
16071,7526,5/09/2024,returned,132.71
16957,334,27/11/2024,returned,283.09
11703,5751,7/05/2025,processing,12.66
2539,615,13/09/2024,shipped,348.1
15720,6979,15/04/2025,shipped,736.85
4806,6904,20/11/2024,completed,2778.58
5133,9322,17/04/2024,completed,495.44
7525,9690,3/06/2024,returned,743.28
9891,8543,9/10/2025,cancelled,5637.41
3327,8355,26/05/2025,shipped,1279.5
8765,9695,27/09/2024,shipped,70.05
17663,5244,4/05/2024,cancelled,711.77
15341,955,11/05/2024,shipped,351.21
2809,9189,19/07/2025,shipped,2089.18
2038,42,31/05/2024,processing,54.46
11024,8003,17/01/2025,cancelled,605.36
15308,3572,31/03/2024,processing,324.64
5911,6191,20/09/2024,shipped,283.47
11005,5195,15/04/2024,shipped,172.13
14820,2386,9/01/2025,returned,169.97
14453,9094,22/05/2025,shipped,1353.95
2194,2026,23/08/2024,cancelled,42.63
7232,1406,5/03/2025,processing,355.9
5535,7996,4/09/2024,processing,12.4
17448,6565,5/11/2025,processing,1387.39
9162,5013,11/11/2024,shipped,769.01
7915,5694,14/10/2025,shipped,2.47
19403,4213,13/08/2024,shipped,362.06
695,1735,5/05/2024,cancelled,69.46
15028,7425,5/06/2024,completed,56.8
2197,337,16/07/2024,returned,215.62
15925,5894,19/09/2024,returned,147.47
11239,5425,6/03/2025,completed,52.41
18839,6524,26/09/2025,completed,556.8
11333,7682,23/08/2024,returned,52.54
11733,8124,17/06/2024,processing,784.07
17098,7168,12/10/2024,processing,297.97
19504,8913,6/07/2025,shipped,3305.94
12069,1599,22/04/2024,cancelled,76.51
16635,2184,27/12/2024,completed,494.29
16909,7292,29/05/2024,shipped,16.14
6074,1972,8/03/2024,completed,393.53
9222,9333,12/09/2025,shipped,2221
18433,8124,9/10/2024,returned,92.72
516,5054,8/01/2024,processing,119.52
1924,1696,14/04/2024,processing,501.37
6231,7164,24/08/2025,cancelled,70.69
7516,8411,26/03/2025,processing,459.33
11244,7078,13/04/2025,shipped,161.53
3641,7814,15/01/2025,completed,363.25
19923,4091,26/03/2025,returned,266.67
6833,2058,4/04/2024,cancelled,611.03
19115,7241,22/04/2024,cancelled,134.71
11616,6488,11/10/2025,completed,103.54
3304,9542,20/10/2024,returned,159.3
14876,2032,21/04/2025,completed,203.57
5187,5368,6/01/2025,processing,104.12
15072,5237,5/11/2025,completed,1617.06
19644,7442,26/06/2024,cancelled,262.16
8455,2721,14/01/2025,shipped,1994.45
7422,6278,17/09/2025,cancelled,138.82
868,5553,27/06/2024,processing,329.79
11324,301,12/04/2025,processing,336.66
18051,7716,12/06/2024,completed,813.52
11339,7642,1/01/2025,returned,168.32
5953,9775,26/06/2024,shipped,137.49
9869,1378,20/02/2025,cancelled,23.38
18128,1125,1/11/2024,cancelled,339.85
16916,4371,24/02/2025,completed,194.75
40,2158,3/11/2025,returned,82.61
13930,7034,1/12/2024,processing,955.5
7982,9057,16/05/2025,shipped,19.09
4638,159,17/01/2025,returned,422.63
9239,3833,17/06/2025,completed,193.12
19588,7979,8/08/2025,cancelled,2204.4
8874,1343,28/01/2024,shipped,435.87
18815,8565,7/08/2025,processing,30.87
2541,6441,18/07/2025,cancelled,502.87
12427,2476,27/10/2024,processing,923.07
10713,4923,30/08/2024,shipped,241.23
16976,4244,20/06/2024,completed,60.29
2170,7936,6/08/2025,processing,116.01
9119,3860,13/09/2025,returned,282.51
1287,2704,2/07/2024,returned,1296.48
5061,7889,29/01/2024,returned,220.67
15465,6310,8/01/2025,processing,85.29
13781,5383,20/03/2025,shipped,43.47
11884,1733,31/08/2025,cancelled,70.33
4203,4698,3/09/2025,cancelled,249.18
14636,8044,8/12/2024,processing,20.06
6682,761,21/09/2025,shipped,291.45
20,7957,13/07/2024,completed,398.84
18638,8074,7/09/2024,cancelled,15.22
1246,3289,21/08/2024,returned,4008.22
8256,5697,12/06/2024,cancelled,892.23
2409,609,27/04/2025,cancelled,97.72
4329,8499,14/02/2024,processing,892.45
7678,4473,6/10/2024,returned,29.53
5407,6171,19/07/2025,shipped,185.03
19704,6698,30/04/2025,returned,1651.53
17658,1908,26/02/2025,cancelled,896.9
14341,2986,26/11/2024,processing,23.92
2598,496,9/04/2024,shipped,9.58
11260,5553,27/12/2024,completed,495.38
16200,8580,1/01/2025,completed,763.65
2042,5663,8/07/2025,returned,26.39
3302,1688,16/03/2025,returned,656.85
17497,1631,11/03/2024,cancelled,886.77
7152,1789,5/02/2025,returned,16.74
11552,7165,30/08/2025,shipped,261.88
14776,2105,30/09/2025,shipped,45.24
18984,8790,30/06/2025,completed,97.63
14390,1803,9/11/2025,returned,660.15
2574,2184,28/02/2025,processing,3313.67
2148,2129,2/02/2024,returned,186.45
17869,7278,26/01/2024,completed,343.78
15393,1672,2/11/2025,completed,235.51
8178,7377,10/06/2025,cancelled,187.75
6787,1311,27/10/2024,shipped,1691.55
18197,9150,17/09/2024,shipped,403.95
3634,4475,22/06/2025,cancelled,1151.47
6228,1838,19/04/2024,completed,296.64
729,1878,26/02/2024,cancelled,56.21
2559,6853,22/06/2025,cancelled,57.87
12685,2027,4/01/2025,returned,165.38
16186,9337,29/09/2024,shipped,322.32
16003,7673,27/07/2025,returned,346.33
4932,3137,17/06/2024,cancelled,211.89
7779,8549,25/06/2024,shipped,62.45
4031,9063,19/02/2024,processing,66.88
12162,3127,22/07/2025,processing,15.79
980,7814,22/10/2024,cancelled,919.5
9653,9540,18/07/2024,shipped,372.95
12613,8480,4/11/2025,completed,136.13
19130,1945,29/06/2025,returned,271.71
14754,8959,28/12/2024,shipped,91.43
19749,7751,7/05/2024,shipped,225.54
7199,6448,11/08/2025,shipped,1460.75
10857,2619,29/10/2024,processing,75.93
15100,9337,22/09/2025,processing,1047.18
2630,5486,30/04/2025,cancelled,1.78
15147,5962,8/05/2025,returned,133.34
14277,1164,1/09/2025,cancelled,435.97
9986,3604,2/03/2025,returned,827.6
5300,3130,11/11/2025,processing,890.96
4577,1765,1/09/2025,returned,63.14
618,9283,7/01/2025,completed,103.22
3104,7531,11/08/2024,returned,107.01
8247,7852,26/02/2025,shipped,176.16
15324,5977,16/06/2024,returned,42.76
11553,6496,7/12/2024,completed,32.25
8707,1686,27/05/2024,returned,30.77
15137,7931,24/06/2025,processing,602.81
9675,3109,25/06/2025,cancelled,40.54
102,795,12/08/2024,processing,544.65
2493,6038,24/10/2025,shipped,909.02
7634,8886,19/07/2025,cancelled,70.34
19241,616,31/03/2025,returned,236.22
8940,2356,9/10/2024,returned,121.92
17090,6093,24/10/2025,processing,3474.44
8348,4367,24/04/2024,completed,566.9
16255,1513,21/03/2024,completed,288.58
10992,1262,17/11/2024,returned,182.11
16009,6420,9/11/2024,processing,74.41
4497,4751,14/03/2024,cancelled,86.31
11958,7278,29/03/2024,cancelled,1702.17
1483,4785,6/01/2024,shipped,467.87
2257,2073,26/02/2025,cancelled,372.7
14560,6446,30/05/2025,cancelled,114.72
14030,9094,6/07/2024,shipped,16.79
13238,8494,3/07/2024,completed,404.92
19223,5619,27/01/2025,returned,288.44
3658,115,8/05/2024,returned,31.35
4684,2977,1/07/2024,processing,238.05
7030,6274,1/07/2025,returned,75.8
7225,7102,10/03/2024,returned,18.5
10929,3377,13/02/2024,returned,358.32
9769,3988,10/11/2024,shipped,766.86
16895,9470,7/01/2025,shipped,406.05
2830,1238,11/10/2025,returned,79.29
18733,3105,1/05/2025,shipped,34.17
8762,384,25/08/2024,completed,147.97
16675,7422,12/10/2025,returned,22.59
16400,2828,6/02/2024,cancelled,15.41
1676,4519,30/07/2024,shipped,2014.07
3053,8898,22/11/2024,returned,313.1
3910,2644,4/04/2024,cancelled,386.67
1990,8724,21/03/2024,returned,74.08
12969,1180,24/06/2025,cancelled,1.78
6192,4749,8/11/2024,processing,268.44
16664,3034,10/02/2024,processing,42.19
9802,3515,12/08/2024,returned,59.2
15830,8727,11/03/2025,shipped,906.19
19857,5925,24/12/2024,shipped,135.03
15055,7913,12/09/2025,returned,1728.38
1562,1764,10/07/2024,cancelled,55.14
18378,3827,27/09/2025,processing,441.04
13573,9007,18/09/2025,shipped,253.56
1956,7818,23/09/2025,shipped,919.85
5083,1735,11/10/2024,processing,172.68
13210,3929,18/02/2024,shipped,79.6
8426,6274,9/04/2024,processing,1287.55
12163,4320,31/08/2025,processing,71.4
6748,7074,15/08/2024,processing,122.7
8413,6731,22/08/2024,returned,113.32
8635,6048,6/02/2025,returned,105.06
3592,6643,11/08/2025,shipped,36.34
11502,6581,12/10/2025,cancelled,6.52
7836,5542,6/10/2024,shipped,1836.08
2814,4265,6/07/2025,completed,106.67
9134,5434,7/02/2025,completed,265.37
17638,3556,24/10/2025,completed,95.77
2713,6551,5/09/2024,returned,1728.38
5418,1886,24/03/2024,shipped,346.68
16369,8053,12/07/2025,completed,56.87
14170,118,20/05/2025,returned,2337.85
5353,1470,4/01/2025,cancelled,45.72
5936,7957,7/05/2024,shipped,263.26
10686,1132,19/12/2024,shipped,1620.42
12368,4335,26/05/2025,shipped,114.66
17385,4405,6/09/2025,cancelled,933.97
15841,9291,19/03/2024,processing,165.61
11913,5910,2/07/2025,cancelled,184.77
10989,533,22/09/2025,shipped,753.67
18019,1631,22/08/2025,processing,141.51
3825,2903,15/02/2025,shipped,157.51
8458,9721,9/11/2025,completed,423.18
11947,9235,31/03/2025,completed,316.05
3584,5837,9/04/2025,processing,95.33
13625,6614,9/04/2024,cancelled,24.98
19129,7744,16/12/2024,cancelled,164.8
18991,4986,28/08/2025,cancelled,1349.84
2462,6820,17/10/2025,cancelled,887.46
5786,5878,2/12/2024,processing,759.53
18878,1692,27/08/2025,completed,19.97
13336,7008,14/06/2024,returned,547.15
7131,10,16/02/2025,processing,510.19
15386,5514,5/02/2024,processing,671.82
11845,642,14/01/2025,shipped,31.32
14054,4657,5/06/2024,returned,1191.18
14203,6962,8/09/2024,cancelled,199.78
19573,3440,21/11/2024,cancelled,255.36
4295,3649,17/06/2024,processing,2352
11115,3467,4/05/2024,shipped,779.45
8453,4943,29/05/2025,returned,220.82
18386,5844,1/03/2024,cancelled,36.4
785,3811,9/07/2024,processing,597.89
14508,1666,6/08/2025,returned,588.74
16486,8141,3/02/2025,returned,697.42
17672,4098,30/07/2025,returned,79.35
16907,704,14/03/2025,processing,1413.41
428,7743,2/07/2024,processing,654.96
4584,4015,29/04/2024,processing,144.53
13857,1983,18/03/2025,processing,136.37
14326,9806,18/01/2025,shipped,2891.27
17725,9615,9/12/2024,shipped,70.67
172,9680,30/01/2025,cancelled,150.83
13576,5855,12/01/2024,cancelled,33.02
16387,8697,6/01/2025,processing,627.99
14701,2175,9/07/2025,returned,50.3
5146,2166,14/09/2025,completed,371.22
13901,4600,30/03/2025,shipped,626.03
10661,3564,30/11/2024,returned,186.14
4049,4138,16/03/2025,cancelled,412.04
4418,16,16/12/2024,completed,954.86
15903,8531,5/06/2024,cancelled,665.8
7355,20,13/12/2024,returned,273.91
8441,7453,18/10/2024,completed,111.95
3310,9146,16/03/2025,cancelled,48.42
17717,5955,13/10/2025,processing,97.69
13515,2056,7/06/2024,processing,245.23
2356,2152,22/10/2025,returned,77.08
11049,9976,7/03/2024,returned,165.68
11277,1094,4/06/2024,returned,293.24
14796,4008,29/04/2025,processing,14.7
9370,9203,16/02/2025,returned,2371.57
10126,678,26/05/2024,processing,275.72
5654,2602,12/05/2025,cancelled,2061.92
15650,3613,19/01/2025,cancelled,92.92
8877,442,15/02/2025,shipped,683.31
11160,9143,27/01/2025,processing,128.31
11669,9312,1/09/2025,processing,103.51
1735,6627,12/08/2025,cancelled,488.59
15019,5955,9/03/2025,cancelled,36.33
19236,3177,6/07/2024,cancelled,861.06
18601,3367,14/04/2025,cancelled,128.54
12410,6904,17/04/2025,processing,84.8
17644,6983,2/05/2025,completed,44.42
15213,8709,13/07/2025,cancelled,206.53
4294,6388,5/06/2024,completed,11.31
10437,4775,16/01/2025,returned,227.96
16507,5889,16/06/2024,shipped,135.15
11828,8574,2/07/2025,completed,2601.1
360,7438,21/06/2024,returned,382.77
18371,7057,13/09/2024,returned,40.8
19596,7155,11/10/2024,completed,293.24
18353,1861,19/10/2024,returned,23.32
6783,545,3/03/2024,cancelled,46.89
17963,2209,16/02/2024,returned,315.58
15225,6955,23/07/2025,shipped,2505.69
4825,70,20/01/2025,processing,186.14
10645,4752,15/08/2025,processing,86.89
2412,6575,24/10/2024,cancelled,318.63
12860,1537,15/06/2025,shipped,77.34
17037,2240,5/06/2025,completed,292.19
5571,8471,14/08/2024,cancelled,171.78
8070,4062,29/05/2025,shipped,223.11
10065,9954,5/09/2024,completed,113.14
13473,9180,2/06/2025,processing,793.26
7214,3227,18/03/2024,cancelled,278.81
1950,9271,9/08/2025,cancelled,418.78
8644,683,21/04/2024,returned,1119.87
5325,2791,8/12/2024,shipped,155.2
2673,417,7/08/2024,processing,1157.03
16723,5651,13/02/2025,processing,5.74
3200,5408,26/07/2024,completed,311.83
9240,3372,22/09/2025,returned,443.58
1680,6430,22/04/2024,processing,188.36
1207,9059,28/04/2025,processing,334.38
2393,332,10/02/2025,returned,2835.79
5177,1144,16/04/2025,processing,115.43
5140,5390,27/03/2025,returned,1464.64
2720,545,24/04/2025,completed,457.45
8772,3480,5/09/2025,returned,1745.71
3694,5735,25/03/2024,shipped,434.16
6947,1277,13/07/2024,completed,603.06
6087,1739,24/06/2025,completed,2963.85
715,2453,23/05/2025,processing,1354.3
10117,9318,27/09/2025,completed,2379.68
19447,3639,10/03/2024,returned,162.34
218,516,1/07/2025,cancelled,191.54
2877,741,27/10/2025,shipped,133.65
863,3924,22/04/2024,shipped,169.72
3372,9595,18/09/2025,returned,625.02
14547,8011,26/05/2024,processing,575.19
15976,6833,2/06/2024,shipped,314.58
13357,7647,1/09/2024,returned,120.78
15600,9385,1/03/2024,shipped,110.1
2743,4029,29/06/2024,completed,151.18
5956,2567,13/07/2024,shipped,210.62
15685,8372,21/08/2024,shipped,350.65
16384,9274,14/07/2024,completed,881.79
7886,2509,22/05/2024,returned,149.44
3701,6283,21/11/2024,processing,110.42
16062,1733,9/08/2024,completed,128.37
12181,9574,14/03/2025,returned,264.08
16721,7470,31/05/2025,returned,494.18
13928,2516,11/05/2024,returned,34.12
15812,1285,17/02/2025,processing,207.82
14444,6810,20/12/2024,cancelled,1304.37
2383,89,14/11/2025,cancelled,278.74
5047,567,13/09/2025,completed,1985.67
7517,7598,10/01/2024,completed,53.52
8579,6924,9/03/2024,cancelled,351.66
1515,9904,24/03/2024,shipped,983.75
1618,4528,22/02/2025,cancelled,401.91
6194,6024,3/03/2024,cancelled,801.6
16999,2921,30/10/2025,cancelled,147.85
18669,2542,3/07/2025,cancelled,1634.93
15075,4988,10/12/2024,completed,1682.62
6319,2815,4/09/2025,shipped,143.13
467,1736,19/04/2025,completed,463.05
10930,9167,11/05/2024,returned,513.32
11471,823,20/07/2025,completed,13.29
10648,9099,17/08/2025,cancelled,1905.02
6539,9101,27/01/2024,returned,422.22
15910,2927,20/08/2024,processing,1158.88
2247,5828,21/07/2025,processing,20.15
9368,7672,9/04/2025,completed,488.59
14010,9590,10/07/2024,cancelled,80.56
15185,9810,12/02/2024,shipped,237.91
16704,4783,1/03/2024,shipped,83.14
3703,8562,26/12/2024,processing,307.27
5566,4613,13/05/2025,shipped,234.2
12364,9681,2/10/2025,processing,443.67
12218,6976,21/02/2025,shipped,724.42
7387,5395,27/05/2025,returned,1075.03
4596,4045,4/09/2024,cancelled,16.12
14767,343,20/06/2025,returned,120.6
9725,8807,6/04/2024,processing,1350.81
6838,4213,9/11/2024,returned,152.04
9978,6454,28/06/2024,cancelled,103.59
12997,7627,24/02/2025,cancelled,666.8
8425,9430,3/02/2025,completed,1800.63
569,8042,1/02/2024,completed,141.53
3712,4413,22/03/2025,completed,643.26
12121,3330,20/05/2025,processing,52.25
18016,9600,10/12/2024,returned,83.52
5677,1977,16/09/2025,shipped,84.7
4123,4450,30/04/2024,processing,227.5
17595,5805,31/01/2024,processing,2410.2
6738,6659,27/09/2025,shipped,24.52
14652,3992,24/03/2025,completed,51.52
13199,6028,23/10/2025,processing,2002.61
15271,1057,6/04/2024,processing,46.36
1264,4388,10/08/2024,returned,18.5
10392,6010,30/01/2024,cancelled,83.41
13374,3006,26/07/2024,shipped,135.05
12464,196,17/01/2025,completed,618.47
3723,64,13/03/2025,returned,704.05
1890,7617,27/09/2024,returned,138.01
15714,7773,25/03/2024,returned,18.76
18200,1858,13/05/2025,completed,59.91
15975,9224,4/06/2025,completed,100.76
11251,8943,20/06/2025,cancelled,1222.56
18674,4889,15/09/2025,shipped,40.92
1711,7880,29/04/2025,cancelled,167.96
3843,7982,3/03/2025,processing,60.83
5356,4840,6/06/2024,completed,68.37
12929,1069,19/02/2024,cancelled,2307.15
12615,8818,3/03/2024,shipped,602.52
14268,3250,11/04/2025,returned,15.88
7976,4505,8/11/2025,completed,401.23
19822,2216,7/07/2024,shipped,112.88
934,3495,23/01/2025,returned,207.05
11493,4422,22/03/2025,returned,244.97
13372,9629,27/03/2025,returned,334.52
12788,9497,6/12/2024,cancelled,2350.16
14564,8462,18/11/2024,cancelled,19.09
4948,8760,17/09/2024,returned,237.66
5095,1204,8/11/2025,cancelled,931.37
2140,3641,17/09/2024,completed,97.28
7468,9486,5/05/2024,cancelled,38.11
19716,4203,8/01/2024,cancelled,237.52
2296,7393,28/09/2024,shipped,1558.73
990,9819,3/10/2024,returned,1848.71
8168,7124,21/06/2025,shipped,74.08
2138,2919,11/11/2024,completed,337.06
8963,1520,21/06/2025,returned,94.7
12872,2631,17/01/2024,cancelled,130.74
12848,6482,28/02/2025,processing,2.99
7837,8226,27/08/2025,cancelled,493.6
1734,8198,9/02/2025,cancelled,52.92
767,6880,4/04/2025,processing,140.86
8021,5451,20/01/2025,processing,596.56
10919,3737,27/05/2024,shipped,141.93
16399,2686,25/08/2024,completed,1937.4
1611,854,21/08/2024,cancelled,271.57
13328,9653,20/06/2025,cancelled,32.06
5981,7325,1/02/2025,completed,285.6
4578,3425,22/07/2024,shipped,174.36
16529,3905,28/01/2024,cancelled,37.23
15622,9492,19/02/2024,shipped,687.4
5700,2068,27/11/2024,cancelled,200.6
17693,4454,2/07/2025,returned,309.17
18454,6811,5/05/2024,cancelled,46.59
1099,5809,19/07/2025,processing,237.44
10375,6962,16/03/2025,shipped,98.15
5510,4596,30/06/2024,completed,310.65
15156,6376,17/02/2024,cancelled,494.65
3562,896,25/11/2024,returned,296.43
11883,5402,29/10/2025,processing,230.74
15344,7084,3/10/2024,completed,879.57
3417,9321,1/11/2024,shipped,1001.13
1249,9493,22/03/2024,completed,1113.79
8327,8723,23/09/2024,shipped,2370.71
5272,8674,7/10/2025,completed,208.72
18119,7488,20/04/2024,returned,255.43
4328,3239,29/03/2025,completed,55.52
5651,5441,26/01/2025,completed,288.48
10788,5633,9/09/2025,returned,343.28
237,1094,14/12/2024,cancelled,923.63
4705,4273,22/08/2024,completed,208.72
18358,564,15/01/2024,returned,378.94
2552,8752,8/05/2024,processing,332.16
15252,1178,27/05/2025,processing,256.25
2381,4282,31/12/2024,returned,26.28
13149,8011,19/09/2024,returned,335.44
12567,1136,16/07/2025,shipped,1917.51
4196,8712,19/02/2024,completed,313.89
15566,2121,26/10/2024,returned,516.91
14037,4969,26/08/2024,cancelled,1661.84
7750,5955,21/07/2025,completed,1323.04
2051,3759,7/08/2025,processing,95.76
261,4977,25/04/2025,completed,1144.05
5211,4226,3/07/2024,returned,2169.98
19866,3604,19/02/2024,shipped,20.58
14930,6076,22/09/2025,completed,2424.91
3445,7558,5/03/2025,processing,278.74
9387,8349,23/06/2025,processing,212.24
19690,7930,12/01/2024,returned,476.02
18583,26,27/03/2024,completed,441.2
14779,6527,15/10/2025,returned,5.35
19524,1927,14/12/2024,shipped,81.49
11990,7765,15/11/2024,shipped,156.08
12344,6798,16/10/2025,completed,207.17
17994,5443,10/08/2025,returned,329.14
1231,4343,15/03/2024,cancelled,184.85
3480,5555,20/08/2024,completed,110.72
10985,7061,4/03/2025,returned,241.01
1465,4086,3/10/2024,cancelled,226.46
5814,7729,13/03/2024,processing,361.91
15798,2293,4/02/2025,processing,385.46
15527,7510,1/08/2025,returned,127.22
7570,2142,9/09/2024,completed,3350.08
18135,7518,14/01/2024,processing,130.3
4019,7293,15/02/2025,shipped,1568.58
18716,3704,21/03/2024,completed,633.8
1038,565,20/06/2025,returned,224.85
12711,375,9/01/2025,completed,232.25
17571,3654,12/04/2024,completed,22.25
19103,2773,24/06/2025,completed,34.06
16984,5267,30/10/2025,processing,1080.09
16111,3589,7/07/2024,returned,635.72
9281,8314,3/04/2024,completed,104.09
5188,6553,14/12/2024,returned,133.2
16135,5588,8/12/2024,completed,1078.4
5693,6558,12/07/2025,completed,947.24
15239,291,26/07/2024,cancelled,832.77
17148,1885,3/01/2025,processing,2337.85
6662,5394,9/10/2025,shipped,68.37
7059,8904,29/03/2024,returned,1023.75
1819,326,30/04/2024,processing,466.89
17293,5784,31/10/2025,processing,2000.54
9876,9913,9/07/2024,shipped,41.55
10513,7406,28/09/2025,shipped,22.44
14302,3691,24/09/2024,completed,460.66
10757,6842,24/02/2025,returned,17.73
12562,5403,27/01/2024,returned,23.6
6059,1483,6/10/2024,processing,3932.55
18938,5243,3/07/2025,processing,2410.92
639,8489,20/06/2024,completed,221.04
11369,3119,4/07/2025,cancelled,236.35
5310,5430,7/10/2024,returned,99.54
16410,1568,2/07/2024,returned,11.95
2838,9056,20/09/2025,completed,371.83
9970,9822,8/06/2025,cancelled,756.43
14635,4453,12/09/2025,shipped,14.3
15201,8567,26/02/2024,processing,205.74
1130,7151,5/03/2025,completed,225.3
6903,6784,30/08/2024,processing,6.95
4118,7307,16/09/2025,shipped,19.09
9795,6596,11/09/2025,shipped,475.29
18921,8092,3/08/2024,shipped,230.28
7542,1383,12/10/2024,completed,525
5553,9851,11/09/2024,cancelled,121.17
6008,7711,4/08/2025,processing,2435.66
2844,8765,14/10/2024,processing,49.59
13034,6859,28/04/2024,completed,631.36
2088,5825,16/10/2024,processing,1234.83
16436,1424,29/07/2024,completed,59.25
17144,5600,13/09/2024,cancelled,350.25
16050,1377,11/04/2025,completed,1907.59
18354,4236,15/12/2024,completed,232.06
4843,5573,11/11/2024,returned,1207.12
9530,3319,4/09/2025,completed,61.15
7596,1678,25/05/2025,processing,2790.66
16695,5401,5/09/2024,returned,348.64
1203,9666,3/10/2024,returned,59.93
11663,5957,11/01/2025,completed,73.56
8494,2885,9/01/2025,completed,261.97
3849,8342,20/08/2025,completed,465.6
11387,1066,22/07/2024,completed,541.49
13410,5982,23/07/2025,returned,11.96
808,9564,26/10/2024,cancelled,1115.68
2459,3313,20/09/2024,cancelled,107.61
793,563,10/11/2024,processing,438.46
2882,746,11/05/2025,cancelled,681.9
3689,5002,14/10/2025,cancelled,1895.9
14626,7791,22/08/2025,completed,2301.63
4770,2076,10/07/2025,processing,233.86
6122,5143,31/07/2024,cancelled,136.05
6646,4947,25/08/2024,returned,3075.53
3575,9515,3/01/2024,completed,1328.19
15835,9037,15/05/2024,returned,620.12
15416,9088,14/06/2025,processing,7.92
7037,3136,7/01/2025,shipped,540.52
1274,4051,12/07/2025,shipped,132.77
7327,6164,5/03/2024,completed,119.48
12790,549,26/03/2024,completed,490.18
17955,4831,18/04/2024,shipped,3.96
7416,5406,29/04/2025,processing,29.67
6248,7963,1/06/2024,completed,79.17
17380,3560,13/02/2024,processing,826.74
12058,7864,13/01/2025,shipped,734.26
5421,1067,25/04/2024,completed,2517.29
3148,5311,23/03/2024,shipped,209.1
820,8264,21/04/2025,completed,2651.71
7244,5838,29/06/2024,processing,58.1
8010,4289,14/05/2024,shipped,135.84
18167,5720,21/10/2025,cancelled,133.48
12351,8189,31/07/2025,shipped,314.62
4004,6417,12/11/2024,completed,1976.02
7858,9277,7/07/2025,completed,758.1
18391,2302,27/03/2025,returned,210.43
18204,9766,26/09/2025,completed,244.36
6558,8359,31/01/2025,completed,49.87
2603,7268,10/04/2024,cancelled,354.09
16343,9406,21/05/2024,shipped,24.61
7185,4195,16/04/2024,shipped,401.63
9236,1803,24/11/2024,completed,54.36
626,1359,5/01/2025,processing,3555.56
8786,3737,11/05/2024,cancelled,1394.14
13433,56,2/10/2024,cancelled,72.18
2438,8294,19/03/2025,shipped,178.76
17752,5633,19/10/2024,returned,451.74
16876,7368,8/05/2025,processing,304.66
16285,263,2/01/2024,shipped,2534.34
15454,7951,22/09/2024,returned,208.05
14265,8456,5/08/2025,processing,341.06
11266,1378,5/02/2025,cancelled,1378.25
6946,8365,9/04/2025,processing,2649.19
2704,1093,21/07/2025,processing,2913.91
18997,6444,27/10/2025,processing,813.54
4040,5863,2/01/2024,cancelled,291.35
5766,2143,15/06/2025,shipped,672.95
15423,5896,16/05/2024,shipped,179.53
9953,9935,19/01/2024,returned,209.1
9524,9885,3/04/2024,shipped,21.91
5749,2395,2/08/2024,returned,42.35
9829,9028,2/06/2024,cancelled,20.58
1579,2911,24/05/2025,returned,57.18
10933,3158,6/06/2024,cancelled,158.3
6737,2125,7/12/2024,processing,181.3
3194,3773,21/02/2025,processing,267.16
4250,8697,14/07/2024,processing,905.95
19214,1812,3/01/2025,returned,74.61
12309,4045,4/02/2025,processing,83.34
4999,7829,19/01/2025,returned,6.16
1836,8219,14/06/2024,processing,307.59
18088,392,25/12/2024,processing,430.33
19530,4642,9/11/2024,cancelled,1795.9
1053,9699,26/03/2024,completed,411.46
11794,6806,20/05/2024,processing,44.51
12564,9140,26/03/2024,completed,241.09
17498,9785,31/12/2024,returned,1377.99
12554,4042,21/07/2024,returned,1539.89
8613,5749,15/04/2024,returned,847.83
5474,5965,15/04/2024,shipped,1627.91
5035,5150,21/09/2024,cancelled,270.45
10578,9128,26/10/2024,processing,12.4
10784,3145,15/02/2024,shipped,178.78
10903,3030,16/01/2024,completed,2063.7
647,9485,9/09/2024,returned,1149.67
6882,1611,15/04/2024,shipped,65.02
14060,82,15/03/2024,shipped,665.78
19429,531,18/07/2025,returned,120.42
4037,7402,6/07/2025,shipped,319.56
238,9131,1/03/2024,completed,17.65
14536,1517,19/07/2024,shipped,231.8
7591,2986,5/07/2024,completed,403.87
5241,5566,15/08/2024,cancelled,59.96
1063,9818,13/07/2025,processing,1046.57
2759,6090,7/12/2024,cancelled,282.42
14561,5300,29/09/2024,returned,1755.21
19618,9378,17/03/2025,shipped,63.21
12792,4383,23/05/2024,cancelled,750.44
10720,3324,6/11/2025,shipped,1228.41
2798,7628,12/05/2024,completed,1028.88
14651,1052,5/07/2024,completed,75.12
14270,86,9/07/2025,completed,30.81
17976,865,11/11/2024,shipped,14.58
14196,6401,4/08/2025,processing,87.54
16309,4066,15/02/2024,shipped,647.96
3251,8058,26/08/2024,completed,119.92
15948,3402,19/02/2025,returned,56.74
8438,6367,1/01/2024,processing,4585.26
1173,3971,25/04/2025,shipped,94.97
681,7066,7/01/2024,cancelled,725.63
10763,9310,22/05/2025,cancelled,3029.48
1319,5190,10/10/2025,cancelled,180.9
8777,3723,9/11/2025,completed,3895.5
15363,1132,16/06/2025,returned,1553.95
19798,7685,20/04/2024,completed,224.87
3746,7598,26/07/2024,completed,686.78
7847,4867,14/08/2025,processing,100.3
2271,3523,12/04/2025,returned,117.46
514,7574,16/01/2025,cancelled,302.68
11978,1361,19/03/2024,cancelled,41.49
5885,3474,29/02/2024,completed,401.3
3488,1560,13/05/2025,processing,291.84
846,7151,22/01/2025,completed,44.29
2567,6169,12/06/2024,completed,914.83
17270,8815,25/06/2024,returned,1349.98
4499,2923,10/06/2025,shipped,255.94
3813,5193,27/02/2025,completed,97.78
14996,6590,25/09/2025,returned,2920.93
4424,6269,27/03/2025,returned,2954.49
13316,9868,15/09/2025,completed,658.1
7485,968,19/06/2025,completed,490.29
394,7144,4/10/2025,processing,637.38
13628,6735,30/09/2025,processing,1155.43
1097,4860,7/03/2025,shipped,573.58
6071,3792,25/03/2024,shipped,322.12
19200,8561,27/10/2024,completed,58.2
3749,8024,4/03/2024,processing,8.05
3547,6538,5/10/2025,completed,157.79
2354,4542,15/07/2025,returned,894.69
6110,1480,6/06/2025,cancelled,681.62
5932,6299,4/10/2024,shipped,61.57
15492,5713,24/06/2024,cancelled,318.25
8477,4847,15/07/2025,returned,266.66
3793,6208,29/09/2024,shipped,4322.67
12353,6850,14/07/2024,shipped,1166.49
7130,6180,10/06/2024,cancelled,149.79
9164,3777,1/10/2024,processing,24.8
11830,9585,8/12/2024,processing,505.22
212,1613,23/10/2025,returned,504.42
9125,7340,3/09/2025,cancelled,1324.08
3023,338,22/03/2025,processing,2652.75
4360,3147,28/07/2024,processing,144.53
7304,5011,25/01/2025,processing,1190.36
11426,3321,24/02/2025,cancelled,165.52
4537,5685,31/03/2025,processing,289.85
8647,9908,3/05/2024,shipped,62.17
5945,1424,21/01/2025,processing,217.47
15997,4906,31/05/2025,completed,3936.98
18199,6142,1/01/2025,shipped,401.11
13988,4469,6/05/2024,cancelled,14.33
12742,7127,9/05/2025,processing,207.57
2352,5460,23/03/2024,shipped,273.91
5454,5259,4/05/2025,shipped,246.48
19639,2688,11/02/2025,completed,524.1
14550,998,19/07/2024,returned,1601.32
3043,203,7/11/2024,returned,83.67
10980,6964,28/01/2025,cancelled,750.04
17648,1131,21/03/2025,processing,606.7
18049,5450,16/05/2024,completed,687.51
1978,5530,17/11/2024,cancelled,47.16
3752,6974,29/07/2025,processing,119.18
8176,9372,19/07/2024,processing,1698.23
13489,3324,27/03/2024,shipped,58.52
1454,4449,15/01/2025,returned,133.34
559,9793,13/08/2024,cancelled,230.32
3738,9265,15/03/2025,processing,1458.87
13381,2888,31/10/2025,processing,55.53
8148,8342,18/06/2024,returned,205.74
7785,6988,6/10/2024,cancelled,69.88
3741,5154,21/07/2024,processing,120.93
16519,5751,14/09/2025,returned,62.4
14755,5289,21/11/2024,cancelled,236.97
11604,5399,28/02/2025,completed,114.66
9546,912,18/07/2024,completed,1040.23
5450,9083,4/02/2024,cancelled,27
12441,6535,19/01/2025,shipped,190.65
12744,6605,8/09/2024,shipped,721.24
15276,3217,14/09/2024,processing,451.95
18222,2930,15/08/2025,completed,241.67
3829,9150,20/09/2025,shipped,4114.18
16091,6214,11/11/2025,completed,679.08
16083,5608,22/01/2024,returned,137.6
8971,1804,31/07/2025,completed,154.28
7489,9947,30/09/2024,cancelled,253.54
1581,8534,23/07/2025,processing,438
9551,2431,22/08/2025,processing,216.33
12846,5975,21/03/2025,processing,373.91
12570,7653,21/07/2025,completed,1712.95
6236,217,20/07/2025,returned,1049.77
7560,431,10/02/2024,completed,381.57
17256,3686,19/10/2024,processing,2989.27
17113,7948,17/06/2025,returned,917.02
10109,2536,27/08/2024,cancelled,214.76
19927,6186,1/06/2024,completed,517.36
19637,5028,23/03/2025,returned,2713.97
2550,589,28/10/2024,shipped,142.9
11242,7566,19/01/2025,shipped,70.48
2152,2267,8/02/2024,returned,243.17
7093,6486,29/01/2025,completed,136.74
7726,5704,7/08/2024,completed,488.72
11802,5644,12/02/2025,shipped,562.9
6181,9606,17/09/2025,returned,1283.15
19727,1784,29/05/2025,shipped,1919.88
12118,4716,23/02/2024,cancelled,152.69
19273,7498,13/10/2024,cancelled,148.45
17073,1955,5/06/2024,shipped,260.9
36,9692,14/05/2024,cancelled,858.97
2654,7805,6/05/2025,completed,184.8
9623,4530,23/08/2024,completed,4789.02
18018,6023,17/01/2024,cancelled,375.37
18031,6280,11/07/2024,returned,50.81
7999,8944,15/06/2024,shipped,204.45
17484,5640,6/05/2025,cancelled,640.54
17695,2912,7/09/2025,cancelled,448.32
18233,5153,9/05/2025,processing,390.56
10537,5858,13/08/2025,shipped,110.43
15269,1060,29/01/2025,completed,110.57
11572,5959,16/06/2024,returned,3226.11
12657,1081,29/04/2024,cancelled,2922.92
4374,4502,26/07/2024,shipped,17.35
9809,5263,25/07/2025,returned,2396.79
13141,9157,16/07/2024,returned,4311.05
7532,1368,22/07/2025,cancelled,196.55
11668,1692,2/01/2024,cancelled,11.41
15232,6954,28/11/2024,cancelled,37.01
6533,1985,31/10/2025,returned,448.72
1637,4206,2/10/2025,processing,1088.06
15122,5956,8/10/2024,shipped,744.59
4834,8091,19/04/2025,returned,1299.39
18549,9206,12/05/2025,returned,1111.55
9063,7346,2/07/2024,returned,67.59
19823,1611,5/02/2024,completed,420.93
14588,7432,26/08/2025,returned,1825.2
7894,2779,5/06/2024,completed,100.06
16947,6555,17/09/2024,processing,601.96
1118,1249,30/10/2024,shipped,32.78
9619,4326,4/11/2025,shipped,268.36
11044,4232,9/03/2025,completed,1480.65
7320,3056,4/01/2024,shipped,191.81
2465,6127,10/05/2025,processing,159.14
6719,2796,2/02/2025,returned,64.56
3552,7024,3/04/2025,shipped,1018.28
14766,371,30/07/2025,returned,235.21
15322,8979,26/11/2024,returned,19.35
2520,5871,1/01/2024,cancelled,101.99
13032,2533,19/01/2025,processing,372.55
17213,3757,9/08/2025,processing,1773.54
16151,4606,16/07/2024,returned,13.6
16678,3335,8/04/2024,completed,350.34
15449,4515,11/04/2025,cancelled,168.03
14469,9276,22/08/2025,processing,552.59
7279,328,23/01/2025,returned,54.96
10602,787,11/06/2025,returned,223.92
3802,8969,4/11/2025,cancelled,528.82
1608,8969,5/09/2024,cancelled,79.96
17809,6027,4/04/2025,processing,189.37
5029,6757,26/07/2024,processing,900.12
1236,1281,7/07/2024,shipped,30.5
9588,7457,9/07/2024,completed,15.85
5157,2022,1/02/2025,returned,181.14
10722,6986,20/10/2024,shipped,948.32
12642,1152,3/09/2024,returned,1021.01
4893,9335,23/02/2025,processing,2173.37
15376,3612,4/04/2025,processing,85.29
19905,2934,20/09/2024,completed,613.39
19982,2640,11/05/2025,returned,228.65
9887,598,21/03/2024,cancelled,31.74
256,6956,24/06/2024,returned,360.78
14231,8372,11/09/2024,processing,1964.65
16905,6999,19/08/2025,processing,59.55
4152,689,6/07/2024,returned,38.42
2661,8467,6/07/2024,completed,402.6
2933,7088,18/03/2024,processing,168.44
3927,1838,8/08/2024,processing,364.29
4792,3060,8/06/2024,processing,178.96
19659,3842,15/04/2024,completed,103.02
15982,2356,10/05/2025,returned,927.96
19682,8169,15/07/2025,cancelled,133.83
17626,8801,7/11/2024,returned,500.78
1796,4137,23/04/2025,shipped,599.32
18340,5489,13/01/2025,completed,774.89
5922,6565,18/12/2024,cancelled,1306.99
7158,2753,22/05/2025,returned,1495.76
18770,9325,17/05/2024,returned,1293.59
12400,386,10/11/2025,completed,4799.94
3198,1982,19/02/2024,cancelled,24.72
16448,7424,8/07/2024,processing,105.78
3482,6814,22/07/2025,completed,811.5
6564,2171,7/02/2024,returned,345.6
916,8275,13/04/2025,completed,461.24
11479,9029,30/10/2024,returned,390.56
19691,6638,15/09/2024,returned,215.65
19508,3452,16/04/2025,cancelled,148.33
16093,5023,10/09/2025,processing,878.34
8505,1737,18/11/2024,shipped,725.56
10334,139,24/06/2025,completed,659.56
966,6561,9/08/2024,processing,619.63
16944,2422,27/10/2024,shipped,2719.97
71,8449,26/05/2025,completed,222.12
12885,8082,25/04/2024,completed,256.58
14522,7142,23/08/2024,cancelled,699.4
11536,4853,8/12/2024,completed,1027.7
4913,9533,30/09/2025,returned,531.53
16869,4017,7/07/2025,shipped,438.41
8495,8781,18/09/2024,completed,403.61
2941,7297,26/01/2025,shipped,1265.08
5202,5703,21/02/2024,completed,1631.37
12247,5000,25/01/2025,returned,465.73
3234,4716,15/03/2025,completed,236.66
15746,570,19/06/2024,processing,108.65
2548,9863,7/10/2024,cancelled,7.92
10774,5044,27/06/2024,processing,734.26
8215,1078,1/01/2025,completed,483.46
781,9269,10/05/2024,completed,1306.32
4297,3209,21/05/2025,completed,2042.63
11141,2897,15/05/2025,completed,30.1
8549,387,2/09/2025,returned,751.16
11499,7331,27/06/2025,cancelled,684.35
6490,9697,1/03/2024,returned,190.38
8948,1635,7/09/2024,returned,246.95
16630,5641,27/05/2025,cancelled,39.39
13702,9743,28/04/2024,returned,407.17
4027,4370,1/09/2024,cancelled,98.29
6919,4539,14/07/2024,completed,5002.49
5645,7902,7/04/2024,processing,7.38
17160,5178,29/04/2024,shipped,417.77
8770,6744,2/04/2024,processing,3097.79
3931,7633,31/08/2024,completed,935.89
8826,5421,10/09/2025,processing,191.63
6175,3344,1/02/2025,completed,36.34
8229,5648,3/09/2025,completed,785.81
15211,9483,21/03/2025,returned,149.52
9269,9568,27/11/2024,completed,21.52
6937,1040,2/07/2024,shipped,109.53
8245,7207,11/09/2025,completed,97.46
2361,345,16/05/2025,cancelled,1500.55
1080,8868,19/11/2024,completed,1117.14
125,5706,15/02/2024,cancelled,1423.47
8907,8140,22/02/2024,shipped,44.29
17759,9643,26/04/2024,returned,985.35
5403,8045,27/01/2024,processing,15.62
15529,8629,17/02/2024,returned,8.6
14687,6333,21/05/2024,processing,33.11
6161,3370,18/12/2024,completed,914.16
12624,1304,6/07/2024,completed,509.41
5039,4885,9/07/2024,completed,436.18
4,8986,4/10/2025,cancelled,689.5
17126,5993,14/09/2025,cancelled,231.84
15575,606,21/08/2025,shipped,209.08
18764,2102,26/03/2024,returned,615.82
10208,7605,10/02/2024,cancelled,585.59
9940,9112,20/09/2025,shipped,632
813,5330,22/10/2025,completed,984.19
6588,6856,7/07/2024,processing,345.31
1493,2267,17/07/2024,returned,304.09
2299,9174,8/11/2024,shipped,71.85
13304,8152,20/12/2024,returned,149.66
2225,5806,17/06/2024,cancelled,290.35
3907,3341,24/04/2024,shipped,187.71
13664,1609,4/01/2025,returned,1587.18
15634,5524,13/12/2024,processing,1680.02
15724,2473,27/03/2024,completed,180.3
18956,7240,29/04/2024,cancelled,46.64
10539,3615,29/12/2024,returned,351.4
10951,1879,6/03/2024,completed,638.05
10813,5151,28/08/2024,processing,3677.89
7369,126,4/06/2024,returned,25.97
13297,7390,28/06/2024,shipped,442.31
17728,4191,24/03/2024,cancelled,53.19
7608,9932,1/08/2024,cancelled,7.56
8059,6097,17/12/2024,completed,3700.06
3097,2117,2/04/2025,cancelled,555.03
17318,1438,25/02/2025,processing,91.15
10540,861,10/11/2025,completed,162.11
12088,5755,31/05/2025,returned,255.39
5237,4628,18/12/2024,processing,47.18
17411,4038,14/04/2024,cancelled,118.62
448,6539,30/10/2025,processing,658.01
16590,634,8/11/2024,processing,697.47
979,7277,12/10/2025,shipped,142.65
1528,5115,21/04/2024,shipped,200.59
11490,1527,18/04/2024,shipped,295.05
10656,349,30/12/2024,completed,905.37
4513,4535,30/04/2025,returned,61.35
12136,9643,29/03/2024,cancelled,876.39
19731,8937,29/01/2024,cancelled,127.17
2527,1645,6/09/2024,processing,96.89
2506,5118,31/08/2025,returned,1310.78
4099,9439,6/06/2024,shipped,1897.38
8739,5359,6/08/2025,processing,112.03
10422,5136,14/12/2024,shipped,1071.58
11228,5683,12/11/2024,completed,1260.88
17677,7460,7/02/2025,returned,215.27
8827,9762,24/10/2024,cancelled,250.79
8217,5436,20/06/2024,completed,219.72
19376,3175,15/04/2024,cancelled,31.04
10697,6149,11/03/2025,processing,1124.92
8199,2815,19/10/2024,processing,746.91
11878,1764,30/05/2025,shipped,358.24
15155,9305,1/11/2024,returned,108.65
10218,7448,22/07/2025,processing,338.25
11741,5524,3/05/2025,shipped,388.29
8364,922,22/09/2024,returned,574.56
11976,8954,7/08/2024,processing,139.36
12020,1801,22/10/2025,processing,206.5
1115,2379,16/01/2024,completed,754.84
498,1990,29/12/2024,returned,4068.17
17418,1990,16/09/2024,shipped,231.15
14746,550,7/05/2024,returned,89.47
17967,2913,17/06/2025,cancelled,44.22
11724,231,25/06/2024,processing,1421.07
5030,3121,25/07/2024,shipped,252.15
4161,5800,6/09/2024,processing,1362.13
8398,2740,10/07/2025,shipped,1469.33
14313,7667,23/02/2024,cancelled,544.13
6855,884,26/07/2025,shipped,415.45
9076,3318,24/01/2025,shipped,439.51
7159,1745,10/06/2024,shipped,21.1
11282,6610,14/09/2024,shipped,401.45
18781,7558,24/06/2024,shipped,127.5
3472,2506,8/02/2025,processing,728.97
7718,2114,16/10/2024,completed,47.02
18180,8408,4/01/2025,processing,151.86
4619,1026,24/07/2025,processing,1600.19
12858,8511,20/03/2024,processing,81.88
4550,5987,30/10/2025,shipped,30.01
9792,9306,2/08/2024,completed,104.38
12062,3007,11/10/2024,processing,318.58
1084,8221,23/04/2024,returned,240.64
15370,4736,15/08/2024,processing,188.15
1718,5517,1/06/2025,shipped,504.18
17945,4160,16/07/2024,cancelled,69.92
7782,8597,14/09/2025,processing,462.3
18846,8748,28/10/2024,completed,807.23
2223,6043,25/01/2025,cancelled,25.97
14126,3859,31/10/2025,processing,6.95
16877,6310,29/04/2025,processing,60.55
4769,9691,2/08/2025,cancelled,405.8
9173,825,30/01/2025,cancelled,64.3
8529,7441,18/12/2024,shipped,128.66
10431,8090,10/02/2025,shipped,81.17
8978,3710,4/03/2025,shipped,2620.85
4920,3895,10/10/2024,returned,51.94
11902,7021,6/03/2024,returned,49.62
1420,7363,23/01/2025,cancelled,450.35
15793,5343,9/11/2024,shipped,473.4
13712,4153,8/10/2025,completed,919.57
14492,9291,5/07/2025,completed,1829.11
1221,8166,25/01/2025,processing,189.93
14074,7998,30/01/2025,shipped,1385.96
5996,1867,9/01/2024,completed,126.29
1261,8299,29/10/2024,shipped,1981.42
4649,9266,13/03/2025,cancelled,499.24
11798,7570,30/04/2024,cancelled,270.67
15464,1748,3/04/2025,returned,474.22
16978,7327,29/09/2024,returned,66.33
11513,1317,14/09/2025,cancelled,685.75
15663,842,21/06/2025,cancelled,226.28
4484,3641,5/03/2025,shipped,255.24
12632,6528,21/02/2025,cancelled,202.57
5888,331,15/06/2024,shipped,749.37
5844,2203,9/08/2025,completed,66.46
9814,7243,18/11/2024,returned,45.16
15098,3746,4/03/2025,shipped,142.59
17403,2754,14/02/2025,shipped,857.47
2596,6608,21/12/2024,completed,350.58
8688,8794,30/07/2025,completed,391.68
9193,930,23/07/2025,completed,1680.95
6177,2558,2/10/2025,completed,1421.63
16112,7312,3/08/2024,completed,224.01
2544,8171,15/01/2024,returned,472.74
8272,9992,30/12/2024,completed,100.62
1737,6071,1/05/2024,cancelled,32.42
9267,9961,25/02/2025,processing,19.96
9849,6751,7/01/2025,processing,167.45
13982,4378,21/07/2025,returned,185.21
2659,1747,27/02/2024,completed,479.14
5364,693,22/10/2024,returned,422.31
11443,8162,21/05/2024,returned,285.92
13516,2777,1/07/2025,completed,5.55
10559,4375,6/05/2025,completed,126.62
16219,117,15/05/2024,cancelled,1724.35
3915,3933,13/09/2025,returned,527.87
19599,4996,17/11/2024,cancelled,46.89
5965,9607,25/09/2024,processing,83.13
11164,8059,3/01/2025,completed,82.85
3238,3481,1/01/2025,completed,1193.28
18027,3214,27/09/2024,completed,865.1
5070,5117,9/05/2024,completed,871.71
18794,2264,23/11/2024,returned,250.8
13822,4594,5/04/2024,cancelled,925.8
4102,6629,30/05/2025,shipped,314.95
12303,7171,1/03/2025,completed,135.23
9430,1099,16/06/2025,returned,267.85
2997,6173,20/01/2024,cancelled,1006.47
16987,3508,22/10/2025,processing,44.59
14831,6743,2/11/2025,shipped,85.79
6981,4640,6/09/2025,completed,171.89
19361,4297,19/02/2024,shipped,71.72
8597,6469,3/05/2024,completed,2499.55
3493,4977,23/05/2024,shipped,2025.69
2685,7474,14/06/2025,completed,398.93
1670,4211,27/09/2024,completed,1206.5
10021,6802,29/07/2024,cancelled,184.46
14167,4221,11/11/2024,processing,963.46
17560,6067,11/07/2024,processing,1006.47
10442,7242,26/12/2024,completed,123.14
15064,8529,25/03/2025,completed,241.98
5101,4273,12/02/2024,cancelled,20.74
19016,8006,8/06/2025,cancelled,34.28
11632,323,13/08/2024,completed,10.71
7757,2917,4/02/2024,cancelled,507.89
13706,645,13/12/2024,processing,1492.13
18912,8434,27/12/2024,returned,402.18
2195,371,22/03/2024,shipped,20.23
12891,8471,14/07/2024,completed,318.51
1104,170,7/07/2024,cancelled,21.3
9771,2549,12/03/2025,cancelled,243.37
5929,6987,18/01/2025,cancelled,84.94
18444,998,26/07/2024,cancelled,2014.97
891,3517,7/01/2025,shipped,339.4
15007,3136,13/05/2024,completed,786.4
12397,908,5/11/2025,shipped,76.59
2425,1517,8/08/2024,cancelled,493.01
6726,827,8/06/2024,completed,2130.81
15397,2783,18/12/2024,shipped,27.75
5540,798,7/05/2025,cancelled,286.03
18575,6036,25/03/2025,cancelled,51.73
7619,7631,12/02/2025,completed,2702.6
19758,6216,2/02/2025,returned,375.91
7248,88,9/01/2024,cancelled,51.04
9002,1275,27/09/2024,cancelled,218.95
17129,9432,27/02/2025,completed,2337.85
18845,3331,3/01/2024,processing,53.26
3203,6696,18/01/2024,cancelled,6340.4
5597,4397,15/03/2024,shipped,871.99
10547,6277,28/03/2025,shipped,1018.95
9514,7494,3/07/2025,processing,11.4
2858,514,21/10/2025,completed,165.54
18509,6679,15/01/2025,completed,768.8
14166,2992,12/03/2024,completed,175.12
10131,1372,29/08/2024,cancelled,4019.32
10391,6065,12/04/2024,shipped,519.78
8672,1573,14/11/2024,processing,1183.55
12205,4896,18/06/2025,completed,655.22
11943,9674,11/02/2024,returned,1725.93
1487,7010,18/09/2024,cancelled,649.28
12394,4649,26/04/2025,shipped,40.02
1542,4058,1/07/2024,returned,466.78
5125,3411,2/05/2024,cancelled,781.29
10598,8406,22/09/2025,processing,20.84
11752,2437,4/01/2025,completed,396.1
6421,6073,5/11/2024,returned,3129.71
15307,2062,11/10/2025,cancelled,244.36
13428,312,6/03/2024,shipped,32.96
18437,5669,3/11/2024,processing,204.06
12805,5618,28/06/2025,shipped,41.44
18486,571,23/11/2024,completed,466.9
11782,8400,24/11/2024,returned,524.19
16477,5272,8/07/2024,cancelled,234.03
4372,4315,5/07/2024,shipped,270.15
19833,9016,27/10/2025,shipped,112.61
1059,322,30/04/2024,completed,48.2
13947,7362,30/07/2025,processing,566.94
1404,3071,10/08/2025,shipped,137.93
3714,46,14/04/2025,returned,974.16
19594,7816,24/10/2024,cancelled,226.24
5903,6017,20/08/2024,cancelled,8.24
17665,2178,2/06/2024,shipped,1193.38
4126,2491,29/04/2024,processing,12.57
8141,8089,20/04/2025,processing,1807.67
9582,8061,12/02/2025,processing,32.02
6418,7509,22/03/2025,shipped,207.25
12990,384,19/02/2025,processing,1042.63
13105,3266,16/01/2025,shipped,111.06
14130,1176,21/08/2025,returned,149.72
1297,1933,28/05/2024,cancelled,295.15
4384,7594,7/09/2025,returned,97.69
3140,5597,28/06/2024,processing,540.68
313,1204,4/07/2024,completed,313.65
5898,393,5/05/2024,completed,1560.67
18543,3910,3/02/2024,cancelled,52.87
15374,5190,24/04/2025,completed,227.01
18635,9790,28/05/2025,processing,20.23
5835,6220,30/05/2025,completed,40.79
7887,6783,20/08/2025,completed,1277.29
3498,2453,6/09/2024,cancelled,99.56
8208,4706,11/01/2024,returned,786.14
6232,8339,8/06/2025,shipped,631.61
8286,5686,26/03/2024,returned,1413.25
12094,5660,1/05/2025,processing,570.7
8351,3877,26/10/2025,shipped,165.59
13695,3637,25/08/2024,completed,4022.23
445,1212,28/09/2024,cancelled,119.88
6864,1470,30/09/2025,processing,148.44
15768,7212,10/07/2025,processing,140.69
6244,3789,17/03/2024,returned,598.02
16761,9693,14/07/2024,cancelled,105.48
15262,6606,21/07/2025,processing,1349.44
5431,425,18/04/2025,completed,65.31
8308,4918,11/11/2025,shipped,114.42
15900,6506,19/01/2024,completed,567.05
2690,599,27/05/2024,processing,362.27
12576,1953,10/11/2025,processing,1258.25
3187,7687,13/01/2024,shipped,1778.14
921,5929,5/08/2025,cancelled,1624.66
11825,8507,23/07/2025,processing,652.35
1379,4383,15/07/2025,completed,53.24
15829,3209,19/03/2025,completed,1066.7
12425,5475,17/10/2024,cancelled,268.67
13759,9362,26/08/2025,cancelled,1124.67
1506,7793,9/06/2024,completed,4378.03
20000,9938,1/06/2025,cancelled,524.31
12146,6125,3/09/2025,returned,217.05
18098,5321,11/03/2025,returned,1075.65
9355,5936,4/10/2024,completed,54.86
13691,9629,3/03/2025,returned,2353.66
1086,8868,18/05/2024,cancelled,135.96
2206,4498,16/02/2024,returned,290.37
13142,8080,9/11/2025,processing,4879.42
6483,5402,27/08/2025,cancelled,111.48
4313,488,10/01/2025,cancelled,220.52
939,4928,9/03/2024,processing,1233.39
5837,1060,13/07/2024,cancelled,1034.24
15149,4294,15/06/2024,processing,1089.34
13708,2730,3/10/2024,returned,21.73
15145,7875,13/07/2024,processing,1700.35
3313,2544,8/11/2025,shipped,1477.44
1537,9560,15/10/2025,processing,244.29
5468,6183,25/10/2025,returned,1871.14
1918,4982,28/07/2024,cancelled,2159.94
2166,4751,27/11/2024,processing,37.71
5072,2404,28/12/2024,shipped,529.06
12680,7488,5/01/2024,returned,1680.02
15428,8409,9/01/2025,returned,623.88
11290,959,5/07/2024,cancelled,273.71
13935,2734,4/04/2024,completed,156.52
15484,8398,8/04/2025,completed,770.9
5928,3512,18/08/2024,returned,249.76
12856,2469,28/01/2024,returned,32.16
2781,8283,19/03/2024,cancelled,203.04
5432,9581,27/02/2025,returned,73.71
6666,2744,25/07/2025,processing,148.82
3468,858,25/11/2024,shipped,56.6
5685,1880,20/05/2024,cancelled,2150.97
10707,8890,27/08/2025,processing,764.44
1730,5317,26/06/2024,returned,18.26
12017,9411,20/04/2024,completed,1499.66
12612,5274,7/07/2024,returned,3.69
8561,8319,10/09/2025,returned,745.42
4390,4044,22/02/2024,processing,114.51
11556,2612,28/10/2025,shipped,901.02
904,8755,14/07/2025,returned,441.61
9919,6601,22/11/2024,returned,2626.65
1702,8470,28/10/2025,processing,201.84
18397,9557,5/11/2024,cancelled,115.81
16809,7254,22/09/2025,shipped,527.87
7119,3931,3/02/2025,processing,49.84
12141,2613,14/06/2024,processing,66.52
5354,5921,4/07/2025,shipped,1201.3
16621,8179,12/12/2024,shipped,695.23
7775,1048,10/09/2024,shipped,16.12
14198,6206,16/05/2025,completed,4826.25
1500,6433,10/03/2025,processing,289.15
12093,5581,16/05/2024,completed,697.76
17470,1218,22/08/2024,completed,1127.47
19640,2177,4/10/2025,shipped,1816.28
4043,66,16/09/2025,completed,77.06
12457,6630,9/06/2025,cancelled,1832.38
4275,1790,15/02/2025,processing,179.72
2925,8716,17/02/2024,completed,97.29
5638,4602,25/03/2025,completed,332.74
14532,4035,29/04/2025,completed,669.92
7446,6157,2/03/2024,cancelled,162.11
1473,8285,5/11/2024,shipped,201.36
4764,1788,6/05/2024,shipped,787.21
3761,320,1/08/2025,cancelled,256.27
10770,5390,6/12/2024,shipped,424.69
19888,8702,4/04/2024,shipped,500.71
8352,5999,4/10/2025,returned,1009.83
12649,9669,21/04/2025,cancelled,201.81
9258,1068,19/05/2024,completed,1400.72
14788,3715,27/07/2025,processing,267.33
14622,3668,10/04/2025,shipped,2187.81
8132,9651,30/05/2024,completed,714.47
6247,5380,14/02/2025,cancelled,2312.07
13599,4314,3/01/2025,completed,385.4
5107,2969,19/02/2024,processing,114.08
7187,310,24/08/2024,processing,168.44
13898,7794,5/05/2025,cancelled,777.92
19433,4759,10/03/2024,cancelled,371.49
10115,3260,6/07/2024,shipped,769.71
3784,187,28/02/2025,completed,2518.61
17691,5329,28/10/2024,cancelled,40.14
6976,3240,21/04/2025,shipped,370.9
4097,4268,6/03/2024,returned,283.19
12369,3476,3/05/2025,completed,507.88
5358,292,1/10/2025,returned,193.7
14053,621,17/06/2024,cancelled,29.52
8184,3424,30/09/2025,processing,27.69
4943,7117,22/05/2024,returned,758.85
8488,3545,26/01/2024,returned,381.9
1535,7627,23/04/2025,processing,54.46
17741,7814,9/11/2025,processing,72.4
11199,5183,25/04/2024,returned,108.02
849,3815,18/04/2024,processing,76.4
7222,8286,10/02/2024,shipped,260.01
4107,7306,24/05/2024,shipped,279.71
10042,7933,31/07/2024,completed,278
16792,388,24/07/2025,returned,2.75
1865,5766,16/01/2025,returned,3416.4
4571,7626,15/03/2025,returned,852.12
15602,5877,8/02/2024,shipped,54.93
9328,1962,29/04/2025,cancelled,2372.41
9823,4613,19/08/2025,completed,1945.89
15230,8376,18/05/2024,shipped,2808.83
18819,2421,1/08/2025,completed,109.3
15486,4030,18/05/2024,returned,39.59
241,462,1/09/2025,processing,226.31
8048,3711,2/02/2024,returned,5506.43
17746,3100,5/09/2024,processing,132.95
1842,1451,2/01/2024,returned,325.32
8896,863,1/06/2025,processing,65.6
7696,2053,25/07/2024,cancelled,78.26
16941,811,17/07/2025,cancelled,12.72
10783,8939,10/02/2024,shipped,942.59
2894,1974,29/12/2024,completed,1474.44
5434,6457,25/09/2024,shipped,23.41
13945,160,27/03/2025,completed,1152.27
9476,458,14/08/2024,processing,66.03
4258,9517,9/06/2025,shipped,28.88
11988,5317,20/04/2024,returned,122.73
2917,3781,13/11/2025,completed,484.22
962,9096,17/07/2024,returned,557.48
19737,3706,30/06/2025,shipped,1811.62
8810,395,27/03/2025,cancelled,1711.71
6831,7989,27/01/2024,shipped,299.66
19213,2823,11/12/2024,shipped,89.96
6238,4825,5/10/2024,processing,2473.96
9436,1274,13/01/2024,cancelled,18.51
7720,7951,24/06/2024,shipped,2410.2
3715,2654,6/07/2025,processing,118.91
18477,571,5/02/2025,shipped,1872.3
19291,5830,2/08/2025,returned,788.03
18011,6128,20/07/2025,processing,710.28
6325,1893,4/12/2024,shipped,713.74
5636,9708,30/06/2024,cancelled,355.71
19645,4208,1/09/2024,completed,167.95
17719,8454,8/05/2025,processing,602.96
3109,734,8/04/2024,returned,369.87
11715,1774,27/03/2024,returned,166.04
11212,4601,28/06/2025,completed,829.42
16860,1930,4/07/2025,returned,713.48
1715,1959,21/08/2024,cancelled,185.46
13464,8395,26/05/2025,completed,213.15
2806,9531,22/03/2024,returned,94.27
1193,3512,17/06/2025,processing,190.18
4540,6895,14/11/2025,processing,198.41
10343,3382,26/12/2024,processing,226.26
17803,9453,5/11/2025,shipped,35.82
356,445,19/05/2025,cancelled,1407.61
15491,4029,5/09/2025,processing,206.94
17692,8966,10/03/2025,processing,377.19
7860,7093,29/09/2025,returned,116.76
2687,5847,24/08/2024,shipped,957.88
12828,749,16/02/2024,completed,340.58
9939,6311,19/04/2025,completed,4460.94
19337,3765,1/04/2025,completed,124.08
12411,9637,25/03/2025,processing,1818.1
9385,3647,15/01/2024,shipped,461.06
12978,1279,6/01/2025,returned,2177.9
17573,8429,3/01/2025,processing,117.09
14625,3276,4/09/2025,completed,117.92
13230,1061,11/12/2024,returned,124.91
4908,7536,1/09/2025,cancelled,1191.11
9756,1431,22/10/2024,completed,1072.77
2424,3359,4/05/2024,cancelled,213.11
1341,4818,29/06/2024,shipped,13.38
5411,6075,11/04/2025,shipped,319.44
10644,7252,20/10/2025,completed,173.94
12772,4327,11/08/2024,returned,503.43
6672,4742,3/11/2024,cancelled,2844.18
7339,9897,5/03/2025,shipped,23.24
15329,9931,6/07/2025,processing,5035.42
6674,9653,19/03/2024,processing,60.33
10216,909,15/04/2025,processing,655.36
12731,9422,25/08/2024,returned,147.68
6379,388,25/05/2024,cancelled,10.2
4042,9832,3/08/2025,returned,189.79
17247,2248,29/09/2024,completed,243.94
16662,7403,8/08/2025,processing,183.87
5152,6908,27/06/2024,shipped,200.91
16613,5161,16/10/2025,completed,231.66
15327,3988,12/11/2025,returned,1280.19
1429,595,31/01/2024,processing,121.86
14956,2721,4/01/2025,processing,852.49
10371,5250,11/03/2024,processing,50.17
15375,449,18/01/2024,returned,147.5
10483,9836,7/10/2025,shipped,83.98
9452,5093,30/04/2024,returned,204.41
14145,8064,12/11/2025,returned,2624.1
8637,79,26/06/2024,cancelled,243.77
17089,2487,12/04/2024,processing,202.58
5617,4083,6/09/2025,processing,466.24
18232,7458,15/09/2025,cancelled,91.62
657,6980,17/05/2024,cancelled,491.06
83,4873,10/10/2024,processing,25.52
3635,5263,17/05/2025,returned,723.75
5429,8782,10/04/2024,returned,570.57
7574,1567,4/08/2025,cancelled,200.85
4396,8261,26/03/2025,cancelled,844.44
13560,6409,26/04/2025,processing,49.08
15522,7208,13/05/2024,shipped,429.67
1186,8123,23/07/2024,cancelled,70.33
43,5178,5/06/2024,returned,351.45
16051,8099,13/10/2024,cancelled,197.58
492,3775,15/02/2024,shipped,339.91
4288,1746,11/01/2024,returned,225.87
11591,8233,3/09/2024,completed,51.46
7777,4236,19/09/2025,returned,139.31
6625,2210,17/09/2025,cancelled,814.02
495,9689,12/03/2025,cancelled,849.35
3571,1687,26/03/2024,cancelled,85.79
9590,4114,23/07/2025,cancelled,4441.39
19231,9385,17/02/2024,shipped,153.2
16537,2355,24/12/2024,processing,1418.14
49,67,6/06/2024,processing,217.17
11994,4569,18/01/2024,shipped,555.41
4434,8662,10/02/2025,returned,188.97
976,4812,16/02/2025,completed,1239.53
9409,2849,25/07/2025,returned,1606.18
19959,6977,10/03/2025,processing,399.44
3060,5952,2/08/2024,processing,1507.76
14571,4471,8/07/2025,shipped,1515.11
9095,8728,4/05/2024,returned,138.51
9871,2212,6/05/2024,processing,758.63
4515,6830,25/03/2025,completed,731.27
14539,3972,27/10/2024,completed,108.78
17447,4462,11/07/2025,returned,446.48
1306,8940,3/11/2024,cancelled,392.99
11710,3398,3/10/2024,returned,74.6
13172,4424,27/02/2024,returned,290.39
11284,7422,4/08/2024,completed,347.47
11182,1611,31/08/2025,returned,291.74
15980,4460,15/07/2024,completed,154.61
16653,3555,6/09/2025,completed,1202.79
877,1379,12/12/2024,completed,26.27
13365,1670,8/10/2024,cancelled,297.3
9841,3731,1/01/2025,returned,161.12
5037,6564,4/02/2025,shipped,31.39
10023,9437,1/05/2024,shipped,197.53
14733,7910,30/12/2024,returned,29.67
6677,7814,26/06/2024,cancelled,882.33
19230,7601,20/01/2025,returned,56.86
19408,3507,1/10/2025,cancelled,202.98
18665,7706,28/09/2024,shipped,23.28
15701,2132,19/07/2024,cancelled,2409.8
2522,2586,7/01/2024,shipped,518.24
9182,3334,3/04/2025,shipped,238.53
12520,1282,7/04/2024,shipped,93.84
9497,4677,9/09/2024,processing,3.96
9008,1299,31/03/2025,returned,1243.96
12696,2503,13/11/2024,returned,1277.65
19290,458,21/11/2024,returned,315.81
16636,6330,19/05/2025,completed,79.35
6777,6934,23/09/2024,shipped,32.1
19385,2972,5/10/2025,shipped,538.38
5527,3394,2/11/2024,processing,348.22
19352,8674,18/09/2025,processing,337.06
2491,3196,18/07/2025,completed,337.06
7315,6436,20/08/2024,completed,39.02
19880,4551,26/01/2024,shipped,670.59
16848,107,9/07/2024,completed,99.47
19802,3882,3/02/2025,processing,3700.8
4086,8133,18/08/2024,cancelled,252.86
1727,9783,21/05/2024,shipped,112.2
13052,1608,21/05/2024,cancelled,554.78
11009,7926,15/03/2025,processing,72.84
11497,9759,17/05/2025,shipped,1465.21
17985,4202,1/02/2024,processing,619.33
9407,9018,12/01/2024,shipped,3933.71
15825,8780,2/11/2024,shipped,1830.61
12754,8114,29/09/2024,returned,112.71
13929,416,10/01/2025,completed,1112.34
18231,8057,11/04/2025,cancelled,316.82
3414,7262,6/08/2025,processing,711.94
5297,5257,6/07/2025,returned,327.86
12679,8622,3/01/2024,processing,153.06
14938,6166,1/04/2025,returned,1968.19
7412,5371,6/02/2024,shipped,9.74
1376,5892,21/04/2025,shipped,280.23
17232,6127,27/05/2025,completed,372.8
913,8042,4/03/2024,processing,659.56
19251,7140,17/09/2025,cancelled,2032.94
9097,1702,13/11/2024,processing,65.95
10569,6362,7/06/2025,processing,1769.32
13688,8753,1/05/2025,processing,79.42
17360,9497,7/01/2025,completed,72.4
18551,1211,24/12/2024,completed,172.42
3106,3602,10/09/2025,completed,1460.84
12129,415,11/04/2024,shipped,430.87
17316,9753,24/12/2024,shipped,1435.57
7285,4454,3/04/2025,processing,57.46
1807,9448,21/01/2025,returned,675.42
7911,7837,6/11/2024,returned,299.8
3509,4398,23/02/2025,processing,234.66
6368,2803,25/01/2025,shipped,488.32
10716,2397,17/08/2024,completed,20.7
7712,8913,26/07/2024,returned,634.76
9704,1256,15/08/2025,returned,339.4
13568,1392,18/02/2024,cancelled,117.09
19358,8536,26/04/2025,returned,350.22
7469,4453,1/08/2024,processing,409.24
6183,6222,12/04/2024,shipped,113.7
6189,2163,22/01/2024,returned,203.4
18612,4518,23/02/2024,processing,666.77
16409,1216,5/01/2024,shipped,2186.06
4582,1545,11/10/2025,cancelled,55.21
6433,3507,29/09/2024,processing,594.94
9292,7174,20/02/2024,completed,775.52
10816,4746,21/07/2024,returned,785.7
8060,8378,1/09/2024,cancelled,307.42
19939,1425,2/09/2025,processing,2421
2241,8880,13/06/2025,cancelled,100.09
19775,5276,25/07/2024,returned,95.98
5094,9553,10/08/2024,returned,47.35
15003,6704,30/11/2024,shipped,79.6
1387,8924,13/02/2024,completed,43.35
3266,8053,18/09/2024,processing,51.94
10268,9501,6/10/2025,processing,1398.44
12651,1318,29/11/2024,returned,452.26
15551,8777,26/01/2024,shipped,797.94
1553,1176,4/08/2024,completed,226.78
4012,455,20/09/2024,completed,715.83
11505,2342,2/01/2024,cancelled,208.24
6730,7828,24/04/2025,completed,95.82
16497,3767,6/03/2024,shipped,47.88
2896,5797,1/05/2024,cancelled,426.5
17876,8998,7/03/2025,shipped,347.03
8359,9881,5/12/2024,cancelled,257.03
13743,1312,1/07/2025,returned,58.73
15957,9368,26/02/2025,cancelled,31.26
18858,9955,19/03/2024,processing,1471.54
12063,6299,9/02/2024,processing,104.12
14477,3163,4/01/2025,processing,141.36
12387,7031,5/10/2025,processing,4675.7
17591,8216,1/05/2025,returned,170.92
7798,5306,4/03/2025,processing,395.91
7434,1578,27/02/2025,shipped,4.51
2518,8201,12/06/2025,processing,108.38
17019,3874,23/08/2024,cancelled,31.04
17112,2888,14/02/2025,shipped,2190.79
10364,3368,8/11/2024,shipped,105.19
15290,514,16/07/2025,processing,725.95
10376,3455,17/08/2024,cancelled,146.49
1217,1930,14/03/2024,shipped,153.56
16887,4364,12/05/2024,returned,158.06
16243,4464,18/06/2025,cancelled,167.19
19005,9708,12/08/2024,shipped,324.72
7524,9162,21/10/2024,cancelled,1042.85
7433,7215,18/12/2024,returned,188.28
14948,7521,22/08/2025,cancelled,186.14
9511,3236,10/09/2024,cancelled,1123.03
9253,6078,16/08/2024,completed,671.35
16063,6569,10/03/2025,cancelled,42.15
19842,5008,25/09/2025,cancelled,43.39
3078,9876,17/05/2024,shipped,517.53
377,3570,26/02/2024,processing,99.68
12270,3552,23/07/2024,shipped,1501.76
1132,7613,7/03/2024,completed,1288.5
5382,7499,23/03/2024,cancelled,706.35
13159,5530,3/01/2024,processing,51.33
11468,5082,10/09/2024,returned,251.94
2111,4460,30/04/2024,shipped,380.96
10700,8727,25/07/2024,completed,85.2
17673,1344,2/08/2024,completed,2841.12
4900,9972,30/10/2024,returned,2064.71
2521,5602,19/06/2024,processing,309.73
15543,6685,1/05/2025,processing,66.03
4368,7326,27/05/2024,cancelled,462.48
19750,7088,17/02/2025,processing,136.82
18236,2847,26/06/2025,completed,13.34
10913,1182,28/05/2025,shipped,57.51
6520,6811,2/11/2024,processing,551.46
18861,5629,12/07/2024,returned,376.31
5443,1367,14/09/2024,completed,248.31
3952,3365,26/02/2024,returned,1620.72
18535,7464,5/08/2024,processing,434.67
6955,242,2/08/2024,shipped,942.25
9947,1543,5/09/2025,returned,878.41
1913,3948,3/03/2024,processing,228.38
13908,2999,3/05/2025,processing,208.49
876,1321,12/04/2025,cancelled,537.66
8838,3972,6/12/2024,shipped,474.65
13976,7516,21/08/2024,shipped,150.71
7154,5526,26/02/2025,returned,342.98
4290,6439,15/03/2025,shipped,502.1
6307,4186,15/08/2024,processing,169.96
18537,6899,5/05/2025,processing,147.06
6284,2656,29/01/2024,shipped,250.07
18070,325,4/01/2025,returned,896.97
19122,3964,28/03/2024,returned,568.31
3338,7130,20/08/2025,shipped,305.42
8886,5539,17/06/2025,cancelled,46.89
17394,8168,19/05/2024,returned,1206.27
11399,9621,21/06/2024,shipped,218.95
15728,2871,17/06/2025,shipped,685.59
14579,4842,25/01/2025,completed,3287.02
8544,9030,19/10/2024,completed,183.12
7250,6116,6/10/2025,shipped,63.35
2932,5770,22/06/2024,shipped,47.03
728,892,26/07/2024,shipped,63.44
5642,2730,28/05/2024,processing,194.11
936,2708,26/10/2024,completed,385.6
16643,3544,11/01/2024,shipped,131.4
13421,3546,7/02/2024,completed,270.85
15408,9844,5/09/2025,completed,145.13
10309,321,28/12/2024,completed,184.96
11707,8309,31/08/2024,returned,214.62
4573,9545,5/05/2025,completed,1442.77
15154,4961,9/11/2024,returned,99.47
3360,5240,9/03/2024,returned,4103.49
6193,4242,25/06/2024,returned,125.92
17258,9356,14/09/2024,completed,1770.03
18623,8202,16/12/2024,cancelled,1715.64
13027,5032,1/07/2025,processing,316.62
9101,9995,11/04/2024,returned,88.32
7455,3048,4/04/2024,processing,19.55
10382,4753,15/02/2025,returned,359
4744,732,10/01/2024,returned,738.91
14229,3734,25/07/2025,returned,903.38
543,4650,24/04/2024,cancelled,570.67
3835,2633,23/06/2025,cancelled,478.25
7931,3637,20/05/2024,processing,509.81
144,6302,20/01/2024,shipped,71.52
5424,6904,29/11/2024,returned,407.71
671,1455,17/02/2025,completed,77.84
11018,6060,6/04/2024,processing,78.16
12802,5490,30/06/2025,returned,45.55
17548,9137,9/04/2024,cancelled,203.42
15643,8253,27/01/2024,completed,1129.69
11097,4287,11/06/2024,cancelled,59.04
17931,4161,23/07/2025,returned,179.25
3221,8477,29/07/2024,processing,195.22
16540,2495,23/05/2025,shipped,730.67
18607,5694,3/08/2025,completed,115.81
4443,4900,10/05/2024,processing,1880.78
13816,9022,2/06/2025,completed,43.39
18544,2688,31/08/2024,processing,377.75
14179,9525,16/06/2024,cancelled,841.47
2851,8599,20/01/2024,shipped,657.93
19292,2362,27/07/2024,cancelled,185.58
7662,8269,23/02/2025,shipped,1299.13
16073,6330,9/09/2024,returned,247.42
8347,8827,2/05/2025,cancelled,40
5379,9189,6/02/2025,completed,299.88
13036,793,14/03/2024,completed,1193.97
16782,3409,30/01/2025,completed,1004.03
5596,6923,14/07/2025,cancelled,84.78
6784,4674,22/03/2025,processing,135.02
19413,288,4/05/2024,cancelled,195.41
19049,5278,8/08/2025,cancelled,960.74
8006,3827,13/04/2025,processing,480.8
16184,6672,28/03/2024,cancelled,38.38
17964,5326,28/08/2025,cancelled,123.01
1291,5551,1/10/2025,completed,234.34
6595,7481,3/07/2024,processing,9.98
6199,1452,10/05/2025,shipped,60.83
13687,9657,28/03/2025,processing,1300.08
17187,5061,12/09/2025,cancelled,498.72
5301,6780,13/11/2024,shipped,18.98
12409,9006,6/02/2025,processing,32.46
4921,8878,25/08/2025,processing,443.44
2426,6151,29/06/2025,returned,27.84
10745,203,17/03/2024,returned,29.24
6585,1479,9/01/2024,processing,96.96
6656,7116,27/09/2025,processing,247.47
563,1868,9/09/2024,processing,562.78
15615,6581,26/06/2024,shipped,215.65
4353,7298,13/06/2025,returned,678.86
13978,9905,12/02/2024,processing,715.74
16946,7485,12/07/2025,shipped,122.69
6496,2767,5/05/2025,returned,233.94
16956,8640,5/07/2025,processing,121.38
12448,6657,3/02/2025,shipped,1609.06
15036,9670,19/10/2025,completed,1356.44
2936,4043,28/06/2024,cancelled,106.52
1770,2261,28/03/2025,processing,237.02
3958,6720,5/10/2024,processing,79.61
943,374,26/05/2025,completed,3023.06
1885,9270,18/07/2024,cancelled,427.91
6948,2707,7/08/2024,cancelled,14.59
13263,4477,19/03/2024,shipped,32.43
3660,559,4/02/2025,processing,493.96
13849,9453,16/11/2024,processing,28.49
6382,5146,30/08/2024,processing,1155.4
7238,4134,4/11/2025,returned,257.31
4992,8577,20/07/2024,shipped,122.67
12037,3008,28/07/2025,completed,9.1
14150,7566,17/06/2024,completed,1911.62
4771,7373,25/10/2024,returned,98.79
7828,1123,24/05/2025,returned,7.37
15526,273,10/05/2025,returned,1231.79
9458,9958,19/07/2025,cancelled,263.03
7942,3454,4/03/2025,shipped,154.03
280,3514,28/09/2025,returned,21.18
7637,8959,4/09/2024,cancelled,269.01
13659,7201,5/01/2024,completed,68.33
14569,6936,22/05/2024,cancelled,25.96
17782,7689,15/08/2025,shipped,472.83
16998,2756,16/03/2024,shipped,246.9
3233,9103,29/09/2024,cancelled,936.6
16077,6321,18/02/2025,shipped,2134.36
1405,2305,29/01/2025,returned,205.36
15017,2782,15/04/2024,shipped,231.84
3298,7688,1/11/2025,completed,255.8
11803,9117,28/10/2025,completed,1246.26
19067,3497,1/04/2024,completed,30.81
8814,7841,10/08/2025,returned,896.38
5321,8366,16/11/2024,cancelled,83.49
14566,740,16/02/2024,shipped,254.58
1028,6564,13/11/2025,shipped,464.86
19364,3255,9/10/2024,completed,131.85
11077,9162,20/08/2025,processing,320.95
4164,394,22/02/2025,completed,1100.02
19533,7697,19/07/2024,returned,18.84
5040,7564,13/02/2025,returned,99.26
6142,3998,6/10/2024,returned,92.23
3602,6557,15/10/2025,returned,189.49
4968,4015,24/06/2025,processing,338.86
18363,2768,15/02/2024,processing,2956.78
4429,7717,15/05/2024,completed,186.51
18127,5760,19/10/2024,processing,1389.28
5515,5448,2/06/2025,completed,64.3
1190,2417,24/08/2025,processing,383.78
9958,2002,26/03/2025,completed,598.9
31,7162,19/11/2024,cancelled,4942.06
7563,3378,5/11/2025,cancelled,769.12
10845,9524,27/04/2024,completed,160.85
9291,6788,16/02/2024,cancelled,39.12
16587,8829,14/01/2024,completed,409.61
358,5569,24/10/2024,shipped,702.9
8937,206,24/06/2024,completed,1345.13
16159,1125,18/11/2024,cancelled,4052.34
19173,6511,15/01/2025,cancelled,160.79
16559,4760,31/05/2024,shipped,291.89
6744,7533,16/04/2024,processing,847.34
19131,6807,10/07/2024,cancelled,52.95
10459,1998,21/09/2024,shipped,148.27
12683,9803,23/07/2025,cancelled,761.87
9044,4263,28/07/2025,completed,346.84
2363,8848,17/11/2024,returned,225.23
18182,3290,24/05/2024,cancelled,248.04
18094,5916,27/08/2024,returned,610.71
12269,854,5/02/2024,processing,1025.31
8418,8067,30/04/2024,cancelled,538.48
17251,9668,4/10/2025,shipped,874.35
14490,8744,22/09/2025,cancelled,215.56
11257,6843,29/11/2024,completed,117.71
1347,111,28/06/2024,processing,1181.64
17581,4219,8/02/2025,returned,51.98
4268,7153,30/01/2024,cancelled,1528.5
1042,7786,21/04/2024,cancelled,742.29
2442,4705,6/03/2024,returned,656.95
871,7754,26/10/2025,processing,175.08
6135,8195,14/09/2024,cancelled,958.8
13661,8521,6/12/2024,returned,108.39
2190,3279,17/03/2024,cancelled,98.34
9034,6904,31/01/2025,processing,20.93
4363,5577,11/08/2024,processing,112.28
18047,5038,28/02/2024,processing,363.71
5486,4047,28/02/2024,completed,1805.06
13015,220,30/11/2024,processing,815.49
15993,6257,29/05/2024,processing,1024.08
5559,1226,12/02/2024,shipped,148.45
39,5127,9/11/2024,shipped,2803.64
4411,7747,9/06/2024,shipped,44.14
4217,8066,13/06/2025,shipped,235.08
15673,23,9/02/2024,completed,2869.96
18026,8048,23/08/2025,completed,918.24
2015,6382,22/05/2025,returned,2617.21
13824,8801,25/05/2024,returned,188.31
17874,5671,19/06/2024,completed,236.83
13206,1417,28/01/2024,returned,65.3
19074,1299,25/07/2024,completed,862.24
4271,768,2/02/2024,cancelled,184.48
11299,2738,4/01/2025,cancelled,131.21
3015,8529,11/03/2025,cancelled,423.16
18640,3321,21/07/2025,cancelled,63.34
10866,7735,14/05/2024,returned,31.28
15745,9661,1/11/2024,shipped,428.06
15233,3868,6/05/2024,returned,19.4
19046,7723,2/05/2025,completed,336.39
3446,7884,27/05/2025,returned,166.22
3437,2063,16/11/2024,processing,599.6
15389,7503,6/12/2024,returned,1126.46
14780,5305,8/05/2025,cancelled,3.45
380,6382,9/10/2024,completed,2688.09
13167,9803,4/03/2025,shipped,90.33
16317,3273,27/03/2025,completed,1259.06
12169,2718,20/01/2025,processing,573.92
13566,9951,6/05/2024,completed,697.76
18294,4945,17/09/2025,completed,369.33
14067,1091,2/02/2025,returned,599.09
15944,5341,29/12/2024,shipped,104.57
16785,5335,4/04/2025,shipped,291.22
12226,7182,28/04/2025,shipped,197.6
14531,4707,26/10/2024,completed,564.72
4413,638,6/09/2025,cancelled,785.92
18979,5651,4/05/2025,cancelled,201.91
6242,3903,2/03/2024,completed,179.7
6965,9921,27/04/2024,processing,2040.33
14774,8652,28/11/2024,completed,412.61
2651,4973,13/05/2024,returned,2538.38
7076,5945,20/04/2024,cancelled,615.51
17645,671,19/08/2025,processing,992.21
5762,2429,25/12/2024,shipped,94.61
3483,8877,9/08/2024,completed,270.77
11650,1666,6/05/2024,completed,65.92
7794,7307,24/09/2025,returned,466.1
4658,670,1/04/2024,cancelled,775.52
18043,9576,10/02/2025,shipped,65.26
12319,839,13/09/2025,returned,1224.53
5345,1016,1/02/2025,processing,356.85
11224,2970,28/08/2025,cancelled,100.03
19803,8883,2/01/2025,processing,28.12
13068,7567,23/04/2024,shipped,419.31
18841,7300,17/02/2024,completed,531.68
12296,664,14/07/2025,cancelled,746.45
6136,998,3/05/2025,returned,453.53
13412,4736,13/10/2024,completed,232.34
11194,2951,17/06/2024,cancelled,180.69
15510,5931,21/04/2024,shipped,229.67
7039,6690,28/02/2025,cancelled,699.91
11291,1591,19/05/2025,cancelled,1025.31
12775,8347,13/03/2025,processing,312.58
19724,5966,26/01/2025,shipped,63.75
10549,6208,24/11/2024,completed,98.56
8039,3262,23/05/2024,processing,231.26
17245,7254,2/09/2025,processing,1463.85
12103,8194,28/11/2024,cancelled,285.4
16687,9368,10/01/2024,cancelled,74.61
13844,6839,1/04/2025,processing,150.36
19063,6949,4/03/2024,shipped,132.7
13797,5125,20/06/2024,processing,45.66
4156,8964,19/03/2025,cancelled,285.31
341,9830,2/05/2024,shipped,1539.96
16039,8449,10/03/2024,returned,464.68
13156,830,15/06/2025,shipped,113.67
14228,6514,19/05/2024,returned,321.58
3005,5504,29/01/2025,processing,243.33
3410,1997,22/03/2024,returned,621.77
10824,4895,12/12/2024,returned,463.15
18738,1695,26/08/2025,returned,159.77
5917,3125,24/06/2025,cancelled,157.89
4878,3598,26/01/2024,returned,3464.19
18578,3260,17/04/2024,returned,2192.46
13544,7614,9/12/2024,processing,124.34
11820,3713,20/10/2025,shipped,154.92
6586,2898,4/09/2025,completed,26.24
14317,3780,17/04/2024,shipped,2553.12
2319,3289,18/04/2025,processing,76.34
679,8919,27/08/2024,cancelled,377.71
14734,8699,2/11/2025,cancelled,36
10526,6410,12/12/2024,processing,142.38
16832,9182,1/11/2024,shipped,157.71
2089,6077,22/01/2024,completed,496.2
19831,2959,21/11/2024,cancelled,2677.06
1003,6209,16/07/2025,shipped,521.59
9220,5735,8/11/2024,completed,520.03
14288,2535,1/02/2025,cancelled,978.24
13275,5631,1/05/2024,completed,877.15
14841,1982,21/05/2024,completed,1473.2
8116,5020,25/03/2025,cancelled,2727.16
17434,6039,17/02/2025,cancelled,113.44
1594,5900,13/09/2024,shipped,999.48
3838,5270,5/08/2025,shipped,87.77
13361,3398,3/03/2024,processing,58.2
27,6102,31/10/2025,returned,495.94
15412,9606,3/03/2024,shipped,111.61
1740,8091,4/08/2024,shipped,123.72
7343,8588,14/10/2025,shipped,316.47
5166,6710,24/07/2025,shipped,44.38
16935,3850,24/10/2024,cancelled,502.82
5128,9205,12/09/2024,shipped,40
8294,6178,29/09/2024,completed,488.59
13660,4076,2/06/2024,returned,1153.94
2368,5481,24/08/2025,returned,1145.84
18302,9183,5/12/2024,cancelled,111.4
2059,6081,10/11/2024,processing,98.15
15041,7743,26/08/2025,processing,299.37
5089,6313,30/01/2025,shipped,65.38
18519,3359,19/02/2025,shipped,320.41
10212,2530,26/09/2024,returned,1028.88
16553,4254,8/05/2025,returned,953.03
6801,1576,8/07/2024,cancelled,176.26
10991,4839,11/10/2024,returned,1056.58
8343,5244,7/04/2025,shipped,229.8
19593,8003,16/05/2025,returned,100.62
4790,465,13/11/2024,processing,329.76
15419,9266,5/11/2025,shipped,121.89
421,4228,9/06/2025,completed,149.76
11975,319,18/07/2025,cancelled,5180.76
519,6930,23/08/2024,shipped,375.71
7466,9305,10/01/2024,returned,454.56
11023,2270,1/03/2025,processing,116.78
289,9034,15/02/2024,returned,3917.14
1481,4157,28/11/2024,cancelled,18.64
900,6646,15/05/2025,completed,412.81
1760,1788,18/08/2024,returned,663.11
8969,2991,27/07/2025,shipped,370.69
4440,1454,5/11/2024,completed,1208.41
10793,1116,22/10/2024,cancelled,1432.15
15176,4657,18/03/2025,shipped,60.33
18688,8385,11/02/2025,processing,828.09
4018,7086,3/09/2024,cancelled,848.69
5351,9317,24/04/2025,processing,203.14
12595,6018,23/06/2024,processing,318.86
3369,7369,16/11/2024,completed,9.97
12876,1150,26/11/2024,processing,85.64
45,3734,31/03/2024,shipped,124.94
6472,25,29/09/2024,cancelled,192.22
6349,5124,4/03/2025,shipped,298.5
15021,2252,30/05/2025,returned,32.07
17670,6760,4/08/2025,shipped,596.56
2395,6210,4/07/2025,shipped,399.56
16744,1124,6/06/2024,returned,769.71
14611,7817,15/09/2024,shipped,504.15
11061,7756,25/08/2024,shipped,237.68
1360,5841,7/08/2024,completed,1422.23
2114,9587,16/11/2024,completed,673.43
16693,456,21/02/2024,processing,279.71
13144,5107,26/05/2024,returned,1707.82
14720,7339,4/09/2025,cancelled,1550.62
18254,8764,3/04/2025,processing,794.25
19668,6037,28/01/2025,completed,218.7
11027,6525,4/07/2025,returned,44.59
10233,9136,17/06/2025,cancelled,15.33
12467,8364,18/10/2024,processing,119.82
14933,4335,11/01/2024,shipped,1752.91
7628,9253,24/01/2024,completed,1226.13
7230,4734,8/01/2024,processing,1514.12
19542,7705,14/08/2024,completed,182.11
8558,7520,19/04/2024,processing,364.1
540,8802,31/01/2024,completed,391.67
15905,4915,20/06/2024,completed,376.98
16424,3140,18/08/2025,completed,115.63
8926,8351,24/12/2024,completed,401.29
15009,1734,22/07/2024,shipped,296.13
2204,5045,24/04/2024,cancelled,886.31
11568,9113,20/07/2024,cancelled,477.85
8345,7604,26/07/2025,completed,261.22
18602,4946,11/10/2025,processing,247.47
252,3348,25/08/2024,processing,1073.36
12547,8418,7/07/2025,shipped,688.21
7509,8065,17/04/2024,returned,396.35
9575,7350,9/09/2024,returned,1539.4
2619,1686,25/10/2024,cancelled,58.68
4708,1753,24/03/2025,cancelled,988.9
3539,4436,18/06/2024,processing,410.68
19007,4756,29/07/2025,shipped,76.4
19707,1264,19/01/2025,completed,147.11
14665,9739,8/04/2024,completed,2247.18
19582,8827,13/08/2024,returned,297.74
19609,7688,19/01/2024,returned,2871.33
6734,5373,8/12/2024,returned,1008.78
14283,1113,21/10/2024,completed,125.18
18242,4778,23/06/2024,completed,193.46
18189,7308,14/01/2025,returned,956.91
4688,9016,5/08/2024,cancelled,53.88
4386,5727,16/01/2024,cancelled,38.14
17311,7246,14/10/2024,processing,377.1
9290,1184,4/09/2024,shipped,23.32
8923,3264,10/09/2025,completed,138.24
8803,4390,11/03/2024,returned,2926.52
14669,5616,27/01/2024,returned,768.08
18800,5899,22/07/2025,returned,80.87
693,4761,17/09/2024,cancelled,1211.15
11376,3531,4/05/2024,processing,3109.92
13709,1285,7/03/2025,processing,10.71
18421,82,25/03/2024,processing,451.61
18994,7301,18/08/2024,processing,460.7
10619,9799,28/06/2024,completed,63.5
664,7638,16/11/2024,returned,434.97
6971,5660,22/08/2024,cancelled,43.35
13696,3832,18/11/2024,processing,1011.71
3199,1757,19/02/2025,completed,760.68
17147,1054,12/06/2024,completed,179.59
16140,3825,13/12/2024,returned,1748.4
4709,1513,30/05/2025,cancelled,72.49
12201,8072,22/12/2024,shipped,285.71
3964,6812,22/01/2025,completed,278.12
6168,5440,30/06/2025,shipped,340.71
13678,8939,19/10/2025,shipped,464.09
14845,7426,18/05/2025,shipped,87.1
10963,1292,4/02/2024,cancelled,377.14
18052,9594,5/12/2024,returned,34.28
11249,91,12/05/2024,shipped,457.74
5560,3934,15/04/2024,processing,424.4
5548,4618,14/01/2025,returned,664.78
19268,8687,4/10/2025,returned,168.74
4444,2828,5/09/2024,processing,402.41
15018,6250,2/02/2025,returned,10.49
3379,2798,20/05/2025,processing,421.83
15906,2400,28/11/2024,processing,653.67
1386,2698,22/05/2024,completed,208.75
15749,8701,1/04/2024,cancelled,154.58
3770,8168,9/03/2024,completed,178.77
105,8882,14/08/2024,shipped,164.91
8035,9182,18/04/2025,processing,376.35
14486,1340,21/01/2024,shipped,498.56
14533,3247,10/06/2024,completed,604.52
4160,2411,26/09/2024,returned,1644.39
3909,1918,13/11/2025,cancelled,235.3
12808,3116,18/02/2024,returned,398.53
15463,6206,21/09/2024,cancelled,367.18
19793,4783,12/01/2024,processing,39.6
11359,4155,26/07/2024,shipped,670.92
14962,2739,20/04/2024,returned,220.66
18854,9137,1/04/2024,returned,743.71
1178,8745,15/06/2025,returned,112.49
2505,7741,1/11/2024,cancelled,786.85
2441,4668,30/04/2025,completed,427.14
6926,2336,5/09/2024,completed,5.66
5445,175,8/08/2024,returned,2055.26
2553,3067,6/11/2025,cancelled,172.92
3814,318,24/09/2025,shipped,2399.72
16575,2660,28/09/2025,completed,7.56
15335,5518,27/06/2024,completed,307.54
16940,349,7/06/2025,completed,108.75
3427,8279,24/08/2024,returned,213
10533,4013,4/05/2024,processing,1346.32
16453,1352,12/05/2024,cancelled,348.64
41,891,12/02/2024,processing,67.1
16430,4020,11/12/2024,completed,22.36
7475,8104,16/11/2024,completed,771.19
9901,2420,9/09/2024,processing,1197.44
1120,8305,20/04/2024,returned,108.57
18880,4806,12/04/2025,cancelled,82.4
8279,661,10/04/2025,returned,1186.09
14778,5699,8/08/2024,cancelled,276.72
7888,9293,29/04/2025,returned,174.76
16199,3194,17/07/2025,processing,1097.96
7406,7537,14/03/2025,shipped,753.47
10561,136,28/04/2024,processing,3310.83
1572,1968,25/03/2025,shipped,439.71
2440,621,23/06/2024,shipped,312.27
14064,5164,26/08/2024,cancelled,2398.76
15421,7439,13/08/2025,cancelled,199.78
2050,6450,6/01/2024,completed,2208.36
9904,387,25/05/2025,shipped,1124.55
10166,881,6/03/2024,shipped,47.14
5938,4692,3/12/2024,returned,17.6
19733,3234,24/06/2025,completed,50.01
13277,871,25/06/2025,completed,1379.87
10790,5556,16/02/2024,returned,209.89
8408,209,15/01/2024,cancelled,615
3973,13,9/08/2024,processing,193.29
19265,8337,6/04/2024,shipped,321.48
14946,7305,13/05/2024,completed,142.65
11419,6511,10/02/2025,processing,189.9
14797,5383,14/12/2024,processing,376.06
6277,2610,17/02/2025,cancelled,546.48
7149,1346,17/07/2024,shipped,538.42
3551,6374,25/09/2025,completed,242.52
4181,8058,10/05/2025,shipped,837.86
11161,9555,6/08/2024,shipped,522.84
8508,3982,10/10/2024,completed,1257.52
765,2884,9/11/2024,cancelled,232.61
12601,8154,11/09/2024,completed,124.31
17808,4638,7/03/2024,cancelled,1012.8
4489,1071,5/05/2025,returned,84.79
17714,4724,18/06/2025,cancelled,378.07
2496,9246,1/08/2024,returned,2893.64
10130,6848,19/05/2024,processing,123.78
12709,6062,6/03/2025,shipped,367.54
6609,1200,16/01/2024,completed,778.08
2185,971,12/05/2024,completed,104.44
8334,4210,10/08/2024,completed,143.18
5698,3265,6/11/2024,cancelled,10.49
3213,8886,1/02/2025,cancelled,155.34
4460,8249,9/09/2025,cancelled,176.75
12227,6610,21/07/2025,shipped,2339.08
14742,623,25/09/2024,completed,220.14
19955,7501,11/02/2025,processing,62.4
15015,119,27/05/2024,returned,1449.13
1151,3747,8/04/2024,cancelled,505.58
14703,7583,3/02/2025,cancelled,7.85
422,5524,22/01/2025,completed,279.09
4976,8178,16/01/2025,completed,976.45
5227,5234,10/07/2024,cancelled,767.1
16689,9002,18/05/2025,cancelled,399.8
10434,5914,23/10/2025,completed,134.22
14739,7414,27/03/2025,completed,519.49
9844,4041,16/12/2024,returned,19.06
18782,4495,10/05/2024,returned,59.46
5307,836,20/06/2024,cancelled,233.18
12559,8395,2/07/2024,cancelled,1416.99
8724,8624,13/03/2025,shipped,82.4
15776,6873,4/07/2025,returned,102.54
19672,659,11/04/2024,cancelled,275.47
15186,5619,30/08/2024,processing,365.77
19285,406,6/03/2024,processing,70.23
16038,1563,10/11/2025,cancelled,250.79
19869,8564,27/01/2025,returned,126.32
17551,5792,19/09/2025,completed,833.8
13804,3044,28/06/2024,completed,2923.12
9498,5376,18/01/2025,cancelled,246.95
3548,2551,9/06/2025,returned,18.37
9259,7660,11/05/2024,returned,53.71
7204,1731,24/05/2024,cancelled,115.08
13885,1958,24/11/2024,processing,527.6
4448,40,16/04/2025,cancelled,1098.99
17619,1703,15/11/2024,cancelled,1540.87
5498,4007,14/07/2024,cancelled,200.6
6957,4200,12/11/2024,cancelled,523.61
9272,8380,16/05/2025,cancelled,4221.43
18367,4743,11/11/2024,cancelled,1202.93
14014,3889,13/07/2025,processing,111.89
14798,6309,8/01/2025,processing,224.43
6848,2903,5/08/2024,shipped,624.06
15143,5304,26/01/2024,shipped,96.94
15911,7849,30/12/2024,returned,341.49
12820,5306,6/02/2024,processing,980.3
15788,2820,25/08/2024,cancelled,74.08
5791,9638,13/06/2024,completed,1043.39
19405,8253,11/03/2024,completed,2855.07
12014,3090,24/01/2025,returned,2960.66
4924,4861,1/05/2025,processing,201.33
1263,4595,4/11/2025,shipped,574.74
468,4907,28/10/2024,completed,562.76
1218,8156,22/02/2024,returned,1705.48
12336,6596,6/01/2024,shipped,3806.33
1279,8968,8/10/2025,completed,938.25
9086,4558,22/09/2025,returned,119.1
19761,2701,20/05/2024,completed,245.65
5728,5220,26/01/2024,shipped,568.66
10987,3048,22/09/2024,returned,1361
17998,9758,14/07/2024,processing,43.7
181,6833,19/06/2024,completed,38.58
12690,1923,30/01/2025,processing,189.24
2766,2890,5/04/2024,cancelled,48.77
4624,2239,8/01/2024,cancelled,669.84
18937,5825,28/02/2025,returned,634.76
11221,8011,23/10/2024,cancelled,165.89
17565,747,15/01/2024,cancelled,10.78
6985,4202,21/03/2025,processing,171.44
8392,7680,26/10/2025,shipped,1761.08
5774,707,12/08/2025,processing,40.71
1811,6216,4/03/2024,completed,204.29
476,4713,21/10/2025,returned,115.24
13176,3678,5/06/2025,cancelled,282.51
18935,2133,31/12/2024,cancelled,1131.3
9295,3319,7/07/2025,shipped,692.73
6521,8243,27/05/2025,returned,1788.99
14046,9916,15/10/2025,processing,116
3567,9543,22/09/2025,cancelled,31.87
260,3912,20/06/2024,processing,83.16
8782,3718,24/11/2024,processing,1846.1
17988,6126,2/11/2025,returned,1678.31
16270,1102,9/11/2025,cancelled,77.46
17055,7835,9/06/2025,shipped,493.22
13509,473,17/08/2024,cancelled,904.13
184,1541,19/02/2024,shipped,125.02
1004,7829,26/05/2024,shipped,148.33
4449,219,10/08/2025,completed,458.25
18237,3646,20/09/2024,processing,2816.24
3925,7199,31/10/2025,completed,293.74
12488,1187,5/05/2025,processing,1420.71
16538,2925,7/04/2025,processing,272.4
1371,2114,5/10/2024,shipped,243.28
15826,2478,1/10/2025,completed,113.57
3541,3431,28/07/2024,shipped,661.96
6270,4458,21/08/2025,returned,402.98
16230,8504,12/03/2025,returned,155.26
18426,4659,3/02/2025,shipped,763.65
6992,5913,11/02/2025,shipped,140.4
13492,1518,3/09/2024,shipped,228.8
14111,156,22/01/2025,completed,41.57
12048,7173,27/03/2025,returned,1515.25
1390,3909,20/11/2024,shipped,170.53
15913,6328,9/06/2025,cancelled,31.08
6428,8996,3/04/2025,returned,160.97
545,2910,9/06/2025,shipped,103.9
6425,8992,2/08/2025,processing,1312.84
2749,6884,10/04/2024,completed,178.18
5784,7888,4/01/2024,completed,376.36
18714,858,5/08/2025,cancelled,51.64
10597,9856,21/07/2024,processing,668.57
15504,1938,22/11/2024,cancelled,31.35
633,9796,30/06/2024,shipped,8.99
10875,4078,25/01/2024,cancelled,49.15
11234,435,3/06/2024,processing,68.12
14833,3957,16/05/2024,shipped,305.31
14664,2574,25/02/2024,cancelled,6499.76
9538,9933,14/04/2024,cancelled,1059.44
3778,4174,17/01/2024,returned,415.34
13704,535,6/06/2025,processing,139.22
11890,5505,23/04/2024,completed,58.95
17052,8036,9/08/2024,cancelled,1452.91
4802,7599,30/12/2024,completed,1086.62
122,5566,9/03/2024,processing,292.52
4193,3295,22/10/2025,completed,686.89
19619,880,17/01/2025,cancelled,1662.21
11422,1637,22/06/2024,completed,2289.11
7347,9253,6/11/2025,cancelled,252.21
19401,9653,21/06/2024,shipped,110.1
1722,1429,29/09/2025,cancelled,365.96
1290,8598,9/08/2025,shipped,701.36
7864,691,6/10/2024,shipped,38.06
11460,8287,15/08/2025,cancelled,34
14296,9840,26/07/2025,completed,938.68
11304,3414,27/07/2024,completed,541.36
2468,4695,10/06/2024,cancelled,645.04
10719,7085,24/05/2024,processing,50.01
6565,3523,13/10/2024,shipped,32.11
10579,153,17/10/2025,shipped,767.41
9561,6328,13/09/2024,returned,9.98
12604,4861,3/12/2024,cancelled,157.07
13423,1776,9/04/2024,processing,732.96
8180,268,17/03/2025,returned,166.78
13525,9686,16/02/2024,returned,1474.17
17600,4338,9/12/2024,cancelled,472.13
7465,37,8/06/2025,completed,405.87
11639,196,22/02/2025,shipped,338
15617,2828,6/09/2025,shipped,649.28
8976,5499,3/11/2025,cancelled,65.24
10662,5173,11/11/2025,cancelled,130.87
2994,1775,10/06/2024,returned,469.42
4030,3042,25/09/2024,processing,1147.98
5147,3730,2/09/2024,returned,421.63
2062,9698,8/12/2024,shipped,153.4
1933,3549,3/08/2025,processing,13.13
6818,831,19/08/2024,processing,734.45
14594,8784,7/10/2024,returned,118.62
18515,9351,11/01/2024,returned,374.75
2320,9257,15/09/2025,cancelled,134.95
15471,1138,25/04/2024,returned,1388.64
11910,623,3/11/2024,completed,669.63
14619,2160,17/11/2024,completed,187.75
19093,8343,17/05/2024,returned,81.32
19778,2015,3/01/2024,completed,294.94
11306,6587,10/02/2024,returned,14.81
2004,5171,6/01/2024,processing,145.28
6455,8360,2/10/2024,returned,345.24
19281,446,25/07/2024,returned,711.78
12812,5730,16/05/2025,shipped,580.29
7274,3066,9/01/2024,completed,222.69
11265,1276,13/04/2025,cancelled,19.08
7535,2619,25/11/2024,shipped,33.86
9263,5518,19/07/2025,returned,594.74
19790,9156,1/10/2024,processing,1340
3230,773,4/08/2025,returned,60.78
17946,6689,1/08/2024,processing,393.48
8735,3319,9/06/2024,returned,148.83
3591,7899,10/06/2025,shipped,690.06
10213,4298,4/05/2024,returned,51.14
1781,3821,27/01/2025,shipped,4377.85
7471,6047,23/06/2025,shipped,1193.05
10092,7079,27/08/2024,shipped,495.19
15099,3221,27/09/2025,completed,185.46
18932,3911,8/11/2024,completed,706.32
8102,7528,15/12/2024,completed,17.5
14900,9347,2/01/2024,completed,1167.22
5372,2471,7/04/2025,shipped,439.38
10717,522,23/04/2025,completed,143.16
15544,7443,2/01/2025,completed,32.16
15959,5715,29/09/2025,completed,721.06
597,500,16/01/2024,cancelled,449.68
7061,3631,16/11/2024,processing,202.98
12281,9424,29/08/2025,processing,189.79
13621,5063,4/08/2025,returned,775.52
9827,3066,6/03/2024,shipped,278.74
7546,1145,28/04/2025,completed,108.5
16867,2632,8/02/2024,completed,816.74
15883,4370,18/06/2024,returned,287.21
12174,1059,19/03/2025,processing,90.57
14212,3269,21/06/2025,completed,1477.91
8341,4752,2/10/2024,returned,713.04
12049,3079,7/05/2025,completed,1410.73
11093,2803,8/06/2024,cancelled,307.36
12217,1311,18/09/2025,completed,410.63
6887,3756,8/03/2025,cancelled,1462.21
9384,1562,12/07/2024,cancelled,554.52
13718,6704,24/10/2025,processing,787.11
10444,7250,26/02/2025,shipped,228.64
154,7064,6/07/2025,returned,26.49
1098,7014,27/02/2025,returned,270.6
4819,2693,19/05/2024,returned,5502.76
14205,8117,10/07/2025,processing,421.3
4510,1018,14/02/2025,completed,335.61
8828,5599,1/09/2025,shipped,441.37
14088,7137,22/10/2024,shipped,456.54
19958,1303,28/02/2025,shipped,642.84
15902,6716,22/07/2025,returned,83.76
6964,4520,13/06/2025,completed,753.31
10668,8174,22/06/2025,cancelled,837.99
3457,6598,29/12/2024,processing,1010.15
4726,155,3/08/2024,shipped,4047.79
16008,8968,20/02/2024,cancelled,515.91
17143,5627,22/04/2025,completed,11.57
17966,2245,5/01/2025,cancelled,40.54
9298,6328,10/02/2024,returned,2943.73
19316,7881,5/11/2025,cancelled,3107.28
9159,7832,12/05/2025,returned,124.91
10475,6596,17/01/2025,returned,1193.12
3566,8202,25/10/2024,returned,251.34
5599,7860,13/05/2025,cancelled,48.94
15668,8083,9/09/2024,returned,342.65
8052,9892,17/08/2024,processing,86.67
14614,3755,2/01/2024,returned,784.69
9485,7536,18/07/2024,cancelled,146.49
7981,2882,1/03/2025,completed,29.87
3016,9630,29/12/2024,returned,275.58
11984,2211,30/06/2024,cancelled,173.67
6055,9834,7/06/2024,cancelled,52.87
13848,3830,4/02/2025,shipped,180.74
10294,820,19/01/2025,completed,64.45
12663,8848,16/04/2024,cancelled,253.68
6024,8774,9/05/2025,returned,174.59
12318,6864,16/10/2025,returned,3765.65
8808,7978,10/04/2025,cancelled,102.94
10732,1022,10/04/2024,completed,324.65
2342,3640,14/04/2025,processing,1700.1
11318,9854,2/12/2024,processing,366.14
11964,1785,20/06/2024,completed,632.93
7921,4586,29/10/2024,returned,569.65
13624,2949,8/10/2024,shipped,170.19
16763,8235,24/03/2025,processing,652.71
1095,6124,11/10/2025,completed,97.82
15500,4072,2/01/2025,cancelled,152.24
15517,8894,20/07/2025,cancelled,414.06
19172,1694,9/07/2024,processing,388.08
12986,3768,11/03/2024,shipped,1352.36
6019,6345,12/10/2025,processing,173.21
5479,7268,1/04/2025,cancelled,111.99
17322,1523,5/11/2025,shipped,1274.92
16649,3867,5/09/2024,shipped,153.71
397,1195,2/12/2024,processing,893.72
3845,2797,3/01/2025,returned,433.15
12737,2904,5/08/2025,returned,2033.35
18380,6744,9/12/2024,processing,330.93
4776,4255,26/06/2024,returned,1704.24
11091,2021,2/11/2024,returned,70.05
16339,9972,27/01/2025,completed,671.22
6278,2345,10/10/2025,shipped,861.2
10348,6659,17/12/2024,completed,169.4
16824,9604,8/05/2024,completed,232.03
16383,8478,19/07/2024,completed,3.42
731,4978,9/07/2025,cancelled,3394.24
12529,4564,19/07/2024,cancelled,279.05
18079,5988,6/02/2025,processing,367.26
4751,3663,20/12/2024,processing,3069.83
15683,1472,10/06/2025,cancelled,651.6
17266,5080,1/09/2025,completed,1611.65
18772,1419,10/05/2025,shipped,309.12
566,36,31/08/2025,cancelled,2117.96
8512,1331,2/08/2024,processing,495.41
14102,8880,21/11/2024,returned,727.64
1345,4534,6/01/2024,processing,482.6
13256,5106,16/10/2024,processing,233.2
19096,456,16/06/2024,shipped,368.1
18917,2321,14/05/2024,cancelled,1141.69
5060,5294,16/07/2025,processing,581.64
16058,937,11/09/2024,returned,628.86
1687,7785,19/03/2024,returned,115.95
4155,7299,3/02/2024,processing,181.64
11151,4019,5/02/2025,cancelled,795.7
1392,4762,10/09/2025,processing,404.77
2399,677,14/01/2024,returned,36.52
5736,4520,16/06/2024,returned,263.5
15837,3864,24/09/2025,completed,77.46
3415,61,13/09/2025,cancelled,378.6
2903,4749,1/04/2025,shipped,106.81
17610,9232,9/01/2024,completed,322.17
6883,7689,11/04/2024,cancelled,233.97
19315,3342,7/12/2024,cancelled,105.34
3370,5061,16/08/2025,cancelled,194.62
573,5558,20/01/2024,processing,646.8
3072,1201,15/08/2025,returned,1524.92
2495,9662,21/07/2025,cancelled,258.34
19701,9687,21/07/2025,shipped,156.2
8859,1103,23/03/2024,returned,532.92
7438,4215,17/04/2025,shipped,64.16
1852,2485,29/04/2025,processing,768.83
2402,5950,27/11/2024,processing,183.35
5606,2961,23/01/2024,processing,135.93
11366,7328,10/12/2024,processing,87.46
14932,7972,3/04/2025,shipped,111.42
14989,8909,5/01/2024,returned,208.9
8232,4989,2/10/2025,completed,268.47
5180,8151,26/03/2024,processing,864.19
19781,1698,15/12/2024,completed,376.31
1891,6684,11/06/2025,returned,475.65
13836,746,25/08/2024,shipped,652.23
10293,5703,9/08/2024,processing,157.79
8977,2773,26/08/2025,completed,1337.73
3707,594,10/01/2025,processing,324.31
15822,5902,27/07/2024,returned,100.81
17174,59,22/07/2025,cancelled,366.28
18697,1760,6/05/2025,returned,801.57
9532,3558,5/11/2025,completed,28.05
15886,3122,26/05/2025,completed,119.18
7661,1877,21/05/2025,cancelled,979.08
11245,6032,16/10/2024,completed,377.1
9583,9049,13/01/2025,processing,569.02
72,7276,13/03/2024,shipped,586.48
307,83,2/06/2025,shipped,2204.17
4632,503,24/01/2024,completed,80.66
9936,1713,19/07/2024,shipped,294.34
9098,685,18/12/2024,completed,1771.9
17345,4073,16/11/2024,processing,772.35
17982,9479,2/07/2024,processing,364.66
878,9823,15/03/2024,returned,59.13
11501,152,15/07/2025,returned,4.87
14061,7324,19/10/2025,cancelled,1130.25
15367,6872,8/03/2025,shipped,62.76
1315,6635,3/11/2024,cancelled,969.7
3322,5473,15/06/2025,processing,799.96
10606,1702,21/04/2024,processing,242.04
11804,1153,22/02/2024,completed,794.73
1018,9042,1/01/2025,returned,416.24
19334,6602,1/06/2024,shipped,13.49
796,2110,7/03/2025,cancelled,2.99
9048,6429,27/08/2024,shipped,179.12
8170,6067,7/09/2025,completed,944.56
9518,349,8/03/2025,cancelled,511.43
5943,9478,20/06/2024,completed,196.99
13917,7595,5/09/2024,returned,413.64
11771,8684,3/02/2024,shipped,1873.93
19260,5708,27/03/2024,cancelled,666.28
2284,37,10/01/2024,cancelled,490.06
12322,5256,4/08/2025,processing,163.08
14615,7455,2/02/2025,cancelled,142.59
2875,5045,22/04/2025,shipped,548.83
6088,530,13/11/2024,completed,395.47
7202,6124,25/10/2025,returned,251.28
17460,6354,19/03/2025,completed,1274.75
4978,5353,7/09/2025,completed,606.7
15348,1163,6/03/2024,returned,2327.16
18671,3678,16/11/2024,shipped,19.09
12150,2559,16/05/2025,processing,304.42
8570,7872,22/04/2025,completed,38.18
3933,5198,23/10/2025,returned,1624.23
6210,7456,25/01/2025,processing,84.98
8768,7274,6/12/2024,cancelled,237.46
16718,4990,16/02/2025,completed,40.38
18104,6835,30/07/2024,processing,3152.23
9746,2903,4/06/2025,returned,426.29
5737,7482,13/12/2024,processing,1287.95
16631,328,8/04/2024,shipped,211.23
11835,9676,13/07/2025,shipped,270.69
9917,5190,6/03/2025,completed,36.2
3642,1737,10/11/2024,shipped,291.45
11919,4984,8/11/2024,cancelled,270.85
13852,2295,27/10/2024,shipped,503.56
2626,9369,26/01/2025,cancelled,897.46
14964,5265,14/07/2025,processing,737.64
16013,3081,19/10/2025,shipped,19.14
10144,2219,15/05/2024,processing,244.91
12870,6474,6/05/2025,completed,100.33
2833,3228,1/11/2024,returned,145.55
13191,4668,5/11/2024,completed,251.5
9380,4555,27/03/2025,completed,606.51
14410,4234,20/09/2025,returned,62.08
14223,4769,7/08/2024,returned,605.36
17146,6149,13/01/2025,cancelled,341.57
1748,9772,5/01/2025,processing,228.08
13320,2086,27/11/2024,shipped,215.62
9765,8276,4/11/2025,completed,76.76
11970,367,9/08/2025,completed,836.76
12459,4463,6/01/2025,shipped,470.89
3048,6074,19/11/2024,shipped,888.9
17142,3528,29/09/2024,cancelled,213.98
4811,1995,2/02/2025,returned,173.68
11021,9332,21/05/2025,shipped,156.3
3403,8159,7/10/2024,completed,1857.72
18804,3931,8/02/2025,completed,40.7
8624,8024,18/12/2024,returned,736.34
8463,2117,2/11/2024,completed,256.81
12484,1383,24/06/2025,completed,197.5
7335,5792,25/11/2024,processing,8.24
691,992,28/07/2024,cancelled,1262.1
16574,6246,7/08/2024,returned,163.87
1967,9102,1/08/2025,processing,513.32
3527,3794,21/12/2024,returned,28.66
6713,8061,15/02/2024,returned,239.89
10852,5390,13/04/2024,cancelled,118.62
11891,2090,15/08/2025,cancelled,316.57
10842,7215,9/08/2024,returned,176.71
2232,6960,23/01/2024,completed,272.95
17179,3018,13/11/2024,returned,1099.35
12553,1744,21/04/2025,completed,8.99
17656,8292,14/10/2025,processing,92.91
532,8702,24/09/2025,returned,189.37
3133,6380,30/04/2025,processing,34.17
19875,4613,17/05/2024,completed,894.74
5969,928,18/09/2024,returned,101.56
1903,2187,18/02/2024,shipped,713.17
19567,4822,6/12/2024,shipped,1141.14
504,7866,8/03/2025,shipped,241.87
6132,1592,5/02/2024,shipped,210.15
7849,7405,13/01/2025,shipped,297.95
11129,3055,9/06/2025,returned,1150.11
17898,231,18/10/2024,returned,1656.18
989,856,14/07/2025,cancelled,1457.74
9397,8240,7/04/2024,completed,78.3
17362,2013,7/09/2025,returned,54.01
9556,3749,18/12/2024,cancelled,74.94
16852,9551,26/02/2025,cancelled,91.89
3532,183,10/05/2024,processing,2088.19
5879,4572,7/09/2025,completed,52.26
7961,5161,25/01/2025,processing,88.68
12325,9048,5/06/2024,completed,3049.78
18252,1552,9/02/2025,returned,586.16
17659,8976,13/03/2025,shipped,46.59
12339,1503,29/09/2024,returned,265.37
11154,1946,8/11/2024,cancelled,22.47
17379,250,27/06/2024,processing,141.68
9738,261,10/03/2025,shipped,3030.53
18521,4978,30/06/2024,cancelled,1330.75
452,1153,3/01/2025,shipped,569.37
1046,2915,1/06/2024,shipped,2799.01
13940,2767,12/04/2024,shipped,84.97
17496,1666,15/09/2024,completed,619.09
18919,1411,13/05/2025,returned,21.15
14771,8629,10/08/2024,processing,689.54
12702,8559,12/08/2024,cancelled,71.01
17952,1762,28/05/2024,completed,188.75
19476,5341,12/11/2025,returned,48.22
10474,7554,4/10/2024,shipped,533.19
3367,5268,26/09/2024,returned,83.14
1701,9094,17/12/2024,shipped,269.17
8903,6555,10/10/2024,shipped,455.43
1426,8890,12/03/2025,cancelled,253.55
155,476,25/02/2025,completed,142.27
14083,3259,15/01/2025,processing,693.46
7583,5771,4/06/2025,processing,100.33
14947,1606,20/03/2025,processing,492.63
19362,4073,26/09/2024,processing,58.53
19856,6175,9/01/2024,processing,366.84
4793,8722,15/05/2024,shipped,728.97
11372,7599,18/07/2025,completed,56.03
4621,5157,11/11/2025,completed,74.66
3425,1567,15/04/2024,shipped,584.3
14762,9666,25/07/2025,cancelled,129.2
2434,6077,20/08/2025,cancelled,186.05
5748,3279,26/02/2024,shipped,2357.22
6629,3503,24/11/2024,shipped,387.3
18708,2870,10/05/2025,processing,1596.5
10464,6696,28/10/2025,completed,147.47
15179,1476,22/05/2025,completed,146.53
2636,8440,30/07/2024,cancelled,80.38
4690,4634,17/06/2025,returned,15.99
11606,8299,18/11/2024,cancelled,167.1
15795,1818,13/06/2024,cancelled,4086.07
6365,4249,11/08/2025,processing,74.41
19962,2222,22/09/2025,cancelled,3353.35
1545,5025,18/04/2024,completed,673.29
18076,9027,20/07/2025,returned,269.44
3055,2794,25/12/2024,returned,21.91
8121,1046,31/08/2025,cancelled,1966.68
15794,6342,21/10/2024,processing,477.08
19400,1942,4/09/2024,cancelled,755.62
6316,123,2/02/2024,completed,766.52
17083,8754,30/07/2024,returned,653.02
19666,1334,29/06/2024,cancelled,183.84
16925,1703,2/08/2025,shipped,438.18
13604,2956,12/08/2025,completed,6.6
14542,5590,13/06/2024,shipped,1045.72
4980,897,19/03/2024,processing,692.63
6668,3637,23/05/2024,shipped,220.17
8096,2848,30/05/2024,shipped,4339.96
13950,3562,27/03/2024,processing,779.19
18366,2969,19/09/2024,processing,1632.79
14886,7673,10/03/2025,shipped,102.77
15113,2249,23/08/2025,shipped,43.04
9671,1790,7/06/2025,completed,850.41
1782,5760,16/01/2025,completed,549.87
14918,94,6/04/2024,shipped,302.06
11615,4238,3/07/2024,processing,457.92
15173,2103,26/12/2024,cancelled,41.44
4437,4572,16/06/2024,shipped,58.95
9564,3620,19/07/2025,returned,2434.47
9806,3269,24/05/2025,returned,131.6
10410,2481,18/01/2025,returned,573.13
4865,3661,14/02/2025,completed,438.93
13367,5123,11/05/2025,completed,52.14
15729,4117,2/06/2024,processing,19.24
15216,1080,30/03/2025,shipped,186.9
6517,3166,3/04/2024,shipped,41.15
24,3345,20/06/2025,completed,803.47
19175,6644,29/10/2025,cancelled,539.96
9724,875,14/09/2024,completed,94.35
16886,2540,7/04/2025,cancelled,37.02
3759,725,12/06/2024,completed,513.63
13092,5859,29/12/2024,completed,36.52
13048,1814,1/04/2025,returned,10.29
14763,4900,22/02/2024,returned,77.57
5269,9257,16/03/2024,processing,2375.28
12431,4325,5/03/2025,processing,130.56
213,8807,10/11/2024,returned,1205.79
6837,7398,16/08/2024,shipped,120.82
13937,3019,1/04/2025,completed,1265.3
16376,3275,28/03/2025,returned,181.07
16672,4737,6/01/2024,completed,161.49
32,7933,18/03/2024,returned,194.49
17149,7387,14/07/2025,shipped,217.91
19844,3181,31/03/2025,processing,340.52
19006,2795,30/10/2024,cancelled,43.35
1974,9109,23/09/2025,completed,1072.83
14740,1254,17/07/2025,completed,185.01
17183,4898,24/02/2025,completed,62.34
19417,5280,6/12/2024,completed,3868.84
25,6241,23/01/2024,shipped,521.99
13352,9479,26/09/2024,shipped,138.95
3237,8926,26/08/2025,processing,550.41
12418,3120,2/01/2025,shipped,416.17
18359,6456,1/09/2025,returned,17.6
13911,9573,22/03/2024,cancelled,664.44
7426,7271,13/04/2025,shipped,462.2
10088,1408,23/06/2024,cancelled,7.76
9132,8025,4/06/2025,processing,6.64
6204,2737,19/08/2025,shipped,23.28
8941,7414,19/11/2024,shipped,52.95
8268,8717,20/10/2024,cancelled,1220.8
2131,8598,16/04/2025,shipped,406.32
8639,2273,29/05/2024,returned,1474.87
932,7945,15/09/2025,completed,74.81
13487,8044,24/02/2024,cancelled,181.12
5134,3802,15/02/2025,returned,230.66
19773,6530,16/06/2024,processing,63.08
10495,2486,1/07/2025,completed,390.1
3223,3456,2/06/2025,completed,21.38
11912,8660,18/04/2024,completed,243.31
12764,1889,29/05/2024,cancelled,1160.35
15323,6598,7/11/2024,cancelled,61.06
17248,172,21/08/2025,returned,582.64
16767,1046,19/12/2024,processing,1652.36
1792,1309,5/01/2025,shipped,29.5
6708,6817,5/07/2024,processing,5559.33
13152,6928,25/12/2024,cancelled,23.87
5114,5493,5/11/2024,returned,582.9
19153,9168,5/02/2025,returned,330.36
11824,2385,2/10/2025,processing,73.31
6190,9938,22/08/2024,cancelled,365.24
15102,3943,11/07/2025,shipped,208.34
17603,6972,12/11/2025,cancelled,34.32
525,2838,16/02/2025,shipped,97.68
8192,2466,8/04/2024,completed,545.77
1728,3920,4/10/2025,processing,1150.99
7927,1512,11/06/2024,completed,264.67
3284,924,26/08/2025,returned,236.97
6337,1860,18/02/2025,shipped,825.34
3751,4849,20/02/2024,shipped,245.24
9723,7453,27/01/2025,completed,36.42
15187,2998,27/01/2024,returned,54.46
18851,946,2/08/2025,processing,968.31
451,6290,16/09/2025,shipped,238.47
6030,6952,4/12/2024,completed,2815.22
19406,2128,11/07/2025,completed,171.12
16253,2530,14/03/2025,shipped,700.86
8299,2297,18/04/2025,processing,102.79
17660,9538,7/03/2025,processing,4.47
17298,9964,31/03/2024,processing,1228.12
6529,8841,21/06/2025,shipped,446.39
5041,1002,17/05/2024,shipped,484.21
9870,4112,17/06/2025,processing,51.45
9375,5428,21/10/2025,shipped,1072.18
7852,7633,7/09/2024,completed,1047.49
16818,4295,16/04/2025,processing,986.94
16011,4522,27/10/2024,completed,180.36
10396,2877,3/10/2024,shipped,480.19
7850,1699,12/05/2024,shipped,609.14
1339,5874,8/08/2024,returned,22.25
2801,684,28/07/2024,completed,1036.33
19792,833,31/07/2025,completed,864.16
8065,6836,5/02/2024,cancelled,898.81
19421,207,2/11/2025,cancelled,53.76
14385,3693,20/09/2025,shipped,103.67
4601,8242,4/11/2025,returned,1628.58
15537,9920,11/04/2024,shipped,217.41
17813,3666,4/09/2025,returned,57.65
16024,8570,29/10/2025,processing,564.41
18324,5229,13/06/2024,shipped,122.6
16972,7813,16/10/2025,completed,802.6
15114,5259,7/09/2024,completed,209.56
11416,5625,27/03/2025,cancelled,269.63
1936,8862,17/06/2025,shipped,436.33
3212,6901,13/04/2025,returned,161.87
16503,3518,22/07/2024,returned,61.39
1244,2862,31/07/2024,cancelled,15.41
6188,159,28/07/2024,cancelled,215.6
17984,1214,27/03/2025,returned,2046.72
3397,1740,12/12/2024,shipped,1077.43
9608,981,10/02/2025,cancelled,126.42
7379,6290,30/10/2025,cancelled,1496.96
16603,3162,9/04/2024,processing,162.84
12105,8649,22/11/2024,shipped,38.54
2375,4095,7/11/2025,returned,244.05
18637,4022,3/08/2025,returned,24.6
18918,8284,12/05/2025,cancelled,13.34
3464,2489,14/01/2024,cancelled,1393.83
5491,2863,15/10/2025,processing,228.4
11089,8213,3/04/2025,shipped,1185.73
6973,7142,8/07/2024,returned,43.85
11701,2757,8/07/2025,completed,94.23
13043,5872,13/10/2024,shipped,612.07
14439,5387,18/09/2025,completed,29.34
4994,4327,6/03/2024,completed,362.34
18282,9079,7/05/2024,completed,352.38
11241,3122,22/02/2024,returned,313.38
13826,884,13/02/2025,shipped,531.65
19883,1500,15/10/2024,completed,414.05
18859,4655,6/06/2025,cancelled,171.53
7865,3413,30/01/2025,cancelled,40.24
6464,3026,4/05/2024,shipped,19.09
16900,6801,27/09/2024,shipped,5471.26
9087,3306,7/09/2025,returned,479.8
3941,1126,6/11/2024,cancelled,823.81
12055,3237,22/06/2024,completed,197.59
3166,5923,22/02/2025,cancelled,63.45
16394,5646,27/09/2024,processing,2191.47
16746,8667,12/05/2024,processing,427.49
14178,282,24/01/2024,shipped,132.13
12533,8520,7/05/2025,completed,2681.52
14800,7654,17/07/2025,cancelled,192.22
12423,6559,18/02/2025,completed,1057.34
2334,8552,2/10/2024,cancelled,1375.14
7784,4266,17/01/2024,cancelled,1104.46
11840,3572,25/06/2024,shipped,29.3
17909,29,14/04/2025,shipped,247.1
3050,8338,4/04/2024,processing,192.22
10267,9157,23/08/2024,processing,85.42
6491,605,24/04/2025,cancelled,320.4
10867,8986,8/10/2024,cancelled,34.32
12987,6648,12/01/2025,completed,539.17
14059,1973,26/10/2025,completed,323.41
12460,8099,4/12/2024,returned,254.52
5271,5450,3/08/2024,shipped,3411.5
19114,5530,25/10/2025,shipped,694.64
19030,3565,25/05/2025,completed,114.3
12944,9732,9/06/2025,returned,40
17858,6794,15/03/2025,returned,681.63
11078,6988,20/01/2024,processing,531.5
19961,8741,5/07/2025,shipped,236.34
831,9847,11/03/2025,returned,635.48
9124,8408,11/11/2024,returned,25.87
12402,8976,30/01/2025,shipped,504.36
19600,2139,14/09/2025,completed,543.53
7791,9432,8/10/2025,completed,92.23
11730,4432,9/04/2025,completed,423.02
14405,7308,25/05/2024,cancelled,885.26
19031,2234,2/12/2024,processing,2.83
8503,8915,25/05/2025,cancelled,877.23
10486,9684,14/06/2024,cancelled,455.43
10217,4267,20/02/2024,processing,11.4
10931,3889,10/03/2025,processing,1092.45
3247,7019,19/03/2025,returned,321.48
11219,1849,29/06/2025,returned,649.79
1180,7176,29/05/2024,shipped,146.18
15652,3176,5/08/2025,returned,77.34
9903,924,15/05/2025,processing,4216.53
4100,4804,27/06/2025,shipped,73.39
9195,8530,7/07/2025,shipped,36.52
12116,482,22/08/2025,shipped,837.09
15373,8955,7/09/2025,shipped,42.45
18460,6689,3/06/2025,completed,449.07
18402,7307,8/12/2024,returned,27.21
16698,9563,3/05/2025,cancelled,1066.84
4166,3375,2/10/2024,processing,2681.52
8450,244,21/01/2024,returned,414.5
9824,6874,3/03/2024,returned,127.54
19742,5586,3/03/2024,completed,455.52
1122,6590,8/02/2024,cancelled,305.99
5520,8838,19/07/2025,returned,1608.26
13047,4162,24/02/2024,shipped,180.71
3920,8872,7/10/2024,shipped,1946.67
10921,9810,29/04/2024,returned,28.99
12959,2822,24/03/2024,processing,134.03
13806,6783,23/02/2025,completed,1243.81
12009,4886,7/07/2025,returned,433.51
7167,9280,20/06/2024,cancelled,98.81
7917,6465,31/05/2024,cancelled,19.09
1184,5232,8/10/2025,shipped,263.31
12293,2741,2/06/2024,returned,1424.38
1445,1762,11/10/2025,cancelled,304.73
19207,2147,16/03/2025,cancelled,11.44
10567,9644,25/06/2024,completed,1767.66
194,6411,2/08/2025,returned,26.54
9881,8354,10/03/2024,shipped,32.16
732,38,17/05/2024,completed,2840.22
5732,8499,10/11/2024,processing,593.84
8881,7975,22/03/2025,processing,835.66
18006,2865,24/08/2025,processing,160.19
4623,1424,24/08/2025,cancelled,137.79
735,5485,1/04/2024,processing,68.12
12417,6550,8/10/2024,processing,64.95
6893,7880,6/09/2025,returned,247.25
11483,9069,3/04/2024,returned,70.39
17948,6256,1/06/2025,processing,186.03
15380,8203,12/10/2025,shipped,81.57
18195,6622,22/05/2025,cancelled,227
11807,975,2/10/2025,processing,67.54
678,9632,21/03/2025,completed,829.8
7258,7149,22/01/2024,processing,246.31
11517,1856,11/03/2025,returned,781.44
18727,7396,26/10/2025,cancelled,38.18
662,3813,11/02/2024,completed,117.72
11520,6966,4/02/2025,shipped,361.38
7859,7944,20/12/2024,returned,256.06
10605,3801,4/08/2024,returned,1103.78
16691,1835,10/01/2024,shipped,1132.04
9612,5530,2/05/2025,completed,848.26
5639,119,19/07/2024,processing,2133.69
14691,9219,15/05/2024,completed,631.2
14581,6779,27/09/2024,cancelled,551.96
6073,4684,24/02/2024,returned,35.4
13869,3554,29/01/2024,returned,2228.42
4938,4016,21/06/2025,cancelled,190.38
14220,4581,22/12/2024,completed,123.04
17722,9969,3/09/2024,processing,2724.85
7427,9105,9/03/2024,cancelled,234.84
5176,4204,17/04/2024,processing,733.03
2657,3603,8/09/2024,shipped,56.75
14197,1136,18/10/2024,processing,195.3
16489,2790,23/01/2025,shipped,958.29
19264,833,19/05/2024,returned,108.79
12577,5502,7/03/2025,cancelled,69.64
2919,8943,28/06/2024,shipped,13.24
152,6228,26/02/2024,returned,1129.34
9302,9837,15/07/2024,processing,1419.9
13118,411,15/02/2024,completed,484.26
1928,7345,6/01/2024,shipped,438.86
17820,2079,8/01/2024,cancelled,458.68
1612,6943,27/05/2024,processing,217.35
3013,7303,3/12/2024,processing,3447.86
7719,4862,14/08/2025,completed,208.52
10962,8251,12/03/2024,completed,60.11
2760,5688,1/01/2024,returned,73.78
18298,4240,11/11/2024,cancelled,925.84
7501,4568,20/01/2024,returned,406.76
6130,4671,2/10/2025,returned,260.79
8126,6916,31/05/2025,processing,255.94
3294,9806,24/07/2024,returned,63.4
3474,3029,3/02/2024,cancelled,156.22
19674,7194,29/03/2024,completed,367.74
706,1866,21/02/2024,processing,329.14
12759,9130,26/01/2025,returned,479.08
1873,3375,6/10/2025,returned,482.88
16939,8421,4/06/2025,cancelled,426.04
9764,8523,9/03/2025,returned,9.8
19788,9844,16/04/2025,shipped,372.7
11247,7457,26/06/2025,shipped,21.1
11545,6908,11/06/2025,completed,4.51
4458,6319,9/05/2025,processing,785.34
12756,5326,9/03/2024,completed,263.01
17596,9698,4/06/2024,completed,20.15
552,544,2/07/2024,returned,64.95
952,8227,2/11/2025,returned,360.03
974,9167,8/05/2025,cancelled,1670.4
5761,4942,24/05/2024,completed,571.14
4747,612,19/04/2025,processing,342.83
5536,8314,31/03/2025,processing,455.7
17926,3739,1/10/2025,shipped,866.46
8767,3583,2/11/2024,cancelled,1437.06
15847,8669,20/08/2025,cancelled,781.1
19684,486,4/02/2024,processing,55.3
6174,4212,21/06/2024,cancelled,20.4
4349,4359,2/04/2024,processing,63.33
6606,7369,11/08/2025,returned,290.8
426,496,1/04/2025,cancelled,76.86
15022,8943,12/04/2024,shipped,320.73
18111,3664,30/12/2024,shipped,326.4
1968,2436,20/04/2025,completed,36.92
18384,3051,19/01/2025,returned,146.78
16366,5076,30/06/2025,returned,10.47
10620,4937,7/07/2024,processing,1164.76
4519,6197,13/04/2024,shipped,742.01
3856,8140,2/10/2025,cancelled,597.49
10818,6160,20/11/2024,shipped,295.08
12445,9420,3/09/2025,returned,286.62
9313,6038,28/09/2024,processing,50.17
6449,4020,28/06/2024,shipped,1214.91
17501,8731,14/07/2025,shipped,268.21
14824,2398,2/03/2024,shipped,3096.09
12956,6060,25/04/2025,returned,407.98
2108,6642,18/06/2025,cancelled,1187.64
13119,201,13/03/2025,cancelled,2389.88
8566,2361,11/03/2025,shipped,47.18
6847,2102,7/07/2025,returned,208.05
15043,8267,12/09/2025,shipped,571.95
6221,3998,24/05/2025,completed,64.22
11613,4717,2/11/2024,completed,1229.92
3449,2681,22/06/2024,processing,922.83
11585,2056,25/04/2024,processing,188.22
1845,5375,6/06/2025,completed,549.32
14357,2258,26/01/2025,completed,601.59
13792,2644,19/04/2024,returned,55.66
11554,9661,17/03/2025,cancelled,753.85
17262,2243,27/04/2024,returned,880.38
9128,9765,19/10/2024,cancelled,351.53
18241,3067,29/06/2024,cancelled,1324.44
15874,7305,12/03/2025,completed,190.4
2156,3485,30/03/2025,returned,321.95
14437,1181,28/08/2024,shipped,98.79
16445,7244,30/04/2025,shipped,1149.14
18272,9219,27/04/2025,completed,167.04
6000,3296,30/11/2024,returned,1337.98
1399,2876,27/04/2024,cancelled,211.39
8936,3738,24/07/2024,shipped,422.22
12930,1411,24/06/2025,shipped,852.12
16861,4756,12/10/2025,completed,665.85
10084,5304,31/12/2024,returned,1196.31
2602,8646,21/05/2024,completed,1863.26
17134,6318,27/05/2025,completed,3755.22
783,1481,9/06/2025,processing,41.75
6559,6669,4/02/2025,shipped,533.34
254,3587,17/09/2024,returned,266.98
214,6699,19/01/2025,completed,156.98
3095,9830,19/10/2024,cancelled,469.87
16020,4375,18/07/2025,cancelled,526.88
2353,2448,17/01/2024,returned,19.76
11745,1838,20/10/2024,cancelled,1124.73
19434,747,15/01/2024,processing,944.26
8800,9336,10/06/2024,completed,323.25
5575,766,21/03/2025,cancelled,22.15
2012,4691,9/08/2025,processing,2422.31
3534,8276,9/10/2024,processing,251.94
12159,9495,17/06/2024,processing,206.58
9317,3819,4/01/2024,shipped,948.46
1077,6892,28/05/2025,completed,1411.54
10409,4250,11/02/2025,returned,620.9
8900,4660,22/09/2025,completed,502.83
9338,9943,6/08/2024,completed,15.22
12258,2129,29/10/2024,cancelled,174.96
12995,8283,15/04/2024,cancelled,155.86
1340,2702,25/05/2025,processing,205.74
15570,7465,13/06/2024,cancelled,2618.32
18074,9242,14/04/2024,completed,1083.38
5392,9870,29/02/2024,shipped,157.61
3444,445,2/03/2024,returned,125.43
12167,6130,31/08/2024,processing,253.86
4202,1189,21/03/2025,shipped,112.83
6117,7190,11/01/2024,shipped,1282.36
13979,5429,15/06/2025,shipped,697.88
978,1984,1/03/2025,completed,20.19
11122,404,14/04/2025,processing,115.81
8685,6725,7/01/2025,shipped,27.23
5394,4676,1/11/2025,cancelled,921.74
14162,6820,21/02/2025,returned,31.04
2370,742,11/11/2024,cancelled,805.78
12078,7031,24/11/2024,returned,536.83
1128,936,26/06/2025,completed,66.98
18106,3832,5/07/2025,shipped,353.91
375,5524,11/08/2025,returned,65.31
12859,1743,14/08/2025,returned,19.09
8240,9196,24/07/2024,shipped,390.34
5581,2150,16/12/2024,completed,134.5
4855,886,13/04/2025,returned,414.77
13514,3966,28/07/2025,cancelled,293.24
11543,8774,3/04/2024,shipped,545.2
12257,2450,9/09/2025,returned,1102.2
1195,4191,29/04/2024,returned,170.81
1979,2580,22/05/2024,processing,1200.52
19450,1249,12/01/2024,shipped,841.61
14105,332,19/09/2024,completed,332.69
15503,3554,9/08/2024,returned,20.41
6202,2341,23/09/2025,returned,1071.68
11816,513,20/12/2024,returned,983.57
12927,2438,12/02/2024,cancelled,43.95
2270,5058,10/11/2024,shipped,211.4
15994,56,15/03/2024,returned,437.31
3361,9963,9/01/2024,completed,570.99
14448,9942,14/01/2025,shipped,309.08
5283,1128,13/10/2024,completed,81.24
6989,1119,2/10/2024,processing,99.23
4112,1611,16/12/2024,shipped,103.67
4370,5686,2/07/2024,processing,1178.4
17574,9869,10/09/2024,shipped,2196.99
13985,4141,10/06/2024,completed,191.91
17633,4375,1/06/2025,completed,2499.17
1105,5724,16/10/2024,returned,18.2
2863,4706,9/07/2024,shipped,1088.52
10051,1799,12/03/2025,cancelled,401.23
11839,6128,13/07/2025,cancelled,1134.96
15136,42,17/10/2024,returned,400.18
2516,6632,26/03/2025,shipped,569.04
17718,4088,17/06/2025,cancelled,172.51
14570,963,17/10/2025,cancelled,4.68
17314,2184,6/07/2024,processing,1032.72
8938,416,22/08/2024,cancelled,351.27
13402,2002,20/03/2025,shipped,658.02
9033,4717,31/08/2024,completed,2028.22
12804,53,15/03/2025,returned,92.89
738,2942,7/02/2024,completed,198
13438,4723,14/07/2024,cancelled,1680.02
11705,5573,7/06/2025,processing,244.29
593,4356,4/09/2024,processing,110.71
15074,3544,15/03/2025,completed,252.48
13602,2277,31/01/2025,processing,1511.3
10718,492,16/03/2025,processing,56.44
1417,3832,9/07/2024,cancelled,206.55
12354,286,3/02/2024,shipped,275.91
992,9393,30/01/2024,completed,432.67
4916,5923,26/10/2025,completed,72
15171,2980,16/04/2025,returned,1124.9
3419,1835,11/06/2024,cancelled,104.28
16465,769,6/09/2025,shipped,21.2
3514,3223,17/12/2024,cancelled,1836.63
19617,6966,6/11/2024,shipped,777.84
3494,8586,10/06/2024,processing,386.11
12857,8151,29/07/2024,processing,20.14
16472,1526,26/07/2024,completed,60.85
2326,6465,26/08/2024,processing,436.44
19210,6367,24/10/2025,completed,41.66
2902,6569,4/10/2024,cancelled,39.42
15188,3311,13/02/2025,shipped,85.67
10709,3013,20/05/2025,completed,1577.04
4607,3362,14/08/2024,completed,556.74
14237,5537,1/08/2024,shipped,136.74
7510,1824,10/05/2024,completed,20.84
250,4102,11/07/2025,cancelled,320.01
14526,160,20/01/2025,cancelled,615.79
7116,6561,15/08/2024,processing,456.67
719,4314,19/02/2025,shipped,273.71
11507,9845,14/10/2024,cancelled,710.14
18513,5082,22/11/2024,cancelled,3790.04
12894,642,21/08/2024,processing,1457.94
15811,4999,9/10/2024,processing,576.42
753,1892,30/05/2024,processing,289.68
2126,1676,11/09/2025,processing,164.79
11937,1004,21/12/2024,shipped,1965.44
14605,8015,18/04/2025,returned,710.57
2983,9190,29/06/2025,shipped,600.09
18933,270,9/03/2024,completed,654.47
8281,8171,5/08/2025,processing,62.52
2939,1234,12/12/2024,returned,83.52
7652,5968,9/01/2024,returned,108.96
18507,4553,25/09/2024,cancelled,63.98
10660,1274,16/06/2025,processing,252.48
17852,6545,22/09/2024,returned,19.99
15519,7608,29/09/2024,cancelled,293.92
16740,6838,22/04/2024,shipped,478.85
15297,3973,14/08/2025,completed,310.08
7145,5183,28/12/2024,returned,265.99
12752,5652,7/09/2025,shipped,1835.32
16136,9821,2/09/2024,shipped,134.69
9873,7610,16/12/2024,shipped,10.96
2332,8005,3/07/2024,completed,51.51
16263,5507,24/11/2024,cancelled,12.76
11681,6618,10/01/2024,shipped,645.12
8700,5559,24/02/2024,completed,172.94
14038,5173,18/03/2024,returned,1475.29
13931,7979,6/08/2024,processing,460.66
17733,6854,24/11/2024,shipped,71.59
13249,2657,9/10/2025,cancelled,537.14
89,4756,15/06/2025,returned,751.36
16028,1452,18/05/2024,processing,612.85
16176,5165,10/12/2024,returned,32.78
17305,731,11/10/2025,completed,796.28
737,5980,10/04/2025,cancelled,126.93
16168,778,28/02/2025,processing,988.62
1245,5865,9/12/2024,completed,140.3
4702,5282,6/07/2024,returned,427.08
12590,1038,24/07/2024,returned,21.18
17206,8634,30/07/2024,processing,67.94
5010,8223,14/09/2024,shipped,416.98
7937,6229,29/02/2024,completed,222.17
3063,4027,7/10/2025,shipped,72.49
9287,9073,26/11/2024,shipped,1696.8
2309,6967,11/08/2024,returned,210.39
1780,8582,1/07/2025,returned,1351.78
6350,7655,8/08/2025,completed,278.74
13561,3439,8/03/2025,processing,938.58
9402,2286,2/07/2025,shipped,993.89
17650,4179,15/05/2025,completed,169.79
2233,1758,12/11/2025,cancelled,464.41
18540,9228,1/03/2024,processing,845.27
14104,2,26/05/2024,returned,546.76
12659,639,13/11/2024,processing,197
18968,4370,1/08/2025,returned,238.64
12106,2200,3/05/2025,completed,478.82
8967,606,30/05/2024,completed,1211.07
477,908,12/11/2025,shipped,148.16
16439,3675,30/08/2024,returned,43.64
9004,8611,25/12/2024,processing,738.84
1354,2431,27/06/2024,cancelled,534.42
16469,2848,4/07/2024,processing,273.73
8548,9499,13/10/2025,cancelled,629.03
7762,7068,28/01/2024,cancelled,145.55
16236,2841,18/10/2025,completed,281.48
5464,649,9/02/2024,shipped,158.32
18779,7026,6/03/2024,shipped,166.44
13416,5415,19/08/2025,returned,537.91
6556,685,18/02/2025,processing,117.4
19914,2017,11/11/2024,shipped,60.68
8925,3017,27/12/2024,completed,6.16
15258,2244,2/08/2025,shipped,525.32
17737,4373,23/05/2025,processing,56.18
6239,7012,7/07/2025,completed,31.39
8242,1977,6/10/2025,completed,9.53
12010,8966,7/05/2024,completed,521
18875,2878,16/03/2024,returned,108.8
8687,772,27/03/2024,processing,53.08
5391,8295,21/07/2024,completed,180.4
6300,5079,8/02/2025,processing,395.06
9360,5011,14/12/2024,returned,176.69
5034,9457,31/01/2025,shipped,600.89
8994,9361,14/12/2024,completed,279.63
1189,2455,31/05/2024,completed,322.7
7062,9982,11/07/2024,returned,392.98
13942,9453,15/06/2025,returned,84.37
14465,50,7/01/2024,processing,1953.62
6164,8646,9/08/2024,completed,67.32
5263,3342,2/10/2024,shipped,430.46
2545,2910,14/04/2025,shipped,30.52
18603,7996,26/05/2024,completed,200.6
13520,7902,5/09/2024,processing,242.66
9758,3755,16/04/2025,completed,1866.45
7383,2088,27/04/2024,completed,31.7
2473,5666,8/03/2024,cancelled,349.01
15431,3787,8/05/2025,cancelled,1779.57
2043,8895,10/12/2024,completed,174.82
13597,3462,31/10/2025,returned,292.26
18582,6404,17/02/2025,processing,985.35
5727,3353,11/03/2025,completed,291.14
2499,1758,24/06/2025,shipped,210.39
14472,6446,2/06/2025,cancelled,19.76
8811,8708,10/04/2024,cancelled,529.79
1906,8502,28/09/2024,processing,1361.14
18595,1227,2/02/2024,shipped,1047.18
8865,4819,14/09/2025,processing,49.62
17061,5111,11/10/2024,processing,341.01
1134,1106,13/11/2024,completed,202.61
470,4314,30/05/2024,completed,1602.7
6089,23,18/11/2024,processing,42.37
10607,7259,12/12/2024,shipped,201.36
342,9497,30/04/2025,completed,1656.18
1196,2238,13/01/2024,completed,313.53
12027,8184,24/06/2024,returned,54.74
5897,4502,18/02/2025,returned,1377.67
14200,6490,27/07/2025,returned,2134.09
456,6551,14/11/2025,shipped,131.77
9203,3591,18/04/2025,completed,244.74
18221,3106,30/01/2024,shipped,467.75
11375,8340,11/12/2024,completed,238.54
11618,4599,13/07/2024,cancelled,52.09
11603,5171,8/01/2025,cancelled,346.65
7778,6709,17/08/2025,shipped,398.55
12661,3910,15/05/2025,completed,767.54
3828,4562,18/10/2025,shipped,1046.31
4716,6504,1/11/2024,cancelled,202.87
17922,8586,1/02/2025,cancelled,15.52
9997,4269,24/07/2024,shipped,130
4494,4990,10/10/2025,cancelled,39.6
14758,9073,4/06/2024,cancelled,576.92
9706,5423,16/11/2024,completed,1542.77
1513,7400,14/05/2024,completed,249.07
8717,524,8/11/2024,completed,425.45
1610,7488,18/01/2025,returned,494.32
12869,4253,9/08/2024,shipped,980.2
8305,9913,17/10/2025,completed,524.75
19835,3278,12/09/2024,returned,659.67
13388,6304,22/10/2024,cancelled,46.81
17910,1577,7/01/2024,processing,29.52
5466,6500,10/03/2024,returned,191.49
15236,1760,1/03/2024,shipped,400.48
11209,7975,13/07/2024,processing,681.65
18489,3223,4/11/2024,returned,654.18
8605,2153,4/08/2025,returned,86.15
15121,1491,29/07/2025,cancelled,91.33
12973,997,27/06/2024,cancelled,494.94
18361,7061,20/07/2025,shipped,89.01
5207,9825,18/02/2025,cancelled,1996.94
355,8572,20/06/2025,cancelled,31.43
4287,2620,7/01/2024,completed,1013.88
4498,6863,20/02/2024,returned,4208.04
6721,1376,13/11/2025,cancelled,946.92
3588,2792,19/09/2024,shipped,23.28
17831,4285,12/03/2024,cancelled,405.15
12981,1625,2/05/2024,shipped,658.61
13503,4661,13/02/2024,shipped,380.43
925,2099,31/05/2025,returned,146.6
17756,4678,12/02/2024,completed,1878.32
9645,5386,24/06/2025,completed,394.2
8099,5220,26/05/2025,returned,680.71
12537,2606,6/05/2024,cancelled,2468.01
17916,6913,14/07/2024,completed,426.5
16738,4927,8/06/2024,processing,190.91
12677,938,15/12/2024,completed,361.8
17631,7899,9/10/2024,processing,19.06
4481,6763,14/12/2024,shipped,1111.27
10900,7580,31/03/2025,cancelled,192.29
7251,6712,2/01/2025,returned,256.18
5729,2809,13/09/2024,shipped,3.69
3112,8182,7/10/2024,completed,590.62
4884,5617,1/09/2025,processing,194.54
6126,7902,5/02/2025,returned,409.69
1524,4936,27/11/2024,cancelled,313.41
16863,8014,25/04/2024,shipped,98.55
17881,1657,4/11/2024,cancelled,164.93
158,4476,25/10/2025,shipped,404.45
17860,6236,19/12/2024,returned,616.74
18523,3886,21/11/2024,processing,187.18
10565,8331,9/01/2025,shipped,129.49
2633,3768,18/08/2025,completed,175.55
4491,642,10/05/2025,completed,71.86
61,3431,30/08/2025,processing,1058.07
13453,7244,18/11/2024,completed,56.44
4089,3809,26/06/2025,cancelled,1333.38
10258,7309,1/08/2024,cancelled,18.79
3042,7385,22/10/2025,shipped,55.28
19920,7625,9/04/2024,returned,13.77
4616,3857,2/04/2025,shipped,556.56
10498,7758,27/02/2025,returned,273.09
19246,8519,2/10/2024,cancelled,520.54
18985,2443,20/06/2025,completed,264.04
6235,5680,24/01/2025,returned,10.45
18952,3182,27/06/2025,processing,30.59
15656,4644,4/05/2024,shipped,903.01
12776,6385,1/06/2025,cancelled,292.48
11531,6816,31/10/2025,processing,5183.18
6333,2344,15/11/2024,returned,155.23
9586,7407,8/11/2025,cancelled,1513.74
10429,9813,4/02/2024,returned,502.19
10978,9942,8/03/2024,processing,701.36
15852,9944,6/02/2024,shipped,273.71
17845,745,8/11/2025,returned,1715.8
10776,3862,1/06/2024,processing,390.19
14232,4593,13/04/2024,processing,675.96
10155,8029,14/06/2024,shipped,31.32
8204,5317,20/08/2024,returned,997.78
19192,7358,14/03/2024,cancelled,225
2607,707,13/07/2025,processing,28.51
17023,2747,23/08/2025,cancelled,40.72
5973,7230,19/04/2025,processing,98.25
9102,4795,15/09/2025,processing,768.61
16866,792,12/06/2024,shipped,3809.48
19944,9596,14/11/2024,returned,681.06
19614,5276,5/06/2025,completed,84.79
13440,145,2/05/2024,returned,390.56
14834,4383,26/05/2025,shipped,109.45
8145,3723,8/08/2024,completed,209.1
15218,2912,19/05/2025,completed,70.1
11162,7325,28/01/2024,returned,2078.82
5946,1723,11/01/2024,returned,608.28
4247,6203,1/05/2024,returned,199.79
4331,6177,11/09/2025,cancelled,31.28
15117,168,26/08/2024,cancelled,88.96
9036,2817,14/07/2024,completed,806.72
19990,9792,5/08/2025,returned,1624.01
15358,4707,8/03/2024,completed,149.34
13091,6096,26/06/2024,shipped,685.59
6386,9547,15/02/2025,returned,526.97
19946,9046,24/08/2024,cancelled,219.76
15938,4590,18/09/2024,processing,90.57
16793,5935,29/02/2024,cancelled,1085.06
121,1240,25/05/2025,shipped,74.93
1989,7993,9/04/2025,shipped,181.15
16632,1049,3/10/2025,returned,612.23
3441,4375,20/09/2025,completed,4.68
555,8758,9/05/2025,processing,334.94
9924,3012,22/05/2025,processing,211.71
18500,9437,2/07/2024,processing,20.23
4720,6562,31/01/2025,shipped,8.07
7960,121,19/10/2024,returned,1555.98
4183,2851,7/11/2024,completed,5790.47
11584,4609,13/02/2025,completed,165.03
80,7964,12/05/2025,completed,383.26
6125,2497,7/03/2024,cancelled,142.75
18385,9668,1/01/2025,shipped,197.45
15757,9670,11/02/2025,returned,20.19
1266,6650,16/07/2024,cancelled,1673.47
602,2766,3/10/2024,processing,112.6
11293,1598,7/09/2024,processing,13.24
18867,821,7/01/2024,processing,262.85
15691,2263,2/05/2025,cancelled,367.8
19954,3673,15/03/2025,completed,2495.36
4301,7378,26/01/2025,processing,393.45
2697,6477,25/02/2024,shipped,2348.53
3101,3565,30/03/2024,cancelled,600.99
18524,5348,21/10/2024,processing,1408.72
12740,1122,23/02/2024,completed,471.27
19372,6603,23/09/2025,completed,1403.65
13290,280,14/08/2024,shipped,3888.36
3549,3724,22/07/2025,completed,297.5
5988,4755,23/07/2025,returned,367.07
13650,6698,15/10/2024,returned,82.3
9053,6904,27/04/2025,processing,28.51
5265,4008,13/08/2025,completed,56.18
17800,1410,19/04/2024,completed,303.15
10627,4446,30/07/2024,processing,184.85
6974,5124,7/03/2024,processing,451.18
2486,8413,30/06/2024,shipped,538.65
17993,9414,17/06/2024,returned,1190.09
5135,4502,8/01/2024,processing,2107.92
875,8290,17/08/2024,shipped,3.45
12385,2626,20/03/2024,cancelled,18.51
17583,7593,17/10/2025,cancelled,686.58
7867,5784,14/05/2025,returned,1428.12
4651,1802,6/11/2024,processing,219.53
16980,994,8/09/2025,processing,175.23
13538,4539,9/02/2024,shipped,386.35
3303,7924,8/09/2024,cancelled,102.1
16569,4769,16/03/2025,cancelled,333.78
9907,9000,9/06/2025,returned,45.32
13258,5084,14/09/2024,cancelled,1627.5
16294,3752,20/10/2024,shipped,15.79
1011,923,4/08/2025,cancelled,1636.7
15987,401,23/05/2024,processing,37.71
12923,5808,27/07/2025,processing,63.48
12648,7288,9/07/2024,shipped,1599.61
16849,7867,22/01/2024,shipped,273.77
690,5136,28/10/2025,shipped,1052
7844,4985,8/01/2025,shipped,1625.66
763,8985,13/10/2025,completed,46.59
648,4372,28/07/2024,returned,279.09
11886,8684,26/09/2024,cancelled,392.48
1982,4994,5/09/2024,completed,280.45
13462,3319,1/10/2025,completed,386.64
5156,3730,24/02/2025,processing,708.2
15838,2707,13/04/2025,returned,2885.06
1055,5117,2/11/2024,completed,436.68
12496,9782,17/02/2025,completed,1079.48
5807,9891,6/03/2024,cancelled,482.81
14128,9131,27/02/2025,completed,21.2
10601,8073,30/06/2024,cancelled,1868.93
3756,3967,15/07/2024,returned,385.18
6334,7185,24/09/2024,completed,794.08
9289,5054,31/08/2025,completed,173.6
1344,4123,30/03/2024,returned,312.4
13360,9833,14/04/2025,cancelled,126.3
3320,2853,21/01/2024,returned,130.87
9739,6477,2/08/2024,processing,196.62
18102,1887,3/04/2025,processing,105.84
11335,2964,3/04/2025,shipped,73.01
1275,583,31/07/2024,completed,768.56
14951,326,24/10/2024,processing,549.84
13233,7198,28/07/2024,returned,2459.69
3157,8885,24/12/2024,processing,186.91
11394,8766,23/04/2025,shipped,419.79
5368,3325,12/03/2025,returned,469.42
18924,5105,27/11/2024,processing,2174.05
10275,6488,5/11/2024,processing,299.66
7065,3596,22/09/2025,returned,209.07
6367,3915,24/08/2025,completed,922.55
16076,9108,20/11/2024,processing,179.84
7579,6694,5/02/2025,shipped,257.9
1805,4669,17/07/2025,cancelled,52.33
10384,3576,7/06/2024,completed,311.49
11647,8724,18/04/2024,completed,122.69
6013,1293,13/12/2024,cancelled,538.81
4139,9034,22/11/2024,completed,19.35
2984,8095,14/05/2024,shipped,1075.65
17567,8724,18/06/2025,shipped,390.36
16190,2538,4/05/2024,completed,189.71
16915,2259,22/10/2024,completed,6.79
9396,89,20/09/2024,cancelled,26.05
1558,3227,14/07/2025,completed,692.81
15986,2955,29/03/2025,returned,60.83
15555,6381,12/03/2025,shipped,292.11
4185,6202,12/04/2025,cancelled,644.73
11993,5781,30/10/2025,returned,440.63
10681,8559,17/02/2025,shipped,42.4
3160,2750,31/05/2024,shipped,411.48
6854,1080,24/01/2024,returned,152.1
2715,9395,30/09/2024,shipped,4918.02
143,22,26/09/2024,completed,1097.97
838,7518,28/11/2024,processing,198.37
6775,8274,4/03/2025,cancelled,806.6
3324,9504,6/09/2024,shipped,107.41
1587,510,5/02/2024,completed,218.42
10087,7302,4/06/2024,cancelled,485.07
11633,5885,29/08/2024,cancelled,1971.38
1359,8068,14/02/2024,shipped,81.17
10768,1680,15/03/2025,completed,222.21
6362,7375,12/05/2024,cancelled,271.99
10050,3525,23/11/2024,returned,877.44
15382,2577,11/07/2025,processing,91.92
4232,5567,7/08/2025,shipped,2912.05
17792,4818,29/04/2025,cancelled,262.32
7054,3099,3/04/2025,shipped,456.76
7650,9181,11/04/2025,completed,128.22
13632,8302,23/10/2024,returned,57.52
9691,5150,27/05/2024,processing,610.2
5299,6085,2/10/2025,shipped,2126.17
18295,4839,3/06/2024,returned,210.85
4333,4358,18/03/2024,cancelled,280.64
9559,9064,1/01/2025,cancelled,115.92
17006,2495,21/06/2025,cancelled,416.13
17069,9403,20/03/2025,completed,717.68
13870,6103,28/05/2024,returned,101.89
1329,7969,12/08/2025,shipped,179.45
12948,7717,2/07/2025,shipped,260.87
7752,2810,28/11/2024,completed,1609.31
19985,489,1/02/2025,processing,313.89
19991,2900,12/09/2024,shipped,301.84
15969,2747,29/10/2024,processing,1070.31
10118,1837,20/02/2024,completed,102.72
9299,744,19/06/2025,returned,332.69
174,7238,4/07/2025,cancelled,1043.9
11296,4856,28/07/2024,cancelled,7.92
4153,9841,31/10/2025,shipped,194.49
4715,2226,24/05/2025,shipped,127.41
12528,8861,6/03/2025,shipped,134.24
12773,6402,14/11/2024,completed,1551.44
192,9179,15/07/2024,shipped,173.94
6740,3806,26/03/2024,returned,101.62
14466,9058,5/07/2025,returned,1090.31
16827,3471,1/11/2024,shipped,33.86
6121,2746,19/09/2024,cancelled,245.96
5224,7565,21/08/2024,shipped,356.53
15470,2687,30/08/2024,shipped,393.4
11473,8596,26/06/2024,processing,326.01
3711,4177,9/10/2025,returned,36.47
17751,1947,11/03/2025,processing,83.14
1809,9712,7/09/2024,shipped,38.54
2558,6809,26/01/2025,cancelled,895.68
16719,8814,9/09/2025,cancelled,1251.09
18357,5878,13/09/2024,cancelled,439.83
7142,3885,5/08/2024,completed,594.57
1964,6408,14/10/2025,shipped,100.66
18886,5045,11/07/2024,shipped,245.42
4772,6358,7/10/2024,returned,100.68
9662,525,6/03/2025,shipped,29.68
15283,2260,17/04/2024,completed,1368.58
4015,9720,17/06/2024,shipped,456.94
14195,4646,10/08/2025,shipped,2025.08
6042,7316,6/05/2025,processing,224.01
10497,9194,26/02/2025,processing,35.82
6633,3198,9/10/2024,processing,3584.82
11302,3160,26/06/2024,shipped,18.65
2906,514,5/10/2024,completed,452.88
18390,9827,3/10/2025,returned,203.57
10993,8677,4/04/2025,returned,96.51
17973,5009,23/05/2024,returned,376.31
5947,7444,15/07/2024,cancelled,132.74
5373,6701,10/07/2025,shipped,168.25
8139,7854,21/06/2025,returned,3850.16
9980,6397,18/11/2024,returned,228.51
2795,5744,4/03/2025,shipped,31.26
1772,7890,21/10/2025,shipped,1273.27
9184,2641,29/05/2024,completed,1075.65
19126,493,30/08/2025,returned,417.15
10158,2973,20/09/2025,processing,412.8
15141,857,23/11/2024,processing,194.7
14452,9180,22/09/2024,cancelled,1206.17
12495,9646,4/10/2024,completed,1161.93
15111,4504,25/02/2024,processing,1085.17
1869,6053,4/01/2025,shipped,265.37
1408,9418,14/09/2025,returned,689.05
1094,3267,28/08/2024,processing,715.27
6736,1145,24/06/2025,processing,658.35
1145,4276,13/05/2025,returned,815.21
6004,8877,27/03/2025,processing,1410.06
1888,8005,16/01/2025,completed,1648.71
15733,6232,2/09/2025,cancelled,170.22
18265,8855,8/05/2025,completed,250.41
424,3529,21/08/2025,returned,2604.78
13126,6174,20/07/2024,shipped,244.44
209,1530,28/08/2025,completed,345.35
5959,5824,27/07/2024,cancelled,293.13
7105,8320,26/05/2024,processing,166.7
4789,3543,23/09/2024,completed,36.42
6841,3968,1/04/2025,shipped,230.48
6982,7112,29/09/2025,returned,1742.34
13392,8589,30/09/2025,completed,1364.43
8557,1905,14/09/2025,cancelled,2343.21
9432,1285,9/01/2024,shipped,220.65
19461,3921,26/05/2024,shipped,1295.59
6446,3827,28/11/2024,shipped,1658.22
918,8174,26/02/2024,returned,369.8
15485,6099,12/12/2024,returned,268.44
16358,7553,22/03/2025,returned,814.44
2716,4648,5/04/2025,returned,336.5
11934,2791,4/02/2024,completed,61.59
5842,6431,25/06/2025,shipped,16.1
15274,1852,1/01/2024,cancelled,32.9
9649,7194,26/04/2025,cancelled,224.01
14600,2210,7/04/2025,cancelled,65.21
3505,5920,19/04/2025,shipped,201.92
11575,1225,6/01/2025,completed,53.16
4318,4306,11/01/2024,returned,559.97
10468,4629,29/09/2024,cancelled,595.45
14190,3599,28/10/2024,processing,49.73
14396,9856,11/07/2024,shipped,316.85
1660,7512,28/06/2025,cancelled,174.8
6484,7252,22/10/2025,processing,491.04
14923,1718,17/06/2024,shipped,1078.07
13606,4144,29/08/2024,completed,657.09
19529,9143,31/08/2025,completed,60.39
2532,8787,13/03/2025,returned,493.86
7521,1620,1/11/2025,cancelled,1200.99
6551,3682,17/02/2025,processing,712.19
12681,4526,20/03/2024,shipped,100.03
19138,8209,11/07/2025,completed,1167.24
18333,3600,19/01/2024,cancelled,866.12
16565,5481,1/10/2024,returned,363.81
18293,1919,21/12/2024,cancelled,452.59
7012,7027,27/03/2025,processing,1296.43
12021,3316,14/02/2024,cancelled,2941.57
3406,8204,9/02/2024,cancelled,501.21
5073,9597,17/09/2025,processing,25.97
1654,7210,13/09/2024,shipped,1388.64
9475,7151,28/08/2025,completed,1159.92
7136,1608,8/06/2025,cancelled,92.17
9620,1615,28/04/2024,processing,83.34
13925,2345,15/10/2024,cancelled,393.8
10127,4460,20/02/2025,processing,20.4
2698,5218,25/04/2024,shipped,1344.09
721,3880,24/03/2024,cancelled,83.14
19140,8218,16/08/2024,shipped,689.05
19466,6655,28/06/2025,shipped,222.12
2850,9627,7/04/2024,cancelled,1602.43
7507,1626,19/04/2024,processing,661.52
19432,188,21/02/2024,returned,3421.12
19373,3407,4/06/2025,processing,1034.09
15312,5512,9/04/2024,completed,37.9
5866,2082,11/09/2024,cancelled,44.88
12054,9326,17/02/2025,processing,4036.64
12939,1208,22/04/2024,shipped,1477.45
17543,1522,24/05/2024,completed,226.85
19937,6556,10/06/2024,returned,41.48
17120,5913,27/03/2024,cancelled,42.24
4533,3,21/10/2025,completed,108.44
18356,9645,30/07/2025,completed,1437.14
19917,4778,11/11/2025,returned,40.92
4000,4831,19/12/2024,processing,184.87
12357,9429,25/12/2024,processing,48.15
15278,2291,23/10/2024,completed,1120.82
1697,7945,16/09/2024,completed,343.6
14255,8435,25/10/2025,completed,301.85
7872,7782,21/11/2024,cancelled,150.55
9493,9875,14/10/2024,completed,79.92
9663,1646,2/12/2024,completed,322.58
4703,6703,21/01/2024,shipped,254.08
3535,9124,2/09/2025,shipped,422.69
13562,2814,25/10/2025,completed,6360.11
3151,9800,14/12/2024,processing,1256.05
5982,2962,5/03/2025,shipped,502.61
10733,2641,24/10/2024,shipped,130.41
7925,8085,12/05/2024,shipped,1268.31
16403,1340,3/12/2024,returned,1094.77
19444,6744,17/01/2025,returned,896.58
15057,7391,1/10/2025,processing,478.98
5111,7680,16/03/2025,completed,136.97
4113,8104,6/04/2024,returned,1686.08
11649,5030,29/08/2025,returned,406.31
4930,4659,15/09/2025,returned,878.54
7734,1018,14/08/2025,processing,7.37
17026,8422,4/12/2024,completed,177.06
5588,7884,2/04/2024,returned,159.25
14655,7897,9/04/2025,cancelled,906.43
4637,5161,4/04/2025,processing,153.27
829,513,18/09/2024,shipped,766.76
14973,568,13/04/2025,shipped,104.58
19568,803,13/09/2025,processing,2821.02
12192,4297,8/02/2025,shipped,904.12
12687,8255,6/04/2025,completed,26.74
15248,6548,7/01/2024,returned,2078.7
4877,4511,16/10/2025,processing,552.74
3197,2956,22/01/2025,returned,182.96
4603,9627,24/09/2024,shipped,519.19
5264,6226,19/05/2025,cancelled,2477.86
18054,295,2/07/2024,processing,27.19
2209,1784,22/08/2024,returned,956.65
18869,6899,14/03/2025,processing,20.18
10614,2049,23/09/2025,returned,926.48
17549,2519,8/06/2025,processing,2226.06
6874,9916,7/05/2024,shipped,95.46
7513,6516,14/08/2025,shipped,1948.19
13547,9813,5/05/2025,shipped,86.8
12253,9946,31/10/2024,completed,29.24
18039,8953,28/06/2025,processing,472.1
1958,97,6/03/2024,completed,706.7
18724,6460,21/04/2025,completed,169.71
6201,8171,12/01/2025,cancelled,77.84
3731,2204,11/08/2025,completed,13.13
10631,2545,10/04/2024,cancelled,51.94
4691,8113,18/04/2024,completed,911.46
683,3520,2/09/2025,returned,1217.83
5783,9262,10/04/2024,processing,131.99
13907,7573,21/08/2025,completed,39.87
5129,6450,29/06/2024,cancelled,575.67
13318,9833,21/10/2025,shipped,231.51
1732,1032,26/05/2025,completed,152.9
3553,4691,21/07/2024,completed,303.31
11589,1135,3/03/2024,shipped,385.3
4475,3946,14/09/2025,processing,26.1
11495,7080,20/08/2024,shipped,189.18
17194,3900,8/01/2025,completed,77.46
5086,4298,6/08/2025,completed,140.68
5461,6926,9/06/2024,shipped,1626.71
1798,5975,16/05/2025,shipped,36.42
18619,7252,9/10/2024,returned,57.98
14398,2186,10/02/2025,processing,1574.43
17768,3534,20/03/2025,completed,1394.14
12126,3690,3/02/2024,processing,29.08
3745,6167,12/11/2025,shipped,476.72
19538,7243,9/06/2025,completed,1357.18
17840,825,27/01/2025,processing,124.31
4625,7603,11/12/2024,processing,944.56
6727,7831,2/11/2024,returned,1661.64
18591,1795,28/08/2025,returned,53.5
7668,176,18/12/2024,processing,172.07
2382,9618,5/06/2024,shipped,55.21
1041,9974,15/02/2025,shipped,208.45
12852,3153,25/05/2024,processing,2084.53
11917,4475,9/09/2025,shipped,212.28
7432,8024,13/03/2024,cancelled,9.53
7494,8420,15/02/2024,shipped,480.87
18892,962,5/09/2025,returned,936.64
18760,9584,25/11/2024,cancelled,253.18
8680,9313,3/06/2024,shipped,41.58
11770,49,1/09/2025,shipped,1821.99
12778,7259,17/07/2024,completed,1982.17
10262,3841,15/12/2024,shipped,3130.18
9883,6499,7/08/2024,completed,256.55
7028,1900,12/09/2024,processing,2965.98
3375,4317,4/05/2024,processing,922.1
11017,1871,10/07/2024,completed,2155.65
10038,8631,3/10/2025,returned,236.97
10507,3586,16/12/2024,shipped,2217.1
6735,8422,21/04/2024,cancelled,72.69
17877,8326,20/02/2025,returned,905.42
2196,2010,16/05/2024,shipped,1385.18
9894,4622,11/09/2024,processing,1127.47
16610,5872,1/12/2024,processing,241.4
16442,7294,29/08/2024,completed,11.44
15939,1178,3/05/2025,processing,34.58
8901,1824,27/04/2024,returned,345.47
13201,9679,11/01/2024,returned,41.36
6762,658,12/01/2025,processing,126.16
18225,4344,5/09/2025,cancelled,941.78
13183,4306,16/06/2024,shipped,96.43
16320,8786,20/11/2024,completed,322.32
15666,6,12/04/2024,completed,455.92
9425,7531,6/10/2024,cancelled,742.93
17001,3005,6/09/2024,cancelled,1570.68
8734,2742,14/01/2024,cancelled,998.16
14154,2020,4/06/2025,completed,82.04
15046,3391,11/10/2024,shipped,1152
3643,2878,16/06/2025,completed,404.68
8420,1132,13/02/2025,completed,130.31
9737,159,2/02/2025,processing,71.72
2683,312,8/06/2025,completed,504.18
5248,6243,29/01/2024,completed,28.49
19166,5029,4/05/2024,completed,219.68
1619,2995,1/04/2025,completed,244.16
14922,9474,14/01/2025,processing,1745.79
16516,2953,23/04/2025,completed,390.22
7088,1045,14/07/2025,returned,13.72
1965,4062,29/03/2024,shipped,109.86
953,7424,18/06/2025,cancelled,654.9
329,8429,1/10/2024,cancelled,1594.59
13990,2203,9/05/2025,processing,414.47
15336,5203,16/02/2025,completed,160.18
19012,4477,22/04/2025,cancelled,115.46
2827,8710,8/05/2025,completed,476.3
9696,5567,14/05/2025,completed,414.96
9016,1955,30/05/2025,returned,2169.52
10072,3505,24/04/2024,completed,783.72
10701,8552,23/07/2025,processing,2500.68
11357,7930,15/09/2024,processing,465.44
13572,6161,29/03/2024,processing,394.21
3145,292,29/12/2024,processing,874.08
14913,1956,16/10/2024,completed,10.52
19240,8599,2/10/2025,cancelled,832.57
19578,7639,13/03/2025,processing,500.24
8014,7713,2/09/2024,returned,318.51
14156,5227,16/09/2024,returned,168.98
6482,8125,13/02/2025,returned,302.31
18898,1826,29/03/2024,cancelled,148.09
19382,8906,14/09/2025,cancelled,14.09
14272,5155,29/11/2024,processing,559.52
11488,9023,15/11/2024,cancelled,81.32
5116,3761,28/04/2024,processing,259.74
13648,7792,21/07/2024,processing,70.32
15124,9240,7/07/2025,completed,219.28
16460,6836,5/02/2025,completed,1048.54
2456,2034,6/01/2025,cancelled,1355.2
14530,4147,4/04/2024,returned,394.05
15473,1287,12/01/2024,returned,112.32
16878,5596,21/05/2024,cancelled,1845.14
18206,5610,29/07/2025,completed,31.57
11906,5970,18/07/2025,returned,214.61
1073,1416,8/02/2024,shipped,9.28
8551,8277,27/10/2025,processing,935.89
5549,6682,11/08/2024,shipped,19.08
13851,1838,27/08/2024,completed,1841.68
10248,4258,21/11/2024,shipped,70.33
12603,5108,8/10/2025,processing,348.96
8379,2818,29/06/2024,completed,1195.49
16105,1067,16/05/2025,completed,84.98
17337,9789,2/10/2025,completed,737.18
16781,2523,27/06/2024,completed,457.29
14409,5660,12/05/2024,processing,1903.38
18368,574,10/02/2025,processing,18.79
4060,1471,17/10/2025,completed,20.74
3841,342,1/01/2025,completed,33.06
6617,409,7/09/2024,completed,671.06
12,9480,27/08/2025,cancelled,600.23
2252,3388,28/03/2025,cancelled,1079.14
19729,3495,5/08/2024,shipped,184.85
2562,8806,19/02/2025,returned,1046.66
16642,4644,6/07/2025,processing,130.48
1554,9638,31/08/2024,shipped,2624.28
4070,9812,31/03/2024,processing,1658
15819,1389,8/08/2024,completed,128.53
13219,8254,18/06/2024,returned,88.76
13153,8791,1/08/2025,completed,460.08
2413,6424,25/05/2025,cancelled,223.96
10814,469,10/03/2025,returned,389.67
2410,3254,13/03/2025,shipped,513.32
19027,4139,13/02/2024,shipped,37.23
450,88,6/06/2025,cancelled,698.06
5499,3493,11/01/2024,shipped,190.54
15384,1094,8/12/2024,completed,742.02
8043,8421,25/09/2025,cancelled,69.5
12721,1537,2/09/2024,shipped,1065.77
5964,4055,20/02/2025,processing,122.3
363,296,27/10/2025,processing,39.34
5482,6692,23/10/2025,shipped,957.88
4133,785,25/07/2025,returned,64.11
5065,8758,2/02/2025,processing,1450.09
17661,3052,31/03/2025,shipped,1766.76
10800,9613,9/05/2024,completed,293.07
6245,1711,1/03/2024,shipped,235.46
11524,3607,21/06/2024,completed,9.31
5332,7025,1/04/2025,returned,112.06
16350,2988,4/04/2024,completed,907.52
3914,1080,12/11/2024,shipped,26.15
18522,5845,18/05/2024,completed,1206.17
16988,7499,16/10/2025,completed,308.53
3766,7841,14/11/2025,completed,70.68
12214,5585,22/09/2024,processing,584.65
6936,8479,22/09/2025,completed,244.67
2566,8481,18/09/2025,completed,1072.76
12311,6415,16/01/2025,returned,40.8
8628,9198,6/07/2024,processing,291.64
3286,4423,15/08/2024,shipped,796.21
571,9858,12/12/2024,cancelled,498.36
15162,8224,12/11/2024,cancelled,518.47
4269,2440,30/07/2024,shipped,2793.58
10436,205,16/05/2024,cancelled,1092.48
13711,6562,31/01/2024,completed,503.68
19070,5016,28/06/2025,completed,180.74
5789,1235,1/05/2024,cancelled,113.98
14343,8315,13/03/2025,shipped,45.11
11892,4575,30/10/2024,cancelled,463.98
1656,6743,8/03/2025,completed,14.59
15764,3674,10/06/2024,cancelled,332.02
19981,224,10/04/2024,shipped,1294.54
17458,2076,10/05/2025,returned,179.51
1338,8108,11/06/2025,processing,1203.98
16357,5173,5/09/2025,cancelled,256.31
19997,9864,20/06/2024,cancelled,114.74
86,4906,14/04/2025,processing,281.05
19839,6499,6/06/2024,cancelled,51.45
4480,4320,6/06/2025,returned,279.09
351,9272,21/06/2025,processing,121.87
1312,9557,12/02/2024,completed,401.88
19089,4160,6/11/2025,completed,140.4
11755,713,26/06/2024,cancelled,803.84
19595,2445,20/10/2024,cancelled,724.01
574,8363,19/04/2024,cancelled,171.81
8112,1576,20/09/2024,shipped,131.94
10020,7412,14/07/2025,returned,462.58
14164,9323,24/10/2024,cancelled,65.6
10250,9003,18/05/2024,processing,46.5
1396,5019,26/04/2025,returned,938.93
9596,6196,25/12/2024,cancelled,204.78
4361,5229,24/10/2024,shipped,124.94
3215,4856,17/06/2025,completed,462.83
3685,1956,28/06/2024,returned,166.86
2085,9929,29/01/2024,cancelled,179.7
8219,1664,24/03/2024,shipped,81.17
1787,7055,1/02/2024,completed,5.11
14316,1055,13/01/2025,processing,1233.6
2971,7256,1/11/2025,completed,57.18
18017,3852,14/03/2025,cancelled,307.22
10608,9789,21/05/2024,processing,46
3618,4431,12/07/2024,shipped,443.72
8748,3746,27/05/2024,processing,92.52
5563,1842,18/03/2024,completed,398.28
12471,7457,20/09/2024,completed,1407.57
8282,9202,28/03/2024,returned,1086.71
7817,2620,28/01/2024,cancelled,349.82
18835,7997,6/12/2024,returned,122.6
17070,4591,16/07/2025,cancelled,277.95
4585,7159,23/10/2024,completed,2222.66
17093,221,13/11/2024,shipped,193.38
2365,5148,9/04/2024,completed,919.17
8850,2769,18/04/2024,completed,2000.14
19289,4873,23/03/2024,cancelled,62.16
3593,436,16/09/2024,cancelled,1848.24
3692,1028,30/06/2024,processing,727.32
6880,9343,24/08/2025,returned,886.06
2262,2907,13/01/2024,processing,590.96
19387,675,4/10/2025,shipped,3268.38
2949,6177,28/06/2025,processing,168.96
11435,9297,26/03/2025,shipped,1876.45
13794,4870,6/01/2024,shipped,1124.87
17709,570,21/03/2024,completed,298.52
3330,1523,16/01/2024,processing,129.7
9342,2826,15/03/2024,completed,294.93
9664,2598,6/08/2024,shipped,404.22
11287,9514,25/04/2025,returned,47.18
13039,6516,8/03/2024,returned,3064.32
8261,5306,20/06/2024,processing,272.23
9382,5632,7/08/2024,returned,44.23
5124,9926,19/02/2024,cancelled,705.88
7681,1948,9/04/2025,completed,126.16
11434,8906,4/06/2025,cancelled,70.32
15457,8077,20/10/2024,shipped,195.44
2058,757,9/02/2024,shipped,61.14
1123,8188,8/10/2025,cancelled,34.94
2644,3319,10/04/2024,cancelled,136.64
2112,2758,20/04/2025,cancelled,550.52
4685,6431,10/05/2025,shipped,86.02
9909,684,26/05/2024,shipped,548.4
13470,4464,14/05/2025,processing,359.41
15628,367,5/11/2024,returned,274.34
12095,283,7/05/2025,processing,1487.03
5796,7616,3/12/2024,returned,129.49
317,3924,5/08/2025,cancelled,42.36
5404,2028,28/04/2025,completed,466.25
13553,9396,5/06/2025,completed,664.33
8056,7012,24/10/2024,cancelled,2160.15
2212,9647,6/05/2025,processing,462.62
7891,8250,18/11/2024,cancelled,97.78
8284,703,9/07/2024,cancelled,94.4
11694,6476,25/06/2024,cancelled,343.53
2384,6473,29/04/2024,returned,129.49
18557,114,11/05/2024,returned,711.56
17427,6618,23/06/2025,shipped,1647.9
16769,6168,27/06/2024,completed,52.1
13146,9507,21/10/2025,cancelled,1033.52
17805,8901,1/09/2024,processing,615.34
12883,2207,29/08/2025,processing,62.88
74,1053,10/10/2024,shipped,52.93
4262,1391,10/09/2024,cancelled,134.63
3380,8982,26/06/2025,shipped,67.28
12941,6011,12/10/2025,shipped,160.18
19227,6221,17/05/2024,returned,148.96
11907,4262,23/09/2024,processing,1381.38
6650,4277,25/04/2024,processing,6138.5
15337,4926,2/11/2024,shipped,405.37
2734,2617,28/08/2025,completed,48.64
4706,2095,23/11/2024,processing,116.18
17628,4383,17/07/2024,completed,1165.25
18073,8552,22/08/2025,cancelled,61.15
11116,4152,28/05/2025,shipped,71.41
12209,5899,6/01/2025,cancelled,208.34
1790,1843,5/11/2025,processing,4850.64
687,9867,22/10/2024,completed,1203.46
14062,4061,19/03/2024,shipped,163.04
12348,9688,22/02/2024,returned,186.97
16539,3838,23/08/2024,returned,108.68
7074,2707,19/09/2025,shipped,1392.55
12847,4131,31/05/2024,shipped,878.2
5914,9802,11/11/2025,processing,1202.02
16217,9097,5/11/2024,shipped,5.55
4343,399,22/03/2024,completed,3838.12
9542,4942,10/07/2025,completed,828.56
15515,6851,15/01/2024,returned,744.48
12631,9270,10/08/2025,cancelled,135.43
13147,3626,25/02/2024,completed,42.91
4700,4875,25/11/2024,returned,435.87
15831,7745,25/10/2024,processing,10.35
2016,713,13/06/2024,shipped,314.1
5889,6231,23/01/2024,returned,7051.4
11361,8879,25/07/2025,cancelled,381.53
18122,586,4/01/2025,returned,513.19
11014,5338,5/05/2024,processing,435.72
9889,1712,4/09/2025,cancelled,207.4
19369,1050,10/07/2025,processing,71.34
1460,2004,22/10/2025,shipped,141.68
1286,3334,12/01/2024,returned,88.62
7245,5008,19/10/2025,processing,383.39
16864,3696,3/07/2025,returned,97.63
12366,778,24/06/2025,shipped,59.19
16054,4291,21/10/2024,shipped,841.13
11723,9926,11/01/2024,processing,62.47
3401,1501,15/12/2024,returned,1474.25
16481,6943,24/08/2024,returned,932.65
1739,687,22/05/2025,shipped,906.42
15263,5195,14/09/2025,completed,273.04
10041,5158,26/01/2025,returned,26.08
13430,2402,22/01/2025,shipped,835.5
11908,2329,14/11/2025,processing,94.95
9938,1768,5/01/2024,returned,260.74
5587,9328,3/01/2024,cancelled,1217.83
1475,3846,4/11/2024,completed,177.64
6979,8504,23/04/2024,completed,239.49
7312,4225,8/05/2025,returned,16.78
19623,7282,7/06/2024,returned,55.76
13289,2062,10/07/2024,cancelled,273.31
19900,8516,24/09/2025,cancelled,1476.59
10802,9943,17/01/2024,shipped,859.04
11586,4853,28/09/2025,processing,67.54
14180,2399,12/10/2024,processing,399.34
6895,5022,28/04/2024,shipped,75.19
7169,5702,14/08/2025,returned,1454.71
14634,8530,3/02/2025,returned,112.62
6426,7660,9/01/2024,completed,847.08
10609,9967,12/01/2025,shipped,120.82
11678,2549,12/04/2024,returned,117.72
13124,5999,18/04/2024,shipped,602.43
17731,6997,3/10/2024,cancelled,928.24
17338,7549,3/05/2025,returned,2599.42
114,2688,26/03/2025,completed,114.08
12781,6426,25/10/2024,completed,43.13
1941,5728,7/03/2025,cancelled,474.53
19085,4767,25/07/2024,processing,61.54
8237,9935,2/06/2024,completed,672.8
9879,741,7/09/2024,returned,47.16
2120,2503,11/07/2025,cancelled,204.55
15442,3943,23/10/2024,cancelled,751.23
17536,785,4/06/2024,processing,733.93
13951,6349,28/12/2024,processing,186.08
15518,250,15/03/2025,completed,124.97
16130,7866,21/11/2024,completed,356.82
297,6600,27/05/2025,returned,1615.94
9039,8819,21/09/2024,completed,219.5
17058,3074,10/03/2025,shipped,325.1
807,9377,9/03/2024,returned,696.42
3447,5067,13/01/2025,shipped,100.06
528,8440,27/06/2024,completed,2656.92
2537,8970,27/03/2024,cancelled,4734.87
11439,7685,10/02/2024,returned,32.06
10354,9486,28/01/2025,cancelled,486.89
8411,6085,8/12/2024,shipped,318.64
2092,8579,9/03/2025,cancelled,655.04
4899,84,15/08/2025,processing,407.71
1816,7206,8/09/2024,shipped,32.31
10399,6240,22/11/2024,completed,195.39
3423,4366,24/12/2024,cancelled,2487.88
12291,843,18/06/2024,processing,209.1
650,2065,6/04/2024,cancelled,43.39
15040,1571,12/09/2024,returned,809.26
188,5931,31/10/2024,returned,52.77
1910,46,27/01/2025,processing,638.5
1406,4871,4/02/2025,returned,43.35
10977,6678,26/03/2025,processing,92.24
7840,6165,3/08/2025,shipped,316.52
11104,3075,26/08/2024,processing,157.56
7133,8627,29/05/2024,returned,728.13
359,4576,4/10/2025,shipped,45.07
16117,8280,25/03/2025,shipped,150.71
18754,6908,29/01/2024,completed,49.76
8698,4842,9/04/2025,cancelled,358.92
16475,3742,16/03/2024,shipped,56.8
4850,7276,27/09/2024,completed,779.16
4966,2240,4/02/2025,completed,1206.17
14869,6898,24/10/2024,processing,73.43
15011,890,7/02/2025,returned,288.33
8889,1244,6/02/2024,shipped,166.22
11050,6825,21/08/2024,shipped,84.68
592,3582,16/07/2025,processing,1140.2
9093,9032,23/07/2025,completed,1628.6
15723,6645,18/07/2025,cancelled,176.19
2416,3750,15/04/2025,returned,766.52
15599,2978,27/03/2024,processing,112.33
6925,5373,8/03/2025,returned,85.64
10128,5277,8/08/2024,cancelled,51.75
4455,4031,2/08/2025,returned,143.46
9472,8574,11/02/2025,completed,1047.18
10832,6189,4/04/2024,cancelled,672.91
8381,7489,25/10/2025,completed,514.28
15863,7263,14/07/2025,processing,130.36
1191,5598,16/02/2025,completed,10.78
6434,78,15/11/2024,processing,179.78
11051,9202,8/08/2024,completed,827.06
19978,1176,30/09/2025,returned,1477.96
210,9826,18/11/2024,processing,881.99
6184,1043,20/01/2024,processing,413.08
9174,6168,23/05/2024,shipped,69.29
3041,6830,25/12/2024,returned,337.47
6053,6189,16/10/2024,shipped,1774.29
6909,2304,26/12/2024,returned,177.13
17168,717,5/08/2024,cancelled,2048.3
4242,411,23/03/2025,shipped,113.14
12316,3971,24/09/2024,cancelled,36.27
373,3243,30/08/2025,processing,1774.66
4325,6791,1/09/2024,processing,138.89
6448,906,22/08/2025,processing,890.27
13078,6651,8/08/2025,completed,626.45
13301,8857,5/08/2024,returned,791.78
3241,8685,2/09/2025,completed,1989.5
4474,8344,27/08/2024,returned,489.35
8766,8352,5/06/2025,returned,42.92
19410,1572,22/10/2024,completed,788.14
6092,7036,16/03/2024,returned,93.18
13564,6406,20/01/2024,cancelled,109.96
13820,5373,21/01/2025,cancelled,205.07
8794,5262,8/02/2025,completed,1457.42
9354,2688,30/10/2024,completed,36.34
3239,8588,10/07/2025,shipped,2237.08
5087,9593,7/07/2024,shipped,934.06
16566,9396,10/12/2024,cancelled,176.29
19059,8124,28/07/2025,cancelled,101.29
4737,6344,21/08/2024,shipped,130.56
7264,9849,12/05/2024,shipped,262.83
18434,5435,20/11/2024,cancelled,166.37
19234,6045,23/05/2025,shipped,791.56
2479,695,18/10/2024,processing,810.53
1295,840,19/07/2024,processing,586.97
17449,157,19/02/2024,shipped,68.37
6090,9998,21/12/2024,completed,729.95
14967,7913,27/08/2024,completed,46.64
18072,9382,3/10/2024,returned,59.9
931,1362,10/03/2025,shipped,1565.59
1901,2663,1/10/2025,shipped,60.14
13148,6181,28/11/2024,shipped,7.56
17924,7598,9/04/2024,shipped,219.46
9971,4224,21/10/2024,completed,591.55
10798,8257,19/04/2025,completed,208.61
17667,8366,21/04/2024,returned,515.98
19867,416,2/02/2024,cancelled,180.71
3870,4662,30/01/2025,completed,100.33
5460,3995,13/09/2024,shipped,1090.15
8197,3407,6/02/2025,shipped,728.92
10236,8633,15/07/2025,cancelled,1390.56
795,4679,16/02/2024,completed,196.4
2647,8149,7/02/2025,cancelled,331.98
11094,6381,30/03/2025,cancelled,3615.3
19454,7774,12/11/2025,processing,733.43
12881,6231,6/08/2025,returned,2434.89
18270,6667,27/02/2024,processing,868.6
5813,4574,25/10/2024,shipped,641.22
15069,3638,2/10/2025,cancelled,135.04
17495,2224,24/05/2024,shipped,1272.5
6526,9642,23/02/2024,completed,27.65
4983,8736,22/12/2024,returned,144.76
2658,5564,23/04/2024,cancelled,992.56
8405,158,1/12/2024,processing,1441.15
19312,9258,10/03/2024,processing,1293.42
2057,1788,6/12/2024,returned,104.54
9548,6645,21/01/2025,cancelled,1485.25
11903,6633,8/07/2024,cancelled,43.13
1988,6384,11/03/2024,completed,11.4
2738,5171,2/08/2024,completed,1065.91
9107,2404,24/06/2024,returned,138.36
13051,8491,28/04/2024,completed,282.05
3598,8168,6/09/2024,returned,8.99
18660,4402,26/02/2024,returned,152.1
14589,6464,17/08/2025,shipped,466.9
15832,3887,24/06/2025,completed,916.26
13084,5473,4/10/2025,cancelled,494.84
13575,2302,13/09/2024,shipped,815.9
1313,4637,14/11/2025,shipped,110.26
12546,3391,1/02/2025,shipped,317.25
10195,1609,11/04/2025,completed,197.07
10405,6951,20/08/2024,completed,15.11
11301,2441,4/04/2025,completed,485.7
1131,7704,15/10/2025,processing,291.57
11607,22,26/02/2025,processing,629.16
1090,8060,24/09/2025,returned,274.74
17265,7229,4/08/2025,shipped,601.59
8164,7732,6/12/2024,returned,265.37
12100,8999,7/01/2024,processing,375.98
11340,4661,12/09/2025,completed,276.24
11983,3138,4/10/2025,cancelled,219.84
2067,88,17/10/2024,processing,408.72
12439,1212,14/07/2024,shipped,1011.51
2144,7478,19/02/2025,processing,133.96
10157,2850,26/10/2024,processing,234.33
508,3933,5/05/2024,shipped,842.39
2556,4441,22/10/2025,returned,1216.22
14081,2497,8/12/2024,completed,1033.39
2514,6272,4/01/2025,processing,441.33
2452,674,7/01/2024,shipped,345.2
3811,8854,10/01/2025,completed,1942.9
58,2279,16/09/2024,shipped,31.39
16531,7768,29/12/2024,cancelled,134.22
19641,3988,5/10/2025,returned,45.18
3626,4943,7/02/2025,completed,1324.11
11179,7146,26/02/2025,cancelled,196.71
14977,8872,20/08/2025,cancelled,93.04
6513,9050,22/07/2025,shipped,81.68
5197,7115,6/08/2024,shipped,1090.13
6867,6820,16/12/2024,processing,274.35
14418,5474,9/08/2024,cancelled,262.38
11259,5825,7/06/2025,processing,346.77
7236,394,30/01/2024,shipped,655.06
3256,3263,19/06/2025,cancelled,180.9
599,9289,24/01/2024,completed,1599.98
1284,2502,23/08/2025,cancelled,151.51
2646,3829,26/05/2024,completed,999.2
3855,9682,25/05/2024,cancelled,326.01
7139,9280,10/07/2025,completed,343.21
15202,3448,5/01/2025,cancelled,167.02
13245,7391,26/08/2025,completed,484.72
4129,2115,21/06/2024,returned,980.4
6562,2130,14/06/2024,returned,49.7
15289,6879,29/04/2025,returned,108.67
9331,6369,15/12/2024,cancelled,930.47
15257,6341,3/05/2025,returned,799.73
14036,4927,28/02/2024,processing,89.04
2879,6013,3/02/2024,shipped,202.62
8085,7317,22/09/2025,cancelled,158.72
5440,5412,20/06/2024,processing,3493.14
5650,2495,7/03/2024,processing,3004.54
1068,9849,10/04/2024,returned,146.59
15636,6853,20/05/2024,cancelled,20.84
18062,881,9/05/2025,returned,39.79
8778,7194,30/11/2024,completed,1248.06
14554,1381,1/09/2025,shipped,1543.73
17788,6610,7/11/2025,returned,884.31
16318,8498,4/07/2025,cancelled,163.72
19443,2460,1/01/2025,processing,56.08
2169,6559,14/11/2024,processing,543.31
11134,6241,21/08/2025,processing,1345.82
13757,2850,30/08/2024,processing,196.9
9828,496,29/07/2024,shipped,272.36
14953,5154,9/07/2025,returned,1069.14
4414,4306,17/09/2024,processing,63.96
2162,718,4/05/2025,processing,17.96
17483,8715,1/03/2024,returned,101.33
4851,2796,23/07/2024,shipped,79.47
18941,3122,31/03/2025,returned,1713.2
6,3449,13/10/2024,completed,2258.34
13228,687,17/08/2025,completed,20.15
16814,8509,20/07/2025,returned,717.15
6217,1475,6/02/2025,shipped,8.24
6385,8140,28/07/2025,completed,109.41
8694,5825,16/07/2025,processing,2973.01
10833,6621,21/02/2025,processing,20.84
7971,2169,10/06/2025,shipped,598.3
18908,978,13/08/2025,shipped,63.87
7394,7121,30/09/2024,completed,860.55
14887,9840,30/10/2025,completed,50.96
5323,7952,8/12/2024,completed,19.55
17710,5279,9/08/2025,cancelled,623.89
9553,3838,14/05/2025,cancelled,774.41
7398,9580,15/05/2025,processing,146.81
6391,23,16/10/2025,returned,1128.09
5054,5817,4/08/2024,cancelled,747.78
3137,2419,24/04/2025,returned,393.85
116,180,29/02/2024,processing,263.98
1194,1402,17/01/2025,processing,49.15
1996,5217,1/09/2025,processing,41.51
2623,5346,11/08/2025,processing,17.6
3529,3788,6/12/2024,completed,1181.94
8535,9294,29/06/2025,shipped,1670.52
14360,2446,11/03/2024,cancelled,19.54
42,7175,5/05/2025,shipped,274.27
18679,4266,16/05/2025,completed,974.27
17389,4961,28/07/2024,shipped,33.02
1446,1215,11/08/2025,completed,399.06
11563,157,11/01/2025,returned,375.39
7789,8940,28/07/2025,cancelled,723.13
302,3744,8/10/2025,cancelled,394.71
10047,7904,3/04/2025,processing,447.01
15700,4374,7/01/2025,cancelled,722.31
1232,6550,29/04/2024,returned,1075.65
8276,515,11/11/2024,shipped,82.31
14644,7701,27/03/2025,processing,41.44
6704,1961,31/03/2024,completed,431.12
14867,4238,13/04/2024,returned,967.93
13787,3852,20/04/2025,cancelled,7452.94
16183,578,3/04/2024,shipped,1894.08
1746,8335,11/03/2024,returned,956.68
5181,3708,17/02/2024,completed,335.6
10493,3529,11/02/2025,completed,465.3
13817,7860,24/08/2024,returned,66.03
5141,3897,6/06/2024,returned,85.85
4192,9379,2/10/2024,processing,142.38
18709,6066,29/08/2025,cancelled,40.03
8172,2809,19/08/2024,returned,245.91
12485,817,9/08/2024,completed,56.76
5036,493,7/05/2025,cancelled,89.02
7049,5955,20/01/2024,cancelled,863.71
15623,9368,9/04/2024,shipped,1072.23
4171,7964,27/06/2025,completed,61.57
15277,2587,24/02/2024,cancelled,96.03
1683,3220,25/08/2025,cancelled,176.48
10975,6841,20/10/2025,cancelled,52.25
6637,5765,31/07/2025,shipped,350.63
18528,7338,3/11/2024,completed,95.02
11539,9754,30/04/2024,processing,71.97
3686,1990,22/01/2024,cancelled,84.79
19860,8126,6/06/2025,cancelled,76.86
4149,7640,13/11/2024,completed,261.37
3502,2301,27/10/2025,cancelled,684.07
9308,2286,29/06/2025,shipped,367.5
19445,4371,8/05/2024,returned,20.23
6374,7268,10/12/2024,cancelled,765.69
2571,9891,9/11/2025,processing,14.04
9708,4438,15/02/2024,processing,430.03
10769,7411,16/08/2025,processing,146.49
8483,9132,6/06/2025,returned,725.02
13983,4133,26/09/2024,returned,67.22
13530,286,21/07/2024,shipped,199.13
18914,3575,13/04/2025,completed,534.6
1614,3186,13/07/2024,returned,435.57
4162,811,14/08/2025,cancelled,371.05
5334,1842,1/10/2024,shipped,94.87
17479,3533,16/05/2025,shipped,2474.06
1573,3133,29/09/2025,returned,451.15
12414,6823,22/04/2025,completed,230.03
2255,2317,2/08/2024,shipped,6.79
3684,8819,13/06/2025,cancelled,17.93
1458,3979,1/10/2024,returned,1341.8
18995,6825,14/06/2024,shipped,1755.69
5246,1198,30/01/2024,processing,670.63
14791,8524,10/05/2025,processing,83.76
2150,7681,14/05/2024,completed,146.49
2920,2064,11/11/2025,returned,894.8
16335,2787,6/09/2024,processing,1135.45
18581,1080,29/06/2024,completed,127.75
10479,2018,14/10/2024,returned,1293.17
12949,5023,5/05/2024,processing,1777.98
14607,5295,1/06/2024,processing,472.25
8076,2738,9/02/2024,returned,2470.13
13135,2980,11/04/2024,processing,320.13
19191,7413,9/02/2025,shipped,141.14
12390,4078,17/06/2025,cancelled,52.93
16290,4567,15/08/2024,returned,220.52
16674,76,8/12/2024,cancelled,82.64
1896,7672,12/04/2024,shipped,336.5
18348,9954,27/08/2025,cancelled,534.1
2815,288,20/06/2024,processing,423.73
3461,8154,12/07/2024,processing,374.96
18320,6911,6/02/2025,shipped,401.13
3368,7341,25/02/2024,shipped,7.92
7816,9413,8/04/2025,returned,1588.3
10622,5381,8/09/2025,completed,628.13
18698,3867,22/08/2025,processing,22.21
15020,6750,12/10/2024,completed,2337.6
19321,1186,18/05/2025,completed,699.62
9335,335,2/12/2024,returned,161.06
16095,7827,26/08/2024,cancelled,559.2
5513,3858,15/05/2025,completed,1279.55
18852,3251,11/05/2024,processing,293.83
16042,534,8/11/2025,returned,951.9
387,5535,11/07/2025,completed,742.73
6343,5302,18/03/2025,returned,916.33
2635,5839,22/06/2025,cancelled,846.61
4362,5771,10/09/2024,processing,617.58
19870,5098,22/01/2025,processing,261.83
9635,1763,3/11/2024,shipped,201.27
3831,8181,7/05/2025,processing,302.71
13087,7632,18/11/2024,processing,363.12
7435,2902,29/10/2024,returned,652.02
14980,276,7/04/2024,processing,542.6
961,3616,28/01/2025,returned,1262.72
5438,5026,20/05/2024,cancelled,294.53
5726,185,2/07/2025,shipped,1000.45
9747,8106,13/06/2025,shipped,57.46
12880,9240,8/04/2024,shipped,227.28
15453,7734,22/10/2025,shipped,852.64
17357,5101,20/03/2024,shipped,339.09
18516,7619,25/05/2024,returned,1066.08
233,9613,14/09/2025,cancelled,370.71
17261,8742,24/09/2025,shipped,1390.88
872,8515,30/09/2025,processing,117.1
3675,8350,7/08/2025,completed,2872.53
10519,4598,14/06/2024,cancelled,42.47
1400,2754,1/10/2024,processing,569.1
6285,381,4/02/2025,shipped,79.25
6994,1911,20/07/2024,returned,1034.76
8588,2028,11/09/2025,shipped,84.37
14585,5007,24/09/2025,completed,535.32
19079,6388,30/08/2024,processing,166.78
895,1492,4/06/2024,cancelled,208.24
2471,6541,16/01/2024,processing,163.54
14696,1950,17/10/2025,shipped,154.28
2427,4287,16/09/2025,completed,718.4
11461,2622,26/07/2024,returned,295.71
6615,8496,17/01/2024,returned,201.52
12653,3125,19/12/2024,shipped,2286.32
3948,8449,1/01/2025,cancelled,618.26
10344,9344,9/06/2024,processing,2308.62
12955,3082,22/05/2025,shipped,392.65
15425,3223,2/01/2024,shipped,983.9
4215,9149,15/09/2025,returned,21.52
4566,1160,6/11/2024,returned,1423.47
2192,3164,31/07/2024,shipped,496.22
3349,3249,15/09/2024,shipped,103.54
9480,161,22/09/2024,completed,179.96
11555,9983,15/08/2025,completed,514.17
1569,7493,18/08/2025,processing,608.39
4909,6230,28/09/2024,shipped,19.09
2551,7904,19/08/2024,processing,110.98
9484,1170,15/06/2025,completed,228.8
6176,1491,25/06/2025,shipped,248.05
19155,6651,5/10/2025,cancelled,171.7
1720,4687,23/09/2024,completed,744.27
16494,3190,7/05/2025,processing,704.83
886,9818,12/02/2025,processing,554.72
14495,468,3/07/2024,processing,495.1
17959,2602,3/06/2025,completed,2120.76
13279,8088,9/10/2025,processing,79.35
11008,3386,7/07/2024,cancelled,1286.28
417,4032,4/06/2025,cancelled,1649.19
1657,4859,28/02/2025,processing,66.52
18936,9242,28/02/2025,processing,457.22
2034,4843,19/02/2025,shipped,54.77
11888,7288,9/07/2025,shipped,498.57
18148,121,26/08/2024,returned,727.64
507,1202,11/08/2024,shipped,878.41
15002,7670,29/01/2024,shipped,78.16
4061,6771,22/01/2024,processing,136.65
7227,982,15/07/2024,processing,149.01
18976,6830,18/03/2024,completed,161.24
177,2797,18/01/2024,completed,675.6
4278,4575,1/08/2024,processing,1038.66
7384,9206,16/11/2024,processing,124.68
1763,1778,19/12/2024,processing,29.67
4910,9399,7/01/2024,processing,847.48
10490,2279,15/02/2024,shipped,54.65
6156,4397,6/02/2025,completed,470.61
4941,6770,3/01/2025,processing,54.46
11961,699,11/04/2025,returned,293.34
14960,3828,30/01/2024,shipped,160.19
1954,5436,11/02/2024,cancelled,1389.62
7120,4706,17/11/2024,processing,447.75
9813,120,8/07/2024,returned,976.26
6085,836,6/11/2024,shipped,548.83
19611,3559,11/03/2025,shipped,1010.24
2113,8370,27/09/2024,cancelled,6166.89
902,528,6/07/2025,processing,1014.8
10142,7455,20/08/2025,processing,51.8
287,7587,11/06/2024,completed,67.27
11131,1926,17/01/2025,completed,2011.89
16501,6137,12/03/2024,completed,433.25
9732,676,23/12/2024,processing,305.38
1689,8720,3/01/2024,completed,1836.69
17618,8763,9/09/2024,processing,440.15
11789,5935,31/10/2025,shipped,869.07
10524,5841,13/08/2024,cancelled,948.21
16665,8643,15/09/2024,shipped,164.27
16418,685,6/02/2024,processing,292.1
6610,2256,24/04/2025,shipped,82.11
11331,4211,8/11/2024,completed,243.88
7995,4485,10/05/2025,cancelled,64.86
10139,2251,14/01/2024,cancelled,673.74
6467,7221,19/08/2024,shipped,161.58
7885,9809,5/07/2024,shipped,91.48
1652,83,27/08/2025,shipped,49.41
12732,411,23/02/2024,completed,284.58
14333,6532,25/06/2025,processing,2643.9
6469,4888,24/07/2024,cancelled,27.23
5175,9172,14/09/2024,shipped,712.4
7001,1666,23/08/2024,shipped,37.56
3560,4740,18/06/2025,processing,18.15
17115,7387,23/03/2025,processing,74.08
6094,2066,19/06/2024,processing,245.2
17378,8516,14/07/2024,cancelled,2435.15
18980,3079,20/04/2025,cancelled,337.44
6509,168,25/09/2024,completed,284.43
3656,2532,24/04/2025,returned,900.47
4046,8399,15/10/2025,returned,637.75
10184,4367,22/06/2025,processing,80.06
17734,1687,12/02/2024,returned,1039.6
9688,6966,29/03/2025,shipped,176.29
17617,1799,8/12/2024,returned,364.66
2758,5788,27/01/2025,cancelled,1257.37
6834,9459,12/06/2025,cancelled,152.9
12380,3289,10/11/2025,processing,153.72
4731,1842,20/11/2024,returned,104.68
10571,8852,13/04/2024,shipped,65.24
2937,8828,16/03/2024,completed,201.3
3189,5100,5/10/2025,cancelled,691.47
12188,4144,20/03/2025,shipped,994.84
10647,5205,23/10/2024,processing,559.7
12256,9512,15/09/2024,cancelled,1254.82
13427,6685,21/09/2024,shipped,1298.33
7024,2774,16/01/2025,shipped,278.18
1048,3892,7/05/2024,processing,186.91
11455,4198,16/06/2025,shipped,33.76
4857,7131,1/06/2024,cancelled,399.58
3089,4531,31/07/2024,shipped,169.51
4903,5521,12/06/2025,shipped,167.52
5405,9696,5/09/2025,shipped,1358.77
9899,6302,22/02/2024,cancelled,1239.89
15662,7750,26/11/2024,cancelled,1964.42
9157,6882,11/03/2025,processing,211.63
8681,1802,9/01/2024,shipped,67.08
19124,8331,6/10/2024,processing,120.78
12050,9186,29/07/2024,cancelled,108.39
19548,3664,13/06/2024,cancelled,82.68
14512,3717,7/01/2025,returned,115.06
6153,3973,12/10/2024,completed,369.71
17030,536,15/06/2025,processing,54.86
14021,6062,12/07/2024,returned,605.04
15781,732,22/06/2025,completed,49.59
5948,2678,12/09/2024,completed,1097.86
17433,5622,26/05/2025,returned,434.41
15989,2763,27/11/2024,processing,35.34
9434,645,6/05/2024,completed,544.6
1109,166,26/02/2024,cancelled,190.17
3150,7698,7/03/2024,shipped,1345.07
4946,8889,26/10/2025,shipped,8.89
11922,8729,6/06/2024,returned,86.16
19713,3277,23/01/2024,cancelled,40.79
9024,5861,9/03/2025,completed,290.49
4305,3123,18/05/2024,shipped,88.17
12684,2042,21/07/2024,shipped,68.12
19977,2156,6/06/2025,cancelled,472.34
6006,6058,13/03/2024,processing,948.82
13819,1762,15/08/2025,completed,2131.63
12585,7376,2/04/2024,cancelled,305
7026,2283,28/06/2025,completed,111.99
7550,9809,26/04/2024,returned,225.66
5577,3901,28/09/2024,returned,450.17
14176,643,13/10/2024,returned,26
19145,9774,1/01/2024,cancelled,1127.04
6493,3356,4/11/2024,processing,44.1
18644,1497,9/01/2025,shipped,994.96
11388,6255,20/03/2024,shipped,761.47
17309,5863,8/09/2024,shipped,260.64
12008,4969,25/07/2024,completed,260.96
13934,8256,2/04/2025,completed,186.89
7267,360,12/06/2025,cancelled,145.05
9460,7663,11/10/2024,cancelled,1028.88
4184,3889,18/04/2025,shipped,165.72
7080,8302,29/04/2024,completed,697
4906,4773,10/09/2024,completed,405.41
8238,9817,15/03/2025,processing,27.14
7966,2382,8/02/2024,cancelled,53.39
10535,1128,30/04/2024,completed,167.96
10836,6582,12/06/2024,completed,705.88
16149,2288,15/01/2025,shipped,1408.92
16118,4284,8/03/2024,completed,140.52
8335,914,8/12/2024,returned,23.37
1427,3632,29/01/2024,cancelled,228.48
13021,9729,23/04/2025,processing,251.28
19528,6656,6/01/2025,cancelled,85.46
1373,3221,18/01/2025,shipped,332.57
15614,8063,4/10/2025,shipped,2472.14
2501,1283,29/01/2024,completed,821.1
2684,6948,2/12/2024,cancelled,202.56
2876,1438,16/03/2024,cancelled,331.83
2934,5625,9/11/2024,processing,162.39
13616,2411,11/02/2024,shipped,354.74
2703,7756,9/09/2024,returned,573.18
5805,8226,9/03/2024,completed,797.21
19078,3550,17/02/2024,returned,191.56
9549,6162,13/05/2025,shipped,38.84
11406,3661,7/10/2024,cancelled,215.6
17254,7711,18/07/2025,cancelled,20.8
13938,1153,3/05/2025,completed,242.82
13214,5215,6/03/2025,processing,136.74
14795,322,9/01/2025,completed,415.65
1828,1260,27/05/2025,shipped,296.76
16284,6258,4/05/2025,cancelled,19.77
11810,1876,10/10/2025,processing,68.2
10418,1139,24/09/2024,completed,69.59
11431,4295,2/05/2025,completed,54.01
2129,3952,22/04/2024,cancelled,1410.05
8111,8128,27/05/2024,cancelled,210.96
12123,6052,15/08/2025,processing,99.54
5115,6987,18/06/2024,cancelled,65.78
18316,127,14/04/2024,cancelled,106.67
7645,3753,1/11/2024,returned,825.6
7566,8097,28/09/2024,cancelled,814.28
6788,2843,24/07/2024,processing,62.62
2483,1592,28/09/2024,returned,644.14
16651,3704,26/01/2024,cancelled,76.59
9109,1991,3/02/2025,shipped,71.59
1823,1054,11/08/2025,shipped,48.42
10649,8758,13/09/2024,returned,264.21
15131,3751,4/06/2024,cancelled,579.62
17649,4544,2/11/2025,completed,1088.04
10059,3876,9/09/2025,shipped,999.72
12317,8741,8/09/2025,returned,1197.44
3649,3646,6/12/2024,cancelled,100.81
3180,5397,12/07/2025,completed,247.77
393,9235,9/12/2024,processing,1043.24
16322,1621,24/04/2025,shipped,2428.57
10466,8609,15/11/2024,completed,133.96
4059,6771,13/02/2024,shipped,181.88
2060,600,28/01/2024,returned,3941.36
13222,9857,17/01/2025,shipped,1004.12
13418,5062,10/12/2024,shipped,391.83
14965,4814,4/08/2025,processing,54.36
1024,3795,5/05/2024,completed,439.51
19581,7432,26/02/2024,completed,66.98
10135,8219,24/08/2025,cancelled,70.68
4197,7918,23/06/2025,processing,763.59
12818,2729,10/09/2024,processing,63.38
8563,9030,1/01/2024,shipped,407.97
6288,9613,29/03/2025,completed,551.16
19753,250,17/11/2024,returned,220.4
10616,1216,19/01/2024,cancelled,1055.15
13672,4347,6/07/2024,processing,16.35
7272,4039,26/09/2025,completed,1599.25
14460,5530,12/05/2024,cancelled,1874.39
15860,569,25/07/2024,returned,1199.62
18143,8492,28/02/2024,cancelled,284.58
9038,1577,27/02/2024,returned,192.98
7459,219,23/02/2025,processing,67.52
5532,2083,16/04/2025,cancelled,1241.86
18482,9520,30/12/2024,cancelled,99.61
6390,8752,29/06/2025,shipped,5.28
16451,7254,28/03/2025,returned,925.78
14461,971,5/03/2024,cancelled,358.72
6978,5627,6/04/2024,processing,245.62
18534,5856,5/11/2025,processing,696.23
2100,7515,24/10/2024,completed,1510.66
472,8860,29/05/2024,returned,63.33
16279,9715,23/10/2025,returned,71.41
7457,1295,26/03/2025,cancelled,477.42
17236,5776,27/04/2025,completed,20.93
10848,5170,31/10/2025,processing,2457.51
19863,5700,19/10/2025,returned,269.98
13075,5139,12/06/2024,cancelled,271.14
2588,4229,21/03/2024,returned,386.33
11727,6682,24/11/2024,processing,50.66
3261,6911,20/09/2024,returned,195.55
1947,4338,21/05/2024,completed,50.66
15887,2213,23/12/2024,returned,507.58
5439,8813,16/04/2024,shipped,192.66
9526,8163,10/04/2025,returned,89.88
8068,3905,28/08/2024,completed,385.78
18010,162,15/03/2025,shipped,62.52
6793,6471,16/09/2024,cancelled,498.14
15197,2867,12/04/2024,completed,313.75
322,2806,31/10/2024,shipped,133.04
8396,5375,13/05/2025,returned,834.52
10691,3053,1/07/2024,returned,1630.94
14169,2648,14/11/2024,completed,108.8
10302,594,29/06/2024,returned,252.06
19154,4283,8/12/2024,cancelled,91.58
15621,5029,7/12/2024,completed,1062.63
171,1678,3/02/2024,returned,31.72
11064,2044,31/03/2024,completed,332.16
6373,9495,5/03/2025,processing,676.71
13050,169,1/02/2025,processing,643.41
17730,172,13/08/2025,processing,1896.2
18939,1314,25/09/2024,shipped,10.35
191,3178,7/03/2024,cancelled,1345.24
8531,8712,29/03/2025,completed,177.89
8000,9724,13/02/2024,returned,183.65
18828,5352,21/08/2025,processing,370.35
13286,3217,10/09/2024,cancelled,107.83
14234,9649,28/10/2024,shipped,16.94
12630,5179,26/07/2025,cancelled,1792.76
19606,6567,2/10/2024,processing,582.07
11059,1487,3/12/2024,processing,703.14
11105,1248,15/12/2024,returned,47.02
1075,5335,29/02/2024,returned,659.8
11776,9200,1/06/2025,returned,864.7
12489,4206,6/11/2025,shipped,1550.71
9020,6627,2/06/2024,shipped,106.2
19349,3244,21/09/2025,shipped,700.42
10079,1994,23/09/2024,cancelled,394.8
16181,9910,28/09/2025,processing,59
11428,5813,9/05/2025,shipped,865.55
6651,7978,14/12/2024,shipped,204.06
9110,4328,22/09/2024,completed,448.54
4875,9161,10/10/2024,returned,1943.29
8486,1052,26/10/2024,cancelled,289.69
11905,9664,9/09/2025,cancelled,485.03
18651,3648,9/06/2025,shipped,636.27
16983,6343,9/09/2024,completed,23.37
15058,7890,13/06/2025,cancelled,815.47
8134,2278,25/07/2024,cancelled,201.5
6933,5677,9/06/2024,shipped,44.29
462,6724,16/09/2024,cancelled,250.41
18483,2757,17/03/2024,completed,1636.46
19984,8710,16/01/2025,cancelled,189.23
18491,3830,29/06/2025,shipped,1672.08
19254,2404,27/12/2024,shipped,531.63
14648,3496,15/05/2024,returned,819.09
5108,659,14/06/2025,cancelled,650.72
17870,490,11/11/2024,processing,81.4
19523,8216,16/06/2024,returned,97.78
9045,8560,19/02/2024,processing,1473.46
12958,597,19/06/2025,completed,56.65
3263,9358,11/03/2024,cancelled,730.3
13031,2003,6/07/2024,shipped,2337.85
9885,4146,25/01/2025,returned,176.48
17364,2893,24/08/2024,returned,6.64
5871,3602,5/06/2025,returned,187.33
9874,6741,14/02/2024,cancelled,999.17
15565,5033,3/10/2025,completed,517.82
7409,7160,25/10/2024,cancelled,545.59
14819,7432,23/10/2024,cancelled,416.96
12675,1255,15/10/2025,completed,894.8
17473,4766,13/06/2025,completed,5.79
19825,5156,23/07/2024,processing,3591.01
611,4880,29/03/2024,returned,290.14
2335,139,1/09/2024,cancelled,746.4
14955,6419,24/04/2025,processing,47.16
834,7098,29/12/2024,shipped,1629.93
3364,9592,5/09/2025,processing,45.87
6574,9903,3/02/2025,completed,3932.97
9032,379,4/11/2025,completed,884.25
2175,8319,14/10/2024,returned,17.57
5396,2384,11/01/2025,cancelled,111.79
7449,4201,29/12/2024,cancelled,69.5
19539,6103,21/08/2025,cancelled,357.8
8968,5784,30/04/2025,cancelled,82.05
3986,1537,24/02/2024,processing,196.12
4204,5807,18/05/2024,shipped,1098.23
12101,5601,15/09/2024,processing,223.62
538,9184,16/04/2024,returned,164.31
11484,9591,8/04/2024,shipped,226.24
2176,4802,9/04/2025,completed,283.47
10052,5243,29/08/2025,processing,40.71
7178,9691,15/06/2024,cancelled,105.34
15597,2760,16/04/2025,processing,1387.39
1477,7558,9/01/2024,returned,232.38
64,6235,7/09/2025,cancelled,1269.08
13495,1892,20/07/2024,cancelled,2158.15
3440,9220,2/09/2025,returned,120.05
8592,1571,10/08/2025,shipped,104.27
12170,4980,19/05/2025,cancelled,157.95
9150,7096,19/02/2025,completed,699.13
10122,2993,27/12/2024,processing,501.29
16638,7110,7/03/2024,completed,101.57
3346,8977,30/03/2024,shipped,84.37
4514,5389,27/05/2024,completed,1849.04
2367,1833,26/01/2025,returned,1258.37
13613,5527,6/05/2025,returned,292.26
9306,7688,3/04/2025,shipped,44.71
15892,652,15/07/2024,shipped,394.14
9190,2925,30/07/2025,completed,155.1
9356,5208,5/09/2024,completed,94.71
18116,3077,3/05/2024,completed,2838.11
4838,1151,23/11/2024,cancelled,259.69
9311,6249,24/01/2025,shipped,680.28
13415,7039,9/06/2025,shipped,318.6
11766,773,9/08/2024,completed,1944.31
13202,6203,24/03/2024,cancelled,564.72
9776,9193,28/05/2025,completed,113.67
4264,329,16/11/2024,cancelled,41.49
2595,8322,16/03/2025,returned,27.24
10240,3347,3/06/2025,returned,519.75
5625,2367,30/01/2025,cancelled,243.04
18632,6011,5/08/2025,shipped,46.12
3090,577,18/01/2024,cancelled,300.24
16924,1188,11/07/2025,cancelled,1694.78
14552,8617,3/07/2024,shipped,259.77
3275,9497,8/02/2024,completed,254.74
9286,5992,12/11/2025,returned,22.53
13474,9230,4/01/2025,processing,1763.77
17180,7981,4/09/2024,returned,77.08
9221,5800,2/06/2025,shipped,319.97
14301,5362,22/09/2025,completed,457.27
19343,8878,18/07/2024,processing,86.45
19667,7042,11/03/2025,returned,465.4
16784,7330,15/03/2025,processing,1817.68
19762,7923,25/01/2025,returned,58.46
14400,8275,1/01/2024,cancelled,805.16
7442,8396,14/03/2025,processing,90.04
5516,4031,12/03/2025,returned,461.02
4169,8474,16/09/2024,cancelled,177.35
9227,4386,20/05/2024,cancelled,42.57
15497,2920,21/07/2025,shipped,1062.28
227,2657,2/02/2024,cancelled,119.12
17491,6921,11/03/2024,completed,320.65
13029,4360,20/01/2024,processing,31.04
4286,3987,24/03/2024,shipped,175.47
6178,5656,9/05/2025,cancelled,29.68
9541,6249,26/02/2024,processing,136.91
1082,251,25/06/2024,processing,451.74
16696,2441,31/01/2024,processing,53.19
5038,2021,9/04/2025,shipped,284.54
8040,5894,23/02/2025,cancelled,115.81
9136,7283,3/02/2024,completed,11.83
11758,2198,9/11/2025,cancelled,3261.32
3235,4456,1/06/2025,processing,172.9
4597,7046,14/04/2024,processing,38.7
8407,4861,8/07/2024,processing,145.87
19073,1959,14/11/2024,processing,242.12
1893,8012,21/06/2024,shipped,811.5
14884,9681,22/08/2024,cancelled,225
761,2209,13/08/2025,returned,207.98
8253,7816,29/05/2024,cancelled,245.45
17699,4536,31/01/2025,shipped,234.18
3655,5386,29/06/2024,completed,168.14
19719,888,28/03/2024,cancelled,1369.63
13805,411,15/03/2024,processing,315.57
5706,1361,11/08/2025,processing,220.75
8025,9350,30/05/2024,completed,513.36
2202,2821,6/07/2024,completed,47.96
12998,3817,6/10/2025,returned,279.09
3362,1691,21/07/2024,returned,1587.18
12104,4419,9/12/2024,processing,294.35
844,2322,12/05/2024,shipped,687.51
2228,4064,18/07/2025,processing,239.04
13425,3909,31/10/2025,completed,1077.36
7900,8751,18/07/2025,processing,1569.62
19591,1810,3/06/2025,processing,2011.17
621,2290,18/10/2024,returned,2294.56
6816,7522,16/08/2024,processing,658.3
16147,202,14/07/2024,processing,120.35
17130,5466,7/07/2025,shipped,26.13
5785,6948,14/02/2024,returned,1021.8
4979,5845,20/02/2024,returned,96.21
19495,6580,13/07/2024,returned,281.5
3506,1800,12/03/2025,cancelled,286.17
19388,3971,3/05/2025,processing,917.97
271,3973,2/06/2024,shipped,357.98
3938,9557,23/09/2025,shipped,873.24
10891,3873,8/01/2024,completed,294.88
15702,306,24/06/2025,cancelled,40.71
19161,5660,11/07/2025,shipped,42.48
11320,1577,11/07/2024,shipped,1305.24
15978,3911,19/09/2024,shipped,173.61
16209,9179,18/09/2025,completed,689.32
16981,8304,3/06/2024,completed,132.22
3810,3414,28/04/2024,returned,479.8
4380,8670,29/07/2025,processing,120.33
11887,9243,19/02/2024,processing,15.64
1882,8282,13/11/2024,shipped,29.68
18255,4501,22/09/2025,shipped,330.8
18155,7930,3/06/2025,completed,2744.83
343,4252,25/04/2024,shipped,25.58
17358,2524,3/04/2025,shipped,258.59
1952,5570,26/04/2024,processing,177.33
12809,4156,4/01/2024,processing,257.32
551,9003,18/11/2024,returned,1131.3
5590,9220,23/05/2024,completed,9.98
2751,6826,21/11/2024,returned,77.3
4210,9179,24/07/2024,returned,1346.29
10277,486,21/01/2025,returned,546.88
15362,7747,1/08/2025,shipped,561.75
13880,4237,22/05/2025,processing,302.04
8074,7638,25/05/2025,completed,159.74
18479,2392,18/05/2025,cancelled,606.62
19144,5997,17/01/2025,completed,260.02
9069,6731,28/11/2024,shipped,570.85
19380,3670,24/04/2025,shipped,563.88
17935,5385,2/03/2024,processing,146.62
6826,2816,15/09/2024,processing,90.81
15965,653,8/08/2024,processing,26.13
19003,9380,23/08/2024,processing,261.3
2146,234,28/08/2025,returned,5433.42
11313,5365,26/07/2024,processing,3060.97
18438,3474,8/02/2024,returned,1307.61
17542,632,1/09/2024,returned,170.45
9247,6748,18/04/2024,processing,737.58
16914,2993,12/05/2025,cancelled,226
6779,1664,11/06/2024,shipped,1311.4
19482,9400,20/02/2025,completed,2068.5
10879,8897,13/03/2025,processing,563.69
4108,6150,27/11/2024,completed,277.68
16326,7961,11/08/2025,shipped,117.92
3889,4001,6/06/2024,completed,2302.78
17480,2005,24/10/2024,shipped,344.44
17885,2828,16/06/2024,returned,106.81
8193,7096,29/04/2024,cancelled,362.37
10043,5163,4/01/2024,completed,3078.25
4670,408,22/02/2024,returned,143.9
16388,8739,22/04/2025,returned,565.07
10566,6803,16/03/2024,cancelled,1598.44
14695,5953,25/04/2024,shipped,1136.07
9429,9282,12/01/2025,processing,141.54
5605,2279,5/03/2025,completed,475.65
3543,3347,2/07/2025,processing,152.1
18606,5320,11/10/2025,cancelled,658.98
9537,698,16/10/2025,shipped,305.73
1976,6267,2/04/2024,completed,69.5
12391,3122,28/08/2024,processing,397.97
5919,5413,26/06/2024,cancelled,491.5
12904,9299,14/10/2024,returned,75.15
730,4063,22/01/2025,shipped,26.06
14086,7139,20/06/2024,shipped,373.83
9185,1864,20/03/2024,completed,204.76
2014,7272,2/02/2025,returned,392.28
3088,2888,17/01/2025,returned,65.21
12381,8508,2/11/2024,returned,238.36
6127,6443,10/03/2024,cancelled,135.33
1812,400,6/06/2024,returned,2546.41
4758,8409,3/03/2024,completed,318.64
1644,9170,20/05/2025,shipped,414.66
13535,1670,19/06/2024,shipped,69.34
8616,5437,9/06/2025,completed,56.87
9245,3103,6/08/2024,processing,151.03
13701,512,14/11/2024,processing,665.02
15736,1373,12/09/2025,completed,827.98
18067,4692,21/01/2025,cancelled,226.67
4972,9895,25/11/2024,processing,1051.36
14679,9114,27/05/2025,completed,1812.85
7334,650,21/05/2024,completed,186.92
19220,953,8/11/2025,shipped,1600.79
16820,1719,29/06/2025,completed,320.67
14101,6083,4/09/2024,cancelled,231.26
11231,8868,14/07/2025,completed,214.22
601,8353,28/09/2024,processing,662.92
13505,2455,5/07/2024,returned,166.41
10923,7570,13/05/2025,shipped,234.33
5634,9738,9/05/2024,shipped,318.51
14838,3618,11/04/2025,completed,350.38
9249,5667,18/05/2024,cancelled,802.21
19179,3430,26/09/2025,shipped,206.27
10242,5155,8/04/2024,cancelled,479.8
17960,3409,23/10/2025,processing,23.28
13216,474,20/07/2024,shipped,233.7
3595,5303,10/07/2025,returned,3073.26
10794,2203,10/08/2024,returned,208.92
17882,7617,10/05/2024,shipped,112.68
16032,6240,14/05/2025,shipped,60.33
994,673,26/01/2024,returned,371.63
14957,8936,10/04/2025,completed,1605.25
11168,3348,21/10/2025,cancelled,253.01
5400,4475,8/02/2025,returned,330.15
1267,2948,1/02/2024,shipped,32.7
3615,3072,27/06/2024,completed,954.63
1899,4169,16/04/2024,shipped,44.53
13102,1254,22/07/2024,returned,294.72
3179,8516,24/09/2025,returned,34.94
19647,888,26/12/2024,completed,164.53
8159,8327,4/03/2025,processing,134.17
9405,2171,11/06/2025,completed,175.68
4556,2324,20/02/2024,returned,379.66
1508,5444,7/09/2025,processing,602.05
15401,4265,30/03/2025,returned,766.26
15958,2887,18/08/2025,returned,84.96
9867,3035,9/02/2024,cancelled,1499.58
3730,9659,30/06/2024,completed,323.73
17397,2039,16/03/2025,processing,76.18
6401,3775,3/01/2024,returned,97.57
19127,3210,10/01/2024,returned,220.17
9042,8282,13/04/2024,cancelled,741.57
10778,7170,23/12/2024,cancelled,346.25
9868,821,7/03/2025,processing,379.69
9963,8661,9/07/2024,shipped,3087.33
14659,6711,19/10/2025,cancelled,168.63
7113,6005,3/01/2024,completed,62.19
5007,3284,21/01/2025,completed,314.04
13601,7208,9/02/2025,completed,15.21
7788,2076,25/09/2025,returned,105.08
17349,6759,30/12/2024,processing,3.42
8002,2716,2/04/2025,completed,572.62
14890,2104,4/10/2024,completed,904.04
4427,8049,2/11/2025,cancelled,163.19
13173,8126,20/03/2024,cancelled,643.14
668,7311,27/09/2024,cancelled,1554.14
17225,8535,7/10/2024,processing,2090.93
4276,3361,9/09/2025,completed,204.78
9525,7100,29/04/2024,completed,71.01
10749,1019,23/03/2025,cancelled,234.11
12850,1839,1/10/2025,completed,14.33
1346,6456,14/03/2025,returned,271.11
3609,3292,7/10/2024,processing,291.39
18158,2935,14/11/2024,shipped,3198.8
999,2915,27/06/2025,completed,229.12
10093,5077,12/08/2025,processing,1033.13
18825,354,9/06/2025,shipped,20.98
3159,4106,11/01/2025,processing,168.03
12346,6389,27/07/2024,completed,207.43
14076,8252,17/01/2024,cancelled,1267.96
10555,4336,31/12/2024,processing,826.62
8706,3681,22/10/2025,shipped,562.93
14214,2629,30/01/2025,returned,2130.49
14772,271,23/12/2024,processing,44.02
4412,7571,28/07/2024,shipped,814.91
16353,3122,9/03/2025,shipped,493.31
14493,1401,2/06/2024,shipped,34
6017,9134,11/01/2024,returned,110.71
6067,2534,17/06/2025,shipped,1038.94
14239,7543,23/10/2025,shipped,122.35
7685,3365,8/04/2024,completed,2456.22
18604,1151,9/12/2024,shipped,638.51
3978,1429,27/11/2024,cancelled,29.91
15184,2341,20/05/2024,cancelled,116.22
3035,8598,19/01/2024,processing,115.86
13793,9959,4/09/2025,shipped,56.45
2529,6550,29/09/2025,returned,65.56
13941,3547,3/03/2025,shipped,1179.54
18476,8534,24/09/2025,returned,326.01
15067,1489,10/09/2024,completed,97.69
6321,7144,17/07/2024,processing,299.09
18059,2638,3/07/2025,returned,219.21
18467,3371,2/03/2024,cancelled,32.08
14498,9516,2/12/2024,processing,263.27
17760,9678,26/01/2024,returned,761.64
15765,2286,7/07/2024,shipped,1642.79
14718,8457,7/06/2024,completed,228.98
10317,8716,11/10/2024,processing,250.53
19695,7554,26/07/2025,completed,116.76
8264,5756,3/09/2025,completed,300.8
1370,5517,27/05/2025,cancelled,221.43
164,6977,19/02/2025,returned,415.45
13919,4044,2/01/2024,returned,209.57
17260,7268,28/10/2024,shipped,1560.88
9023,9233,5/09/2025,returned,297.5
1698,318,27/12/2024,processing,585.96
5512,9495,24/07/2024,completed,36.16
7328,6572,23/08/2025,returned,313.89
8383,284,29/07/2024,returned,112.45
4431,3135,26/01/2024,processing,189.63
9135,8879,24/05/2025,returned,1771.21
18419,4735,26/01/2024,returned,793.04
12041,1304,7/07/2025,shipped,331.18
12647,6138,7/07/2024,completed,313.84
6166,8246,28/09/2024,returned,84.86
19544,2469,9/05/2024,returned,235.45
957,4492,24/05/2024,returned,297.47
6476,3211,17/05/2024,completed,399.86
2215,1300,2/06/2024,shipped,441.01
19381,3756,20/09/2024,shipped,14.26
16885,4398,21/05/2024,cancelled,619.61
13420,7995,9/11/2024,returned,361.4
10453,9349,21/03/2025,returned,808.6
18248,8289,23/06/2024,returned,205.09
11670,633,7/10/2025,shipped,231.05
14749,2710,27/05/2024,returned,4169.93
18404,7838,8/08/2024,returned,546.86
5742,5268,20/08/2024,cancelled,319.25
13324,7512,12/08/2024,cancelled,41.27
893,7147,10/10/2025,completed,1239.31
4320,7541,3/09/2024,cancelled,978.11
5319,8400,12/01/2024,processing,117.63
9585,9857,19/02/2024,shipped,1168.31
15316,6351,28/07/2025,shipped,585.74
9070,8563,11/12/2024,returned,977.24
19720,4721,28/11/2024,completed,127.81
9088,8317,26/08/2024,completed,380.78
19081,2440,13/06/2025,completed,2077.88
7192,5225,4/03/2024,cancelled,761.6
1407,2874,1/10/2025,processing,13.24
11736,3060,14/05/2024,completed,195.21
8390,7521,12/01/2025,returned,912.66
19092,4841,16/01/2024,processing,472.84
11608,1117,14/07/2024,shipped,384.06
19901,6439,14/11/2024,returned,278.06
2870,2689,11/05/2025,cancelled,526.72
19437,5279,29/05/2025,completed,374.28
17346,573,21/07/2024,returned,123.85
16804,3154,9/08/2024,cancelled,210.39
11022,3720,14/11/2025,processing,346.07
16870,4063,28/09/2024,returned,344.95
12272,1775,3/05/2024,shipped,549.57
15709,7429,5/05/2024,shipped,54.65
7483,2824,5/10/2024,shipped,35.77
18934,7420,15/12/2024,completed,977.37
10881,8849,7/06/2024,returned,1175.37
18497,9053,13/08/2025,cancelled,15.64
18711,7041,20/02/2025,shipped,499.05
10325,3804,2/04/2024,completed,134.24
11222,5912,10/01/2025,shipped,26.26
3726,5616,11/12/2024,returned,477.42
4574,1758,22/10/2024,returned,1773.88
5000,6029,8/03/2025,returned,513.39
14633,2937,11/03/2025,completed,454.35
1488,8659,1/02/2024,processing,2635.95
3222,2240,16/08/2025,shipped,708.98
5113,160,24/05/2024,processing,262.98
8738,2368,22/09/2024,shipped,107.31
14599,2773,1/08/2025,returned,962.65
3970,4498,2/01/2025,cancelled,116.96
4477,801,21/04/2025,cancelled,247.02
740,4443,8/03/2024,processing,223.52
11025,2027,18/01/2024,processing,2139.98
13349,4860,31/07/2024,shipped,1261.19
16280,9566,20/02/2025,returned,24.92
2962,1777,26/03/2025,shipped,466.15
7687,9914,21/04/2025,returned,949.73
1769,3430,28/10/2024,processing,408.71
14090,3437,12/11/2025,cancelled,1748.33
17240,3075,5/10/2025,shipped,1188.58
6792,6294,28/03/2025,completed,15.87
16207,6897,26/05/2025,returned,196.96
407,6627,18/01/2024,shipped,167.07
11053,4770,10/02/2025,cancelled,380.92
8307,6318,17/03/2025,returned,114.03
16571,9493,14/03/2025,cancelled,1791.94
3075,9829,24/09/2024,cancelled,755.76
17373,2204,28/12/2024,completed,92.23
182,9225,11/02/2024,processing,246.7
6274,3159,7/12/2024,processing,90.89
19636,9780,16/12/2024,processing,331.01
9163,6207,29/04/2024,shipped,84.13
11774,3987,28/07/2024,shipped,901.46
9495,2824,23/10/2024,shipped,183.25
12695,1044,3/05/2025,completed,815.47
17003,5705,21/06/2025,returned,121.02
5772,3188,4/04/2025,completed,1956.18
200,7622,9/04/2025,returned,26.74
109,1398,22/03/2025,returned,103.67
5631,8749,5/09/2025,shipped,213.55
16667,1071,2/07/2025,returned,6.75
14161,9246,7/10/2025,shipped,78.45
1509,1398,8/12/2024,completed,402.72
16206,6704,7/04/2025,returned,4064.62
1424,5906,12/11/2024,cancelled,645.5
14051,4593,1/02/2025,processing,945.15
9550,3506,16/12/2024,shipped,887.7
12992,403,3/08/2024,completed,19.09
1205,8439,3/09/2025,cancelled,374.05
15050,5800,5/09/2024,completed,84.79
3645,9180,17/09/2025,shipped,83.52
16352,7665,14/04/2025,cancelled,1555.63
1148,2941,4/12/2024,completed,380.65
2561,3837,4/01/2025,returned,130.95
18176,2499,7/07/2024,returned,750.33
531,8071,2/05/2024,cancelled,611.3
6084,819,26/02/2024,processing,42.78
4933,8886,3/02/2025,shipped,66.67
11935,5774,27/06/2025,shipped,508.93
15882,3996,23/04/2025,shipped,2682.45
19409,863,18/03/2024,completed,252.17
13181,5451,13/07/2025,shipped,426.42
17372,2630,29/01/2024,shipped,1251.1
3853,420,1/07/2025,returned,340.47
13839,401,6/03/2025,returned,66.11
1636,7410,21/02/2024,processing,676.91
3343,770,15/04/2024,processing,21.12
7744,8095,25/06/2024,shipped,332.74
19392,5481,12/05/2024,shipped,514.97
9700,5313,29/04/2024,cancelled,80.87
907,4247,1/03/2025,completed,1059.3
8340,9656,16/01/2024,returned,59.51
10297,6137,10/09/2025,returned,201.8
13403,3610,15/05/2025,completed,805.42
13512,2671,12/08/2024,processing,967.92
13295,888,2/08/2024,completed,304.79
16517,7514,15/10/2024,returned,530.74
17742,7594,1/09/2024,shipped,5176.65
1741,4825,15/10/2025,completed,269.98
11873,8313,3/04/2024,cancelled,289.56
13271,5426,21/04/2024,completed,662.83
8638,3042,18/09/2024,shipped,265.29
10078,466,16/01/2024,cancelled,606.44
10318,666,7/03/2024,cancelled,334.79
17307,3356,28/05/2024,completed,788.57
19165,6645,19/01/2025,cancelled,99.31
7177,3951,12/07/2025,returned,100.55
10612,3474,7/05/2024,cancelled,127.26
353,7561,9/10/2024,returned,373.43
3695,8215,1/08/2024,shipped,54.42
8280,3105,27/07/2024,shipped,1217.83
10054,5554,14/04/2025,shipped,66.56
11989,9334,17/05/2025,processing,265.42
13533,9299,27/08/2025,returned,124.59
18792,5254,25/08/2024,cancelled,46.59
19511,5592,1/01/2024,processing,1389.22
18163,7909,28/11/2024,cancelled,107.77
6358,5949,4/08/2024,cancelled,983.44
12449,5694,23/04/2025,processing,100.62
5051,8974,27/06/2024,shipped,835.25
7391,7259,27/10/2024,shipped,152.24
4350,9799,22/11/2024,returned,68.37
822,4158,22/09/2024,completed,21.92
867,4937,24/06/2025,cancelled,1237.89
17296,6366,23/11/2024,completed,59.15
4116,9005,27/08/2024,cancelled,1763.34
15350,3821,20/06/2024,shipped,138.92
9300,466,6/11/2024,processing,1287.95
1127,278,15/03/2024,returned,168.63
9866,7958,7/09/2025,shipped,85.22
10310,5025,23/09/2025,returned,21.38
1617,3529,28/06/2024,shipped,187.25
5609,532,8/02/2024,completed,46.87
303,8037,13/01/2025,returned,173.9
4766,5589,10/03/2024,shipped,1148.52
19893,2376,28/07/2025,returned,1061.13
13577,7089,20/07/2024,cancelled,630.83
5209,9852,21/10/2025,shipped,729.28
3081,407,24/11/2024,cancelled,985.28
3242,4656,26/09/2025,shipped,39.96
12896,6548,4/04/2024,shipped,575.07
7588,6384,13/04/2024,returned,244.57
2317,4177,6/03/2025,shipped,1470.93
10558,2021,1/12/2024,completed,307.04
13366,2682,12/06/2024,returned,176.63
3004,9935,13/11/2025,completed,367.54
5012,7029,30/04/2025,completed,1387.63
1430,4979,22/08/2025,cancelled,383.75
3384,2466,30/08/2024,shipped,220.12
10934,9549,10/04/2024,shipped,506.24
7808,6166,16/12/2024,shipped,276.01
5471,6965,17/10/2024,returned,49.77
3837,3541,17/03/2024,cancelled,81.28
10530,6511,17/04/2025,completed,442.23
4918,7043,29/10/2025,cancelled,141.5
4752,4150,24/09/2025,completed,1187.64
11657,2215,20/11/2024,returned,45.74
18488,6827,28/04/2025,shipped,311.41
16319,8015,19/05/2025,returned,2035.68
15859,282,28/06/2024,returned,300.29
1764,2614,5/05/2025,processing,2859.09
5976,7452,18/01/2024,processing,228.48
10291,2,18/08/2024,shipped,672.85
5930,8813,29/06/2025,returned,9.58
11327,7202,19/05/2025,returned,127.26
8143,3459,9/11/2025,cancelled,82.85
8110,8832,11/05/2025,processing,1412.98
8580,3234,3/03/2024,returned,57.6
16899,8219,16/04/2025,cancelled,150.71
16210,6782,18/03/2024,processing,45.32
17753,1717,28/08/2025,returned,256.49
7461,2762,23/08/2024,cancelled,885.92
3432,3399,20/02/2025,returned,178.17
9697,7701,2/02/2025,returned,1580.24
6039,344,8/02/2025,cancelled,873.67
8273,9957,1/07/2024,shipped,296.15
3555,6703,1/10/2025,completed,97.57
15029,9291,21/03/2024,processing,163.08
5363,5261,8/07/2024,cancelled,146.81
11330,111,19/02/2025,completed,698.65
1648,7684,23/12/2024,completed,396.98
15671,429,6/08/2025,completed,644.76
15144,7177,5/05/2025,processing,73.39
2035,6017,19/02/2024,cancelled,173.94
1170,1345,8/02/2024,returned,563.09
3108,8774,20/04/2025,returned,1960.92
19075,6242,26/09/2024,shipped,88.69
5924,3651,5/09/2024,cancelled,955.84
18351,7454,24/11/2024,completed,1136.5
4483,7994,17/03/2024,cancelled,4.19
8664,9323,15/11/2024,shipped,1326.24
10706,362,31/01/2025,shipped,1019.86
15097,5984,10/03/2024,shipped,262.65
12962,7506,19/01/2025,cancelled,1063.49
4748,1435,28/02/2024,returned,596.04
10183,4492,26/03/2024,cancelled,710.28
10333,3784,5/03/2024,cancelled,160.17
14480,6089,1/01/2025,processing,106.55
14573,7598,5/09/2025,returned,111.58
7439,4366,17/09/2025,processing,15.79
16923,7665,7/04/2024,processing,1941.52
10983,1329,29/05/2025,processing,94.62
7875,818,10/04/2024,shipped,37.8
4062,8766,10/08/2024,returned,709.32
7322,3052,11/04/2025,completed,296.23
17308,7529,13/04/2024,processing,356.04
1250,8869,12/01/2025,completed,21.52
4339,1493,18/05/2024,returned,109.92
4745,227,9/01/2024,processing,71.07
2337,9566,13/02/2024,returned,3158.22
4462,3946,24/07/2025,completed,833.09
7538,7111,3/06/2024,returned,114.72
1970,8467,7/06/2025,cancelled,464
6226,8788,19/07/2025,shipped,858.26
1026,6008,24/08/2025,completed,70.32
12240,6414,20/04/2025,completed,85.43
18873,6763,26/08/2024,cancelled,1177.57
11467,6299,16/12/2024,processing,72.21
18008,1285,5/11/2024,processing,376.36
7015,6237,9/02/2024,shipped,209.25
15786,9832,30/08/2025,shipped,197.07
3022,6857,12/08/2024,processing,88.96
2029,5523,22/02/2025,returned,583.68
13854,5531,29/04/2025,returned,62.1
4071,651,8/03/2025,completed,27.81
3800,8263,20/06/2025,returned,305
13393,604,1/03/2025,shipped,69.1
9604,5301,17/01/2024,cancelled,91.33
291,7858,3/02/2024,shipped,778.39
19185,2651,25/08/2024,cancelled,394.7
17586,9376,7/07/2025,cancelled,756.59
11652,1660,9/05/2024,completed,1309.39
8186,8164,10/04/2025,processing,2842.41
18542,998,5/09/2025,returned,311.01
18677,3850,20/08/2025,completed,14.44
15932,3553,28/10/2024,cancelled,897.6
85,9453,10/12/2024,processing,661.52
19110,248,22/12/2024,processing,120.22
18838,865,19/03/2024,completed,494.86
2018,1182,11/06/2025,cancelled,58.83
18832,6142,9/03/2024,completed,332.67
1464,9827,8/04/2025,returned,244.16
11347,5850,13/12/2024,returned,219.98
15377,9074,30/04/2024,cancelled,115.5
3911,1275,9/02/2024,completed,247.99
12634,6935,23/11/2024,shipped,245.6
9219,6297,23/12/2024,shipped,290.73
1678,8151,12/07/2024,returned,1814.71
19897,6730,16/05/2024,cancelled,939.7
2512,802,2/12/2024,processing,398.82
3577,6490,11/08/2025,shipped,27.21
14199,5915,5/05/2025,completed,411.48
18398,3081,25/12/2024,processing,132.31
10024,2020,22/10/2024,shipped,96.56
4800,3316,20/09/2025,cancelled,317.82
5436,6676,11/10/2024,cancelled,714.96
14070,2407,30/06/2025,processing,23.33
10214,3889,4/05/2025,returned,565.65
13810,3692,21/10/2024,cancelled,776.65
17446,6807,3/11/2025,processing,52.87
14543,5322,24/05/2025,shipped,1154.99
14394,2360,11/01/2025,completed,741.89
10851,5474,25/11/2024,cancelled,474.15
15893,7014,30/06/2024,completed,17.57
4066,6995,23/07/2024,returned,891.11
14284,4282,16/04/2025,cancelled,111.12
2638,7749,30/04/2025,completed,100.65
503,7357,21/01/2024,processing,192.81
8064,8677,8/11/2025,completed,182.11
18508,8463,14/08/2025,completed,1490.27
9390,5320,15/03/2025,returned,12.34
19198,5824,17/01/2024,shipped,631.84
6859,6901,12/06/2025,completed,193.12
19178,6464,16/02/2024,shipped,2633.32
944,7233,13/04/2025,cancelled,113.98
14829,9586,1/12/2024,cancelled,234.18
4280,3213,17/11/2024,processing,126.29
5843,4275,28/08/2025,processing,29.55
13593,1537,10/06/2024,shipped,222.62
4083,6054,9/04/2024,completed,26.21
11063,824,18/04/2024,returned,1036.82
16396,9825,7/09/2025,cancelled,786.72
2229,6480,16/07/2024,returned,32.11
17824,8133,12/08/2025,shipped,725.56
18641,4925,1/04/2024,completed,493.15
18005,8068,1/11/2025,processing,829.05
19890,2120,2/10/2025,shipped,202.72
5877,6541,27/01/2024,cancelled,189.93
16225,8655,29/01/2024,cancelled,324.97
7308,427,18/07/2024,cancelled,1445.44
15585,7930,6/05/2024,completed,441.37
548,8981,2/08/2024,returned,1501.13
821,3301,11/02/2024,returned,739.24
12556,6972,23/02/2024,shipped,134.65
4740,1501,17/09/2024,completed,254.76
12207,1055,10/07/2025,returned,3097.17
6998,5877,20/01/2024,processing,294.74
10996,7027,17/04/2025,returned,1174.07
11899,3868,28/10/2024,processing,810.53
10630,6657,25/05/2025,completed,192
5555,2124,10/07/2024,returned,343.93
187,5772,2/11/2024,processing,534.92
12545,1769,29/08/2024,returned,1279.29
19489,9971,12/10/2024,completed,83.13
16597,1432,24/06/2024,cancelled,95.98
11127,2964,29/04/2025,cancelled,51.52
8075,5444,8/06/2024,cancelled,2774.78
17674,2677,4/10/2025,completed,16.71
16178,3080,12/09/2025,processing,1411.76
14673,7617,5/03/2025,completed,332.98
11664,2120,23/08/2025,shipped,141.13
17039,1700,19/09/2024,shipped,466.84
12107,3751,7/12/2024,returned,182.55
18217,568,5/06/2024,cancelled,156.17
14627,3726,19/04/2025,completed,829.61
78,5863,31/03/2025,shipped,186.4
10175,3294,18/01/2024,completed,541.73
17620,121,30/11/2024,returned,773.33
19180,725,17/04/2024,shipped,199.29
4235,4453,10/11/2024,returned,23.76
6295,8678,28/06/2024,completed,65
3558,6369,9/07/2025,cancelled,106.32
13994,5266,21/09/2024,completed,53.8
4023,9913,2/08/2025,cancelled,81.88
8501,1574,22/07/2024,shipped,445.25
19794,1673,4/07/2024,cancelled,1158.55
11765,3179,18/01/2024,shipped,73.71
15436,8192,6/05/2025,returned,223.76
18953,2930,19/03/2024,cancelled,236.87
9975,5328,24/05/2024,processing,401.39
1675,677,10/11/2025,completed,226.2
14416,3842,17/06/2025,completed,132.7
19933,5987,10/03/2025,cancelled,32.09
4420,1705,24/05/2025,returned,135.87
17861,8864,29/10/2025,shipped,474.82
9610,1718,7/06/2024,completed,580.48
5290,6378,3/06/2024,shipped,1493.77
8206,1529,15/01/2024,shipped,35.41
11346,4023,7/03/2024,completed,1807.47
18048,6583,29/04/2024,completed,129.49
4246,4009,13/03/2025,processing,822.11
10516,2981,1/07/2024,returned,15.6
1164,8607,15/05/2025,shipped,214.4
16425,1001,19/04/2025,returned,358.99
17105,9331,4/09/2024,processing,606.9
557,104,12/11/2024,cancelled,1097.64
2737,9369,8/04/2024,processing,2372.99
9116,6936,21/01/2025,shipped,79.3
10635,10,20/12/2024,cancelled,365.74
19509,2959,31/07/2024,cancelled,226.72
3391,809,19/03/2025,completed,273.5
15392,3105,9/09/2024,cancelled,112.19
13649,4640,4/01/2025,cancelled,153.41
12882,5355,23/09/2025,completed,698.24
4245,183,23/08/2025,completed,2493.47
14592,2936,3/08/2024,completed,40.54
709,2291,1/11/2024,processing,851.87
4150,8941,26/08/2024,returned,19.76
8790,4001,9/02/2025,returned,292.44
13780,8301,12/09/2024,returned,369.92
13480,8606,18/02/2024,processing,1743.84
2821,6851,5/06/2024,cancelled,1833.85
5324,4,27/11/2024,processing,847.6
8607,2754,26/02/2024,shipped,356.62
10876,6072,30/01/2024,processing,3220.86
12765,2672,3/09/2024,processing,248.05
15427,2862,24/05/2024,returned,786.83
2744,1101,15/07/2025,cancelled,29.43
10478,8669,9/06/2025,shipped,78.74
4741,8525,26/07/2024,cancelled,162.98
8749,1205,16/12/2024,processing,219.58
2538,1849,9/04/2025,shipped,188.15
12026,8543,6/03/2025,shipped,108.97
12314,2635,7/01/2025,cancelled,827.91
13479,6285,30/08/2025,returned,431.12
4351,5496,3/03/2025,completed,90.57
11447,6281,16/09/2024,returned,82.68
18579,6411,12/06/2025,cancelled,23.83
9454,3686,28/08/2024,returned,638.47
19024,7906,9/06/2024,shipped,335.31
6983,4354,15/01/2024,returned,488.58
8576,6075,17/05/2025,cancelled,305.45
17651,2621,22/12/2024,completed,80.56
18299,5415,31/05/2024,returned,219.26
9743,2932,18/10/2024,processing,2432.47
10186,48,3/12/2024,processing,344.26
5121,3244,9/06/2025,processing,349.54
19499,2602,10/02/2024,returned,2515.04
541,6037,11/11/2024,processing,917.26
4523,3439,13/02/2025,returned,2436.47
10750,9578,25/03/2024,returned,183.84
4436,2140,16/08/2024,shipped,174.24
12945,7518,29/04/2024,shipped,10.62
17454,5409,6/02/2024,shipped,799.91
14744,3144,2/04/2025,returned,1632.51
1374,3361,12/11/2025,shipped,1440.1
2959,5183,22/05/2025,shipped,170.53
10971,9834,9/12/2024,completed,832.43
16030,3989,6/07/2025,cancelled,13.34
10116,2849,4/08/2024,completed,184.18
15177,2104,2/03/2024,completed,58.73
7400,6344,27/07/2024,shipped,1879.62
326,6017,22/04/2024,shipped,543.39
8562,9419,19/05/2025,shipped,178.11
10192,7357,18/02/2024,returned,223.28
14484,2549,29/04/2025,cancelled,50.96
3648,6716,1/06/2025,shipped,23.8
14336,3744,29/08/2024,shipped,738.97
6774,7878,8/04/2025,completed,19.77
1808,6344,16/04/2025,shipped,85.79
19924,6941,22/09/2025,returned,65.95
1870,9793,10/12/2024,shipped,128.9
5869,6858,19/02/2025,returned,79.29
14392,2650,27/07/2025,processing,466.25
16381,8094,24/06/2024,completed,377.23
15935,8354,23/05/2024,cancelled,1179.98
5467,8136,21/07/2025,completed,638.66
13558,5617,28/06/2024,completed,68.33
19043,9578,28/12/2024,completed,166.64
9365,6581,8/03/2024,cancelled,1324.21
13185,4445,29/03/2025,shipped,139.3
3216,2660,12/11/2025,returned,542.31
3683,209,30/10/2025,shipped,1659.79
5278,5082,9/11/2025,returned,34.71
18721,2307,17/01/2024,completed,296.42
9734,6267,21/11/2024,returned,1741.87
220,8072,28/11/2024,returned,5220.21
9673,287,18/10/2025,processing,249.36
7060,78,27/04/2024,shipped,140.21
14395,3279,7/04/2024,returned,1006.22
9642,6119,9/10/2024,shipped,6.9
18833,9059,12/09/2024,completed,826.84
9594,967,21/03/2025,cancelled,10.7
12878,5332,13/09/2024,returned,395.06
12902,2264,11/07/2025,returned,1121.87
3316,563,30/08/2025,processing,174.47
10463,5107,22/07/2025,completed,853.07
11020,644,5/03/2024,completed,61.59
10883,3741,6/09/2025,cancelled,1188.62
8894,8642,14/10/2025,returned,1204.25
419,3451,10/08/2025,completed,1612.52
1294,9854,4/12/2024,completed,3105.54
17780,4216,11/03/2024,completed,730.48
14637,168,24/07/2024,returned,1380.23
502,9340,26/06/2025,cancelled,130.31
19492,7644,14/11/2024,processing,390.56
7068,9347,1/06/2024,completed,1260.68
13996,8179,21/12/2024,processing,113.75
2071,8806,19/07/2024,processing,145.01
2497,8072,20/02/2025,shipped,176.25
18219,5279,28/04/2024,returned,173.53
19613,9577,27/06/2024,returned,600.89
12473,5373,19/01/2025,shipped,64.27
3249,7164,9/07/2025,completed,177.39
10207,6240,19/09/2025,returned,277.67
5458,7443,6/04/2025,cancelled,268.16
16726,2196,31/05/2024,processing,574.53
655,3680,12/01/2025,returned,141.72
12796,7310,14/07/2024,processing,182.81
5190,8450,19/02/2025,completed,543.7
16527,8956,20/01/2024,returned,656.6
13899,9367,29/04/2025,shipped,1985.2
63,1271,24/02/2024,completed,1087.18
9451,7206,18/03/2024,processing,2768.64
8515,4532,25/05/2024,completed,612.23
13585,2910,17/09/2024,completed,411.53
4106,4288,15/01/2025,cancelled,1766.34
11267,659,24/09/2025,returned,391.2
19365,4219,9/11/2024,returned,52.93
1917,3625,18/09/2025,returned,227.12
11848,47,17/08/2024,shipped,2644.85
3386,1806,9/03/2024,completed,155.2
2622,6173,3/06/2024,shipped,1124.13
9595,294,5/11/2024,cancelled,168.1
2586,127,5/08/2025,processing,65.6
6441,1736,13/02/2024,shipped,122.6
2348,6681,1/06/2025,returned,45.96
12355,5977,23/07/2025,shipped,2406.01
9815,2707,11/04/2024,cancelled,14.44
10972,7639,11/02/2025,returned,63.98
14500,1349,12/06/2024,processing,238.35
10959,2490,9/09/2024,shipped,139.44
4120,5042,29/08/2025,processing,47.02
1129,2111,11/08/2024,completed,27.07
6001,9529,4/02/2025,shipped,624.72
11690,5746,16/04/2025,shipped,557.48
11695,5364,20/03/2024,shipped,70.23
17285,6559,26/12/2024,shipped,2882.27
2741,7790,30/10/2024,returned,448.63
4299,9768,29/07/2024,cancelled,1603.75
11424,4863,17/11/2024,shipped,307.79
2163,1680,4/10/2024,cancelled,658.91
3283,3154,8/11/2024,cancelled,78.46
2428,6312,16/05/2024,returned,253.95
18943,8146,21/02/2025,processing,1097.96
16735,9519,15/10/2025,completed,488.59
794,2451,4/07/2025,shipped,437.22
2776,712,10/02/2025,returned,136.65
10006,8478,19/03/2025,processing,14.3
5277,2663,2/09/2024,returned,597.63
16605,1718,22/01/2025,cancelled,452.36
13390,5969,26/10/2025,shipped,419.09
7880,3660,20/08/2024,returned,1837.06
13243,3797,18/05/2024,cancelled,58.2
364,2058,14/05/2025,returned,30.66
14704,7652,18/08/2024,returned,1034.57
19415,957,7/10/2024,processing,335.97
19375,6915,22/12/2024,returned,2.72
7181,9474,23/07/2024,shipped,12.14
1271,8660,24/08/2024,processing,181.12
897,1264,18/06/2024,completed,33.11
13788,4406,7/06/2025,returned,51.9
18678,2445,16/09/2024,completed,818.59
175,2754,12/03/2024,processing,694.46
18400,8060,21/03/2024,processing,69.19
613,6524,21/08/2025,shipped,56.08
4397,7521,14/10/2025,completed,199.79
11729,564,4/08/2025,shipped,100.33
10695,9530,25/06/2025,completed,132.06
5975,1446,2/08/2025,returned,215.6
1825,336,14/09/2024,completed,750.57
15907,9467,3/09/2025,shipped,53.41
10905,6253,25/05/2024,processing,113.12
13060,8163,10/03/2025,processing,626.91
17135,2940,17/05/2024,shipped,612.66
6560,8824,3/08/2025,cancelled,1024.05
16355,121,25/10/2025,returned,136.74
16856,4070,5/04/2025,cancelled,144.6
10276,6670,22/03/2024,returned,83.13
18718,9960,21/08/2024,cancelled,35.56
5826,7445,19/05/2024,shipped,2807.11
15340,2895,18/03/2024,shipped,382.71
11706,4629,17/10/2024,completed,10.2
6519,1677,21/03/2025,processing,97.36
7003,9888,12/06/2025,processing,988.72
1425,731,13/02/2024,shipped,4015.79
1897,2856,1/11/2024,returned,226.14
388,2024,21/08/2024,processing,282.68
18105,7791,14/02/2024,cancelled,107.38
6025,7472,13/06/2025,shipped,266.54
10379,2791,22/05/2024,processing,271.08
1778,5699,22/09/2024,completed,308.88
2874,3171,28/04/2024,completed,443.73
17292,4282,10/01/2025,shipped,294.72
5661,1525,16/04/2025,completed,57.87
2047,6742,8/02/2025,returned,236.66
2873,7164,15/07/2025,completed,1217.9
1864,4670,19/06/2024,returned,2949.02
5276,7675,27/02/2024,processing,1168.69
10817,3555,7/09/2025,cancelled,371.57
2560,9842,22/06/2024,cancelled,1452.55
9238,4257,1/01/2025,cancelled,1112.95
15231,3256,27/08/2024,processing,150.71
17138,4877,14/10/2024,returned,219.69
3903,6891,5/03/2025,cancelled,185.31
17376,4856,9/10/2025,returned,385.16
7557,1695,4/10/2025,completed,34.13
15364,9744,5/01/2024,completed,468.63
741,2415,3/05/2025,processing,54.16
3269,1792,22/06/2025,shipped,417.26
12691,5338,17/03/2025,processing,37.01
458,2802,25/02/2025,returned,79.08
19309,5538,8/05/2025,completed,95.08
9834,8999,12/02/2024,shipped,97.68
7345,4562,29/07/2025,cancelled,676.68
10241,473,1/10/2024,cancelled,1250.34
7196,2589,16/07/2025,shipped,3232.29
9516,3548,23/05/2025,completed,627.45
15456,9653,9/05/2025,cancelled,29.53
8106,5537,6/01/2024,processing,941.24
6752,1763,6/06/2024,shipped,3528
16337,2115,25/07/2024,completed,565.01
12736,4746,27/10/2025,shipped,249.04
15718,8168,6/04/2024,returned,153.72
16971,650,7/03/2025,returned,24.92
12006,8593,24/02/2024,shipped,1371.52
3167,9133,31/03/2025,processing,46.12
17624,4989,16/03/2025,cancelled,143.52
7176,3754,19/10/2024,returned,951.69
6249,8392,18/08/2025,completed,328.76
9731,5698,24/03/2024,completed,433.98
10256,1782,19/06/2024,processing,974
98,1491,6/10/2024,cancelled,1435.2
13111,6968,22/08/2024,cancelled,3.61
1603,2232,20/04/2025,returned,382.34
19037,4663,25/03/2024,cancelled,200.09
12916,2188,27/03/2025,shipped,335.61
3344,8342,19/03/2024,cancelled,219.72
9130,5871,20/01/2025,shipped,489.38
9271,6993,14/09/2025,cancelled,142.26
1759,7319,26/01/2024,shipped,30.26
7508,1415,23/05/2024,shipped,676.49
8266,6498,14/08/2025,returned,370.4
16346,8365,29/05/2024,returned,498.37
19452,3080,26/08/2024,cancelled,162.26
17572,6242,20/12/2024,returned,2352
13962,1214,28/12/2024,shipped,238.51
2266,161,31/08/2025,completed,1059.41
10584,3244,18/05/2025,cancelled,132.06
1892,714,10/07/2025,shipped,19.51
1755,4079,7/06/2024,cancelled,24.61
5739,2325,10/07/2025,returned,212.46
10815,5948,12/02/2025,processing,27.69
9450,5322,1/08/2024,cancelled,174.35
14393,7063,11/03/2025,cancelled,210.7
5673,2923,31/07/2025,completed,223.87
15468,6381,7/04/2025,cancelled,186.74
10580,2118,5/12/2024,returned,1522.12
16245,6261,3/11/2025,returned,211.2
3396,5417,8/06/2025,cancelled,667.59
7598,5192,14/08/2025,processing,210.13
17472,6538,5/07/2025,cancelled,85.14
17804,8196,18/10/2025,cancelled,1233.14
8047,6503,20/02/2025,processing,57.45
10374,262,12/11/2024,returned,153.63
1946,1081,28/02/2025,returned,44.33
14093,9410,2/12/2024,cancelled,442.88
7066,8333,12/04/2024,completed,894.12
13728,360,24/02/2025,completed,230.41
3550,636,31/12/2024,processing,513.2
16419,7166,2/05/2024,returned,97.42
19293,9515,23/05/2025,cancelled,190.73
6069,9939,2/09/2025,processing,541.54
6879,3860,19/07/2024,processing,188.64
13413,5745,23/06/2024,shipped,20.06
11929,9726,2/02/2024,cancelled,23.86
19935,2187,12/05/2025,cancelled,164.21
10536,3740,15/08/2025,processing,1251.01
11229,6765,28/07/2025,cancelled,180.56
12166,1118,19/09/2024,shipped,1742.92
1035,3072,6/12/2024,shipped,790.28
8964,2133,19/10/2025,shipped,391.52
11735,9587,10/11/2025,shipped,762.39
4334,8824,16/03/2024,completed,494.66
5033,594,4/11/2025,completed,533.63
13652,4903,4/08/2025,cancelled,3487.22
4633,319,9/01/2025,shipped,220.65
16473,4679,3/06/2024,processing,236.82
4428,1668,29/05/2025,completed,1049.55
14712,5577,6/06/2024,returned,475.6
788,6555,3/11/2025,cancelled,653.76
10287,4311,24/01/2025,processing,999.91
6327,2894,11/04/2024,cancelled,174.59
11811,5332,18/09/2025,cancelled,136.66
18362,7127,1/01/2024,processing,1196.66
10280,688,3/05/2025,completed,239.16
9394,6025,3/06/2024,returned,128.53
5064,2782,13/06/2025,cancelled,61.52
10332,8552,27/07/2024,completed,186.13
19238,4447,22/11/2024,completed,126.16
6108,3517,28/06/2024,returned,468.68
15165,288,4/03/2024,processing,442.79
17903,6425,9/01/2025,completed,534.87
18285,921,8/10/2025,completed,50.13
51,1487,24/03/2025,returned,49.59
9592,9950,26/12/2024,returned,647.61
18422,8735,26/08/2025,processing,44.59
13376,7775,10/01/2024,returned,139.14
6540,3429,31/05/2024,processing,609.93
8670,6956,12/11/2025,processing,779.12
16722,1178,5/07/2025,cancelled,46.81
1124,8146,12/08/2024,completed,260.02
10340,4479,12/04/2024,processing,992.56
8315,6701,8/05/2025,completed,364.29
8356,4488,1/05/2025,completed,293.61
16994,5803,13/10/2024,completed,6066.85
15853,8025,28/06/2025,returned,2037.89
16874,6820,25/05/2024,returned,75.18
16264,2432,24/05/2025,completed,52.18
13619,4833,10/01/2024,processing,614.29
13094,5621,19/10/2025,completed,912.6
6796,5564,7/05/2025,returned,1713.11
12492,309,22/07/2025,completed,165.4
18982,5544,22/08/2024,processing,826.18
16759,7293,15/03/2025,returned,11.31
14496,7298,4/04/2024,shipped,104.76
6510,8906,9/10/2024,returned,109.92
11691,3846,15/03/2024,cancelled,925.72
18327,7439,17/09/2025,completed,2066.58
2248,2718,13/03/2025,processing,253.58
5032,5607,11/04/2024,shipped,148.55
1375,546,5/12/2024,completed,2510.02
9261,9781,7/03/2025,processing,660.72
15641,2366,6/08/2025,processing,516.98
6853,7947,8/09/2025,completed,1359.4
5322,4294,25/07/2025,returned,1478.26
18092,8965,13/04/2024,shipped,2168.79
7417,9941,11/05/2025,completed,335.3
9655,4289,19/04/2025,completed,138.89
248,7067,1/12/2024,processing,350.41
17682,4071,25/09/2024,shipped,144.93
12469,1449,3/09/2024,returned,130.56
19660,6147,31/03/2024,shipped,1077.43
13580,7354,3/03/2025,completed,236.34
8271,9321,19/07/2025,cancelled,64.39
12043,3835,6/08/2025,shipped,363.88
16166,6903,20/08/2025,returned,127.5
294,3889,16/04/2024,cancelled,827.12
18784,6851,9/07/2025,processing,845.61
2837,3766,26/03/2025,returned,675.24
3998,2344,28/09/2024,cancelled,267.83
10289,6947,30/07/2025,processing,36.32
18882,961,7/06/2025,processing,300.67
15223,2315,21/06/2024,completed,48.15
19768,9575,8/06/2024,cancelled,1773.54
8325,7731,20/02/2025,shipped,771.84
1673,7047,13/02/2024,processing,21.41
6500,3169,21/09/2025,cancelled,984.2
10918,7482,4/12/2024,completed,46
13379,975,1/08/2025,returned,637.3
5778,1870,4/02/2025,returned,300.82
19149,1342,5/01/2025,cancelled,45.14
2855,4987,3/07/2024,shipped,625.55
15557,2747,17/06/2024,completed,469.98
5734,8549,2/05/2024,cancelled,441.77
7728,7568,28/02/2025,completed,546.73
3644,9485,30/07/2024,cancelled,1731.79
12960,4957,16/03/2024,cancelled,106.93
96,2173,28/07/2024,shipped,178.96
8429,1435,4/02/2025,completed,39.07
5506,8645,1/11/2025,returned,990.32
4990,6206,19/05/2024,cancelled,578.19
5886,5185,28/09/2025,shipped,20.74
14971,4907,31/07/2025,shipped,74.86
9766,1927,19/09/2024,returned,239.47
969,3073,18/04/2024,shipped,203.42
1065,3792,21/06/2024,processing,375.19
10403,5606,9/08/2025,processing,182.33
15094,646,12/02/2024,processing,160.74
6341,3820,28/02/2024,completed,239.97
14745,5595,21/12/2024,completed,190.22
6499,2842,9/04/2025,shipped,373.09
276,2287,3/12/2024,cancelled,920.84
1874,2838,19/02/2024,returned,30.59
7229,2009,25/12/2024,processing,21.06
14903,8137,2/05/2025,processing,53.8
5014,3476,10/11/2025,cancelled,707.79
7035,1512,15/07/2024,returned,51.75
8023,4141,29/07/2025,cancelled,458
18055,1479,23/09/2025,shipped,355.13
7770,5227,3/06/2025,cancelled,1090.63
16703,3779,17/09/2025,processing,1564.57
19488,1255,18/07/2024,completed,18.76
17887,4104,14/08/2025,returned,362.11
3293,6397,27/01/2024,processing,1403.85
6197,5008,18/12/2024,processing,244.27
16189,9660,15/03/2024,completed,92.24
6205,3648,9/11/2024,processing,585.44
3769,4428,24/07/2024,completed,3350.46
15303,5618,25/11/2024,completed,2093.55
8368,9298,18/03/2024,shipped,304.83
15895,5698,3/11/2024,completed,409.63
16327,4359,13/08/2025,shipped,46.59
2155,6850,7/07/2024,cancelled,701.36
8101,1614,17/07/2024,processing,420.78
11076,6405,17/05/2024,processing,333.23
5957,1712,14/01/2024,cancelled,54.64
641,1191,23/06/2024,processing,52.53
2394,4942,24/02/2025,completed,4022.28
11665,8092,7/02/2024,processing,523.66
14354,1521,31/12/2024,shipped,519.95
6950,632,3/12/2024,cancelled,56.18
18574,806,28/01/2024,cancelled,503.48
1020,9694,23/01/2024,processing,306.95
14096,4420,1/06/2024,shipped,254.22
12377,5928,10/06/2025,completed,1268.36
16488,7596,23/07/2025,cancelled,418.41
7812,8994,25/01/2024,shipped,1040.89
16992,7755,7/07/2024,completed,243.03
14840,206,3/10/2024,returned,37.54
7138,9420,19/12/2024,shipped,897.8
1032,255,26/10/2024,cancelled,47.35
8622,3990,8/01/2025,returned,763.44
12943,6755,6/08/2024,shipped,18.5
14507,1642,7/05/2024,shipped,185.36
6767,9697,26/01/2025,cancelled,284.53
6105,4846,8/02/2024,returned,892.85
3901,3282,12/03/2024,processing,303.15
9209,5026,8/05/2025,processing,99.42
11838,4876,28/07/2025,processing,637.28
19022,5961,5/10/2025,completed,184.09
13010,8103,29/06/2024,shipped,1286.75
10967,3460,12/07/2025,processing,236.06
2174,6492,4/07/2024,returned,38.32
10511,5424,11/01/2024,shipped,533.52
12724,8721,26/07/2024,completed,124.34
1496,675,30/01/2024,completed,1435.18
3459,7528,7/02/2025,processing,116.62
7235,8672,5/10/2024,processing,783.28
5442,1294,19/05/2025,shipped,682.71
18344,8977,30/09/2025,returned,257.03
13439,6749,2/07/2024,cancelled,67.54
10839,6698,12/07/2025,shipped,4.51
12266,6279,26/06/2025,cancelled,224.44
7021,1823,22/08/2025,cancelled,790.95
8982,4638,24/01/2025,shipped,30.59
19852,989,30/03/2024,cancelled,11.41
12038,1806,11/02/2024,shipped,2.75
2878,9697,2/05/2024,cancelled,561.48
8367,5435,15/07/2024,shipped,1586.52
4869,4091,30/08/2025,cancelled,68.6
160,6265,18/04/2024,shipped,105.34
11871,8565,20/12/2024,completed,1772.61
12829,2043,7/03/2025,processing,126.49
1149,8256,11/12/2024,returned,10.52
5915,7410,24/11/2024,returned,98.55
2378,8975,17/04/2024,returned,436.11
2564,2390,28/07/2024,shipped,1781.38
18347,1393,3/07/2025,shipped,2006.72
1713,7996,3/11/2024,shipped,247.5
4142,3539,19/07/2025,processing,1953.03
18720,5265,25/07/2024,processing,69.84
2699,4055,23/06/2024,returned,537.22
9448,5664,8/10/2025,completed,1413.41
15146,8183,10/07/2025,shipped,361.46
2472,60,29/01/2025,cancelled,81.47
2915,4014,5/10/2024,shipped,49.48
9103,7490,19/10/2025,completed,659.22
9349,9816,22/02/2025,shipped,22.11
17962,7414,26/03/2025,cancelled,1181.64
11332,9053,18/06/2024,processing,475.17
16808,4990,19/12/2024,cancelled,5117.51
12452,2585,22/07/2024,completed,122.03
13772,9941,8/05/2025,returned,126.74
16291,6009,5/07/2024,processing,300.9
815,6975,20/02/2024,completed,48.2
11760,8114,29/05/2025,shipped,48.72
16313,499,3/03/2025,processing,12.31
16495,2301,15/01/2025,completed,2066.26
6592,4136,2/01/2025,returned,27.23
2756,1722,30/04/2025,completed,84.27
1531,8269,3/08/2025,cancelled,293.66
18456,9856,27/03/2024,shipped,964.86
18739,6000,3/03/2024,cancelled,939.78
18142,3112,13/02/2025,processing,185.56
7983,5412,20/10/2025,cancelled,463.66
12239,1919,20/02/2024,processing,588.11
10227,9531,25/04/2024,shipped,366.84
14215,7190,12/09/2024,completed,167.86
16788,8772,8/05/2025,returned,354.31
3350,3907,18/07/2024,returned,62.75
18945,5780,28/05/2025,returned,220.64
6208,4211,27/02/2024,shipped,115.22
1754,1816,27/02/2024,completed,455.87
3110,3565,17/01/2024,returned,227.93
15309,4879,6/11/2024,returned,1551.97
6905,1065,19/08/2025,shipped,545.45
6690,573,29/06/2025,returned,2.48
12608,7232,13/07/2024,returned,61.15
17356,907,21/07/2024,returned,292.58
3395,1454,19/12/2024,returned,18.37
4291,5470,15/04/2024,completed,362.98
7642,8638,12/04/2025,shipped,561.49
13814,2702,28/06/2024,completed,148.55
7693,9333,30/10/2025,shipped,171.13
16741,8217,11/02/2025,cancelled,667.59
984,3853,16/10/2024,processing,133.95
10956,3607,16/06/2024,shipped,61.9
17514,7261,10/01/2024,completed,48.42
8523,2958,2/10/2024,cancelled,386.96
16967,8944,3/10/2025,processing,1818.97
756,208,5/04/2025,completed,410.06
8633,5854,7/10/2025,returned,234.99
12454,9897,27/03/2024,returned,94.35
16146,1296,2/09/2024,cancelled,70.56
9565,9989,18/06/2024,returned,995.31
14527,2546,27/06/2025,returned,912.21
9702,7160,4/07/2024,returned,4267.56
15284,2870,12/01/2024,shipped,1212.12
610,4407,25/01/2024,completed,696.07
17817,4111,29/09/2024,completed,134.54
4119,7874,18/03/2025,completed,44.38
8049,8643,24/05/2025,shipped,186.73
16598,4164,8/05/2024,shipped,194.85
8323,8245,12/06/2024,returned,4573.76
6065,7831,13/10/2024,cancelled,318.63
19225,8927,29/01/2025,returned,2.99
14907,3827,22/02/2024,completed,669.36
14783,2147,18/12/2024,completed,81.68
12654,4645,4/10/2024,returned,2631.23
16965,2383,25/04/2025,cancelled,155.2
3729,1186,11/04/2025,processing,1505.78
17363,479,14/07/2024,completed,153.14
5178,7204,21/06/2024,completed,4700.56
15403,2269,30/01/2025,processing,311.12
2823,4905,1/04/2025,returned,1476.04
5200,9759,6/07/2025,processing,566.94
12994,3204,3/05/2025,shipped,1090.83
11596,3978,8/10/2024,completed,985.1
18492,5632,15/07/2025,completed,56.94
4907,192,10/05/2025,completed,634.67
18374,5431,17/08/2024,processing,853.17
16012,1067,4/01/2024,cancelled,545.83
1091,4581,10/06/2025,shipped,174.95
8430,6218,12/01/2024,shipped,85.22
5260,436,25/02/2025,returned,957.67
9054,9855,26/07/2024,cancelled,16.35
6452,2754,10/07/2025,shipped,258.53
17159,8562,23/01/2024,completed,50.01
4885,8663,15/04/2025,cancelled,480.05
14331,3746,13/07/2025,processing,239.32
3205,6200,16/09/2025,shipped,70.8
16816,8184,23/10/2025,completed,2741.54
12801,7251,7/06/2024,returned,1912.29
10888,4405,24/07/2025,cancelled,872.83
15096,6901,7/06/2025,completed,641.98
19610,1568,25/08/2024,cancelled,187.84
3460,7222,10/09/2025,returned,37.56
15379,3966,19/07/2024,cancelled,900.31
2691,9555,20/01/2025,completed,337.27
18211,1581,2/11/2025,returned,48.15
19111,3216,22/03/2024,shipped,96.46
6619,5455,10/11/2024,processing,864.61
4200,925,10/05/2025,shipped,574.35
12791,2808,2/02/2025,completed,813.18
7385,6547,11/11/2025,processing,649.28
9216,9599,5/09/2025,processing,232.39
10694,5577,16/04/2024,returned,4123.5
3996,1882,23/04/2025,processing,688.58
11133,5142,8/01/2024,shipped,308.97
5994,3421,5/01/2024,returned,1238.84
14995,2153,18/10/2025,processing,344.29
5409,7497,10/05/2025,cancelled,1235.24
19104,2027,31/03/2025,processing,535.83
14206,7208,2/06/2025,completed,44.1
10724,1266,8/08/2024,completed,40.84
12263,4298,14/04/2025,cancelled,1101.2
15877,7025,27/10/2025,cancelled,944.56
1921,6402,30/03/2024,returned,278.92
14929,59,17/10/2024,returned,1241.75
15741,4794,4/05/2024,returned,120.09
18687,4709,16/10/2024,cancelled,692.55
6552,1283,29/10/2025,processing,648.35
1412,7435,29/07/2025,shipped,800.71
6810,1256,21/03/2025,completed,350.22
8131,1901,25/05/2025,returned,2040.79
12401,6260,16/07/2024,cancelled,103.59
11529,3972,14/05/2024,completed,60
13494,1102,28/02/2024,returned,332.33
5684,432,18/11/2024,completed,786.01
18292,4632,22/01/2025,completed,49.7
2678,3413,30/08/2025,completed,1728.38
12548,9001,8/02/2025,returned,1370.9
14969,456,15/07/2024,returned,73.39
7854,4928,24/01/2025,processing,389.75
13071,690,21/05/2024,processing,182.42
16896,9143,9/08/2024,completed,550.76
2193,1311,6/03/2025,shipped,95.19
8737,6364,16/05/2025,completed,562.64
8554,2256,22/08/2024,shipped,109.1
4618,931,18/04/2025,completed,28.51
7392,6146,27/01/2025,shipped,40.03
2167,9830,21/10/2025,completed,290.49
6113,245,5/07/2025,completed,3613.4
16728,9787,27/07/2024,returned,266.34
11276,3904,30/09/2024,completed,105.66
11915,1990,13/08/2025,shipped,24.6
19850,4550,17/02/2024,shipped,367.55
12236,3695,31/01/2025,shipped,1670.08
7096,8807,16/07/2025,completed,103.35
8028,5853,25/05/2024,cancelled,379.87
15059,5406,10/08/2025,shipped,497.08
13807,1094,10/03/2024,completed,1426.75
2727,1850,25/04/2025,shipped,95.91
3662,1320,15/08/2024,shipped,108.38
14794,8930,12/08/2024,completed,798.6
15313,2420,14/03/2025,processing,1889.45
8972,1030,2/11/2024,completed,251.36
10295,1885,19/06/2025,completed,440.88
15756,8596,1/03/2025,returned,20.14
19284,3368,7/08/2025,processing,130.28
15181,1358,2/12/2024,returned,546.48
19015,8204,9/01/2025,processing,36.42
18418,254,18/09/2025,cancelled,184.85
11314,3739,14/10/2024,completed,1332.31
7996,2756,25/05/2025,returned,2985.27
8158,9780,28/12/2024,returned,13.34
1867,3789,21/10/2024,returned,278.13
16347,3665,11/06/2024,cancelled,18.5
12053,7005,3/08/2025,processing,452.48
5162,1412,22/10/2024,shipped,1266.26
15413,3061,14/02/2024,processing,148.16
2973,7069,5/06/2024,shipped,1394.14
16595,4760,28/08/2025,shipped,2450.98
6179,3088,29/12/2024,returned,235.57
17577,3669,17/06/2025,returned,816.23
16526,2740,22/01/2024,completed,110.01
17989,8051,18/03/2025,completed,257.35
4518,985,27/02/2024,shipped,253.78
5787,669,28/12/2024,cancelled,461.57
11189,9789,12/08/2025,returned,104.19
12815,6464,28/05/2025,processing,801
16021,2412,29/03/2025,completed,1515.7
17826,5014,1/05/2025,shipped,703.38
17616,4525,9/11/2024,cancelled,329.75
1141,2593,10/08/2025,processing,851.66
5217,6567,18/11/2024,returned,64.82
12109,1784,3/04/2025,returned,323.01
293,1684,17/10/2024,cancelled,252.47
8641,9890,12/09/2025,processing,57.18
2268,3960,24/08/2025,completed,324.27
6987,5743,4/11/2024,completed,1082.03
17697,369,23/03/2024,cancelled,466.9
17520,4847,19/04/2025,completed,926.15
11623,1201,12/08/2025,returned,1244.51
744,9931,10/11/2024,cancelled,6975.66
19267,899,22/07/2024,returned,122.03
12895,591,7/03/2024,completed,970.29
7317,460,18/03/2025,returned,414.82
11534,6708,24/04/2025,cancelled,53.51
4997,3547,11/08/2024,completed,104.27
14399,7019,9/07/2025,cancelled,90.28
15220,4880,21/06/2024,processing,2618.37
11576,1372,26/11/2024,returned,709.85
5573,1336,27/04/2025,cancelled,65.19
2978,9556,22/01/2025,shipped,1087.56
11822,799,14/09/2025,shipped,473.62
6196,5325,28/01/2024,returned,596.56
7590,1187,6/11/2024,returned,307.54
803,6069,21/06/2025,returned,69.5
8295,6889,1/09/2024,returned,2.75
4191,5176,1/03/2025,processing,274.66
3217,3682,20/01/2025,shipped,92.36
9151,2089,12/02/2024,returned,285.15
8310,7690,8/10/2025,processing,1201.82
13405,9777,9/09/2024,completed,717.31
15509,1630,1/09/2025,processing,14.44
15815,847,5/05/2025,processing,388.4
10751,9304,15/05/2025,completed,1832.76
15268,7743,14/11/2024,shipped,1248.13
4036,7493,30/01/2025,cancelled,311.96
18998,1235,21/05/2024,returned,187.33
5093,7975,28/06/2024,shipped,168.5
9424,3051,18/08/2025,shipped,27.91
9578,9537,20/08/2024,completed,77.64
11374,3225,8/09/2024,returned,537.67
16421,7746,23/09/2024,processing,105.9
14458,3236,9/07/2025,returned,615.27
18555,2237,3/01/2025,cancelled,56.28
19532,4018,20/07/2024,cancelled,20.74
18511,7738,27/05/2024,returned,487.93
1432,3463,6/10/2025,shipped,241.48
6460,2522,21/09/2025,shipped,12.97
16890,804,16/10/2025,cancelled,1236.42
2645,2961,5/07/2025,completed,1561.73
16908,4034,8/04/2025,completed,167.84
1013,2642,22/11/2024,cancelled,191.91
4617,4061,3/12/2024,processing,1186.14
7923,7166,29/01/2024,cancelled,375.84
12888,2478,26/04/2024,shipped,934.05
924,4455,18/07/2024,returned,1555.34
6332,2004,21/03/2025,processing,30.77
305,1432,5/10/2025,returned,292.26
10068,9598,1/03/2024,cancelled,8.07
11273,1286,30/01/2024,cancelled,342.1
14077,2063,6/02/2025,cancelled,85.79
14638,2768,9/03/2025,cancelled,1068.19
6771,4774,29/09/2025,shipped,1409.44
8761,9459,4/01/2024,processing,38.28
13738,1421,24/10/2024,shipped,68.6
547,8726,30/12/2024,returned,269.19
8899,107,17/07/2025,completed,42.45
14045,4172,29/10/2025,returned,805.66
18704,3326,10/04/2025,completed,23.92
18183,4256,8/04/2025,processing,1993.95
5025,8791,4/09/2024,cancelled,176.53
10428,2947,9/08/2024,processing,400.2
13681,6470,3/06/2024,returned,813.89
6435,7319,27/12/2024,shipped,1552.7
11725,4159,27/05/2025,shipped,169.62
7078,8920,8/11/2025,returned,2056.42
9794,5523,8/09/2025,returned,340.33
608,1359,7/07/2024,returned,127.2
5754,4737,14/08/2024,cancelled,8.24
8831,8855,14/03/2024,cancelled,1934.81
3273,6443,24/03/2024,completed,253.18
15361,8740,26/02/2025,returned,1206.27
1000,1142,24/02/2025,completed,63.31
16240,9661,4/09/2025,processing,550.18
19263,4134,21/06/2024,processing,602.97
2327,6673,20/07/2025,shipped,92.38
19029,9429,21/03/2024,completed,295.49
509,7937,8/04/2024,shipped,705.58
12051,2321,21/07/2025,shipped,330.06
2791,3671,19/10/2025,completed,371.53
2238,2426,26/03/2024,cancelled,677.48
6163,6143,13/02/2025,processing,106.31
1942,2427,26/01/2025,completed,1045.7
438,5632,15/07/2025,shipped,152.43
4240,3901,18/05/2025,cancelled,711.02
6066,3470,10/03/2025,processing,936.26
19741,4768,3/05/2025,returned,447.53
4711,5926,3/04/2024,processing,89.93
10381,6660,25/08/2024,shipped,10.47
7069,8435,8/12/2024,processing,169.31
12036,9714,26/07/2025,shipped,3.61
12897,2481,2/11/2024,returned,554.93
10057,3542,11/12/2024,processing,111.08
15869,2701,8/04/2025,processing,84.98
6541,7356,6/05/2024,shipped,127.72
18301,1855,9/11/2024,shipped,33.93
5328,2333,18/07/2025,shipped,48.15
11356,3319,7/09/2024,returned,974.16
2835,7518,21/07/2024,shipped,26.79
367,8536,8/02/2025,returned,192.22
10129,887,8/07/2025,processing,9
8759,4963,3/12/2024,cancelled,1885.35
17375,7666,3/11/2024,processing,152.24
14891,2106,4/11/2024,completed,215.71
11377,931,31/03/2025,processing,898.36
13059,6117,6/05/2024,shipped,597.82
3479,3949,25/06/2025,returned,920.69
1490,1594,18/06/2024,cancelled,372.8
5470,8803,16/10/2024,cancelled,110.5
4115,6546,8/01/2025,processing,203.86
7940,7798,29/06/2024,returned,434.02
19422,4918,22/10/2024,shipped,314.64
15991,5996,10/08/2024,returned,376.82
13065,1530,8/07/2024,processing,314.74
15042,79,30/06/2025,shipped,115.92
18562,7167,2/10/2024,cancelled,281.78
4722,9207,28/09/2024,cancelled,74.08
17175,5085,30/12/2024,cancelled,894.08
13041,324,3/07/2024,returned,283.07
19576,6868,20/05/2025,cancelled,3.32
4717,871,3/08/2025,processing,198.32
5980,8550,27/10/2024,shipped,2605.34
2269,4623,9/07/2024,cancelled,893.21
7558,4085,24/01/2025,processing,800.59
2104,2304,18/10/2024,completed,2363.37
2653,8594,21/06/2024,cancelled,1130.2
6128,9086,31/05/2024,shipped,1204.04
186,4708,14/09/2025,completed,29.41
255,3862,22/05/2024,shipped,1042
13309,5401,12/08/2025,shipped,356.48
885,6785,10/01/2025,completed,215.78
11881,1449,19/09/2025,shipped,43.43
11749,4288,29/06/2025,completed,131.16
9793,6076,5/06/2024,returned,342.46
11448,7992,11/02/2024,completed,399.3
12428,5827,1/03/2025,completed,886.47
16070,4107,8/06/2025,returned,1209.61
6224,3385,23/11/2024,processing,957.87
12966,7031,11/10/2025,shipped,1187.92
1902,3159,31/01/2025,returned,168.44
18021,5003,12/05/2024,returned,12.97
11787,23,11/05/2025,shipped,1258.58
5758,1336,26/03/2024,cancelled,177.28
13540,8629,27/07/2025,processing,66.74
3398,4190,14/11/2024,cancelled,118.8
2350,8565,18/02/2025,shipped,2195.57
15507,6576,1/01/2025,returned,93.81
1183,5494,28/08/2024,cancelled,176.19
10461,9651,11/03/2024,shipped,588.41
5286,6050,1/07/2025,returned,502.2
10907,7202,2/07/2025,processing,135.62
5522,1404,8/08/2024,processing,156.31
14719,9960,5/07/2025,returned,685.35
3905,6665,15/09/2024,processing,2868.69
3939,728,11/10/2024,cancelled,25.95
3790,4017,5/09/2025,processing,233.67
14137,1270,10/10/2025,cancelled,410.13
10812,8426,27/05/2024,completed,1494.33
15632,1535,7/03/2025,returned,647.53
17518,4381,17/02/2025,processing,1923.57
178,6485,14/02/2025,returned,215.91
16287,5606,3/06/2024,processing,1712.53
11367,3190,21/07/2024,completed,146.65
2589,7703,9/10/2025,returned,415.91
17279,4354,8/07/2024,completed,413.42
8311,2769,10/02/2024,completed,53.88
8665,9743,8/04/2025,cancelled,83.98
1280,8110,14/03/2025,completed,19.09
8914,9334,22/07/2024,returned,343.21
16499,7825,15/02/2024,returned,297.23
12114,5745,12/05/2024,returned,3145.64
6977,9403,12/07/2024,cancelled,1348.51
13778,4860,19/07/2025,cancelled,96.06
17652,7308,24/02/2025,processing,835.98
5763,8880,24/01/2024,cancelled,1041.73
17511,5890,28/03/2025,completed,238.26
17757,1101,21/06/2025,completed,72.69
6877,2066,20/07/2024,returned,533.87
4962,3584,19/11/2024,completed,2048.14
8784,1021,26/07/2024,completed,13.85
15658,6222,24/07/2025,completed,326.09
12099,6132,26/03/2024,returned,35.3
5002,6493,2/07/2024,shipped,176.91
18618,7043,26/05/2024,cancelled,600.48
7329,7145,4/02/2025,processing,190.72
16307,5199,30/11/2024,processing,565.02
8668,5646,12/07/2025,shipped,202.7
13584,178,17/11/2024,processing,974.9
120,716,23/10/2024,returned,354.29
17371,5441,22/02/2024,cancelled,224.46
9916,7775,27/05/2025,completed,131.03
19086,8744,24/08/2024,processing,3326.24
4558,4310,3/02/2024,shipped,179.52
10807,3,7/10/2024,cancelled,26.28
18213,8304,29/08/2024,cancelled,662.22
4377,3549,12/12/2024,shipped,194.53
8702,9918,16/10/2025,shipped,2266.94
17842,9902,24/07/2024,completed,121.55
17688,974,12/08/2024,returned,36.46
16101,3993,19/08/2025,completed,491.65
2072,5872,24/02/2024,returned,582.9
2910,3786,18/01/2024,returned,811.5
643,5384,14/11/2025,completed,1177.5
10326,6247,21/08/2024,processing,33.99
11083,2352,14/05/2024,shipped,3604.9
2628,5544,22/04/2025,shipped,152.1
11852,8656,27/07/2024,completed,1524.12
2609,2184,13/04/2025,cancelled,252.43
4173,5644,28/05/2025,shipped,365.13
17384,4129,1/08/2024,cancelled,1538.72
1410,1274,22/11/2024,processing,397.74
3916,366,25/10/2025,shipped,331.98
2526,6508,13/06/2025,completed,1588.08
16799,6145,17/01/2024,shipped,2096.79
13801,5449,21/07/2025,cancelled,40.03
7856,5628,13/05/2025,completed,46.89
2475,9692,20/09/2024,returned,20.92
8643,1517,8/08/2024,returned,34.69
3319,955,30/09/2025,processing,142.27
18188,9899,9/10/2025,shipped,560.51
15665,8563,3/07/2024,processing,1567.54
16198,2459,2/04/2025,returned,368.75
9473,8088,5/07/2024,cancelled,6.75
13471,8036,13/03/2025,completed,110.88
4058,9815,26/09/2024,shipped,193.52
1025,3411,25/05/2024,completed,3106.22
5045,4928,28/07/2025,completed,551.26
10945,9801,18/02/2025,cancelled,1197.44
3296,2223,21/04/2024,completed,556.38
7758,3924,16/10/2024,shipped,99.56
4373,4313,9/06/2024,shipped,981.33
13746,4760,20/04/2024,shipped,366.06
9865,9873,14/07/2024,shipped,1849.31
9606,5269,3/12/2024,completed,21.02
14007,5157,9/06/2025,shipped,360.31
19463,5583,4/06/2025,returned,159.72
7683,814,20/07/2025,cancelled,147.41
17795,9073,16/02/2025,completed,740.04
17508,6160,9/11/2024,processing,24.22
8482,9702,7/07/2024,returned,934.64
16977,2882,19/04/2025,processing,1065.42
18331,8728,27/10/2025,completed,631.84
11034,9861,2/12/2024,processing,643.86
11142,9540,31/12/2024,processing,22.55
964,6004,15/08/2024,shipped,354.07
14858,6550,21/08/2025,shipped,27.14
7141,9078,10/10/2025,returned,7.92
4696,6916,3/06/2024,shipped,231.49
6346,412,12/04/2025,completed,508.4
16964,7174,9/02/2024,cancelled,82.86
13771,9300,15/06/2024,cancelled,729.78
16883,3882,1/09/2024,processing,201.24
16456,7715,2/06/2025,cancelled,25.73
16943,8705,19/12/2024,returned,1422.85
1165,3289,30/10/2024,completed,1214.01
644,1626,26/02/2024,processing,64.12
828,8164,4/04/2024,returned,180.07
16276,6783,15/05/2025,completed,1558.09
12924,4053,11/02/2025,completed,1421.14
6027,4180,16/03/2024,cancelled,599.11
11557,2685,11/05/2025,returned,324.95
14724,9565,1/08/2025,completed,295.78
14750,7930,24/01/2025,returned,2302.94
3974,2227,2/07/2025,cancelled,51.45
11052,5869,27/02/2025,completed,2553.64
7286,1381,9/02/2025,cancelled,1732.27
16596,4332,2/08/2024,shipped,669.05
12312,8936,17/07/2024,cancelled,1637.04
10253,6801,30/01/2024,shipped,423.09
14499,8442,7/02/2025,shipped,135.6
13843,8892,28/07/2025,returned,1115.16
14408,7836,19/05/2025,cancelled,43.77
7419,322,2/12/2024,processing,1218.16
14147,8981,28/06/2025,cancelled,83.51
18133,9969,25/10/2025,processing,653.53
3469,3106,18/03/2024,returned,72.71
1766,6739,25/09/2025,shipped,137.24
8617,700,13/09/2025,cancelled,12.17
8863,6873,15/03/2024,shipped,355.16
5656,5528,18/01/2025,returned,1163.2
16514,1077,27/02/2025,shipped,305
7257,5913,10/06/2024,returned,393.48
9751,1799,3/03/2025,shipped,206.74
6688,8785,10/03/2024,shipped,1204.05
15850,979,3/08/2025,completed,229.47
8634,5191,15/07/2024,cancelled,1203.69
12599,4323,29/05/2025,processing,309.95
15922,2354,27/02/2024,shipped,78.38
843,5213,5/01/2024,completed,63.33
19142,8729,4/11/2025,processing,1413.28
14148,1840,1/08/2025,completed,65.91
3867,9314,14/04/2025,completed,72.49
15044,7890,29/03/2024,returned,54.22
4075,3566,28/09/2024,shipped,17.03
5995,6366,5/12/2024,shipped,1396.27
13796,8693,19/09/2025,completed,1076.07
10639,706,26/06/2024,shipped,451.04
13620,8755,22/08/2025,cancelled,419.55
3821,9177,8/02/2025,shipped,19.08
8077,7814,22/08/2025,shipped,463.16
3442,1865,25/08/2025,cancelled,657.63
2390,7544,3/02/2024,returned,401.23
12378,3840,31/08/2025,cancelled,1322.18
14510,8136,26/08/2024,processing,94.06
10496,9158,8/07/2024,shipped,2540.22
11527,1430,4/10/2025,shipped,132.51
18783,6637,13/07/2024,shipped,94.4
11648,7286,26/10/2024,completed,3083.37
16555,3818,20/09/2024,returned,579.65
10772,6037,7/12/2024,shipped,401.23
5658,5584,4/06/2024,returned,1367
4977,2177,19/09/2025,returned,86.97
16963,5513,8/03/2024,processing,17.35
6289,8896,9/09/2025,returned,276.56
16685,6582,5/05/2025,shipped,52.54
3501,4735,31/10/2025,completed,153.8
9225,9932,31/10/2024,completed,246.38
6134,3165,30/10/2024,shipped,43.13
9519,331,13/09/2024,returned,87.59
16558,4662,12/07/2024,cancelled,963.66
12909,1135,27/02/2025,cancelled,211.19
8517,2730,14/04/2024,returned,40.72
19120,3200,18/01/2025,cancelled,250.34
3165,3889,15/03/2025,returned,314.54
8015,1079,26/07/2025,completed,222.67
11566,2472,8/09/2024,returned,238.66
4794,3947,2/06/2024,completed,612.23
14314,2861,30/12/2024,returned,2939.33
6223,714,19/05/2025,processing,99.26
4332,5307,10/04/2024,completed,118.66
975,1002,22/03/2024,cancelled,111.6
14839,9658,11/10/2025,completed,402.26
4134,8239,1/07/2025,returned,21.52
6056,2429,25/06/2024,cancelled,91.51
11687,6,27/03/2024,processing,7490.93
2590,2589,18/12/2024,processing,150.71
18652,5606,11/03/2025,returned,239.55
18263,1113,2/08/2025,shipped,115.09
12305,6274,21/02/2025,cancelled,94.26
2369,5651,6/03/2024,shipped,1011.71
15676,3335,26/07/2025,shipped,830.07
19616,4731,30/08/2024,cancelled,9.25
8078,7933,8/05/2024,processing,639.96
16954,6743,1/07/2024,processing,231
17623,2753,11/03/2024,shipped,22.36
5937,3927,14/11/2024,returned,274.5
14756,458,15/08/2024,shipped,452.72
19209,3795,8/02/2024,shipped,227.35
5222,2577,29/01/2025,completed,132.06
9035,4695,8/11/2024,completed,2807.98
9488,9812,16/09/2024,shipped,1253.26
15943,6790,26/04/2025,processing,76.91
19366,6600,21/06/2024,completed,91.32
10067,2359,13/05/2025,returned,295.31
3086,3511,25/04/2024,cancelled,254.12
2682,6584,14/07/2025,processing,1837.91
1716,4691,30/10/2024,returned,107.38
4478,43,20/10/2025,shipped,54.55
22,4486,28/08/2024,shipped,1072.94
18837,1142,8/07/2025,returned,13.01
93,2932,13/04/2024,completed,95.4
11858,7663,24/04/2025,completed,10.35
16720,5969,31/01/2025,completed,16.74
2217,1177,23/03/2025,cancelled,604.73
10074,1418,7/09/2025,shipped,146.62
812,6087,21/09/2024,returned,1428.63
17319,3189,2/03/2024,shipped,2138.44
18364,792,30/06/2024,returned,734.37
15983,8258,2/12/2024,cancelled,64.7
13158,6506,11/06/2025,shipped,735.91
5497,1301,16/03/2024,completed,1544.1
9411,6238,24/10/2025,completed,568.98
7714,6676,21/09/2024,completed,62.62
16160,8110,27/03/2025,processing,2052.88
3312,2208,29/01/2024,processing,508.65
640,8567,9/08/2024,returned,664.55
9770,8768,29/12/2024,returned,2733.32
19329,8025,4/02/2025,completed,247.84
10521,8360,5/02/2025,returned,20.41
7031,2753,15/04/2025,completed,389.45
15228,4926,1/03/2025,processing,2031.18
14924,3943,27/08/2024,cancelled,24.99
9442,3885,13/04/2025,shipped,673.23
2161,4388,18/02/2024,completed,75.12
10090,4757,24/09/2025,returned,35.24
5820,6934,13/04/2025,cancelled,98.47
18164,1354,2/06/2025,cancelled,1234.79
7522,8962,16/11/2024,completed,48.72
10001,5540,27/03/2024,processing,38.1
16089,6374,21/03/2024,shipped,536.56
18696,5936,1/05/2025,returned,40.7
6081,2014,2/05/2024,returned,94.95
18134,5058,1/03/2025,returned,2629.58
15552,9026,22/05/2024,cancelled,81.68
8942,9288,13/08/2024,processing,533.79
1239,4346,31/07/2025,returned,40.24
295,7518,1/09/2025,cancelled,2337.85
9051,1986,15/02/2025,shipped,27.91
14435,3675,13/03/2025,returned,60.66
17272,38,22/01/2025,cancelled,1335.75
18317,6512,2/05/2025,processing,606.89
2707,613,15/02/2024,cancelled,37.59
6823,3022,12/08/2024,shipped,233.7
6828,5569,12/02/2025,shipped,327.82
18884,5984,11/09/2025,shipped,1030.14
17981,622,16/05/2025,returned,192.18
12710,5346,10/07/2024,processing,98.25
5238,8476,8/03/2025,processing,442.12
5338,9624,27/01/2024,completed,20.74
3653,5026,15/06/2025,shipped,590.32
5478,1018,19/04/2025,returned,282.78
13358,6181,30/10/2024,processing,187.47
13986,9205,19/02/2025,processing,948.61
2172,2336,23/11/2024,completed,1373.8
13551,8637,8/10/2024,completed,1391.14
17871,3772,7/04/2024,processing,1974.06
8288,992,18/04/2024,completed,1468.52
19828,1677,18/04/2025,shipped,638.48
5517,1593,3/06/2024,returned,124.87
11784,5960,5/10/2024,returned,138.49
10019,6108,26/07/2024,shipped,1556.06
6338,9018,13/02/2024,completed,24.34
18114,4163,14/11/2025,completed,363.71
4756,6764,15/12/2024,returned,44.94
185,4717,22/02/2025,cancelled,394.93
7310,5945,22/06/2025,processing,117.9
10030,1195,8/02/2025,shipped,213.62
8190,3464,15/05/2024,processing,598.9
9805,1673,24/12/2024,shipped,408.8
12015,9316,10/10/2025,returned,508.48
4415,5657,23/10/2024,cancelled,89.97
10534,2707,19/08/2024,cancelled,355.91
583,3993,5/03/2025,shipped,22.53
2866,6998,26/07/2024,returned,780.84
8846,7126,24/06/2025,cancelled,182.11
15255,7435,15/05/2024,processing,309.36
14138,7913,25/07/2024,returned,492.48
7821,8115,16/07/2025,returned,1341.1
18788,9389,24/08/2025,returned,226.85
15398,8267,11/04/2024,completed,17.6
4588,9000,3/03/2024,returned,348.38
6162,1146,19/06/2025,processing,465.01
12645,4443,10/06/2025,shipped,142.04
16260,5509,3/05/2025,shipped,324.6
14987,7128,21/06/2025,processing,814.3
3139,3098,17/10/2024,cancelled,1116.51
17339,8635,26/02/2024,shipped,230.34
7209,9188,4/04/2025,completed,122.71
15261,1454,25/04/2025,completed,1772.36
12525,3082,7/06/2024,cancelled,2319.38
10119,6294,1/01/2025,processing,2038.74
14986,743,2/09/2024,completed,1251.31
16238,2823,2/07/2025,completed,184.09
19478,3950,9/09/2025,returned,335.15
390,6881,17/07/2025,completed,5.35
12727,7072,30/11/2024,completed,18.38
5925,8539,27/04/2024,processing,567.39
12204,2409,15/04/2024,shipped,220.47
13747,7555,8/06/2024,processing,94.95
7183,8884,12/01/2025,completed,61.9
3724,8054,30/08/2025,shipped,988.03
896,453,17/01/2024,returned,557.39
18341,131,7/04/2024,shipped,498.83
19812,346,1/01/2024,completed,739.74
9254,9248,7/03/2025,processing,972.34
15001,5079,2/08/2024,completed,11.44
5833,5370,23/06/2025,cancelled,2234.41
18536,2495,7/10/2024,completed,667.59
9908,1822,9/08/2025,returned,249.51
15049,8480,20/02/2025,returned,22.48
19188,2499,12/11/2025,shipped,816.53
10659,1628,29/05/2024,completed,262.95
12177,2329,17/02/2025,cancelled,2384.19
17727,9158,6/02/2024,cancelled,835.64
9126,8870,8/05/2024,processing,2987.87
16484,7702,18/11/2024,shipped,343.39
7761,7302,4/03/2025,processing,408.36
4345,4894,17/05/2024,processing,39.02
10028,4211,31/12/2024,processing,193.06
9415,4336,11/04/2024,returned,3147.76
2414,9164,7/02/2025,processing,197.97
2420,1344,27/01/2024,completed,114.93
5878,4652,20/02/2025,cancelled,20.93
7724,958,25/04/2024,completed,84.66
8498,9336,4/03/2024,cancelled,326.38
6462,1216,31/07/2024,returned,236.03
59,4843,27/03/2024,processing,93.94
3565,5725,13/07/2025,processing,202.11
10723,9792,9/01/2025,processing,700.89
8090,8601,10/10/2024,completed,470.47
7585,6165,11/07/2025,returned,1841.91
8525,8349,9/03/2024,cancelled,505.82
11850,1399,4/11/2025,shipped,1437.35
3637,8130,19/07/2025,returned,84.9
4671,182,27/08/2025,returned,832.19
9818,693,7/06/2024,shipped,65.83
13017,3694,27/09/2024,cancelled,1017.35
13522,9005,19/08/2025,shipped,20.32
4092,8293,7/11/2025,cancelled,4110.41
17161,3579,4/09/2025,returned,74.41
14565,8792,12/11/2025,completed,71.72
17735,355,4/01/2024,cancelled,10.7
13299,2686,23/11/2024,processing,309.34
11441,4363,30/11/2024,cancelled,203.7
13096,8428,15/05/2024,shipped,1399.27
1621,373,11/10/2024,shipped,432.67
11401,9185,7/04/2024,shipped,750.8
17253,9981,14/07/2025,completed,1876.56
10454,2107,14/02/2025,returned,28.47
768,9004,7/08/2024,cancelled,45.55
10205,6680,4/02/2025,cancelled,58.1
8369,3229,1/11/2025,completed,2389.88
19313,4023,12/07/2025,completed,589.38
8585,7406,2/10/2025,shipped,2309.13
19908,92,12/11/2025,returned,283.47
3146,1937,24/09/2025,completed,170.65
5849,482,7/08/2024,completed,3295.55
16244,6592,24/01/2025,shipped,2040.11
8389,7450,26/11/2024,returned,699.66
16213,4769,30/03/2024,returned,1816.96
11412,1180,15/05/2025,processing,875.12
11980,5101,21/05/2025,processing,26.1
7357,2133,6/03/2025,processing,974.16
12515,7822,7/04/2024,processing,775.64
3141,2995,18/08/2025,completed,521.11
16026,4136,1/03/2025,processing,1257.52
5346,4012,7/10/2024,completed,112.22
18608,8039,24/12/2024,cancelled,165.89
9218,9406,2/05/2024,shipped,168.63
8171,9107,26/06/2024,completed,81.52
5123,4265,30/10/2024,returned,90.65
17013,7457,26/09/2024,shipped,113.78
13213,4801,16/01/2024,processing,1505.83
1435,3961,5/01/2025,completed,600.14
14042,1669,6/10/2025,cancelled,244.7
2224,2513,26/10/2025,processing,240.64
11640,2172,6/03/2024,shipped,1411.81
7081,2257,24/07/2025,shipped,74.94
18346,3494,10/02/2025,cancelled,165.89
84,4193,29/05/2025,shipped,77.27
18769,9761,28/06/2024,cancelled,657.72
11689,7557,28/06/2024,processing,64.74
5374,1098,15/01/2024,shipped,164.51
3463,4855,8/01/2025,returned,585.66
7945,3758,3/10/2024,processing,235.58
7144,9089,29/09/2025,shipped,277.18
9009,2870,25/02/2025,completed,244.16
6763,3288,6/01/2025,shipped,268.91
1079,9597,24/08/2025,cancelled,515.98
11619,6659,13/02/2024,processing,124.07
9018,4988,19/07/2025,processing,410.87
4891,116,2/11/2024,cancelled,1348.7
6010,1588,20/09/2024,cancelled,225.87
2243,2696,11/02/2025,completed,25.97
11672,5923,17/08/2025,shipped,763
14369,837,13/03/2025,shipped,29.3
4011,9133,16/08/2025,processing,46.56
17306,3289,19/08/2025,returned,249.08
14597,8046,17/04/2025,cancelled,99.23
6286,4968,2/07/2025,shipped,1893.81
9371,6986,21/12/2024,shipped,620.65
13097,2012,15/02/2025,shipped,3475.97
15967,8912,1/02/2025,returned,1382.01
1322,6885,5/11/2025,cancelled,174.33
8934,5547,9/05/2024,cancelled,572.11
4064,640,16/05/2025,cancelled,211.74
10324,7441,14/02/2024,shipped,587.6
2347,9896,11/04/2024,cancelled,1117.67
14894,8616,11/08/2025,processing,168.32
3204,2955,9/06/2025,returned,72.4
12704,2399,25/11/2024,shipped,509.14
6430,2053,16/08/2025,completed,1961.26
11334,5076,7/01/2024,completed,315.61
17636,8307,14/01/2024,completed,276.47
18297,8504,6/08/2024,processing,29.08
9031,684,30/08/2025,shipped,3.96
19002,7827,29/05/2024,completed,498.3
5574,1116,6/04/2025,shipped,233.49
5003,6100,10/10/2024,processing,2.48
4406,6871,11/06/2025,cancelled,394.69
515,1884,8/03/2024,processing,250.41
10488,56,22/08/2024,processing,22.62
21,2529,30/07/2025,completed,209.51
7218,4549,9/07/2024,cancelled,2087.13
4733,8275,10/05/2024,completed,982.44
19001,3271,21/10/2025,processing,1269.25
5298,6604,2/01/2024,completed,59.38
19615,3142,27/06/2024,returned,137.28
10206,1322,13/08/2024,shipped,301.4
14835,8085,12/01/2024,returned,592.01
15824,4894,16/07/2024,shipped,638.55
1324,2917,31/07/2024,processing,36.97
12238,1724,28/10/2024,completed,68.67
4743,9627,28/11/2024,shipped,48.22
3476,3275,21/06/2025,cancelled,273.48
18599,7607,16/10/2025,shipped,10.2
1520,4729,19/09/2025,processing,5682.77
10402,1427,5/11/2024,returned,79.08
14422,8286,13/02/2025,returned,793.35
5802,5695,24/06/2024,processing,292.19
19184,4598,26/09/2024,processing,331.12
3840,1254,16/08/2024,shipped,190.43
6047,391,14/07/2024,processing,60.7
5561,4203,13/09/2025,shipped,7.76
16934,1456,16/10/2025,cancelled,1692.75
12963,2606,3/06/2024,completed,854.84
14186,4613,12/04/2024,cancelled,23.76
17883,3908,11/11/2024,processing,438.46
11504,7055,6/04/2024,returned,767.21
3348,4093,19/07/2024,completed,104.38
7306,3213,19/08/2024,completed,316.11
8822,9544,19/10/2024,cancelled,220.89
17488,1644,18/06/2025,returned,36.2
11188,2974,2/02/2024,processing,413.46
7986,3939,15/08/2025,returned,2789.19
4759,3165,22/05/2025,cancelled,139.1
18971,6039,7/08/2025,cancelled,759.96
17602,2842,21/11/2024,processing,1237.23
1625,805,22/03/2025,processing,157.67
16007,4375,22/01/2024,processing,315.07
18078,6096,26/03/2024,completed,1673.13
5713,7097,8/02/2024,shipped,52.77
5735,8236,26/10/2025,completed,152.26
11684,619,4/02/2024,returned,257.21
15787,9141,7/04/2024,returned,340.86
3873,8722,4/04/2024,processing,82.75
8086,1099,5/08/2024,cancelled,942.18
17044,3458,20/07/2025,processing,1620.72
5422,3407,9/03/2024,returned,1049.08
8243,1282,29/10/2025,cancelled,283.47
13944,218,7/10/2025,shipped,382.42
4234,934,30/06/2024,returned,1278.82
2010,2315,14/10/2024,cancelled,29.43
12572,8059,9/09/2024,completed,342.96
5485,269,20/12/2024,processing,988.68
11263,6131,7/07/2025,returned,780.58
19874,1187,29/07/2024,returned,330.72
11992,3756,26/09/2024,completed,1565.82
7581,1648,2/11/2024,shipped,297.79
4816,791,29/10/2025,shipped,265.16
11535,7987,15/04/2024,processing,516.78
19931,9879,4/02/2025,processing,521.82
6532,8441,4/11/2025,shipped,587.49
2032,5385,19/07/2025,shipped,850.4
17696,5843,25/09/2025,completed,393.96
7261,5271,15/09/2025,cancelled,543.31
16015,3111,26/08/2025,cancelled,604.04
3236,1934,31/03/2024,shipped,45.18
17975,3656,9/04/2024,cancelled,168.96
9418,8084,11/06/2024,processing,1506.7
16684,8518,8/11/2025,completed,386.29
4736,2315,6/07/2024,cancelled,1068.79
8251,163,17/09/2025,shipped,567.28
14266,7820,15/11/2024,completed,443.71
4298,1132,23/04/2024,shipped,45.42
7651,1789,24/10/2024,shipped,118.9
16562,9020,28/05/2025,returned,1154.88
13779,2456,18/10/2024,returned,9.96
10796,3519,8/07/2024,processing,1984.58
19397,7521,2/03/2025,cancelled,90.77
19526,5809,1/11/2024,shipped,243.21
8866,9968,22/05/2024,processing,226.24
10640,6470,24/03/2024,shipped,529.34
12908,7532,27/03/2024,processing,10.35
8568,5616,14/04/2024,completed,301.22
909,2828,7/06/2025,shipped,348.46
9967,3333,3/12/2024,returned,484.38
2907,3759,22/07/2025,processing,147.2
16081,1772,11/05/2024,shipped,366.84
18568,3219,8/11/2025,shipped,285.28
18597,2002,5/03/2025,returned,36.95
7206,5954,14/05/2024,cancelled,598.57
17094,3302,25/02/2024,shipped,82.84
19789,2602,9/03/2024,cancelled,329.1
16600,157,20/04/2024,returned,315.19
7551,875,19/09/2024,cancelled,50.17
17634,3494,19/08/2025,processing,723.51
10303,7994,7/08/2024,cancelled,1965.68
19696,6701,6/01/2025,shipped,9.74
9143,9722,1/07/2024,shipped,1847.41
18822,5071,7/03/2024,completed,95.46
15265,7920,9/11/2024,returned,365.66
79,8184,21/06/2025,shipped,1266.95
2203,9302,4/01/2025,shipped,252.94
18767,3965,23/06/2025,cancelled,2117.44
4393,2155,12/04/2024,shipped,193.89
16970,5132,29/04/2025,cancelled,44.23
3518,8030,28/09/2025,returned,110.1
19932,5780,1/07/2024,processing,256.77
2173,6285,6/08/2024,cancelled,455.55
586,3399,27/08/2025,cancelled,850.1
16222,9781,13/02/2024,cancelled,108.89
9398,8283,15/03/2024,returned,886.1
6450,5653,6/03/2025,shipped,131.75
12965,1288,7/11/2024,completed,250.04
18916,9494,6/01/2024,processing,164
5657,8438,28/01/2025,completed,1648.14
6835,1986,1/10/2025,processing,135.47
16588,6589,30/08/2025,completed,499.91
10393,9306,1/10/2024,completed,399.56
13292,4486,20/05/2025,returned,202.3
4864,6544,13/08/2024,shipped,468.3
1726,3842,6/10/2024,returned,1549.27
11667,1427,9/01/2025,returned,62.34
9878,4717,16/05/2024,processing,1266.66
8823,1054,25/11/2024,processing,5.44
13973,4206,19/06/2025,processing,510.71
8618,5966,4/10/2024,returned,135.06
10201,3098,10/02/2024,cancelled,182.33
15821,293,19/11/2024,processing,29.43
15300,3225,3/06/2025,cancelled,283.47
12699,7253,6/09/2024,cancelled,830.46
8884,1778,18/05/2024,processing,2181.74
12056,3544,4/01/2024,shipped,157.95
92,1781,5/11/2025,cancelled,253.86
3789,7160,28/01/2025,processing,253.6
7374,6760,21/06/2024,processing,30.81
9417,728,11/11/2025,completed,197.04
7182,7054,18/11/2024,returned,328.56
11190,5399,23/03/2025,processing,153.83
17531,4733,16/06/2024,completed,690.55
13456,1357,6/05/2025,returned,27.47
12898,828,29/06/2024,cancelled,131.46
6897,8584,27/04/2025,processing,2126.89
8084,7950,11/05/2025,cancelled,4067.69
4936,2295,22/04/2025,shipped,1444.27
7380,9987,2/05/2024,processing,1295.95
17237,4421,8/12/2024,processing,160.67
1723,19,4/08/2025,completed,303.73
3546,6469,19/05/2025,processing,2039.42
15025,8774,25/09/2025,cancelled,3670.64
2557,6611,24/07/2025,shipped,155.39
986,7504,29/01/2025,shipped,916.62
16903,9688,1/10/2025,shipped,118.89
13488,5550,9/05/2024,shipped,108.39
16670,6382,20/10/2024,returned,55.25
13053,737,12/08/2024,cancelled,4994.42
14574,6310,13/04/2024,cancelled,468.47
15772,3050,17/10/2024,completed,45.1
19170,8953,12/04/2025,completed,2653.11
18778,7534,29/07/2025,shipped,128.31
7606,5618,29/06/2025,cancelled,211.81
13001,4502,4/01/2025,returned,498.93
1466,2864,26/09/2025,completed,617.29
4734,2441,16/04/2024,completed,301.4
13217,1509,6/07/2024,cancelled,182.11
6114,3623,29/12/2024,shipped,70.46
3155,7836,23/01/2025,returned,410.22
9191,5376,8/07/2025,returned,2317.43
11753,7807,7/09/2024,processing,365.89
13006,5350,28/10/2025,completed,52.14
13076,796,23/04/2024,completed,236.66
16398,1751,30/06/2024,processing,20.93
1935,3047,18/06/2024,cancelled,280.47
9808,7271,7/05/2024,cancelled,532.71
17942,5535,1/10/2025,shipped,75.13
19692,6762,2/09/2025,returned,1920.75
7358,9807,4/08/2025,cancelled,587.66
3100,2189,23/11/2024,shipped,827.39
1777,2972,28/05/2025,completed,1322.13
19547,5378,29/10/2024,cancelled,1005.2
11711,8209,14/07/2024,completed,53.48
16865,4321,8/06/2024,shipped,354.85
5872,6368,14/08/2024,cancelled,300.6
5678,750,20/08/2024,shipped,92.89
14688,922,11/09/2024,shipped,4147.31
11960,4661,27/09/2025,processing,198.48
17228,1660,3/03/2024,processing,108.5
16584,6702,27/10/2025,shipped,542.86
3604,201,25/04/2024,completed,1033.86
9884,2053,13/11/2024,returned,557.83
10785,7412,20/04/2025,returned,1880.55
15132,1866,2/01/2025,processing,1781.17
2881,4139,9/05/2025,shipped,502.86
11255,7500,27/11/2024,returned,5734.88
16560,2076,9/09/2024,returned,51.05
10412,9890,2/11/2024,shipped,640.52
14540,5021,27/02/2024,cancelled,58.48
7871,5123,13/10/2025,shipped,181.14
6511,1733,2/09/2024,returned,51.34
15180,7226,23/11/2024,processing,491.45
18683,3037,24/02/2024,processing,788.58
17875,2534,26/06/2025,returned,74.6
19507,4480,9/03/2025,processing,295.05
13669,3275,21/05/2024,shipped,2941.96
17114,4753,14/10/2025,returned,1907.95
6707,2240,16/10/2024,shipped,137.49
12928,7500,22/01/2024,completed,36.2
11427,5048,14/11/2025,returned,156.1
17597,5838,12/09/2025,cancelled,48.09
11489,7268,20/04/2024,cancelled,435.72
13483,6159,16/04/2025,cancelled,1189.18
12746,2748,20/04/2025,completed,316.06
11469,4175,29/08/2024,cancelled,2979.41
5384,289,12/08/2024,processing,319.47
15762,9011,1/08/2025,shipped,9.27
9633,6967,21/05/2025,processing,398.33
13866,1382,30/01/2024,completed,708.22
3094,8850,1/03/2024,shipped,30.26
10771,1054,18/04/2025,completed,566.94
9753,7361,2/08/2024,shipped,698.02
3052,2318,11/08/2025,cancelled,30.01
11734,4830,18/02/2025,completed,30.76
929,9389,13/11/2024,processing,1538.97
10878,4043,30/05/2024,shipped,472.77
6494,8208,25/03/2024,returned,86.47
17015,5861,10/05/2025,cancelled,351
9079,1109,27/01/2025,shipped,1291.3
18909,2982,8/08/2025,shipped,124.59
4788,7401,13/06/2024,completed,55.25
9811,5454,13/09/2025,processing,168.63
12760,6131,15/01/2025,processing,117.46
19859,7521,24/07/2025,processing,62.75
7934,207,25/02/2024,completed,2178.11
5993,2885,18/09/2025,returned,20.37
9676,7596,14/01/2024,shipped,37.33
6407,3909,7/02/2025,cancelled,713.26
17900,3731,23/02/2025,shipped,236.97
6227,6222,19/01/2024,cancelled,66.03
11722,1223,20/07/2024,cancelled,884.88
11268,4415,18/05/2024,completed,1154.01
5028,7811,15/08/2024,returned,484.7
3049,6055,15/06/2024,cancelled,292.34
14685,9639,28/06/2025,returned,99.74
15063,9248,21/03/2024,cancelled,1311.25
10780,7885,19/10/2025,returned,325.81
7022,6637,17/10/2025,processing,317.27
14388,4700,2/07/2025,processing,688.55
13485,413,3/05/2025,shipped,199.05
11496,6088,14/04/2024,completed,2013.19
7092,448,25/04/2025,returned,332.16
6150,6899,28/07/2024,processing,256.69
14230,4945,19/01/2025,processing,618.61
9508,9812,2/09/2025,processing,1307.44
14332,2040,10/09/2025,returned,560.59
18611,5317,3/11/2025,processing,225.59
10868,1191,3/02/2024,cancelled,1530.6
7175,5816,7/09/2025,processing,128.21
17211,5242,9/08/2024,shipped,148.12
10632,1647,13/06/2024,cancelled,188.49
15479,6718,26/06/2025,cancelled,266.64
18752,9491,23/07/2024,shipped,18.15
316,494,2/03/2025,completed,2460.43
8361,8862,30/04/2024,completed,188.18
15525,2966,22/06/2024,returned,775.52
6279,7940,23/07/2025,cancelled,94.32
15687,1636,26/02/2024,returned,1736.4
9507,8781,16/02/2024,processing,95.57
8185,5781,19/04/2024,completed,672.44
11464,30,25/12/2024,cancelled,584.32
4969,6646,1/04/2024,shipped,745.69
11095,2866,9/09/2024,shipped,183.13
8649,2544,19/07/2025,cancelled,1132.64
5544,7566,27/07/2024,processing,54.93
2922,2047,16/09/2025,completed,631.84
315,1315,22/08/2024,shipped,633.59
7544,7194,30/04/2025,shipped,315.02
6051,3711,4/02/2024,processing,1206.91
11110,1502,30/10/2025,cancelled,775.99
10070,832,1/06/2025,cancelled,386.25
13571,9859,14/10/2024,cancelled,646.02
6594,8016,30/03/2024,processing,119.43
11974,943,3/04/2024,returned,1449.16
15598,7426,1/01/2025,processing,346.11
11788,2563,27/03/2024,returned,150.38
742,4627,3/10/2025,shipped,680.24
17268,2465,19/05/2024,completed,38.34
5542,9114,30/05/2025,processing,281.87
3630,7383,17/11/2024,cancelled,1597.1
17102,5063,3/01/2024,processing,37.58
2041,3303,10/06/2025,shipped,10.52
15971,2050,25/08/2025,completed,225.24
1963,3888,4/07/2025,returned,1272.62
8424,735,4/12/2024,completed,387.86
15561,5853,22/08/2025,shipped,916.75
19626,9723,9/07/2024,shipped,241.73
13850,692,17/08/2025,returned,554.29
16901,2024,27/06/2024,shipped,175.11
19229,5148,2/05/2024,returned,81.74
19648,5922,31/10/2024,returned,86.47
17445,214,7/02/2025,cancelled,25.94
8677,8,1/02/2025,processing,61.88
5406,7122,28/01/2025,shipped,85.14
10712,5592,5/06/2024,cancelled,788.68
18655,411,21/04/2025,processing,715.39
6440,1353,14/02/2025,returned,118.9
13265,3078,29/03/2025,processing,357.87
10826,9378,26/10/2024,cancelled,285.38
17569,4900,10/02/2025,cancelled,2584.7
13196,1028,20/07/2024,processing,678.54
2208,5165,15/01/2024,cancelled,631.84
11067,5525,4/12/2024,processing,679.29
14321,9453,31/10/2025,returned,1485.55
9100,9262,14/09/2024,completed,184.4
9660,4147,24/01/2024,returned,771.91
17681,4205,23/12/2024,processing,500.82
12707,7069,28/03/2025,shipped,1069.61
7259,9460,11/07/2025,completed,985.35
7936,5105,6/07/2025,completed,568.44
8955,535,3/08/2024,cancelled,5.79
10076,4661,26/03/2025,cancelled,125.89
13864,2365,20/11/2024,cancelled,2980.46
17879,7318,21/04/2024,shipped,1028.94
4950,2501,13/01/2024,cancelled,181.64
11815,4253,13/05/2024,processing,797.71
12033,4234,29/04/2024,shipped,176.02
16938,9864,8/03/2025,returned,1268.2
19574,9426,10/10/2025,returned,162.11
193,6708,25/11/2024,processing,1248.13
10120,4904,13/06/2025,processing,1245.03
11140,3357,19/08/2024,cancelled,41.23
2779,3571,15/06/2025,processing,11.58
2862,9596,3/09/2025,completed,498.14
19055,2450,4/02/2024,completed,191.8
7273,4921,22/07/2025,cancelled,26.15
18587,168,10/04/2025,shipped,278.8
1549,4530,18/11/2024,completed,833.01
3490,8444,23/08/2024,cancelled,97.72
18847,4121,16/02/2024,processing,152.1
17974,6367,3/02/2025,shipped,334.8
7565,4732,9/04/2025,shipped,574.06
8087,935,1/05/2024,cancelled,22.55
14748,3495,29/06/2025,cancelled,854.8
15051,5718,23/02/2025,returned,151.28
15227,4621,27/04/2024,returned,1040.02
18672,9077,19/07/2025,cancelled,367.54
13913,1962,18/08/2025,shipped,4.19
19324,5603,3/08/2024,shipped,2241.11
7045,9310,15/09/2025,returned,154.44
16997,5095,20/08/2024,cancelled,223.92
17359,8456,30/07/2024,processing,1275.27
10279,5672,24/05/2024,returned,191.69
12726,5694,3/07/2025,returned,273.48
3399,4571,14/06/2024,cancelled,126.16
10164,5058,18/06/2025,returned,72
19449,3836,29/10/2024,returned,249.65
12565,9872,10/08/2024,cancelled,202.98
1799,5822,7/02/2025,completed,995.65
2724,3060,20/08/2025,shipped,285.45
15365,9861,22/04/2024,returned,74.02
17980,4187,26/05/2025,completed,39.34
9830,5713,18/04/2025,completed,786.4
11785,2048,22/01/2024,returned,2221.49
14851,9041,18/05/2024,shipped,644.23
17224,3276,27/09/2025,returned,86.48
9439,6043,9/04/2025,processing,724.22
8931,9054,24/10/2025,cancelled,433.13
3065,7787,6/10/2025,cancelled,305.47
847,1402,2/03/2024,processing,640.32
4344,8469,23/03/2024,completed,1766.12
7395,4282,16/04/2024,processing,96.68
13493,9146,7/05/2025,processing,103.21
1388,8107,27/10/2025,cancelled,1593.27
10705,8832,5/11/2025,cancelled,118.51
8337,9589,21/07/2024,completed,342.12
16530,6462,6/09/2025,shipped,34.32
19512,4954,29/05/2025,returned,70.32
5370,2345,3/06/2025,cancelled,375.37
2502,9244,2/03/2025,completed,157
17399,9184,2/08/2025,completed,2782.76
12618,2439,7/01/2024,returned,677.3
12866,8399,19/06/2024,cancelled,953.52
15974,9665,1/04/2025,processing,1542.89
8869,2321,27/08/2024,returned,866.62
1393,3253,29/04/2025,completed,1916.31
2905,1303,25/09/2024,completed,653.44
2860,9265,20/11/2024,processing,158.55
8946,8494,2/03/2025,shipped,789.84
19271,261,27/06/2025,completed,861.61
6991,3972,2/02/2025,shipped,2040.45
15845,704,11/12/2024,completed,1815.76
15791,8600,6/04/2024,shipped,107.02
6632,9335,5/10/2024,cancelled,15.52
11466,9069,22/01/2025,cancelled,49.15
3118,3782,14/09/2025,completed,1708.37
4559,1101,6/08/2024,cancelled,1511.46
18139,1845,11/11/2024,completed,139.02
19123,8704,18/02/2024,returned,3219.65
4767,1515,9/03/2024,shipped,1042.55
16158,1171,12/11/2025,cancelled,1090.84
2244,4308,9/08/2024,shipped,493.37
5528,2743,20/02/2024,shipped,3375.17
11107,5815,14/08/2025,returned,143.13
18826,3286,27/02/2025,returned,154.29
16226,795,14/03/2025,cancelled,299.66
4947,7833,12/05/2025,shipped,510.33
3674,1648,6/06/2024,cancelled,3493.5
11837,9054,14/04/2025,processing,368.86
5366,437,7/05/2025,completed,42.19
5018,9774,19/05/2024,processing,372.75
14285,5517,31/03/2024,returned,2133.56
11610,1996,11/02/2024,processing,1415.31
16301,4858,25/09/2024,processing,393
5242,4324,12/09/2025,returned,298.92
4926,5323,28/10/2025,cancelled,47.08
10397,5778,28/09/2025,processing,429.21
10854,6422,27/12/2024,shipped,69.95
4130,3133,1/10/2024,processing,143.9
19150,5748,2/09/2024,shipped,291.05
11806,5505,16/04/2025,processing,890.57
10882,3229,15/05/2025,shipped,341.82
19787,8212,10/10/2025,completed,3803.31
9037,5505,11/12/2024,returned,201.62
1939,6519,7/09/2024,returned,320.23
4812,3986,21/08/2025,cancelled,18.98
5205,4979,29/04/2025,processing,601.59
7234,5411,17/12/2024,shipped,1500.87
10562,6510,4/03/2025,shipped,515.42
7621,372,3/06/2025,completed,155.97
13881,9427,27/04/2025,returned,487.39
2840,2716,20/08/2025,returned,12.76
15490,7977,31/01/2024,returned,191.13
14115,4888,5/03/2025,completed,650.77
19423,5146,31/07/2024,returned,2.99
3956,8579,7/02/2024,cancelled,596.56
3131,4190,27/08/2024,cancelled,92.91
7686,1135,17/02/2024,cancelled,1568.46
10767,9529,23/04/2025,returned,25.66
12519,6218,1/09/2024,shipped,112.68
3206,8746,28/04/2025,returned,560.16
10869,7418,16/08/2024,cancelled,78.86
12734,668,15/09/2025,returned,177.36
2728,6250,15/08/2024,cancelled,195.92
12849,1834,22/11/2024,cancelled,38.11
2519,4130,29/01/2025,returned,64.45
5279,1598,20/08/2025,processing,373.49
2831,1679,8/11/2025,completed,1114.47
6016,5786,5/03/2024,processing,158.76
11338,9761,8/03/2024,shipped,2158.91
18904,1544,9/04/2024,returned,1233.6
10190,4904,9/05/2024,shipped,406.98
10159,6134,25/09/2024,completed,66.45
10335,9269,3/12/2024,completed,81.16
16250,9268,8/09/2025,completed,1804.96
16817,3462,27/08/2024,returned,263.4
382,7177,24/02/2025,cancelled,240.66
1372,4331,12/02/2025,cancelled,850.26
7477,9942,29/05/2025,processing,1238.54
3393,1871,17/04/2025,completed,151.39
282,510,30/03/2025,returned,2094.36
18501,2304,24/09/2024,processing,38.3
17317,3998,4/06/2025,shipped,340.5
1139,7628,8/10/2025,cancelled,1333.28
8296,8390,2/03/2025,cancelled,134.27
13594,5033,14/08/2025,shipped,70.16
3334,2303,28/08/2025,cancelled,346.58
9979,3003,14/09/2024,shipped,951.9
5695,3980,18/09/2025,returned,1308.56
9667,8843,27/02/2025,processing,1216.44
10037,8764,11/02/2024,cancelled,293.83
963,8796,28/08/2025,completed,100.63
11841,1668,5/02/2025,completed,606.03
13193,9883,8/09/2024,shipped,70.32
5136,8162,18/11/2024,processing,116.37
18003,6790,29/01/2025,processing,110.42
19460,3943,6/07/2025,processing,4140.78
19936,5933,8/06/2024,returned,1282.67
8419,8157,9/02/2025,processing,204.76
3433,9578,4/08/2025,shipped,688.45
4868,9442,27/09/2025,returned,202.11
2961,3276,20/03/2024,shipped,108.58
521,2116,20/12/2024,returned,1725.95
5112,1734,9/01/2024,cancelled,347.94
18567,7637,28/04/2024,processing,421.97
8417,9009,12/02/2025,completed,21.71
12957,9176,13/07/2024,cancelled,46.93
17749,3563,18/03/2024,processing,365.87
19732,575,28/10/2024,returned,354.81
10672,5067,27/08/2024,cancelled,1689.22
2290,7434,15/11/2024,completed,47.18
11322,2448,11/03/2025,cancelled,895.51
4996,9719,4/04/2025,processing,145.87
14029,410,10/09/2024,completed,131.2
14221,1111,8/07/2025,completed,159.66
10637,7307,26/09/2024,completed,360.05
14436,1161,19/05/2025,returned,259.24
9327,3020,25/08/2025,cancelled,1484.99
18901,555,4/01/2025,completed,52.53
5189,8736,13/03/2024,cancelled,549.81
8173,2196,27/01/2025,cancelled,357.12
12337,1170,2/01/2024,cancelled,865.78
14668,6845,13/01/2025,completed,31.28
19998,9525,4/04/2024,processing,21.3
7992,6015,21/03/2024,shipped,208.18
17421,2652,1/06/2025,processing,75.86
6696,8714,31/05/2024,returned,66.33
10009,3092,4/09/2025,completed,75.76
471,1802,23/04/2024,processing,141.68
14089,5496,28/07/2025,shipped,598.61
18796,9244,25/07/2025,shipped,21.02
752,5702,4/11/2025,cancelled,1946.03
4530,2713,20/02/2024,shipped,254.83
8532,6160,28/02/2025,shipped,648.96
8338,6497,5/07/2025,returned,318.28
18547,683,2/12/2024,processing,87.48
18806,1618,12/07/2025,returned,1268.92
19566,6233,12/01/2024,processing,1030.15
13902,9905,2/12/2024,processing,214.22
12183,2853,15/01/2025,returned,89.11
13287,6768,19/06/2025,returned,913.97
5092,2908,30/08/2024,completed,967.78
5042,3514,19/02/2025,returned,33.05
13710,5288,9/05/2025,returned,352.53
4755,5667,23/08/2024,cancelled,63.88
4779,6620,3/02/2024,returned,1331.4
19470,8270,19/07/2024,processing,36.34
6760,7327,26/04/2024,shipped,168.02
5480,2726,9/01/2025,cancelled,622.78
6370,7228,13/10/2025,completed,30.09
16227,1354,29/01/2025,processing,40.46
47,4124,13/04/2024,cancelled,852.12
5059,8882,31/07/2024,processing,648.48
15126,3547,12/09/2025,returned,459.02
19083,4486,26/03/2024,shipped,44.57
7907,5086,14/05/2025,cancelled,195.93
16807,7977,24/01/2025,cancelled,32.13
16725,9727,13/12/2024,cancelled,354.28
17132,2703,5/04/2025,shipped,330.32
5001,911,7/02/2025,returned,548.83
9303,3284,17/08/2025,completed,307.27
6326,2856,23/08/2025,completed,375.83
5881,7761,5/06/2024,shipped,26.15
8033,5034,8/01/2025,returned,156.85
17182,1818,15/10/2025,returned,42.57
4442,2268,25/08/2024,cancelled,1327.53
9944,1854,6/10/2024,cancelled,182.08
17774,7374,13/05/2025,processing,113.2
4666,4656,25/06/2025,cancelled,428.83
16208,5641,30/04/2024,returned,830.74
16134,8032,5/03/2024,completed,256.36
9791,9119,27/10/2025,returned,210.39
1503,8850,4/05/2024,cancelled,152.28
8224,2577,25/04/2024,cancelled,158.85
2782,7201,10/02/2024,shipped,148.87
10215,6364,6/07/2024,shipped,121.29
10394,6159,24/01/2025,shipped,8.25
18171,7836,23/07/2024,returned,649.85
18927,7479,29/05/2025,shipped,2093.28
12592,9154,22/08/2025,returned,492.48
13477,4547,20/08/2024,processing,161.87
13448,3540,9/11/2025,completed,252.1
11801,2218,16/03/2025,cancelled,226.51
2210,2605,4/11/2024,returned,689.24
17455,9680,4/09/2024,cancelled,27.91
9665,1035,25/07/2025,returned,52.53
6892,3455,28/11/2024,completed,177.93
12132,3834,28/11/2024,cancelled,368.07
19769,2937,7/05/2024,processing,1413.41
8581,8988,24/05/2024,processing,197.35
14710,188,5/04/2024,returned,739.49
17765,3577,29/04/2024,shipped,60.29
18561,4295,25/03/2024,cancelled,82.77
9745,3899,13/09/2024,cancelled,11.44
11979,2837,17/05/2025,shipped,250.75
16700,6958,23/02/2024,shipped,85.2
16412,4993,22/10/2025,cancelled,376.31
12919,929,31/12/2024,processing,108.97
699,4677,18/05/2025,shipped,261.9
11763,457,19/02/2025,processing,1274.72
11714,3588,3/03/2025,cancelled,1165.39
6515,8210,31/07/2024,cancelled,1125.37
5369,7682,2/02/2024,completed,3121.84
5071,5342,27/04/2024,cancelled,167.76
14628,4151,23/01/2024,completed,131.46
1598,8269,23/08/2025,cancelled,141.99
13846,9837,27/02/2024,processing,731.77
5195,9826,24/05/2025,processing,14.96
3897,5442,24/02/2025,completed,28.52
14514,7196,7/05/2024,cancelled,231.49
15062,1614,26/03/2025,completed,119.58
5117,5295,7/10/2024,returned,69.66
5768,6862,20/03/2025,returned,350.01
3864,4324,10/02/2025,shipped,1259.79
9324,4790,31/05/2025,shipped,42.74
18988,7059,27/03/2025,completed,565.28
12438,1706,11/06/2024,cancelled,181.88
16835,3811,14/08/2024,completed,286.99
1534,6600,3/12/2024,returned,1058.61
8915,333,25/06/2025,shipped,1081.57
9631,2260,8/11/2025,shipped,557.93
19513,328,12/05/2024,cancelled,12.34
11998,5366,24/07/2024,shipped,1223.02
3282,3966,14/04/2025,returned,156.3
5804,6522,4/01/2024,processing,925.11
5090,8289,30/04/2024,shipped,395.89
9666,8775,30/10/2024,completed,526.09
17396,2202,10/08/2024,returned,47.73
6302,4675,16/02/2024,processing,470.89
14529,4537,29/08/2024,returned,86.16
830,6403,2/11/2025,processing,405.41
8878,3136,10/09/2024,processing,411.51
2747,5050,3/12/2024,completed,148.73
10191,6313,19/04/2025,processing,671.45
6605,272,1/04/2025,completed,185.19
150,668,6/10/2024,cancelled,266.04
17851,3485,28/10/2024,returned,257.92
12085,7547,16/10/2025,processing,1199.39
5702,4570,22/01/2024,shipped,40.77
16986,3995,21/05/2025,processing,274.75
4136,9896,17/12/2024,shipped,3254.37
16593,1844,14/01/2024,completed,1289.81
7908,6777,22/02/2025,processing,141.96
357,9579,20/05/2024,cancelled,1315.5
5304,6644,11/09/2025,shipped,296.74
10805,6447,13/05/2025,returned,152.24
1087,7901,21/02/2025,cancelled,3890.26
18258,2082,8/04/2025,completed,151.12
9012,4412,4/08/2024,completed,140.8
12179,8203,27/03/2025,returned,52.12
2515,6891,21/09/2025,cancelled,793.59
4718,7103,12/08/2025,processing,212.29
12286,5080,30/07/2024,completed,26.74
10015,4712,25/05/2024,cancelled,2179.46
11177,676,12/01/2024,returned,167.02
13879,7541,7/08/2024,processing,138.68
13424,8572,3/11/2025,cancelled,562.67
9993,9212,9/09/2024,shipped,76.38
16242,6735,21/04/2025,shipped,121.1
7956,6415,28/02/2025,cancelled,26.28
7708,6921,29/09/2025,returned,246.72
14041,7707,6/03/2024,completed,360.07
14207,5774,6/03/2025,shipped,75.42
7919,2162,19/10/2025,completed,2.92
3955,5555,12/02/2025,returned,1981.13
3357,9555,19/02/2025,returned,26.79
19018,69,10/08/2025,returned,688.64
17899,8916,4/10/2024,shipped,177.95
2182,2679,28/02/2024,completed,102.56
2187,8316,11/03/2024,cancelled,856.9
8543,8418,17/05/2024,processing,81.47
13386,219,29/02/2024,shipped,105.24
5020,4299,4/05/2025,returned,301.89
5615,399,24/02/2024,shipped,476.36
2490,3884,11/12/2024,processing,115.26
7448,5433,12/01/2025,shipped,339.42
6851,7162,26/03/2025,returned,252.58
16949,6272,7/10/2024,processing,982.1
11675,8309,31/10/2024,returned,867.15
1437,3376,10/07/2025,completed,985.62
9864,3853,29/01/2024,shipped,630.84
1681,4199,2/08/2025,cancelled,418.2
9201,6003,7/06/2024,processing,182.8
12689,4326,10/04/2025,processing,114.57
18264,3168,6/06/2024,completed,24.98
8380,8569,26/07/2024,completed,1323.12
18326,3433,30/10/2024,completed,528.1
17099,8071,3/08/2025,processing,1034.5
12521,2894,15/09/2025,processing,204.94
18494,228,23/10/2024,shipped,1824.52
2865,3670,14/06/2024,returned,127.42
5004,5167,6/08/2025,cancelled,521.85
14765,5545,12/12/2024,processing,82.2
166,3599,30/08/2024,completed,184.12
10350,5052,23/04/2024,returned,529.2
2397,1910,7/06/2025,processing,1794.21
9373,928,22/05/2025,cancelled,36.36
5463,3665,18/06/2024,shipped,32.43
7019,7102,30/05/2025,cancelled,1262.95
8818,618,31/10/2025,shipped,17.5
11868,8808,11/04/2024,returned,168.03
1288,265,9/05/2025,cancelled,41.44
3371,2,24/12/2024,processing,56.18
19017,5811,17/06/2025,shipped,951.16
12678,8288,20/01/2025,cancelled,2221.77
4207,101,8/03/2025,cancelled,307.82
17009,2816,21/02/2025,processing,86.48
1447,1679,22/10/2025,returned,139.42
1083,5376,3/08/2024,shipped,283.47
7424,441,18/03/2024,completed,9.97
69,7490,22/03/2025,processing,2659.83
13923,2625,13/01/2025,processing,542.07
5954,8939,1/05/2024,completed,79.09
19473,7410,9/03/2025,returned,49.01
13639,6601,22/10/2025,cancelled,915.66
13466,9652,31/07/2025,completed,1080.54
10420,1260,23/07/2024,cancelled,1892.71
16783,7048,12/07/2024,cancelled,226.49
15780,8940,5/09/2025,cancelled,762.92
6031,2530,5/07/2024,processing,346.47
2729,1102,8/09/2025,processing,273.16
17901,6795,13/01/2025,completed,306.1
18144,7221,24/01/2025,cancelled,480.54
7554,32,14/10/2025,cancelled,569
15936,1810,27/02/2024,returned,76.47
18007,581,26/09/2025,processing,449.08
2504,5124,26/06/2024,processing,979.03
9266,4470,18/10/2025,processing,51.61
7564,5560,28/10/2024,shipped,220.65
18766,2972,8/11/2025,cancelled,3513.16
10373,9621,5/09/2025,shipped,64.76
9248,3048,18/05/2025,cancelled,660.72
7573,9375,14/09/2025,processing,633.93
10512,8089,28/03/2025,completed,189.35
500,6698,15/02/2025,returned,514.21
8275,594,2/12/2024,returned,136.92
16802,1846,16/10/2025,returned,45.56
12968,2645,14/05/2025,processing,807.17
13417,3026,21/03/2025,processing,2523.65
3815,1951,12/10/2024,shipped,293.36
10308,5544,19/07/2024,shipped,222.8
19302,1822,1/07/2025,shipped,1389.28
7203,436,27/11/2024,completed,2673.43
1303,8298,26/10/2024,processing,390.56
8136,3455,16/12/2024,shipped,1048.26
17097,6075,5/01/2025,returned,414.52
3921,7074,31/08/2025,shipped,159.71
8189,6100,29/03/2024,cancelled,114.24
5782,6267,24/06/2024,completed,828.98
15409,2995,22/01/2025,processing,1257.52
725,1943,25/01/2024,shipped,24.2
18022,2248,31/07/2024,completed,13.83
17642,9447,6/07/2025,cancelled,10.62
2714,8694,22/07/2025,returned,282.65
5504,999,22/07/2024,returned,128.44
630,2436,21/07/2024,shipped,600.89
1559,1665,20/05/2024,shipped,255.94
7677,9751,1/02/2024,completed,282.79
9950,9887,11/11/2024,processing,723.64
17405,3380,9/10/2024,processing,1702.83
9083,5533,20/07/2024,shipped,67.41
17186,2464,28/09/2025,shipped,794.88
15627,5241,19/12/2024,processing,655.26
12640,8728,17/08/2024,processing,45.35
15953,7320,25/03/2024,completed,214.23
15411,5307,24/08/2024,returned,58.83
16041,4346,4/09/2024,processing,2609.47
18318,9462,28/09/2024,shipped,39.99
6258,1799,12/11/2024,shipped,545.28
18455,4166,1/12/2024,shipped,1481.9
4664,4431,19/05/2024,cancelled,125.02
14730,7413,19/03/2025,cancelled,103.46
958,5571,5/05/2025,returned,126.7
18443,2891,27/05/2024,completed,189.24
17529,829,19/02/2025,returned,76.91
15317,2091,1/07/2025,processing,957.95
6922,6986,24/08/2024,returned,347.77
10301,6582,18/01/2025,processing,236.97
8793,1193,24/08/2025,completed,986.21
19336,6596,16/02/2024,cancelled,667.13
17033,4258,29/07/2025,processing,709.3
11963,6322,10/09/2025,cancelled,1675.37
2946,5610,23/09/2024,processing,835.23
12261,5891,1/10/2024,returned,2963.59
12625,1509,8/07/2025,cancelled,153.72
2474,5154,4/05/2024,processing,116.22
17835,5077,26/06/2024,shipped,2843.14
2693,6838,2/11/2025,completed,238.36
19911,6244,22/12/2024,shipped,76.01
12412,7144,26/09/2024,shipped,112.83
6151,1081,18/09/2025,completed,2984.62
7774,8004,12/07/2024,returned,1179.14
14568,1897,8/07/2024,returned,732.77
4967,3597,20/10/2024,returned,48.18
6054,1502,22/07/2024,processing,1746.23
17814,3610,13/10/2024,shipped,407.6
346,4683,4/09/2025,processing,741.03
9920,9425,25/05/2024,shipped,19.14
18809,4816,12/10/2024,completed,820.89
2301,9531,14/01/2024,returned,211.03
16363,9975,5/07/2024,cancelled,858.27
7462,6754,25/05/2025,returned,414.39
1202,7409,29/09/2024,processing,1705.48
2437,5300,25/04/2024,cancelled,338.09
19972,1350,22/03/2024,completed,259.01
7766,2047,6/09/2025,shipped,156.31
298,9474,28/02/2024,completed,346.68
19502,95,5/09/2025,processing,55.76
12468,6870,19/03/2025,completed,104.54
13532,2805,20/05/2024,returned,151.19
959,2516,15/08/2024,cancelled,217.2
734,3030,15/08/2025,returned,412.67
14441,6848,31/05/2025,processing,260.01
3516,3548,21/06/2024,cancelled,272.18
7593,1089,6/06/2024,processing,1072.06
6011,3929,13/06/2024,shipped,3746.19
7826,7779,21/02/2025,completed,235.07
19845,5893,19/01/2024,completed,1287.49
11829,7811,2/07/2024,processing,357.12
14171,1483,28/03/2024,shipped,233.7
4233,1757,10/06/2024,completed,63.5
6638,2252,14/02/2025,returned,177.93
7543,2053,1/04/2025,returned,96.97
7781,8049,28/08/2024,returned,228.9
12526,6864,15/02/2024,cancelled,3066.68
1771,1221,4/01/2024,shipped,187.33
8954,4525,26/06/2025,returned,78
1415,708,9/02/2025,shipped,599.85
9713,653,22/01/2025,cancelled,165.95
19865,9128,4/02/2024,shipped,67.1
14311,2038,5/03/2025,cancelled,77.31
15499,6971,23/10/2025,processing,117.72
9479,8744,12/06/2024,processing,202.1
10452,9998,5/12/2024,returned,86.67
5375,8803,12/09/2024,shipped,566.69
8016,5619,1/02/2025,returned,455.55
15035,1485,4/09/2025,processing,238.3
11542,4236,25/07/2025,processing,226.87
12641,159,2/02/2024,returned,88.58
12509,1862,2/11/2025,shipped,50.14
6968,1335,16/02/2024,returned,860.35
6961,7854,27/02/2024,processing,166.42
4016,5668,8/01/2025,shipped,362.85
17798,3467,30/03/2024,completed,68.34
11211,4494,15/01/2024,cancelled,136.75
7255,1983,18/08/2025,shipped,4783.84
13768,5193,14/01/2025,shipped,87.58
888,8093,27/10/2024,returned,15.26
6041,1520,17/08/2025,cancelled,156.24
12074,5437,12/02/2025,processing,1764.16
17559,341,3/04/2024,processing,15.22
12551,4387,23/07/2025,shipped,902.48
16535,2117,1/11/2024,completed,609.38
2718,262,27/12/2024,processing,1427.85
5331,2709,9/02/2024,shipped,3.69
1738,353,30/03/2025,returned,702.55
11,4470,14/08/2025,shipped,1016.61
1484,8284,27/10/2025,shipped,1377.7
3365,4994,25/10/2025,completed,256.25
12768,4596,8/03/2025,cancelled,16.14
2385,2731,16/06/2024,completed,1572.73
10886,7980,28/10/2025,shipped,40.72
9923,6860,21/03/2025,returned,647.78
10651,8684,10/07/2024,returned,23.87
7640,4115,12/03/2024,shipped,21.56
3961,8887,21/03/2025,completed,1537.25
19047,1471,26/03/2025,processing,1125.95
19627,8907,13/08/2025,processing,458.46
12352,2673,2/09/2024,shipped,97.46
1841,4003,15/02/2024,cancelled,74.5
12783,111,21/07/2025,processing,226.46
140,8257,1/10/2024,cancelled,122.6
14306,2723,26/05/2024,shipped,1108.28
15679,6181,12/12/2024,shipped,117.7
6480,8452,16/09/2024,cancelled,211.42
16364,1023,9/03/2025,processing,369.24
10367,9283,22/09/2025,cancelled,566.9
18032,5454,14/06/2024,processing,104.27
13667,1924,13/09/2024,cancelled,1050.42
14577,2391,11/09/2024,cancelled,325.74
12184,695,12/09/2025,completed,145.05
4528,6233,9/12/2024,returned,6267.05
5550,3490,9/04/2025,completed,138.66
2681,6416,3/03/2025,returned,114.34
2890,3304,27/07/2024,cancelled,119.81
1626,4328,26/02/2025,cancelled,76.91
15747,1195,24/01/2025,processing,119.82
19303,3619,27/10/2025,returned,816.82
10313,4781,2/07/2025,cancelled,509.86
17513,5601,25/08/2024,processing,421.49
18676,6486,19/08/2024,completed,344.26
5053,9857,15/04/2025,processing,647.58
9056,7881,8/10/2025,shipped,944.69
6061,1590,21/07/2024,completed,226.24
8755,1010,22/12/2024,completed,41.44
784,3041,3/04/2025,shipped,21.46
17323,842,7/10/2025,returned,17.06
11201,9439,6/12/2024,shipped,1113.5
7166,2481,28/12/2024,completed,312.63
2198,6605,4/07/2025,returned,1008.26
19965,1123,6/05/2025,returned,2088.65
16629,1025,3/07/2025,cancelled,3660.22
1840,2187,20/10/2024,shipped,173.72
12022,1686,15/02/2024,shipped,315.73
13070,5732,2/01/2024,returned,36.32
5933,2309,3/06/2025,shipped,34.58
18821,3364,12/02/2024,shipped,1118.26
6658,3796,11/06/2024,completed,617.22
13739,3228,3/11/2025,returned,33.99
3823,9243,29/04/2025,returned,31.95
6825,9471,28/02/2025,returned,624.08
13692,823,10/08/2025,returned,572.09
10435,9746,7/10/2025,processing,5091.84
19360,5811,17/08/2024,returned,23.58
10652,2086,6/06/2024,processing,502.36
11651,5652,21/05/2025,shipped,304.08
3129,3105,3/01/2024,shipped,18.37
4527,5516,9/11/2024,shipped,613.69
6967,8527,13/10/2025,cancelled,253.06
10756,8091,18/10/2025,processing,12.34
10804,9862,10/09/2024,cancelled,1215.02
1744,5446,30/12/2024,processing,362.35
8773,3689,7/02/2025,processing,393.3
6230,1539,12/03/2024,shipped,88.39
2822,2426,22/04/2024,completed,541.45
8058,8520,12/09/2025,cancelled,494.84
8475,7268,5/11/2025,processing,179.45
12271,8401,16/06/2024,processing,217.9
17744,6393,1/05/2024,processing,383.26
19746,6918,12/04/2024,shipped,31.7
15639,6191,26/01/2025,cancelled,784.72
6839,3373,8/07/2025,shipped,2578.01
6075,3370,5/05/2024,returned,1504.96
2849,3576,21/09/2024,completed,49.21
3245,636,14/08/2025,shipped,790.3
5289,8068,23/11/2024,returned,50.15
9455,6216,7/05/2024,returned,1006.47
12784,7864,8/01/2024,shipped,224.01
10363,3240,27/09/2025,cancelled,32.02
16046,4107,2/05/2025,returned,97.57
17772,1148,19/01/2025,returned,202.84
19252,4319,18/11/2024,cancelled,118.8
15758,5089,11/10/2024,processing,18.89
2510,4912,29/10/2025,shipped,341.88
16803,8721,23/01/2024,completed,1472.28
4541,2044,30/01/2024,cancelled,84.96
12668,6989,20/12/2024,cancelled,542.71
10292,1865,4/01/2024,cancelled,238.36
3702,8768,23/01/2025,returned,1577.17
6531,3941,29/07/2024,shipped,463.47
15410,1561,25/02/2025,cancelled,327.12
17938,8465,22/02/2025,processing,36.34
18967,3843,5/03/2024,processing,563.97
8478,6762,29/07/2024,returned,2797.38
10703,5443,17/08/2025,processing,120.91
8556,5721,1/09/2024,shipped,342.04
1944,770,15/05/2024,completed,1046.44
537,3223,12/12/2024,completed,36.92
11207,8851,21/12/2024,completed,1075.4
8868,4719,31/01/2025,returned,70.39
9244,8472,3/04/2024,returned,51.34
60,4239,18/05/2025,processing,24.35
10105,1119,20/09/2024,processing,155.76
7168,605,8/09/2024,processing,296.83
3385,8383,7/07/2025,shipped,211.61
5851,1453,7/06/2024,shipped,151.39
14367,1590,25/01/2025,returned,1680.09
1076,4430,8/12/2024,processing,575.78
17790,2105,23/07/2025,processing,328.19
13855,7581,2/07/2024,processing,529.31
18120,4863,25/10/2025,completed,10.56
8834,6637,21/09/2024,returned,1151.47
805,7357,16/05/2025,cancelled,135.88
5022,3911,12/01/2025,shipped,469.51
11702,161,30/10/2025,cancelled,545.64
8269,4269,1/09/2024,completed,507.2
7041,6316,7/12/2024,shipped,90.37
17532,5397,8/10/2024,shipped,302.22
14517,6630,25/07/2024,returned,27.21
8374,7166,30/12/2024,shipped,3121.09
10731,3633,13/05/2024,completed,128.36
10081,7164,5/04/2025,shipped,96.96
6240,6830,8/09/2024,processing,715.74
4131,4513,31/05/2025,returned,182.93
5952,2836,12/07/2024,returned,233.03
12861,5712,30/08/2025,completed,660.72
3836,5689,17/02/2024,shipped,1416.19
3748,7072,31/10/2024,processing,586.12
8591,1861,5/03/2024,returned,5821.54
12300,5500,29/02/2024,cancelled,230.57
14052,3737,25/06/2024,completed,1836.44
16265,2667,1/10/2024,cancelled,548.43
4495,482,26/04/2025,shipped,690.22
12112,6914,16/01/2024,completed,918.87
16969,2414,15/05/2024,cancelled,142.89
15110,9247,3/09/2024,cancelled,805.35
13022,9487,13/09/2024,completed,150
4644,5077,30/05/2024,returned,206.81
9892,7364,6/02/2025,processing,644.87
11577,8942,7/04/2024,cancelled,410.91
15404,3342,12/09/2024,shipped,1387.71
9607,5729,5/04/2024,processing,90.91
5337,6400,3/05/2024,shipped,167.52
19438,6222,3/06/2025,shipped,2355.27
16163,4785,4/11/2025,returned,179.39
8362,3681,20/10/2025,returned,461.2
18126,3661,8/07/2025,returned,201.29
11864,5696,12/02/2024,cancelled,481.52
14863,8206,13/01/2025,shipped,595.16
9784,6500,6/10/2024,completed,540.24
6032,4733,30/03/2024,returned,49.41
2627,1858,8/04/2024,shipped,1444.95
10264,3984,9/01/2025,returned,326.16
17199,5754,23/08/2025,returned,96.76
17748,8732,10/05/2024,cancelled,1616.11
8147,9682,12/02/2024,shipped,106.52
11857,1139,22/10/2024,processing,72.49
19747,2704,8/11/2025,completed,999.12
8388,472,4/02/2025,returned,142.08
6267,9681,14/05/2024,completed,15.64
6506,1303,17/07/2024,shipped,40.46
19056,3562,14/12/2024,completed,3183.46
10564,4251,5/02/2025,processing,135.02
17823,1886,13/07/2025,completed,138.95
10902,7759,29/02/2024,returned,96.63
5302,7259,8/04/2024,cancelled,131.87
12996,6469,22/11/2024,cancelled,2572.37
18964,1513,13/01/2024,processing,529.19
16303,1620,2/07/2024,shipped,20.74
19420,6313,30/03/2024,returned,20.84
15224,5855,2/04/2024,completed,63.96
13064,3576,12/09/2025,processing,1047.18
14537,9087,2/03/2025,cancelled,79.55
6263,3879,25/02/2024,shipped,215.6
13725,6708,1/11/2024,completed,54.22
15368,146,5/05/2024,cancelled,3052.82
4727,544,4/09/2024,cancelled,1032.78
1140,6508,10/01/2024,shipped,235.83
14050,2921,27/07/2024,returned,63.98
10871,6490,24/06/2024,cancelled,32.73
12584,6006,28/10/2024,processing,529.06
13700,1840,10/08/2025,cancelled,582.18
9469,4658,7/10/2025,returned,31.39
8776,1645,14/06/2024,processing,95.13
8212,4040,8/01/2024,returned,119.52
16617,8163,30/10/2025,returned,850.77
10586,216,23/03/2024,processing,308.42
13663,7095,15/06/2025,shipped,3199.96
7796,6904,23/06/2025,completed,483.15
349,8969,7/08/2024,returned,1242.87
7293,4903,28/11/2024,completed,233.87
4252,8408,3/03/2025,shipped,444.99
19873,2576,20/09/2025,shipped,411.03
11433,9716,25/05/2024,returned,751.42
9170,4419,4/02/2024,processing,10.2
4421,7044,6/07/2024,processing,61.32
1219,3708,3/10/2024,completed,347.43
14814,1701,24/03/2024,returned,171.28
1704,1973,18/11/2024,shipped,230.79
18308,5196,18/06/2025,cancelled,138.5
11683,3510,18/01/2024,processing,1441.65
6931,6606,4/06/2024,shipped,322.58
1238,4728,26/05/2024,returned,332.73
5168,1746,31/08/2025,completed,586.17
4391,1631,15/09/2025,cancelled,169.18
17155,511,23/10/2025,cancelled,713.14
12617,2255,6/06/2024,processing,331.98
7356,4368,27/10/2025,completed,710.01
8519,8653,31/12/2024,returned,89.96
8306,8087,19/07/2025,processing,149.22
9361,6675,23/01/2024,processing,10.61
19943,2205,3/09/2025,completed,719.73
2899,7572,19/11/2024,returned,894.33
8829,9843,8/06/2025,returned,69.22
6807,5378,14/11/2025,completed,756.54
7278,5585,10/08/2024,completed,40.28
4508,2465,21/04/2024,processing,390.99
7586,9233,10/04/2024,returned,144.69
16036,3342,4/05/2025,processing,1668.18
13449,649,14/01/2025,cancelled,509.55
8406,4130,31/12/2024,processing,304.33
12644,2227,2/04/2025,shipped,1068.13
77,5127,31/12/2024,cancelled,1836
10820,8628,7/09/2024,cancelled,12.76
15573,2523,3/05/2025,cancelled,267.49
19164,9184,15/05/2025,cancelled,42.4
11940,4957,13/06/2025,processing,223.3
13121,781,4/09/2024,processing,346.22
19960,1813,22/06/2025,processing,110.43
9670,3307,1/04/2025,completed,42.45
10762,6211,30/01/2024,completed,595.36
4587,9653,16/04/2024,cancelled,1456.83
17087,2563,18/11/2024,cancelled,207.26
6554,7316,20/04/2024,returned,61.86
13680,1246,16/01/2025,processing,295.31
17423,1285,31/08/2024,completed,199.45
6093,8564,14/04/2024,returned,1176
8423,1835,4/10/2024,returned,1322.52
10311,9070,29/05/2024,returned,709.58
13170,8967,22/11/2024,cancelled,501.71
8285,3603,6/09/2025,cancelled,922.4
7669,5963,20/07/2024,processing,92.28
13997,9182,18/07/2025,completed,173.15
1883,5629,8/05/2024,processing,772.8
16004,8300,15/05/2024,processing,541.69
4201,6660,13/09/2025,shipped,554.93
6780,8859,1/10/2024,shipped,33.1
9674,6699,13/12/2024,shipped,17.06
16892,8582,17/02/2025,shipped,495.1
9955,1653,2/07/2025,completed,347.29
13890,5094,14/05/2024,returned,1372.61
19821,4633,24/06/2025,shipped,113.33
6461,1216,15/12/2024,shipped,40.57
11528,6972,24/09/2025,processing,1564.97
2531,8372,8/01/2024,cancelled,333.28
1201,9258,30/01/2024,returned,236.97
7643,4051,9/06/2025,returned,486.05
9850,9801,15/07/2024,processing,285.7
948,6498,1/09/2024,returned,85.27
3924,5215,9/11/2024,processing,159.88
3885,8192,14/07/2024,processing,528.26
17342,4087,29/10/2024,completed,53.8
10172,9094,4/05/2025,cancelled,31.24
1998,3091,9/02/2024,returned,252.21
7493,409,20/09/2024,shipped,300.66
7243,3523,9/03/2025,returned,36.4
10193,814,11/11/2025,returned,351.45
8137,2593,14/02/2024,processing,155.08
3671,1906,12/05/2024,shipped,48.09
7902,3319,28/05/2025,shipped,125.95
12419,3170,24/09/2025,cancelled,403.58
17032,6754,26/12/2024,cancelled,25.06
4238,3387,30/01/2025,cancelled,145.72
15631,5386,22/06/2025,cancelled,70.76
7939,7781,18/08/2024,returned,61.15
3001,940,21/09/2025,returned,1179.52
15790,1140,24/10/2024,completed,152.24
8024,3630,11/02/2025,returned,1008.41
1797,2220,4/12/2024,processing,15.04
19877,4813,1/02/2024,processing,242.7
9624,9326,18/02/2025,shipped,76.42
13863,4210,8/06/2025,completed,46.64
3341,1088,4/09/2025,shipped,2142.16
12211,1258,30/06/2025,returned,1001.67
12686,3178,10/05/2024,returned,76.81
18742,7552,24/01/2025,cancelled,53.29
18889,7257,19/04/2024,processing,56.37
6943,9984,29/10/2024,returned,81.67
7240,2995,27/03/2024,cancelled,99.4
9060,2488,5/07/2024,shipped,559.13
14828,6962,3/08/2025,shipped,1447.06
1283,417,7/06/2025,shipped,1758.84
1040,3610,16/05/2025,completed,18.26
5984,5194,8/12/2024,cancelled,1857.61
6756,1070,25/08/2025,processing,142.58
9698,1843,6/06/2024,cancelled,2004.8
12160,4243,9/05/2024,shipped,13.85
19427,5914,24/09/2025,completed,1292.15
8542,5700,13/09/2025,shipped,669.84
13445,5492,3/02/2025,processing,1019.97
14966,4028,16/01/2025,returned,45.74
8918,9075,30/10/2024,processing,190.22
12134,2919,15/07/2025,shipped,37.23
7313,4347,18/05/2024,cancelled,258.99
16295,890,14/09/2025,shipped,277.26
11442,1107,21/06/2024,completed,42.15
7666,1983,28/08/2024,shipped,70.7
16511,4543,5/01/2025,shipped,685.98
18101,5028,30/07/2024,completed,455.29
5027,8760,6/02/2025,returned,466.25
9683,3491,25/06/2025,processing,57.98
1444,2863,18/02/2024,shipped,773.82
4818,5910,22/05/2025,returned,44.54
18725,9270,26/10/2025,cancelled,200.43
7667,6199,2/01/2024,processing,36.53
15498,1655,25/06/2025,shipped,822.63
3181,7998,11/11/2024,returned,1059.52
4543,4145,10/03/2024,processing,1947.38
1489,5992,24/01/2024,shipped,479.62
7979,9544,28/08/2025,returned,99.74
9094,1479,17/12/2024,completed,1676.33
12213,7682,30/03/2024,completed,1448.34
2316,9380,16/11/2024,cancelled,231.05
11923,8394,18/06/2025,completed,51.46
13319,8550,24/02/2024,returned,41.57
14544,8747,22/04/2025,shipped,40.92
17315,5336,26/04/2025,completed,56.1
12795,3473,29/12/2024,cancelled,397.02
1705,3088,3/05/2024,processing,2180.2
3038,2643,4/07/2025,cancelled,194.22
1092,9629,13/03/2024,returned,121.03
17415,524,13/12/2024,shipped,4430.15
7738,4194,25/04/2025,completed,545.51
8022,3028,26/05/2025,returned,664.93
17951,3854,30/09/2024,returned,390.5
3977,9970,29/03/2024,shipped,148.45
3657,7844,8/07/2025,completed,1497.24
6412,7615,15/03/2024,returned,234.91
9471,6777,21/08/2025,returned,57.7
14312,1881,2/02/2024,returned,412.84
19930,9134,12/02/2025,cancelled,56.11
14478,2754,24/04/2024,shipped,1318.95
398,3287,14/06/2025,completed,415.95
11842,4723,12/03/2025,shipped,43.7
15782,2323,20/04/2025,completed,157.95
18466,5255,4/06/2025,completed,86.75
2340,4749,18/07/2024,completed,758.31
19346,8554,7/04/2024,returned,82.88
5475,5346,5/12/2024,processing,47.14
4592,4056,12/11/2025,shipped,9.25
18416,9406,27/06/2025,returned,2876.9
12186,1176,31/05/2024,shipped,842.9
11226,5334,7/01/2024,processing,35.1
9798,5615,19/07/2025,cancelled,322.66
15478,3290,23/09/2025,cancelled,59.9
12643,8843,5/09/2025,returned,982.01
13225,8836,28/02/2025,cancelled,130.83
11660,8004,22/08/2024,returned,191.52
9392,8617,10/11/2025,processing,282.42
11550,3298,18/01/2024,shipped,44.33
620,7594,12/07/2024,processing,1576.92
4579,5890,23/01/2024,processing,838.26
11112,5647,24/07/2025,cancelled,391.09
6037,8986,29/06/2024,processing,2140.87
6568,5247,24/10/2024,shipped,1170.57
11057,7103,6/08/2024,returned,2042.39
4148,1935,4/05/2025,processing,442.86
18117,2209,13/03/2024,shipped,80.87
14455,9290,25/02/2024,completed,1986.19
11920,7728,25/03/2024,cancelled,46.56
4785,541,2/04/2025,processing,915.67
15493,3336,25/05/2024,processing,85.79
8250,1992,30/04/2024,completed,2036.33
16756,4811,8/10/2024,completed,221.99
17544,7483,19/10/2024,cancelled,1273.4
11783,811,13/06/2025,completed,657.34
478,9741,7/02/2025,processing,461.02
915,3004,25/08/2024,processing,222.86
3721,2429,4/05/2025,shipped,250.79
9265,4246,26/06/2024,shipped,95.13
16478,825,21/11/2024,returned,60.43
3579,9625,12/10/2025,processing,147.47
3006,4043,23/10/2024,returned,68.37
1463,3432,31/07/2024,completed,49.84
3032,4135,20/04/2024,processing,3863.85
4963,2760,11/10/2024,processing,1527.52
2953,8978,21/06/2024,completed,1463.26
19562,7500,22/01/2024,processing,937.33
13859,3610,19/07/2025,shipped,3677.37
10665,7951,28/01/2024,returned,127.89
14777,2966,29/05/2024,processing,2000.48
19894,9866,13/02/2025,processing,2148.84
11779,3686,9/07/2025,shipped,66.52
2201,3243,23/04/2025,shipped,176.24
11636,7427,7/01/2025,returned,67.54
13603,2760,17/03/2025,processing,1120.58
7760,9916,26/09/2024,shipped,711.91
9689,6506,19/03/2025,shipped,461.43
15013,1799,11/09/2024,completed,238.38
10841,7892,22/09/2025,processing,309.11
3670,5437,6/05/2024,cancelled,641.3
19143,8889,25/02/2024,returned,2023.42
19834,3571,30/10/2024,cancelled,235.63
7869,5597,27/04/2024,returned,549.25
10360,5136,26/04/2025,processing,339.43
8995,9708,17/01/2025,completed,1523.84
15955,9792,7/05/2025,processing,326.01
5291,4831,28/07/2024,completed,261.01
14236,134,15/05/2024,processing,815.72
10255,6064,11/07/2024,shipped,311.35
3860,9149,15/10/2025,completed,3572.6
18690,7042,13/04/2025,cancelled,1096.72
9568,1206,22/10/2024,completed,621.12
1242,9220,2/09/2024,returned,407.66
7680,2699,31/10/2024,completed,264.22
17133,115,23/02/2025,cancelled,235.09
13110,6699,22/03/2025,processing,388.22
17912,7142,31/10/2024,shipped,173.4
2322,4975,21/04/2024,cancelled,1017.84
14141,4987,27/09/2025,cancelled,132.88
12926,7166,18/04/2024,completed,372.7
9982,8694,6/01/2025,completed,85.51
11262,8312,13/10/2024,cancelled,1048.45
13833,405,20/08/2025,cancelled,1304.17
13248,7577,28/09/2025,shipped,1298.89
395,9243,25/01/2024,processing,1508.35
1583,9452,4/08/2025,processing,960.84
9320,6729,13/02/2024,completed,676.95
18038,9571,21/05/2025,returned,83.14
1695,3659,15/12/2024,shipped,1922.54
9224,8846,12/07/2024,cancelled,197.87
12447,3379,21/09/2024,cancelled,756.87
4951,3626,22/08/2024,processing,179.04
3207,4244,17/01/2025,cancelled,1269.79
6749,4924,18/02/2024,processing,854.47
18999,9043,18/06/2024,shipped,142.27
1260,8727,30/10/2024,processing,52.1
18743,5042,31/10/2024,returned,449.01
4206,5602,4/08/2024,completed,69.68
1332,73,23/09/2025,returned,323.24
5808,4878,17/07/2025,completed,580.18
7647,8062,12/03/2024,completed,402.72
17220,9378,9/10/2025,cancelled,383.87
1983,9420,28/04/2025,completed,476.98
15896,902,2/12/2024,completed,73.93
8655,2034,4/01/2025,returned,148.6
10797,1173,22/09/2025,processing,1009.21
11350,9554,4/09/2025,completed,784.78
243,4073,26/05/2024,processing,62.47
13478,3374,29/08/2024,returned,167.23
19356,4319,20/02/2025,processing,845.86
19819,6079,19/03/2024,shipped,135.56
9246,5660,20/07/2025,shipped,1718.5
15923,4439,31/08/2025,completed,114.93
9449,572,20/10/2025,returned,26.06
4778,2961,30/07/2025,processing,312.49
13719,6751,9/01/2024,shipped,3317.72
9465,7584,14/02/2024,shipped,53.24
14843,7095,15/01/2025,processing,1103.02
1851,7783,13/04/2024,processing,865.91
13519,9505,19/02/2024,completed,586.11
13344,2666,29/04/2024,returned,63.14
15607,7395,25/06/2025,cancelled,230.98
13283,5318,18/02/2025,processing,436.42
19552,5463,5/03/2024,shipped,352.63
842,1417,28/08/2025,cancelled,467.48
8736,4616,20/05/2024,completed,377.51
16622,3922,14/05/2024,completed,855.42
19535,3608,22/05/2024,processing,636.16
9321,9642,23/04/2024,cancelled,297.78
9350,2004,14/08/2025,completed,590.12
8013,8163,24/01/2024,shipped,546.45
19824,6728,18/09/2025,completed,422.15
11996,7234,9/07/2024,cancelled,840.48
17227,3251,4/06/2025,cancelled,26.79
223,8192,3/08/2024,completed,151.5
10356,2624,8/10/2024,completed,708.09
18228,8058,15/06/2025,shipped,1589.74
7959,2641,11/11/2025,processing,104.54
14040,8310,22/09/2024,returned,467.22
4653,2257,4/11/2025,cancelled,1043.96
1868,8461,25/08/2024,returned,116.22
4832,7926,30/09/2025,completed,5.79
15016,7838,16/08/2024,cancelled,317.5
1948,5195,26/04/2024,shipped,166.87
15725,8435,13/08/2025,shipped,131.22
17599,8449,6/01/2024,processing,1775.51
17547,782,31/10/2025,completed,81.88
17850,6845,16/06/2024,cancelled,351.69
16557,618,16/04/2025,returned,14.09
13314,1464,21/05/2024,returned,596.56
17025,8025,25/02/2024,returned,64.82
19171,8556,1/08/2025,cancelled,197.62
3713,4045,5/03/2024,shipped,163.17
3872,4495,14/08/2024,shipped,46.21
3908,7626,20/09/2025,returned,196.59
205,6253,21/10/2024,shipped,98.6
13073,2904,18/09/2024,returned,50.58
19159,5942,14/09/2024,returned,205.83
10167,2335,12/06/2025,returned,1429.08
19424,2491,20/05/2024,cancelled,380.21
5664,7605,4/04/2024,shipped,48.58
18586,820,13/04/2024,completed,1152.54
14402,6086,3/06/2024,cancelled,44.48
12560,6462,20/03/2025,returned,147.29
2664,712,21/02/2024,cancelled,61.35
13510,4988,9/01/2025,completed,1757.33
9569,611,16/06/2025,returned,86.67
8887,4597,17/01/2024,processing,4333.38
2573,3703,2/08/2025,completed,289.14
7492,9665,15/03/2025,cancelled,57.46
19156,1474,26/03/2024,completed,2215.32
1724,7185,5/05/2024,completed,1273.36
7281,4111,29/05/2024,returned,633.29
6537,3082,2/04/2024,processing,135.65
430,9863,4/01/2024,returned,104.88
11595,6999,20/10/2025,returned,79.35
8105,8258,3/03/2024,completed,96.56
6396,6606,3/12/2024,returned,252.49
8163,9801,17/09/2024,returned,46.4
13987,5553,29/03/2024,returned,127.86
2783,9035,16/10/2024,shipped,190.22
8472,8361,1/01/2025,shipped,481.16
16948,7590,4/04/2024,cancelled,704.46
5339,4719,5/08/2024,completed,222.24
2298,9603,4/02/2024,cancelled,1056.79
12506,4740,9/03/2025,processing,571.58
4219,4308,2/05/2024,shipped,99.68
3436,7611,16/01/2025,returned,259.24
3521,3675,7/11/2024,returned,26.54
9672,9464,24/09/2024,processing,1062.84
2338,7033,16/03/2025,cancelled,23.33
11514,2110,21/04/2024,processing,1052.57
5821,8737,1/11/2024,shipped,440.21
13954,9137,27/07/2024,cancelled,643.14
14047,8985,12/10/2025,cancelled,93.1
9283,8429,1/12/2024,processing,111.37
12241,548,21/10/2025,returned,1011.71
16502,7835,11/07/2024,cancelled,156.64
8009,3242,9/01/2025,completed,302.01
3816,9169,12/02/2025,processing,1.21
17329,3459,20/12/2024,cancelled,557.75
18834,2885,8/10/2025,returned,577.78
14515,7707,15/09/2024,returned,284.47
3003,8043,6/04/2024,cancelled,123.36
2214,8124,4/10/2025,returned,648.84
16034,1144,18/05/2025,processing,1086.38
19964,5967,28/09/2024,shipped,726.44
9960,4078,20/11/2024,processing,132.3
8599,6165,30/01/2025,shipped,2.41
10162,8532,28/09/2024,returned,223.09
5050,2950,9/08/2025,cancelled,29.5
9309,826,12/01/2025,completed,636.85
13676,8179,5/04/2024,returned,215.73
7954,8134,10/03/2025,completed,206.98
1305,5643,28/05/2024,shipped,158.29
18681,8859,19/05/2025,shipped,22.53
6723,5738,15/08/2024,returned,3801.45
11688,8813,27/04/2024,cancelled,140.3
3919,8207,5/02/2024,completed,448.86
16594,9253,16/04/2025,processing,466.25
15761,7214,28/02/2024,completed,124.34
3542,3119,1/11/2024,returned,2325.01
3884,7777,5/02/2025,processing,311.32
16127,5141,10/01/2024,completed,22.36
15651,4669,18/08/2024,returned,260.48
14377,5908,13/01/2025,processing,570.37
11384,4894,10/11/2025,completed,1022.32
4485,4214,11/05/2024,returned,4284.49
4178,8239,21/03/2024,shipped,307.85
19350,1549,30/04/2024,returned,415.7
11936,6150,1/07/2024,cancelled,920.5
6641,8299,16/11/2024,returned,82.77
4029,6086,10/01/2024,returned,2236.7
12844,845,31/08/2024,processing,188.49
11233,1731,24/07/2025,completed,108.57
16438,5369,10/04/2024,processing,62.04
8763,2646,10/01/2024,cancelled,261.69
16626,2660,1/04/2024,returned,1547.5
18529,6575,27/04/2024,processing,60.28
10550,190,22/01/2025,cancelled,423.67
17002,1594,20/02/2025,returned,537.05
17239,8038,13/09/2025,completed,519.42
605,2740,21/04/2025,cancelled,608.27
14279,3220,8/05/2025,processing,1015.41
17196,3928,31/03/2025,cancelled,284.59
13369,9108,18/08/2025,completed,1071
10320,1791,23/07/2025,cancelled,346.05
12814,4419,27/11/2024,shipped,254.08
16906,2788,19/01/2024,completed,134.95
413,2090,25/03/2025,returned,100.66
12583,5367,27/10/2024,completed,44.4
3819,8174,1/11/2025,returned,194.01
10102,3072,30/12/2024,returned,218.08
19176,7465,29/08/2025,completed,1657.37
14511,8179,10/04/2024,completed,1099.62
4073,9702,24/08/2024,completed,1553.26
14451,4181,30/10/2024,cancelled,1111.46
7824,4977,17/10/2025,completed,74.94
16277,1813,8/04/2025,returned,40.8
19926,5381,25/07/2024,cancelled,1026.7
14722,7307,31/03/2024,shipped,908.46
13396,669,6/12/2024,returned,58.46
2242,7491,23/01/2024,processing,202.72
14340,8052,26/06/2024,processing,16.58
18169,3701,16/04/2025,processing,764.34
13129,3006,20/04/2025,completed,50.12
11383,5869,2/01/2024,processing,241.67
1012,801,8/09/2025,shipped,5.35
1422,9889,14/06/2024,returned,430.3
2987,8761,14/07/2025,cancelled,722.89
29,6599,23/05/2025,shipped,950.63
14641,6921,1/08/2025,processing,563.25
15933,5546,4/10/2024,returned,71.29
13220,7118,14/10/2024,completed,1435.85
580,1813,29/10/2024,shipped,130.05
9393,4986,2/11/2024,completed,261.26
7631,4174,22/07/2024,returned,43.98
6680,2540,4/01/2025,cancelled,53.48
3629,8054,1/12/2024,cancelled,85.46
10416,9990,23/06/2025,processing,134.24
4216,2139,12/10/2025,shipped,1585.35
3765,8603,24/09/2025,returned,532.65
1050,7850,31/12/2024,shipped,229.48
922,3311,30/07/2024,completed,368.82
18246,218,30/09/2025,completed,495.01
4464,7625,27/11/2024,shipped,851.29
5641,6005,28/01/2025,returned,620.37
10022,3716,13/02/2024,cancelled,718.9
11930,1668,1/08/2024,processing,461.88
3764,6087,4/04/2024,cancelled,292.66
6561,6519,11/12/2024,processing,530.65
7040,8311,30/08/2024,returned,577.88
14182,9378,31/01/2024,processing,131.06
17905,8092,28/07/2024,shipped,1162.07
2796,4170,23/05/2025,cancelled,358.37
3620,7317,13/03/2025,cancelled,20.68
3062,4444,14/01/2024,shipped,64.63
17872,5401,11/11/2024,returned,494.84
5997,9487,1/04/2025,shipped,20.74
2948,6435,18/06/2024,cancelled,2.48
14726,1074,3/06/2024,completed,30.77
14433,7924,1/02/2025,processing,6.85
5105,1654,20/10/2025,cancelled,642.88
3783,9877,9/07/2025,shipped,184.98
832,5221,8/02/2025,cancelled,532.74
3633,5848,10/08/2024,completed,189.79
7765,8584,20/09/2025,completed,236.97
6732,7403,23/01/2024,shipped,503.48
17785,8590,13/01/2025,processing,335.33
3616,273,28/05/2025,completed,45.55
7247,8785,2/03/2025,completed,2945.45
16323,9059,12/07/2025,returned,1449.66
10517,6868,27/10/2025,cancelled,201.1
747,1736,25/12/2024,returned,612.23
13368,2115,30/04/2024,returned,2132.47
18626,7588,14/11/2025,returned,144.9
15359,6631,30/01/2024,returned,1118.96
13443,7491,24/09/2024,returned,188.96
8990,9425,7/12/2024,cancelled,182.28
2080,4033,8/02/2024,processing,194.02
17000,4180,21/03/2024,shipped,209.37
3743,6613,14/08/2024,returned,380.44
743,6770,15/01/2024,cancelled,351.35
13875,3343,11/04/2024,cancelled,129.48
5226,6026,30/03/2024,shipped,299.66
444,5171,5/10/2025,processing,76.91
2565,2853,14/04/2024,shipped,253.68
12413,21,26/10/2025,processing,64.45
18811,3686,29/04/2024,shipped,36.52
2581,6783,13/12/2024,processing,94.57
9614,5187,26/09/2024,returned,212.67
8594,2528,11/06/2025,returned,292.39
18279,7898,10/09/2025,completed,228.38
14310,1560,24/12/2024,processing,1133.21
17191,835,21/01/2024,shipped,543.8
7405,5936,1/11/2024,completed,68.12
12267,6380,14/04/2025,returned,1887.88
19906,6694,18/11/2024,cancelled,405.4
19367,902,31/03/2024,completed,902.69
13893,4770,8/06/2025,returned,8.74
10673,7080,4/10/2024,completed,476.16
12173,4085,19/06/2025,cancelled,161.2
16281,9171,4/06/2024,cancelled,945.57
18780,6759,2/11/2025,completed,63.21
7188,6196,13/02/2025,completed,1717
3253,7635,5/10/2025,returned,130.87
2500,1157,23/02/2025,processing,1017.63
3412,5638,31/03/2024,processing,160.07
17366,6503,5/02/2025,returned,158.55
3195,1122,31/05/2024,cancelled,75.93
7742,983,18/01/2024,cancelled,286.94
15844,3268,19/01/2024,cancelled,491.42
13340,4614,28/01/2024,processing,181.87
4781,1040,23/05/2024,processing,1795.89
2330,233,17/10/2025,shipped,76.4
16528,2115,21/07/2025,completed,467.17
510,8319,5/03/2024,completed,1842
16745,4637,15/09/2024,processing,772.01
19915,6190,31/05/2024,processing,349.82
11217,5230,8/07/2024,processing,113.38
12487,553,11/01/2025,returned,169.58
10966,4447,23/05/2024,processing,623.01
7745,3020,4/08/2025,processing,138.2
17968,3391,17/09/2025,processing,336.41
16454,6626,19/12/2024,shipped,346.42
19259,5635,2/05/2024,returned,157.51
1833,7142,30/11/2024,returned,55.21
153,7261,12/11/2025,shipped,186.2
18763,4533,25/09/2024,cancelled,121.62
11515,9415,17/08/2025,completed,458.76
2601,3681,22/06/2025,shipped,185.13
7699,6813,9/10/2025,shipped,241.85
11055,9061,17/11/2024,cancelled,543.78
4307,1189,3/05/2025,returned,3.61
7052,6644,16/08/2025,processing,1178.93
7050,9096,6/11/2025,shipped,516.54
11985,271,7/09/2024,completed,300.9
18872,4565,3/02/2024,returned,188.49
2103,9953,30/07/2024,processing,1395.27
13342,1627,7/01/2025,completed,241.88
10577,4784,12/03/2024,completed,1171.59
8728,88,23/01/2024,returned,290.74
12811,6105,4/01/2025,returned,9.92
4549,4289,16/09/2025,cancelled,146.59
12287,712,20/04/2025,cancelled,220.06
16709,5862,9/09/2024,shipped,264.09
7437,6515,13/09/2025,returned,550.78
8912,462,28/01/2025,returned,98.79
337,3950,21/06/2025,returned,264.65
13717,1932,22/05/2024,processing,1721.96
17562,8952,20/03/2025,returned,970.1
19327,5894,9/07/2025,returned,1389.24
9446,1359,16/11/2024,cancelled,295.12
2355,6857,6/10/2025,shipped,300.24
9831,7807,6/03/2024,processing,158.5
14775,4953,10/09/2024,processing,398.29
19248,1559,30/09/2025,processing,113.26
16182,5151,25/01/2024,cancelled,116.24
16296,3243,16/02/2024,completed,1093.19
16188,7057,11/11/2025,cancelled,360.23
2288,2669,6/10/2024,returned,587.22
5282,2638,1/11/2024,returned,331.26
12065,3961,17/05/2025,cancelled,19.6
8244,9489,21/06/2025,returned,406.13
4122,5967,23/09/2025,returned,2044.11
9389,9546,4/05/2025,returned,953.03
17493,7055,2/03/2024,cancelled,69.29
2856,6919,27/09/2025,processing,428.86
1863,3498,19/02/2025,completed,214.66
4823,5078,3/02/2025,shipped,35.41
9310,280,8/04/2025,shipped,1797.55
13707,3482,17/02/2025,shipped,770.82
8319,356,19/08/2025,processing,231.84
15626,6674,24/10/2025,processing,352.99
7226,3940,14/03/2024,shipped,789.53
17104,6640,22/01/2025,shipped,1199.77
8195,1314,28/06/2025,returned,441.38
13970,1068,7/04/2024,processing,601.43
17996,3738,16/12/2024,processing,8.74
2680,1804,11/02/2024,processing,254.86
3847,2075,15/03/2025,shipped,12.97
14280,7142,25/03/2024,shipped,5.66
988,4546,4/02/2025,completed,9.28
15045,7484,2/03/2024,shipped,3086.64
15280,755,29/09/2024,cancelled,28.52
18405,9394,26/04/2025,completed,119.07
11191,3653,7/02/2025,cancelled,809.06
15753,9940,16/07/2024,cancelled,342.55
17250,384,11/03/2024,cancelled,178.96
11856,2733,18/07/2025,completed,1225.23
16121,3708,13/03/2024,shipped,80.37
3898,5175,12/08/2025,returned,237.02
8981,5600,15/04/2024,completed,1577.57
15452,4918,23/02/2024,shipped,284.02
386,1294,2/05/2024,cancelled,323.14
264,2837,6/11/2024,returned,1988.26
4266,2249,3/03/2024,cancelled,411.5
10582,5291,11/05/2024,shipped,2224.26
2151,1885,26/08/2024,cancelled,268.42
5855,7388,23/03/2024,cancelled,437.3
3526,4058,22/12/2024,cancelled,1127.87
6827,8182,24/06/2025,cancelled,954.36
3561,6415,10/10/2025,returned,533.14
4742,1080,16/09/2024,cancelled,1027.62
14803,7362,2/07/2024,completed,549.45
1434,6671,6/07/2025,cancelled,1148.7
6323,1586,8/07/2024,shipped,788.14
1163,3044,9/05/2024,completed,127.41
13658,7947,11/04/2024,processing,69.5
12145,6406,8/02/2025,shipped,56.04
1336,6209,3/05/2025,completed,255.41
17465,8131,11/10/2024,returned,567.24
11685,81,24/07/2024,processing,323.55
9166,1631,25/05/2024,shipped,353.2
8357,1114,24/10/2024,completed,84.79
660,6778,21/03/2025,returned,407.66
11987,6222,18/01/2024,cancelled,596
7470,1836,11/06/2024,returned,128.57
7604,2630,9/11/2025,cancelled,294.46
12635,3263,23/09/2024,processing,1140.87
9041,5762,6/03/2024,returned,134.71
6507,2339,17/04/2024,cancelled,606.02
12244,8973,20/04/2025,shipped,590.1
15249,7860,1/03/2024,completed,186.4
16654,1872,8/04/2024,returned,43.35
7436,2271,15/03/2025,processing,71.41
8321,5504,15/08/2025,processing,1377.51
18091,3196,2/09/2024,processing,4297.7
4813,6526,11/12/2024,processing,31.04
9609,1331,19/11/2024,shipped,1660.09
16241,4370,8/06/2024,completed,549.32
13398,3803,28/04/2025,processing,1257.26
7058,9790,26/12/2024,processing,1551.04
2239,3323,23/01/2024,returned,242.11
5311,2520,5/01/2024,returned,1170.43
7555,6994,20/05/2025,cancelled,2324.44
13873,564,1/07/2024,returned,78.51
16266,4407,3/05/2025,completed,1181.79
12434,217,24/05/2025,returned,532.4
4274,1097,27/10/2025,shipped,468.61
5144,8074,28/06/2025,shipped,1573.59
718,6167,21/02/2025,returned,228.19
16542,4973,4/10/2025,cancelled,32.69
6203,8083,6/11/2025,completed,67.57
16126,2382,8/09/2025,completed,1431.6
1480,3826,8/04/2025,processing,55.11
17426,4227,30/01/2025,completed,37.84
13451,3147,8/01/2025,cancelled,388.91
18920,7098,12/05/2025,shipped,1340.76
6861,1559,12/05/2024,completed,1628.6
2318,6268,27/04/2025,shipped,925.24
1666,4370,24/10/2024,cancelled,533.64
3270,631,15/06/2025,processing,327.68
9992,5320,8/11/2024,completed,85.78
16423,6044,26/10/2024,shipped,615.9
10223,6358,19/04/2024,shipped,172.17
5567,991,3/06/2025,processing,1064.87
7086,1759,26/03/2025,completed,9.31
18223,1563,7/11/2024,shipped,83.52
484,8464,5/09/2024,returned,177.78
804,6487,20/01/2025,cancelled,1292.61
2641,5014,8/07/2025,completed,2372.85
511,1525,27/02/2025,returned,3150.71
19601,103,12/04/2025,processing,13.58
14281,3838,29/10/2024,completed,1073.35
10501,2987,2/08/2025,cancelled,472.61
8565,9398,12/05/2024,shipped,20.23
2056,8048,15/09/2024,cancelled,757.31
1172,3854,11/07/2025,cancelled,82.98
5415,5963,2/07/2024,returned,271.16
5557,1581,22/10/2024,returned,29.92
17021,9421,21/06/2025,returned,259.9
14672,9339,6/08/2025,completed,221.13
2912,854,11/01/2024,cancelled,311.96
16203,568,29/05/2024,processing,87.6
6908,7743,27/10/2025,returned,271.82
13080,7269,25/10/2024,returned,273.47
19604,8030,4/11/2025,processing,1120.91
14261,9003,13/10/2025,cancelled,18.65
2110,2947,17/03/2025,returned,160.1
10687,9789,14/08/2025,processing,73.88
3794,5073,22/06/2025,returned,783.74
9383,4830,1/01/2025,processing,1229.11
19013,2461,9/04/2025,shipped,533.18
9160,3016,29/10/2025,cancelled,133.96
15080,6549,3/06/2025,cancelled,131.83
16520,6734,2/07/2025,cancelled,19.35
14191,4092,4/10/2024,processing,144.75
5387,1887,29/11/2024,shipped,3038.98
3803,4731,24/11/2024,processing,331.51
1302,7670,30/04/2025,shipped,372.19
5864,691,6/04/2024,returned,5044.77
14002,4358,30/06/2025,cancelled,721.12
3887,3643,15/08/2024,shipped,43.83
8298,4541,24/04/2025,shipped,10.7
987,5887,24/11/2024,completed,252.13
7523,1613,31/12/2024,completed,378.92
13731,1960,8/01/2024,completed,194.72
12588,5572,14/09/2025,cancelled,1152.19
17777,2038,21/09/2024,cancelled,10.22
10473,3027,24/05/2025,cancelled,1331.47
615,801,30/06/2025,shipped,83.51
11145,8498,1/02/2025,completed,736.51
9377,9729,12/04/2025,processing,1474.83
19232,48,27/02/2025,returned,83.11
19608,645,22/07/2025,processing,38.11
8832,6956,9/12/2024,processing,1989.11
13823,5703,1/07/2025,completed,88.39
19607,9545,3/04/2025,shipped,1525.83
18151,5355,21/12/2024,returned,80.1
6097,9022,13/03/2024,returned,953.17
15884,8324,4/02/2024,processing,9.74
16340,6477,10/01/2024,completed,1013.26
19503,2438,6/02/2025,shipped,30.59
18550,3968,29/05/2025,cancelled,988.62
5682,4837,23/04/2024,completed,201.55
3117,9142,18/04/2024,cancelled,1292.79
18675,6278,18/06/2024,returned,390.13
5990,8243,1/06/2024,cancelled,1253.94
10766,2845,3/07/2024,completed,202.55
6988,9928,23/08/2024,returned,728.09
12363,547,2/09/2024,returned,1092.14
6900,512,15/11/2024,shipped,2791.04
2341,3910,3/08/2024,completed,519.54
6899,1204,24/06/2024,completed,43.24
5668,6308,4/07/2024,shipped,19.35
19272,2381,28/09/2024,completed,12.81
5182,7397,3/07/2024,returned,143.9
19756,7777,27/08/2024,cancelled,26.74
1937,5187,24/01/2024,returned,743.73
17738,4053,14/09/2024,completed,281.52
13468,9511,21/04/2024,shipped,2763
5256,272,12/08/2024,cancelled,2119.34
12605,2868,21/07/2024,cancelled,245.21
17834,4267,19/06/2025,shipped,46
3893,6037,6/02/2025,completed,58.23
3805,3911,4/10/2024,cancelled,29.08
14204,5982,8/03/2025,cancelled,304.12
10692,8932,13/04/2025,returned,172.42
3152,6068,27/02/2025,cancelled,1350.84
4656,5237,9/08/2025,completed,1206.17
15568,3676,21/04/2025,completed,56.18
11243,9505,28/03/2024,processing,180.9
5688,4334,14/08/2025,shipped,55.11
6670,4656,20/05/2024,shipped,120.08
2095,6801,24/04/2025,processing,803.76
15675,3632,22/01/2024,completed,600.34
3408,9041,12/05/2024,returned,436.4
13972,4269,14/10/2024,cancelled,285.18
12178,5787,23/03/2025,shipped,710.86
6553,6102,18/03/2025,returned,1436
7253,5917,15/05/2025,cancelled,627.12
1030,220,21/04/2024,completed,623.72
7576,3148,11/10/2024,completed,100.3
8840,398,31/01/2024,returned,681.49
13555,3154,13/04/2025,processing,456.31
2091,4316,30/04/2024,returned,285.46
7453,9186,5/04/2025,cancelled,992.63
17365,3369,28/02/2024,cancelled,355.71
10094,1443,9/02/2024,shipped,334.25
2101,5615,13/04/2024,returned,1835.32
16393,5682,14/03/2024,shipped,62.56
527,9652,7/09/2024,completed,149.76
1138,918,20/04/2025,completed,513.47
17398,7383,15/09/2025,processing,59.06
6869,5610,24/08/2024,completed,176.07
4248,4762,6/04/2025,returned,46.5
14379,4674,3/02/2025,returned,1124.2
3932,5276,13/01/2025,processing,110.35
11867,9885,4/06/2025,returned,815.93
9946,8972,10/10/2025,shipped,520.39
9212,9482,22/11/2024,returned,483.85
4085,1835,29/06/2024,returned,891.27
124,6150,14/02/2024,completed,1541.87
9726,8320,26/02/2024,completed,53.16
9237,4549,22/09/2025,processing,161.29
16351,927,23/06/2025,completed,1097.96
6388,9948,19/05/2025,returned,2008.13
11036,1806,25/12/2024,processing,1194.99
13481,9867,16/02/2024,completed,330.06
11889,1393,22/07/2024,processing,142.7
16103,8363,24/08/2025,shipped,59.55
4512,4013,30/01/2025,processing,2567.94
16777,1097,7/01/2024,completed,84.86
18805,2574,3/10/2025,shipped,693.58
16027,6461,29/03/2025,returned,733.93
3991,8338,8/04/2024,processing,1906.04
8456,2421,4/01/2025,shipped,364.68
5703,7762,26/07/2024,returned,562.09
14613,3908,29/09/2025,returned,32.42
9757,506,3/12/2024,cancelled,24.66
18278,5155,7/11/2025,returned,311.01
11654,8488,3/04/2025,shipped,2752.62
14107,3156,8/01/2024,cancelled,177.89
18929,6301,24/04/2025,cancelled,297.78
8034,2433,8/03/2024,returned,855.63
17811,5085,30/09/2024,cancelled,24.34
8975,8303,10/01/2024,processing,134.95
9345,2291,18/03/2025,processing,1208.95
3438,9578,11/03/2025,returned,631.57
10491,673,18/02/2024,returned,261.87
3045,2494,15/06/2025,returned,26.05
10305,5198,14/05/2025,returned,898.82
2773,1245,3/09/2025,shipped,473.59
3640,3867,3/07/2024,returned,361.55
5500,7872,14/08/2025,shipped,368.82
6699,2290,24/05/2024,cancelled,84.96
15292,8014,17/05/2025,processing,163.04
951,6020,21/02/2024,processing,41.48
13171,5729,25/06/2025,completed,1493.98
5362,8134,10/11/2025,completed,995.22
3021,8551,13/12/2024,cancelled,292.09
9114,5132,29/02/2024,shipped,606.11
12073,3030,14/06/2025,completed,52.53
6716,7894,2/05/2025,processing,1882.12
9180,2855,18/06/2025,processing,51.96
7575,6028,16/12/2024,cancelled,103.35
12042,3734,21/04/2025,shipped,56.87
14404,9349,12/03/2024,cancelled,492.64
11137,1841,10/09/2024,shipped,33.99
16604,104,15/07/2025,cancelled,291.17
670,1256,13/05/2025,completed,133.67
17406,2248,5/10/2025,returned,417.35
13239,3830,19/06/2025,processing,297.74
1409,4268,7/11/2025,cancelled,3350.65
14693,1401,18/10/2024,shipped,130.27
19034,9429,27/01/2024,completed,75.93
8812,2727,21/10/2024,processing,905.25
3883,3813,27/02/2024,shipped,106.52
11997,1449,10/04/2024,completed,916.67
6881,2977,9/06/2025,returned,302.07
2642,5929,29/06/2024,processing,669.84
16059,8672,20/08/2025,processing,51.78
17747,1202,12/02/2024,cancelled,252.9
13203,7479,23/03/2025,shipped,63.38
4063,5373,31/01/2025,completed,584.18
11208,214,18/10/2024,completed,20.31
7128,168,13/07/2025,cancelled,21.71
11000,4214,28/02/2024,cancelled,1063.77
265,7023,25/04/2024,shipped,43.46
8297,3699,12/10/2024,shipped,233.44
4140,9313,29/10/2024,cancelled,27.08
12128,772,16/07/2024,completed,54.34
10538,5253,16/02/2024,completed,28.77
11645,9857,13/08/2024,completed,726.44
8961,4326,2/05/2025,processing,2594
12697,1087,29/08/2025,cancelled,185.4
11385,4566,3/07/2025,shipped,719
13020,3263,14/10/2025,completed,18.76
13363,5903,31/07/2025,shipped,923.52
17440,890,3/04/2025,processing,484.26
15606,1659,13/03/2025,cancelled,646.95
13622,2613,6/12/2024,processing,1702.11
5539,5348,15/05/2025,shipped,594.62
5740,986,12/06/2024,completed,2035.42
12193,1122,27/11/2024,returned,236.24
13098,8214,13/02/2025,returned,444.15
7594,742,14/01/2024,returned,2227.85
11599,5035,1/03/2024,processing,158.55
16694,9364,5/11/2025,processing,116.26
3074,5997,25/02/2024,shipped,109.26
17629,1549,23/10/2024,shipped,424.69
9520,9901,23/10/2024,cancelled,357.59
836,8425,17/11/2024,cancelled,358.71
11709,2586,16/10/2024,shipped,1392.61
8683,1465,23/06/2025,cancelled,621.31
97,2710,29/11/2024,processing,100.3
12067,2138,16/10/2024,shipped,128.53
10941,2136,19/03/2024,completed,12.34
13476,630,18/06/2024,returned,930.98
17198,3372,12/04/2025,returned,9.32
1880,4788,18/04/2025,returned,2921.39
1631,9616,19/02/2024,shipped,863.9
6330,9479,13/06/2025,shipped,1511.11
5098,5128,26/04/2025,completed,1233.42
1228,8120,17/11/2024,returned,409.41
18810,6565,24/04/2025,processing,582
16314,8422,22/01/2025,shipped,746.51
11329,8892,8/02/2025,completed,2232.17
4125,5573,18/05/2024,cancelled,1676.62
1776,6408,30/07/2024,shipped,332.56
13785,8995,4/02/2025,shipped,3169.33
11926,1003,19/03/2024,shipped,1935.66
6518,1379,19/09/2024,completed,235.98
11073,3360,25/10/2024,cancelled,349.82
18737,201,23/04/2025,cancelled,20.8
16432,6641,15/09/2025,completed,305.77
12984,6457,14/02/2024,completed,329.78
18891,2293,30/03/2025,processing,661.56
17584,6175,15/01/2025,shipped,265.04
1663,526,29/07/2024,processing,186.88
4965,8345,2/05/2025,returned,1568.98
5884,7825,16/06/2025,processing,672.07
2843,5033,30/12/2024,cancelled,81.87
7027,845,12/02/2024,cancelled,277.82
17347,8135,23/06/2025,completed,18
8760,807,22/09/2024,returned,375.69
18381,6263,29/02/2024,shipped,159.95
5376,7748,16/12/2024,returned,601.78
10055,378,22/09/2024,returned,73.01
9656,5197,2/08/2024,processing,26.68
215,8741,7/04/2024,shipped,430.41
8091,9250,12/05/2024,processing,400.96
10958,9326,13/11/2024,processing,154.29
16762,107,27/03/2024,shipped,436.94
13727,8181,15/06/2024,processing,217.38
9339,3492,21/08/2024,shipped,97.42
7863,7452,27/08/2025,returned,484.07
7822,9465,5/04/2024,processing,562.19
5355,1574,3/07/2024,completed,1059.58
15642,5961,19/03/2024,completed,1052.76
17278,4692,11/02/2024,shipped,3607
3305,7433,14/07/2025,shipped,521.5
9062,1080,16/07/2024,returned,447.29
17646,6089,13/04/2025,shipped,6.58
11070,7542,26/09/2024,cancelled,74.86
9848,3485,17/10/2024,completed,84.97
17042,9133,29/01/2024,shipped,1391.35
1561,9334,27/03/2024,completed,59
300,1813,15/04/2025,completed,23.54
6649,4180,17/07/2025,completed,394.95
18885,8356,16/01/2024,returned,507.7
6009,6789,28/03/2024,shipped,1368.99
15034,8325,17/08/2025,cancelled,1146.85
19847,5872,7/10/2024,shipped,3.69
10936,4776,24/01/2025,cancelled,990.68
28,7489,9/01/2024,processing,334.14
3126,2953,6/08/2025,returned,21.91
8864,5511,20/07/2024,shipped,68.39
6798,2871,1/05/2024,shipped,1111.88
14608,3878,5/12/2024,shipped,66.33
5155,788,14/08/2024,completed,365.24
453,5828,15/01/2024,returned,570.1
19412,511,8/05/2025,returned,2899.31
12964,9233,29/07/2024,completed,2294.51
1919,2150,15/05/2024,completed,113.66
6098,4558,23/02/2025,cancelled,81.52
12225,9442,12/12/2024,completed,228.95
5838,9158,10/09/2024,processing,106.14
3387,9514,22/09/2024,shipped,9.27
4780,1,25/04/2024,shipped,1392.89
9558,7870,28/06/2024,returned,215.05
17796,682,23/05/2025,cancelled,1259.82
2820,8018,21/03/2024,returned,52.77
13046,1366,8/02/2025,returned,1114.88
12527,6669,24/03/2025,processing,875.58
5589,6885,13/03/2025,shipped,867.31
16289,8434,1/10/2024,returned,1546.52
17018,6575,2/05/2025,cancelled,423.95
19480,1714,12/01/2025,completed,476.89
9314,9282,6/05/2025,shipped,267.01
2656,8019,12/08/2024,cancelled,581.33
12148,7282,5/01/2024,cancelled,3202.55
9061,8797,19/12/2024,completed,46.81
9681,321,26/01/2025,completed,28.51
1856,7956,15/10/2024,processing,13.04
8332,416,5/04/2025,returned,3388.85
19634,3502,4/12/2024,processing,319.15
17243,4435,11/08/2024,returned,2575.9
16215,1279,6/12/2024,cancelled,86.59
12386,3939,9/05/2024,processing,735.2
13446,2808,2/11/2024,completed,272.28
15383,846,19/04/2024,returned,657.19
16509,7695,28/09/2025,shipped,1246.53
1837,5383,2/01/2025,processing,147.11
5775,9276,8/04/2024,returned,1687.99
4960,879,29/05/2025,cancelled,512.74
15070,9753,21/02/2024,shipped,133.32
14928,7430,8/11/2025,processing,3017.25
16920,5498,17/08/2025,shipped,662.39
18159,1165,14/03/2024,shipped,84.54
15048,1057,24/05/2024,cancelled,159.95
17507,8856,1/03/2024,processing,654.04
18256,3703,30/09/2024,processing,106.09
3654,2725,16/04/2025,returned,268.09
6100,8273,3/06/2024,shipped,73.9
6447,7121,14/02/2025,processing,122.24
18403,5810,28/09/2024,shipped,86.7
19033,2011,21/05/2024,completed,510.63
7007,9777,30/04/2024,cancelled,118.9
460,9545,5/10/2024,completed,74.41
5690,8857,19/07/2025,returned,1259.44
18907,866,21/01/2025,processing,939.05
15858,2182,16/08/2025,completed,368.98
13641,4634,8/03/2025,returned,178.96
1226,5534,17/06/2024,returned,846.61
9570,1305,22/03/2024,completed,719.68
19763,6368,27/07/2024,completed,427.92
12616,5809,26/12/2024,returned,690.47
7713,4158,16/02/2025,shipped,1523.58
253,7023,15/10/2024,cancelled,725.28
8708,3085,8/03/2024,cancelled,739.65
658,5275,1/09/2025,cancelled,492.64
16216,5733,4/03/2024,processing,2547.05
4724,6978,13/02/2024,cancelled,1620.84
16434,2789,24/01/2025,shipped,23.79
5667,6389,8/01/2025,processing,367.16
1022,5721,23/08/2025,shipped,75.81
16757,6159,7/11/2025,shipped,26.07
8885,9526,25/05/2025,completed,36.42
2364,1799,9/11/2025,shipped,1967.04
15752,4910,8/01/2024,shipped,53.48
18220,3183,10/03/2025,completed,1611.47
16362,5627,13/11/2024,cancelled,178.38
15338,1069,2/07/2024,processing,530
15620,3159,8/08/2024,shipped,512.37
3676,1055,23/09/2025,cancelled,2715.92
2676,6412,28/05/2024,cancelled,530.14
3880,8074,29/11/2024,processing,451.61
4846,2310,26/03/2025,completed,598.42
19353,3254,24/01/2025,completed,69.54
1793,7522,17/04/2025,returned,27.08
7298,2949,29/06/2025,processing,47.03
697,6515,8/10/2025,cancelled,205.58
13338,2659,20/06/2025,shipped,77.92
11643,2529,21/10/2025,processing,274
7805,2058,18/10/2025,cancelled,151.94
6172,2937,15/09/2024,returned,382.83
3264,1142,15/11/2024,shipped,857.26
6287,2913,24/08/2024,shipped,36.26
11757,5523,24/09/2025,completed,413.78
8578,1944,31/03/2024,returned,104.12
10321,6934,29/04/2024,returned,1096.07
12110,9514,31/05/2024,returned,82.77
13623,47,15/10/2024,cancelled,291.84
564,771,29/04/2025,processing,3382.41
3274,8096,15/02/2024,cancelled,401.3
9171,4768,20/06/2025,completed,861.62
9123,6527,8/01/2024,returned,428.04
9714,2428,10/07/2025,returned,1580.95
10518,5367,16/09/2024,shipped,83.25
18077,1608,17/06/2025,cancelled,207.31
12879,3018,4/05/2025,processing,345.64
11086,4903,3/06/2024,completed,341.96
3854,9892,12/06/2025,shipped,227.24
5880,4598,12/06/2025,processing,567.18
10666,5517,3/11/2025,processing,21.56
13408,9153,11/01/2024,shipped,104.38
12365,6506,1/05/2025,shipped,352.97
4493,1569,15/06/2024,returned,215.1
17443,361,19/01/2024,returned,11.08
16437,5531,23/05/2025,shipped,1957.11
3993,6973,22/02/2024,shipped,2822.06
10920,6920,23/10/2025,cancelled,470.25
17332,6144,14/05/2025,cancelled,46.59
3983,594,23/01/2025,shipped,500.82
14371,6358,28/09/2025,shipped,129.23
11398,6896,16/02/2024,returned,1036.32
9466,8437,10/04/2024,processing,135.01
19160,5271,28/04/2025,processing,1070.06
14606,9270,30/06/2025,shipped,2749.06
90,3655,13/09/2025,cancelled,57.1
18940,3207,4/07/2024,cancelled,509.9
9650,2329,4/08/2025,cancelled,432.3
7511,795,3/02/2025,completed,327.22
3612,8757,2/10/2024,cancelled,356.93
9914,4787,4/01/2024,shipped,804.49
19491,9478,6/09/2025,shipped,39.6
6603,2922,1/10/2025,returned,1599.98
4323,7982,1/11/2025,processing,386.44
8464,5280,14/11/2025,processing,244.29
12646,3399,11/04/2025,shipped,1700.73
9837,7873,18/07/2024,shipped,188.48
7786,2783,26/01/2024,completed,109.55
3785,4204,20/06/2024,cancelled,5.79
7568,4714,13/05/2025,completed,84.8
18445,8881,11/11/2024,shipped,299.8
14127,8707,27/04/2024,returned,355.76
17229,5201,17/08/2024,returned,5761.47
11068,2376,4/07/2025,returned,558.79
15870,1954,1/01/2024,completed,56.57
11540,7298,23/06/2024,cancelled,5.67
13306,5557,6/11/2025,completed,380
14548,9142,6/01/2025,returned,106.78
17351,4468,10/01/2025,cancelled,44.54
19426,7103,15/10/2024,cancelled,298.1
7768,8988,26/07/2025,cancelled,554.29
16534,259,19/08/2024,cancelled,971.77
18296,4889,26/09/2024,shipped,207.37
17891,2261,16/11/2024,shipped,824.91
6320,6642,19/07/2025,processing,501.37
17007,6647,12/04/2025,shipped,1368.47
12306,1041,22/01/2024,processing,529.54
1761,5765,21/10/2025,cancelled,62.96
12851,6235,16/04/2025,completed,85.2
17481,2869,10/03/2025,shipped,329.39
14799,1646,2/06/2024,completed,1219.43
4469,309,3/02/2024,processing,977.7
12246,306,20/12/2024,shipped,13.77
4356,1479,17/12/2024,returned,1802.32
7922,48,2/02/2024,shipped,1562.4
11400,636,14/01/2025,completed,21.74
4176,6891,22/04/2025,returned,522.96
1101,3702,29/03/2024,shipped,648.76
16086,7109,31/07/2025,cancelled,51.9
16447,3851,21/04/2025,processing,341.8
19726,1263,2/06/2025,shipped,40.8
10887,4024,19/05/2025,cancelled,11.44
16040,270,3/01/2025,completed,281.21
8223,9367,3/10/2025,shipped,32.63
11421,3751,29/02/2024,completed,359.43
17269,4374,13/06/2025,returned,97.47
1155,8937,15/01/2025,returned,45.33
3709,7484,3/09/2024,returned,131.55
16370,7749,18/02/2024,shipped,282.04
4382,8954,16/10/2025,completed,660.72
11628,2070,20/09/2025,cancelled,468.49
11571,3375,30/12/2024,processing,99.74
7135,3153,26/06/2024,returned,1120.32
7140,3571,2/05/2025,shipped,967.28
4174,8267,19/09/2024,completed,235.11
16067,5131,19/10/2024,completed,21.92
15624,8431,9/05/2025,completed,250.53
3796,6892,23/04/2024,shipped,63.08
8081,4423,6/02/2024,returned,1373.78
19813,9242,11/09/2025,shipped,11.15
11432,8211,14/07/2024,returned,51.94
8431,9552,8/07/2025,returned,1843.82
955,4025,12/01/2024,returned,83.19
15164,5746,3/01/2025,returned,376.31
16154,6214,20/02/2024,cancelled,609.17
7212,3020,2/12/2024,shipped,1955.02
16441,5975,5/07/2024,returned,266.16
14275,1325,28/10/2025,cancelled,960.74
4476,9706,1/03/2024,shipped,386.12
2240,9661,25/08/2024,cancelled,251.96
19791,3917,27/10/2024,processing,1140.39
15856,5481,20/11/2024,completed,66.75
19597,1692,3/09/2025,shipped,27.3
7323,6952,18/09/2024,returned,11.8
7571,9345,20/02/2024,returned,213.95
9278,4378,2/05/2025,cancelled,1632.64
6079,2068,16/08/2024,returned,105.48
7228,2950,20/07/2024,returned,76.62
9877,6403,20/07/2025,shipped,705.02
7559,2352,22/10/2025,cancelled,424.56
13164,441,16/04/2024,completed,730.49
1505,5353,28/06/2025,processing,318.51
5318,9249,4/05/2024,shipped,132.56
3058,5161,4/06/2025,processing,114.6
6804,6946,2/04/2024,processing,4431.11
16139,8266,8/09/2025,shipped,376.31
3388,235,17/04/2025,returned,75.4
10443,5193,21/06/2025,processing,770.82
3295,6376,13/11/2025,cancelled,118.8
9139,4643,15/10/2025,completed,1134.93
11844,2660,5/11/2025,returned,42.69
14305,1346,18/01/2024,cancelled,134.63
13582,9808,9/06/2024,completed,66.78
333,1355,11/07/2024,cancelled,65
16897,5288,29/04/2025,returned,44.46
6432,8810,29/04/2024,completed,66.98
3158,3888,13/03/2025,processing,153.18
19862,1996,19/12/2024,cancelled,199.3
6865,1072,27/01/2025,processing,215.39
12198,6094,6/06/2025,processing,801.37
5142,4391,20/03/2024,shipped,1283.59
19563,4968,10/07/2024,returned,13.2
11508,6845,10/08/2024,returned,774.77
9860,5150,8/08/2025,cancelled,250.07
14342,2889,4/07/2025,shipped,1090.07
8705,4627,3/11/2025,completed,3006.2
4500,3358,29/10/2024,returned,266.4
13527,2007,9/10/2024,cancelled,295.66
12398,8397,25/09/2024,processing,195.39
19428,2717,22/04/2024,shipped,493.87
13543,6,22/04/2024,cancelled,259.69
4532,6942,15/09/2025,returned,956.33
18306,8536,10/06/2025,processing,102.74
3610,8104,29/10/2024,returned,157.61
4461,4779,14/06/2025,cancelled,43.24
15586,1303,13/10/2025,processing,1565.53
15210,2690,10/05/2024,completed,65.56
5221,5370,22/01/2024,shipped,1168.93
5671,3455,30/10/2025,completed,746.51
18112,2646,17/08/2025,processing,37.22
10556,5476,15/03/2025,completed,55.14
10029,3727,21/05/2024,returned,551.33
3161,339,2/10/2025,cancelled,253.68
17680,8633,24/07/2024,cancelled,2069.16
7825,6006,23/05/2025,shipped,73.81
3700,4485,30/12/2024,cancelled,1066.89
9643,7710,20/02/2025,cancelled,70.13
19253,1091,4/03/2024,shipped,123.2
14135,9912,26/08/2025,completed,249.91
3777,3174,13/07/2025,cancelled,236.55
4746,610,21/08/2024,completed,143.07
13085,9190,3/10/2024,completed,1855.58
15372,5146,21/11/2024,shipped,1133.06
4887,3236,13/06/2025,processing,118.8
8225,439,25/09/2024,cancelled,253.59
15501,3337,31/01/2024,shipped,64.11
13837,7382,13/05/2024,returned,178.77
553,5983,22/03/2024,completed,475.8
12658,4996,26/02/2025,completed,51.04
8008,2461,4/03/2025,cancelled,24.21
17057,8114,15/05/2024,returned,108.02
19669,8455,11/03/2025,processing,380.65
12593,4487,23/10/2025,returned,37.56
13969,8462,14/02/2025,processing,912.32
2702,7827,16/05/2025,returned,433.97
10137,3539,21/03/2025,cancelled,443.67
15052,6085,25/09/2024,cancelled,112.22
7354,7472,20/10/2024,cancelled,299.8
10680,2601,28/03/2024,cancelled,1495.08
17971,7327,8/11/2025,processing,3.37
14949,5591,23/07/2025,completed,143.9
6863,8113,5/08/2024,returned,388.93
11772,9313,25/09/2025,cancelled,400.6
8248,8068,21/01/2024,shipped,193.88
17041,9376,22/08/2025,completed,104.55
7231,1006,4/04/2025,completed,703.29
17095,4261,23/08/2024,shipped,189.48
12407,6836,8/07/2024,processing,1369.3
5970,6680,26/05/2025,shipped,129.24
14473,295,13/01/2024,completed,154.29
12187,6635,4/03/2024,returned,181.12
19700,7843,10/10/2024,shipped,115.37
14468,5702,28/01/2025,completed,1201.76
1072,6038,23/09/2025,returned,346.08
11138,9969,4/07/2024,processing,430.56
14632,6478,27/03/2024,processing,1237.25
13179,9718,19/09/2024,completed,1495.59
10244,5334,14/12/2024,returned,123.31
18034,7442,5/11/2025,cancelled,72.33
17582,8193,1/06/2024,returned,2615.76
12977,7784,30/04/2025,shipped,194.5
19983,7190,9/07/2025,shipped,475.27
16119,5391,1/08/2025,cancelled,145
2955,5995,18/10/2024,completed,213.62
14099,3870,19/04/2025,shipped,433.1
12797,8265,23/12/2024,cancelled,958.92
9512,136,23/01/2024,processing,572.41
600,8826,4/06/2025,shipped,362.24
16125,5577,4/02/2024,processing,43.57
17589,2668,10/06/2024,processing,657.35
585,299,13/06/2025,returned,1597.2
6643,4876,9/02/2024,returned,71.59
10404,8042,2/09/2025,returned,41.44
1872,2276,26/01/2024,completed,177.77
8626,5407,12/05/2025,returned,438.93
15314,2893,3/07/2025,cancelled,28.77
10040,2537,13/01/2025,shipped,2179.78
9341,9923,30/05/2025,returned,176.19
3470,132,26/02/2025,processing,222.45
16191,9695,5/04/2025,processing,495.1
10196,9495,29/05/2024,shipped,1409.37
9915,2693,18/07/2024,shipped,1979.79
7646,7128,8/03/2024,processing,117.09
1527,5237,2/02/2024,processing,452.13
6901,263,14/07/2025,shipped,70.2
2818,5372,21/06/2025,completed,497.16
19371,8665,20/07/2024,completed,614.34
10870,2351,9/12/2024,returned,1346.05
15608,4817,20/02/2024,returned,415.02
10261,2516,23/07/2024,processing,1010.31
1197,6695,15/04/2024,cancelled,721.64
3716,3394,9/06/2025,processing,805.7
11462,2724,29/10/2025,shipped,13.13
15472,1104,29/01/2025,processing,992.55
14470,9522,19/06/2025,completed,140.62
14475,3005,9/08/2024,returned,687.93
3297,5392,17/07/2024,completed,77.99
6648,933,9/12/2024,processing,165.59
17222,8840,27/05/2025,processing,2139.13
18572,8599,4/05/2025,completed,241.9
9875,6862,13/10/2024,cancelled,97.65
435,4544,11/05/2024,processing,882.32
5229,4776,29/07/2025,completed,21.46
8154,2135,26/07/2025,cancelled,69.29
10211,3161,14/05/2025,completed,1511.46
11153,8281,31/01/2024,completed,142.94
8385,3735,10/10/2024,completed,424.99
17361,3620,9/05/2024,processing,965.77
9935,2662,14/03/2025,cancelled,55.15
5546,6551,24/09/2024,shipped,548.14
57,3939,8/04/2024,returned,18.64
3844,7701,21/01/2024,returned,172.88
7070,602,28/04/2024,processing,20.41
12029,5817,9/01/2025,returned,301.21
19304,4390,21/08/2024,shipped,715.08
4281,479,15/05/2025,completed,798.6
19553,5039,21/05/2025,cancelled,3844.33
9464,1998,13/01/2024,completed,3772.56
2579,5808,21/01/2024,cancelled,488.69
13123,9526,21/12/2024,completed,567.39
1237,3384,1/01/2025,returned,235.42
3025,1405,3/08/2024,cancelled,63.48
13273,3477,24/04/2025,shipped,529.34
16576,2158,30/06/2024,completed,1889.87
5865,7957,8/03/2025,shipped,802.25
8309,3604,1/12/2024,processing,675.9
16490,234,24/12/2024,cancelled,248.42
8289,7252,24/04/2024,shipped,297.1
9627,6003,8/04/2025,completed,189.42
8758,2834,11/08/2025,cancelled,925.97
3448,8234,26/07/2025,shipped,336.06
6858,3239,29/11/2024,returned,352.16
17535,5369,8/07/2025,cancelled,376.15
13294,2493,16/11/2024,processing,182.85
11491,891,11/08/2024,completed,33.58
18037,3497,6/09/2025,completed,212.63
15739,66,14/12/2024,returned,67.51
11250,8323,31/03/2025,shipped,163.19
11004,4948,24/04/2025,returned,969.23
7129,4742,9/06/2024,shipped,1190.4
12725,2124,12/06/2024,processing,738.26
11874,7766,30/04/2024,returned,1572.68
5428,7070,12/08/2025,cancelled,598.63
8539,5207,2/07/2024,processing,993.53
3358,1713,8/05/2025,processing,1389.24
10617,2187,13/09/2025,cancelled,260.54
13900,2780,3/09/2024,completed,2592.57
16727,8511,7/05/2025,cancelled,889.27
5526,1236,6/05/2024,shipped,313.99
5049,8267,11/09/2025,completed,578.91
15914,6368,1/02/2024,returned,240.85
11914,7961,22/12/2024,shipped,1976.9
8825,7867,11/05/2024,cancelled,44.43
13531,7317,20/06/2024,shipped,915
6830,8980,9/01/2025,completed,265.12
3301,1119,14/07/2025,returned,331.63
5444,4351,25/04/2024,returned,206.24
12384,1821,20/04/2024,completed,22.47
1198,4661,4/09/2025,cancelled,721.03
10924,9920,7/03/2024,cancelled,472.38
2726,6293,18/02/2024,cancelled,55.25
2771,7569,30/04/2024,completed,4231.46
17072,6785,10/07/2024,completed,1673.27
18185,332,30/06/2025,shipped,56.92
10071,388,15/02/2025,cancelled,266.04
10199,3963,5/07/2025,cancelled,106.11
19288,9031,30/10/2024,cancelled,531.53
17453,1021,25/05/2025,processing,1480.95
866,1670,30/04/2025,cancelled,541.92
6504,2881,2/07/2025,shipped,55.44
13932,2290,11/10/2024,shipped,563.19
16787,1017,20/09/2024,returned,1773.26
18427,5884,30/10/2024,returned,623.75
16549,6907,11/12/2024,returned,3935.52
15960,6857,16/12/2024,returned,345.91
16492,8686,16/08/2024,completed,1862.71
12358,5857,11/02/2024,returned,1979.71
5989,8717,23/03/2025,cancelled,175.4
11939,7392,25/06/2024,processing,37.54
12113,4403,23/06/2024,cancelled,608.47
5570,7675,11/05/2024,returned,329.95
1067,6423,26/03/2025,cancelled,1369.3
17902,3319,23/07/2025,returned,1498.08
4701,2945,23/02/2024,cancelled,287.16
11480,1356,6/02/2025,completed,955.36
14224,2315,26/02/2025,completed,133.95
11666,5170,4/12/2024,completed,1103.03
17654,650,9/09/2025,cancelled,180.44
13694,4880,22/02/2024,completed,44.29
1472,6286,26/01/2025,processing,343.78
12139,2684,9/05/2025,completed,151.5
5496,3838,1/11/2024,cancelled,47.88
18957,7686,16/03/2025,completed,107.38
7747,488,27/06/2025,returned,44.55
18413,9245,11/07/2025,returned,175.83
13921,2070,31/08/2025,cancelled,52.54
13760,794,18/08/2024,cancelled,2108.67
9228,2854,19/04/2024,cancelled,169.58
3661,518,11/04/2024,shipped,257.55
15189,2454,9/04/2024,shipped,1559.33
19439,2210,2/12/2024,shipped,504.73
18525,6229,21/09/2024,returned,1837.49
11896,1693,21/06/2025,shipped,679.87
11088,8248,9/09/2024,completed,867.49
4911,2818,29/01/2025,shipped,222.3
18808,4157,21/05/2024,shipped,301.44
12745,5326,14/05/2025,completed,156.73
13677,9588,24/02/2024,completed,902.48
1029,2431,7/02/2025,shipped,21.92
12379,5398,30/07/2025,completed,52.95
15846,3650,12/03/2024,returned,1428.37
19940,5838,30/06/2024,shipped,145.19
17352,423,26/06/2025,shipped,124.78
2069,3400,8/07/2024,cancelled,410.78
6315,8927,20/06/2024,cancelled,20.06
9057,5132,22/11/2024,shipped,168.77
1932,611,25/02/2024,processing,114.66
18193,2347,27/09/2024,processing,396.08
17016,171,29/08/2024,shipped,1138.06
3822,9651,26/05/2024,completed,268.64
17242,1573,29/05/2024,returned,217.15
14727,1554,15/02/2025,completed,354.88
14430,196,23/02/2024,returned,88.98
12874,1533,30/07/2024,completed,236.7
13609,4215,22/10/2024,cancelled,749.52
4338,6129,27/04/2025,processing,96.33
2379,1733,31/05/2024,completed,578.39
9277,8185,25/04/2025,processing,67.11
14865,7927,1/08/2025,processing,264.75
6169,3905,21/04/2024,shipped,3870.6
6198,1990,21/01/2024,shipped,38.44
12260,5021,14/10/2025,completed,5.66
13072,5587,7/01/2024,shipped,893.72
16922,7496,18/10/2025,completed,36.2
257,2795,28/04/2025,cancelled,396.9
18329,4379,11/04/2025,shipped,247.81
8842,4434,30/01/2024,returned,521
12890,957,25/04/2024,cancelled,913.33
2099,44,28/03/2024,cancelled,191.11
14979,3446,22/02/2025,processing,116.79
15014,7246,13/09/2025,completed,320.46
10570,8296,16/05/2024,returned,2395.23
16708,867,17/12/2024,shipped,81.47
2665,5059,3/10/2025,completed,234.25
7732,8362,28/05/2024,shipped,275.36
17770,3628,28/12/2024,returned,380.55
6583,7772,12/09/2025,shipped,413.14
5622,7076,1/02/2025,processing,351.08
14356,7243,27/12/2024,processing,159.04
9391,384,15/06/2024,shipped,101.4
8614,7032,23/02/2025,shipped,107.6
19326,7591,28/02/2024,completed,105.75
3123,1805,26/04/2024,returned,420.78
7595,625,18/10/2025,completed,101.9
12389,7279,7/01/2024,returned,143.82
12393,2009,3/04/2025,cancelled,639.78
14476,3443,25/07/2024,returned,75.86
13686,3224,23/03/2024,processing,104.68
15139,9155,25/02/2025,completed,254.26
4167,3231,10/02/2024,returned,548.83
14630,3128,2/05/2025,returned,50.15
1289,2276,17/08/2024,processing,42.19
8710,6165,1/04/2025,shipped,1839.85
5476,2887,13/04/2024,returned,972.39
9353,2115,4/11/2025,returned,604.85
7620,4734,24/08/2024,cancelled,40.82
8983,1662,19/05/2024,cancelled,600.89
18965,3144,10/12/2024,shipped,1671.8
15559,82,28/02/2025,shipped,42.19
1157,3502,27/08/2025,processing,56.87
2599,7756,24/10/2024,processing,1611.3
13703,4528,26/07/2025,returned,1632.06
914,3515,1/02/2024,cancelled,1688.84
14583,4149,22/08/2025,cancelled,15.11
5875,6948,2/06/2024,completed,850.61
757,2852,7/11/2025,cancelled,562.07
8771,9113,30/09/2025,cancelled,2165.86
6250,5556,23/01/2024,shipped,1128.25
12610,4618,17/05/2025,returned,1463.26
11311,435,15/06/2025,cancelled,104.27
12950,1406,9/11/2024,cancelled,710.02
4652,1083,7/09/2025,processing,422.63
5572,1394,25/09/2025,completed,620.82
11533,3144,14/12/2024,processing,374.25
8587,7901,5/12/2024,processing,1018.78
16690,3684,18/07/2024,processing,102.66
18138,2977,30/08/2025,shipped,314.22
17755,3998,9/03/2025,completed,262.44
5186,6744,6/09/2025,shipped,287
4654,9810,12/01/2024,completed,1535.78
8729,8747,6/01/2025,completed,23.71
7736,2321,19/02/2025,completed,874.79
19250,6953,16/09/2025,cancelled,2801.8
2024,3707,22/03/2025,cancelled,40.51
7156,7602,1/01/2024,returned,1728.65
18496,4626,8/07/2024,cancelled,316.19
3679,9505,21/06/2024,completed,368.09
11336,756,3/11/2025,cancelled,577.95
9019,1053,26/08/2025,shipped,159.2
5426,9245,6/04/2025,returned,345.34
5646,1438,22/04/2025,completed,451.3
4613,3800,1/04/2025,processing,140.32
8625,6548,14/07/2025,processing,137.95
389,6374,14/10/2024,completed,1907.1
10095,5691,9/03/2024,shipped,133.34
14541,4324,23/08/2024,shipped,817.95
15534,4433,21/03/2025,processing,424.93
1467,5779,18/09/2025,processing,320.01
15455,8641,16/01/2024,shipped,952.63
5812,336,2/01/2024,returned,295.05
13136,1889,7/02/2024,processing,897.97
1088,9208,15/10/2024,completed,56.04
4114,3330,25/07/2025,cancelled,232.56
4648,8518,25/12/2024,processing,749.03
16644,7822,4/08/2025,shipped,591.2
16625,7583,4/07/2024,processing,16.1
10238,2669,2/02/2024,shipped,40.84
1834,4172,26/07/2024,completed,41.15
8473,1550,23/10/2025,completed,371.6
2926,666,6/09/2024,shipped,1022.97
8507,7913,20/04/2025,processing,542.09
9001,3669,2/11/2024,shipped,261.1
13736,3442,12/09/2024,cancelled,327.72
18627,4015,15/08/2024,returned,65.73
9000,1681,1/11/2024,cancelled,220.13
2576,659,17/10/2025,shipped,798.14
9250,7957,4/02/2024,shipped,1135.81
13657,3335,18/06/2025,completed,3522.84
18451,2554,8/10/2024,processing,77.46
8447,379,23/10/2024,shipped,33
10327,4827,3/07/2025,shipped,358.53
7000,2932,16/03/2024,completed,353.77
251,8264,2/11/2025,cancelled,1766.22
14603,5769,30/09/2025,processing,148.66
7801,5760,8/03/2024,completed,1603.75
8783,9193,2/07/2025,processing,1393.78
4880,299,27/07/2025,returned,61.6
10234,1889,24/03/2025,shipped,101.71
3846,2661,19/06/2025,completed,199.98
7589,6357,29/04/2025,completed,2394.88
2191,3417,13/08/2025,cancelled,1020.56
923,6348,12/07/2025,returned,85.2
56,3377,13/01/2024,cancelled,229.11
12301,8615,19/12/2024,shipped,636.34
151,6960,27/01/2025,processing,324.71
13432,5278,24/07/2024,cancelled,31.39
12002,6183,1/11/2025,completed,1947.49
4028,2471,21/03/2024,shipped,175.46
12422,7369,24/04/2025,returned,826.85
6503,3395,3/11/2024,processing,314.51
9352,3326,21/12/2024,cancelled,652.65
4942,6524,18/01/2024,returned,361.99
16893,4613,30/08/2025,processing,75
12787,368,8/09/2024,returned,373.48
11832,1988,9/05/2024,cancelled,947.24
6579,5855,31/01/2024,processing,157.28
1788,2960,24/09/2025,completed,1042.53
12505,3408,20/08/2024,shipped,24.52
865,9014,23/06/2024,completed,1452.85
16659,6022,14/10/2025,processing,804.46
17524,3555,2/02/2024,returned,318.95
8097,295,3/03/2024,completed,212.95
13506,2708,17/09/2024,completed,1703.42
5044,8670,29/03/2024,cancelled,327.68
17153,507,21/08/2025,processing,101.97
14338,7017,7/09/2025,returned,92.24
5169,6968,12/07/2024,cancelled,440.74
16850,317,6/01/2025,processing,239.79
4084,3798,9/05/2024,processing,41.57
799,1658,13/08/2024,returned,421.81
10445,8086,4/10/2025,shipped,597.03
19255,5576,23/03/2024,shipped,42.6
15695,3889,16/04/2025,returned,383.05
9945,2666,15/12/2024,shipped,49.87
12600,5932,30/10/2024,completed,16.62
9181,65,12/08/2024,shipped,37.9
17607,4779,5/01/2024,completed,501.41
1721,9371,11/12/2024,cancelled,237.77
4002,2461,28/04/2024,cancelled,64.82
246,4293,18/05/2024,shipped,89.14
2546,2710,6/11/2024,cancelled,202.62
7098,3690,14/10/2024,cancelled,132.13
13906,9618,30/07/2024,processing,613.69
3773,9182,14/09/2024,shipped,823.91
4308,1565,24/02/2025,shipped,131.45
14447,4506,23/08/2024,returned,266.6
9593,9839,24/04/2025,cancelled,658.32
10884,6272,30/01/2025,processing,264.04
5963,9076,30/07/2024,shipped,7013.55
5397,9114,29/06/2024,processing,71.9
10856,6922,25/08/2025,completed,57.52
4562,2985,17/08/2024,processing,318.23
19066,9818,28/04/2024,processing,1557.33
11117,8823,6/11/2025,shipped,1197.26
2143,6528,28/02/2025,returned,1063.68
17304,2020,13/08/2024,cancelled,279.89
3376,8621,1/01/2024,shipped,103.58
10353,3842,5/09/2025,returned,865.93
10385,5897,3/08/2025,completed,3968.58
4919,834,13/09/2024,cancelled,338.23
2398,112,11/01/2025,shipped,234.41
18275,5714,27/07/2025,returned,450.54
3613,9171,9/04/2024,returned,903.27
11506,5435,16/02/2025,completed,211.32
3420,6841,29/03/2024,returned,484.18
8118,7249,24/04/2024,shipped,395.96
4673,2683,21/03/2025,completed,498.28
9560,9777,13/09/2024,completed,500.19
19112,7456,24/04/2025,completed,674.06
17490,484,29/01/2024,returned,366.54
7965,9409,14/03/2024,cancelled,52.78
16377,7434,2/01/2024,returned,1449.36
17185,1792,22/10/2024,returned,1343.88
18458,3193,31/07/2025,cancelled,24.37
6536,1580,9/09/2024,shipped,38.54
2989,6235,5/11/2025,processing,2540.92
3492,96,25/02/2024,cancelled,102.28
13705,741,16/01/2025,returned,596.72
15446,7923,8/10/2025,returned,529.06
8714,7366,14/06/2025,cancelled,237.68
5591,3487,17/01/2025,shipped,62.99
19580,9414,13/03/2025,completed,208.34
10140,1043,26/05/2024,shipped,1971.77
6907,6437,7/06/2024,completed,37.14
11125,3431,17/09/2025,completed,20.77
7091,3777,12/11/2024,shipped,100.62
9502,6159,26/06/2024,shipped,263.28
748,4852,10/07/2025,processing,833.8
15710,327,13/07/2025,shipped,60.33
14871,9067,20/04/2024,cancelled,182.38
17787,2413,26/05/2024,cancelled,437.81
5102,3873,21/08/2024,shipped,767.11
13244,9679,12/01/2024,cancelled,68.43
8612,2644,31/01/2024,completed,738.47
15558,4269,29/04/2024,returned,234.8
2540,4882,22/05/2025,processing,367.9
15619,8917,16/03/2024,completed,116.92
8020,879,9/08/2024,processing,26.74
6375,4647,12/09/2025,processing,460.09
16821,5538,1/12/2024,completed,1.72
2885,5507,3/09/2024,cancelled,224.93
6389,3290,6/07/2025,processing,844.76
7297,8022,28/02/2024,returned,1607.73
5687,8466,30/07/2025,shipped,409.61
12437,7308,12/05/2024,returned,857.57
13634,8883,20/06/2025,processing,3529.45
18503,6680,18/05/2025,shipped,1224.42
8575,1967,20/02/2024,returned,206.7
11155,5967,17/12/2024,completed,84.48
11355,6324,21/05/2024,returned,452.52
14961,4488,9/12/2024,returned,553.57
7063,1782,24/08/2025,shipped,1431.77
1382,1247,23/10/2024,returned,1021.02
15133,4992,22/09/2024,returned,451.48
2750,6523,1/09/2024,completed,503.48
6251,5880,15/03/2024,cancelled,2070.54
18469,7025,25/07/2024,completed,254.58
399,8513,24/09/2025,returned,894.8
5788,5009,2/08/2024,processing,84.86
7109,2647,21/02/2024,returned,527.55
11108,3150,11/07/2024,cancelled,30.81
16525,3485,3/10/2024,cancelled,555.88
13411,5171,5/04/2025,processing,509.63
14456,9490,21/05/2024,returned,1020.72
13920,7282,23/05/2025,cancelled,467.3
628,153,10/03/2024,cancelled,782.61
1853,5751,6/02/2025,cancelled,71.29
12152,9295,8/03/2025,completed,1253.29
14815,999,23/03/2024,processing,226.48
1566,5921,24/06/2025,completed,6195.8
5393,5793,19/09/2025,returned,66.09
3473,5870,13/03/2024,completed,16.86
12491,5996,14/06/2024,shipped,131.76
5423,5590,25/09/2024,processing,647.68
4614,6765,30/05/2024,shipped,56.77
18415,9681,23/04/2025,completed,3893.18
13143,4275,29/07/2024,completed,441.17
18478,6586,1/09/2024,cancelled,1737.05
17919,4047,26/03/2025,completed,121.71
10973,9521,2/08/2024,cancelled,359.25
19734,1007,15/01/2024,shipped,359.28
6427,9449,10/11/2024,completed,64.82
6129,3365,26/02/2025,shipped,75.4
19020,4636,31/08/2024,completed,97.59
2893,5007,12/09/2024,returned,126.86
15931,9420,20/06/2024,cancelled,562.14
3011,4886,14/10/2025,processing,1304.01
15079,7528,18/01/2024,processing,7.76
10476,8901,24/07/2025,returned,768.36
236,687,19/03/2024,processing,5.35
1391,3923,7/05/2024,cancelled,198.86
19216,940,16/04/2025,processing,347.4
7336,3245,29/07/2025,shipped,993.13
5962,7704,4/06/2025,processing,495.12
4605,9706,24/10/2024,cancelled,81.18
14412,4563,3/09/2024,cancelled,191.36
6212,7882,19/05/2024,processing,703.22
7600,2069,28/08/2025,completed,1134.78
13949,2089,28/09/2024,completed,1640.19
12906,8771,14/09/2024,shipped,828.88
9404,2078,27/06/2024,processing,86.67
2443,3792,1/02/2025,completed,1.11
2245,8520,14/02/2025,cancelled,109.08
993,2006,9/01/2024,shipped,219.24
17485,1757,24/02/2024,processing,681.11
10077,385,24/01/2024,completed,50.2
13862,4816,29/03/2024,shipped,676.97
7754,464,21/09/2024,completed,699.31
16115,3866,4/10/2025,returned,20.4
19368,6188,25/12/2024,processing,472.13
8921,9485,27/02/2024,completed,100.24
13645,1077,19/12/2024,returned,283.47
8474,9871,19/03/2025,shipped,145.68
18983,5097,10/05/2025,returned,721.75
12571,645,23/02/2025,processing,49.97
16483,9409,15/01/2025,shipped,688.71
6170,157,16/12/2024,processing,83.98
18584,6102,12/10/2025,shipped,223.08
19815,3993,6/12/2024,completed,207.45
11405,545,16/05/2024,returned,33
7688,7731,9/07/2024,processing,41.68
2256,3145,13/11/2025,cancelled,823.44
17065,4298,19/01/2024,shipped,169.74
18850,7816,23/05/2024,completed,104.54
8384,4083,28/06/2025,completed,380.3
6477,3657,11/07/2025,returned,1162.39
10270,4627,24/10/2025,shipped,292.35
5905,2138,31/05/2025,processing,300.75
7897,3063,23/10/2024,returned,927.75
2077,1286,7/03/2025,cancelled,57.13
12161,803,6/05/2024,completed,72.33
4001,199,1/06/2024,returned,74.5
2763,9554,25/04/2024,shipped,1077.3
15196,7223,25/01/2025,processing,14.44
14423,6311,11/05/2025,completed,73.06
3742,2924,14/08/2024,returned,117.49
18431,5865,18/12/2024,cancelled,136.61
6474,7051,15/05/2024,completed,569.72
2109,120,27/05/2024,returned,116.26
13237,1829,25/11/2024,returned,43.01
11516,490,21/05/2024,processing,208.05
16069,8669,22/07/2024,processing,348.39
7541,1029,24/05/2025,completed,1968.38
911,6459,18/07/2025,processing,161.36
18146,5930,13/04/2025,processing,69.88
6953,6907,27/07/2024,shipped,210.99
5696,7394,15/08/2024,processing,61.39
14649,4183,4/05/2025,processing,738.47
8661,8532,20/05/2025,shipped,120.32
19804,7682,13/11/2024,cancelled,25.89
323,6255,9/04/2025,processing,917.02
17333,2496,19/07/2024,completed,2768.07
12442,7321,17/01/2024,cancelled,367.8
16033,2205,20/03/2025,returned,1461.94
3462,4961,22/06/2025,shipped,164.35
414,267,23/10/2025,cancelled,120.4
14438,8583,5/08/2024,shipped,263.8
6705,3782,12/04/2024,completed,329.44
12867,6100,6/01/2024,returned,501.68
2423,5454,23/10/2025,cancelled,445.36
19441,9598,14/12/2024,cancelled,45.01
15502,5169,10/03/2024,completed,5156.63
10898,3293,13/08/2024,returned,465.11
17564,1820,31/12/2024,returned,1398.73
4408,6421,18/09/2025,shipped,849.24
17075,3017,22/08/2025,cancelled,19.06
7905,5536,22/03/2025,processing,581.31
9716,620,10/11/2025,processing,151.47
11485,8139,7/06/2025,returned,1497.45
3366,1083,9/05/2024,cancelled,1431.42
17500,8397,25/01/2025,shipped,162.89
991,3681,25/08/2024,shipped,79.18
7876,1141,28/06/2024,completed,415.34
15495,2522,16/03/2025,completed,1089.54
3890,6787,18/08/2025,processing,2095.22
12911,7545,5/10/2024,cancelled,53.58
8560,3320,10/09/2024,shipped,152.88
13980,5515,9/08/2024,shipped,992.56
314,5797,19/02/2025,completed,54.83
16171,1066,29/07/2025,returned,149.26
10237,4204,8/05/2025,shipped,171.16
17771,1755,17/04/2024,completed,515.42
14225,5241,11/06/2024,returned,33.06
7393,6196,28/02/2025,returned,24.92
13946,8131,21/07/2024,returned,357.51
16960,125,27/05/2025,shipped,84.58
15580,3288,23/07/2024,cancelled,453.25
6685,7598,15/02/2024,processing,147.46
9312,98,2/07/2025,cancelled,574.59
6271,6250,30/10/2025,cancelled,154.05
13232,6092,10/07/2024,processing,238.53
4641,722,23/09/2025,returned,1631.68
2708,4977,20/09/2024,processing,604.08
17302,9887,17/05/2024,shipped,158.25
16231,5931,1/11/2024,processing,25.48
18243,2976,31/07/2024,processing,134.57
18226,3326,6/05/2024,shipped,6.52
3352,6874,13/07/2025,completed,2548.3
12472,7724,12/03/2024,cancelled,132.7
7636,6097,30/05/2025,processing,373.13
10572,4042,19/05/2024,shipped,119.07
18205,6501,16/01/2024,completed,431.12
1107,7977,6/05/2025,shipped,59.91
11742,3849,14/10/2024,cancelled,438.15
7287,3582,17/03/2025,cancelled,168.02
15095,7723,20/04/2025,returned,1050.46
9528,9655,3/10/2025,cancelled,327.61
3040,1490,17/06/2025,processing,392.46
15742,7712,23/12/2024,shipped,676.99
5909,3675,18/08/2024,completed,342.49
6840,5228,26/11/2024,completed,224.74
18530,4604,28/02/2025,processing,443.03
16102,6560,28/04/2024,shipped,351.79
17162,2935,15/02/2025,completed,299.27
14666,4735,23/05/2025,shipped,157.91
12059,8389,31/07/2025,returned,521.5
17280,4201,11/08/2025,cancelled,69.22
5847,8335,25/10/2024,processing,1775.66
7085,2417,22/06/2025,shipped,612.2
18958,8082,23/10/2025,completed,143.79
15806,210,27/02/2024,completed,2344.23
11158,3902,26/07/2024,shipped,101.57
7482,4625,28/09/2024,returned,393.93
2020,1138,16/08/2024,completed,706.95
5483,3844,20/06/2025,completed,337.6
8451,634,18/07/2024,completed,50.81
13769,5455,28/07/2024,completed,119.82
14598,2415,7/06/2024,cancelled,103.92
11704,4838,14/05/2025,completed,275.3
16288,1606,27/01/2025,completed,24.22
3182,682,13/04/2024,returned,66.7
13872,1109,29/08/2025,shipped,190.87
11126,8287,19/09/2024,returned,236.62
13291,5815,18/12/2024,cancelled,911.9
11579,9468,21/09/2025,processing,148.16
17523,1761,18/06/2024,cancelled,1250.89
12405,2447,10/08/2025,returned,121.59
16006,8166,19/08/2025,shipped,162.43
15998,7323,9/01/2025,completed,361.55
15460,3238,27/04/2024,returned,28.77
2492,2404,1/09/2024,processing,130.88
4473,1264,18/10/2025,cancelled,511.82
11637,1161,31/05/2024,completed,22.55
12222,7882,19/04/2024,completed,229.15
1142,6656,14/03/2025,cancelled,326.16
1078,7301,28/02/2024,completed,53.19
1064,291,12/03/2024,processing,415.34
8283,8338,30/03/2025,shipped,217.26
13629,331,12/07/2024,shipped,252.11
10082,8073,3/11/2025,shipped,1105.8
11253,4271,8/05/2024,cancelled,742.29
6817,909,5/08/2025,completed,189.63
8740,1881,28/02/2025,completed,110.71
15760,6494,17/02/2025,completed,183.75
132,2510,7/08/2024,returned,183.58
15513,1282,4/01/2024,processing,374.61
9927,5760,17/02/2025,returned,1891.78
10189,6498,15/03/2024,returned,786.4
1485,6899,26/06/2025,cancelled,47.82
8752,6268,14/05/2024,completed,1000.62
4385,372,5/05/2024,completed,598.07
7950,3172,3/09/2025,completed,355.28
6241,3228,3/03/2024,returned,1120.91
6291,2850,12/03/2025,returned,1837.89
13120,5586,3/11/2025,returned,344.32
15241,88,7/08/2024,cancelled,139.4
8410,5698,1/04/2025,shipped,1248.13
2895,5752,14/11/2025,completed,965.72
7163,738,3/02/2024,cancelled,67.51
7530,813,18/12/2024,cancelled,1366.44
10086,147,4/10/2025,cancelled,55.11
19766,2609,1/07/2025,completed,285.2
2302,3739,16/06/2025,returned,23.76
4445,2934,21/09/2024,processing,299.8
8393,5847,16/10/2025,shipped,163.08
16679,5044,17/02/2024,shipped,302.77
16547,7555,13/11/2025,returned,957.88
17330,9981,1/03/2025,returned,938.28
14364,8714,19/02/2024,shipped,344.22
7276,3445,25/02/2025,shipped,383.78
9231,1416,8/01/2024,returned,16.48
18592,9489,19/07/2025,cancelled,64.49
14474,3369,13/06/2024,processing,205.61
9778,5683,9/07/2025,shipped,474.18
19783,7005,21/06/2024,cancelled,56.31
19952,1754,29/06/2024,shipped,120.54
17566,2765,27/07/2025,cancelled,1610.83
19772,6972,28/10/2025,returned,2505.66
5939,60,23/04/2025,shipped,1110.9
16550,9371,24/07/2025,completed,2394.87
19840,9571,1/01/2025,processing,1577.42
7962,9068,3/05/2024,cancelled,260.48
14158,2865,13/02/2024,processing,14.84
10145,2434,17/07/2024,shipped,310.09
15689,4207,15/06/2025,processing,110.33
7099,8645,19/03/2024,shipped,1133.71
2846,1854,21/05/2025,shipped,3.69
16830,2181,4/04/2024,cancelled,188.8
8018,4944,3/06/2025,shipped,32.43
19057,4826,17/01/2024,completed,825.47
15511,3852,15/01/2024,completed,138.65
12229,6579,24/06/2024,completed,5.98
12735,6186,10/07/2024,returned,253.7
3389,4360,24/03/2024,completed,1424.38
2211,4033,27/06/2024,returned,1770.55
11444,779,14/07/2024,returned,829.37
17866,3280,27/07/2024,processing,31.98
11866,7804,26/06/2025,completed,388.46
3833,3617,1/04/2024,completed,605.83
3422,4812,28/08/2024,returned,965.42
4400,9030,8/02/2024,processing,328.8
6366,9190,10/01/2025,shipped,175.34
17754,6999,1/12/2024,cancelled,52.25
13387,8230,6/06/2025,processing,146.99
16401,758,26/09/2025,shipped,69.64
8555,4033,19/07/2025,completed,165.03
9366,684,30/10/2025,processing,107.47
5430,9356,4/06/2025,shipped,2148.22
19118,2076,30/06/2024,shipped,1908.06
10003,6993,9/04/2025,completed,85.2
11197,3161,24/07/2025,completed,115.22
17715,5218,5/05/2024,processing,295.88
5489,255,21/06/2025,completed,301.93
9761,484,5/04/2025,shipped,1535.4
17439,7200,19/06/2025,shipped,460.36
17970,7712,25/07/2025,cancelled,9.25
9842,2878,2/01/2024,shipped,297.78
9699,2350,20/03/2025,returned,89.07
14943,7756,14/02/2024,returned,2318.62
19843,7253,7/02/2025,cancelled,45.28
6308,3770,10/09/2024,cancelled,165.42
2886,1633,21/02/2024,processing,1259.5
3776,6830,13/08/2025,shipped,326
483,410,10/04/2024,processing,86.86
1450,6770,9/05/2025,processing,1416.3
10180,5224,17/06/2025,shipped,708.58
12399,841,23/10/2024,returned,462.58
16826,8504,20/08/2024,returned,18.62
3922,1715,30/11/2024,cancelled,122.71
1381,4273,7/05/2024,completed,223.08
18100,5173,31/10/2024,returned,1445.49
17241,5180,7/07/2024,cancelled,2667.94
38,4419,30/06/2025,shipped,1797.9
2419,6892,27/02/2025,cancelled,168
3619,6180,13/01/2025,processing,1040.44
18622,3948,7/07/2025,processing,1280.99
15571,3028,9/08/2024,completed,287.31
19697,6889,14/03/2024,returned,367.8
3024,7016,11/09/2024,cancelled,10.2
6262,3244,20/04/2025,processing,74.86
5103,1260,10/09/2024,shipped,88.97
10560,6100,18/06/2025,shipped,35.56
8909,2718,16/12/2024,shipped,814.3
11594,8380,7/08/2025,returned,1663.12
6369,6447,5/04/2025,cancelled,1738.13
17915,6397,31/07/2025,completed,84.65
14319,78,4/10/2025,completed,956.29
2128,3253,29/09/2024,returned,957.88
3557,7543,9/05/2024,cancelled,274.98
16493,8745,31/07/2025,processing,632.2
4801,4855,24/12/2024,shipped,303
2189,1120,24/08/2024,returned,1254.84
9447,9247,2/05/2025,cancelled,15.29
3085,6399,28/09/2024,returned,814.55
6754,7202,17/02/2024,returned,166.86
15353,4697,12/05/2025,shipped,10.35
5576,7251,16/08/2024,returned,23.92
9421,5636,8/10/2024,shipped,23.52
469,8966,25/04/2024,cancelled,369.8
14304,1540,12/01/2025,cancelled,146.68
19799,923,20/05/2024,processing,712.27
3946,8465,5/01/2025,shipped,1290.63
4636,185,8/02/2024,cancelled,1060.45
10801,9970,8/02/2025,cancelled,363.12
5644,2864,19/03/2025,processing,472.81
1575,1713,25/05/2024,shipped,170.12
1166,6740,7/07/2025,returned,170.15
4403,819,6/02/2024,cancelled,192.42
8673,6075,11/08/2025,processing,23.79
3708,6918,13/03/2024,processing,47.35
7237,8610,12/09/2024,shipped,2179.23
14631,5314,25/10/2025,returned,13.85
362,4400,6/06/2025,cancelled,1932.49
4814,5711,3/02/2024,processing,200.43
5916,9335,8/03/2024,cancelled,1421.85
9264,9714,20/12/2024,shipped,20.18
6820,7538,22/06/2024,processing,1095.28
14925,9987,30/05/2025,cancelled,2476.69
881,8013,6/08/2025,cancelled,703.07
10138,9391,20/02/2025,processing,263.88
16862,3757,16/07/2024,processing,449.13
2297,9086,19/04/2024,returned,1834.97
7998,417,29/04/2025,cancelled,888.34
13157,82,25/06/2025,completed,2302.94
19569,3554,14/01/2024,shipped,203.21
14016,8912,5/11/2024,processing,974.35
299,7773,1/02/2025,shipped,101.71
2498,5880,2/02/2024,shipped,1202.77
14018,376,11/08/2025,shipped,1355.37
11006,6467,31/07/2024,returned,175.83
12558,8519,26/06/2025,returned,420.35
156,4571,8/07/2024,returned,32.48
17914,8123,3/09/2024,returned,1074.62
15116,570,28/05/2024,cancelled,295.06
10730,6166,1/03/2024,shipped,797.84
17707,1719,13/05/2025,completed,181.71
8044,3064,18/01/2024,shipped,1177.91
11747,3883,9/04/2025,cancelled,307.53
12395,4708,22/08/2024,processing,1223.44
9483,7271,15/06/2024,returned,468.93
13229,5482,4/09/2025,completed,540.33
13685,5892,30/11/2024,shipped,145.48
19967,9876,26/04/2025,shipped,152.49
1160,5155,20/09/2025,returned,50.52
15704,6527,10/06/2024,completed,2570.35
16706,234,11/05/2024,completed,842.76
8732,5644,6/04/2024,returned,364.81
6980,9494,1/05/2025,completed,254.67
19457,3332,8/06/2024,returned,115.92
9510,1005,22/05/2025,shipped,37.23
18726,8290,4/11/2025,shipped,1651.24
2343,6810,15/10/2024,completed,1181.36
18883,7346,2/06/2025,cancelled,959.45
5983,6618,3/02/2025,processing,270.48
4882,4595,8/01/2025,cancelled,683.85
8257,4416,30/08/2025,completed,203.17
2480,7192,6/04/2025,shipped,152.36
9836,7901,4/05/2024,returned,244.36
9234,2881,2/03/2024,returned,213.84
5598,1948,6/11/2024,returned,630.18
526,2359,12/01/2025,cancelled,53.57
5420,4716,16/10/2025,processing,473.07
11227,5398,13/04/2025,completed,299.45
7072,9848,28/02/2025,shipped,667.82
14329,312,11/03/2024,shipped,188.32
17949,8360,20/06/2025,returned,277.1
7112,2503,13/07/2024,processing,84.37
7269,516,26/03/2025,cancelled,11.37
1441,2608,28/06/2025,shipped,654.76
12758,2960,6/05/2025,completed,207.94
2524,1633,24/04/2024,cancelled,697.76
7654,3709,1/01/2025,cancelled,421.28
4879,6078,7/09/2025,returned,418.78
10182,7613,30/12/2024,completed,674.68
12171,6991,8/08/2025,completed,227.28
10125,8134,7/09/2025,cancelled,281.4
7916,5060,24/02/2024,processing,11.62
6720,3451,28/12/2024,shipped,242.37
9797,8373,28/07/2025,completed,229.3
13100,5113,24/09/2025,returned,1885.2
8303,3068,3/09/2024,shipped,51.33
1523,202,17/04/2024,cancelled,49.77
15390,653,27/08/2024,shipped,136.05
16338,9807,12/08/2024,shipped,58.41
18033,5334,14/05/2025,shipped,935.84
10954,1085,22/01/2025,shipped,88.2
5679,6846,12/09/2025,processing,1393.31
19219,7047,18/03/2024,returned,151.23
6653,2047,22/09/2025,processing,643.72
10272,711,12/09/2025,shipped,798.25
1005,2491,2/04/2025,shipped,447.36
3942,2866,7/03/2025,completed,72.84
15125,2145,9/10/2025,returned,84.37
183,6690,18/09/2024,cancelled,372.58
17662,3204,5/08/2024,completed,154.55
12947,4858,12/03/2024,completed,176.71
4647,4751,2/07/2025,processing,69.1
15325,4676,9/09/2024,completed,453.7
9325,5924,19/02/2025,processing,108.57
15161,191,22/04/2025,cancelled,117.09
12268,11,18/09/2024,processing,978.48
16512,4732,10/02/2024,processing,1463.53
4111,1777,28/09/2024,shipped,40.92
1395,909,4/06/2025,completed,155.97
11446,3192,17/10/2025,returned,478.25
13401,4983,11/08/2024,returned,2414.96
4212,3397,19/09/2024,processing,243.43
2980,1173,6/10/2024,returned,27.19
10414,6802,4/01/2025,returned,4921.97
13671,330,6/11/2025,returned,886.57
10377,5964,19/08/2025,cancelled,83.34
8506,6885,11/08/2025,returned,834.6
3607,5602,12/04/2024,processing,2179.69
15664,8710,16/04/2024,completed,477.04
17843,1301,9/09/2024,cancelled,277.71
9581,8668,11/04/2024,processing,21.52
19279,4148,15/01/2024,returned,49.59
17781,9919,6/10/2024,shipped,58.28
14593,5579,25/09/2025,processing,56.18
15609,4428,21/11/2024,shipped,1676.57
7807,8679,5/04/2025,shipped,262.38
13868,3398,6/10/2025,cancelled,510.26
522,2980,22/06/2025,completed,427.74
17878,4296,11/03/2024,cancelled,346.82
8246,1557,16/10/2024,cancelled,34.32
4672,8033,30/11/2024,processing,3448.55
12277,211,18/11/2024,processing,115.81
8324,2445,30/09/2025,returned,191.89
347,7253,19/11/2024,returned,131.88
19228,9832,9/04/2024,processing,725.48
15595,7281,29/03/2024,shipped,291.24
10928,1552,19/03/2024,completed,46.5
3311,2883,22/02/2024,cancelled,651.6
4634,3135,27/02/2025,cancelled,1395.52
10735,606,27/02/2024,cancelled,292.79
16413,9925,30/09/2025,shipped,575.47
17486,5330,8/02/2025,returned,50.96
10545,2634,2/07/2024,shipped,215.62
10742,1175,30/08/2024,completed,907.64
19377,2511,18/10/2024,completed,156.64
5447,6606,16/06/2024,cancelled,545.75
14463,8326,14/01/2024,shipped,554.7
8821,6830,6/04/2025,cancelled,155.72
464,4855,2/03/2025,completed,1235.7
17711,1113,19/05/2025,processing,393.48
11814,8037,11/06/2025,returned,161.29
16044,6195,18/09/2025,returned,844.44
19117,35,11/12/2024,completed,19.29
9985,4464,11/09/2025,cancelled,434.44
6644,5386,11/07/2025,processing,132.56
17154,7517,27/07/2024,completed,277.64
14483,9040,23/03/2024,processing,89.56
18691,955,8/06/2024,processing,10.35
9861,3355,7/03/2025,returned,158.55
16973,6128,10/11/2024,shipped,1019.15
11876,2055,23/08/2024,completed,370.71
6303,2473,4/04/2025,processing,578.63
11172,9776,28/08/2025,shipped,81.54
16196,396,9/06/2025,completed,1484.94
13267,356,28/04/2024,shipped,654.9
6022,6000,10/05/2024,completed,453.01
9552,953,1/01/2024,returned,84.52
5958,1740,25/06/2025,processing,624.94
5738,9127,29/10/2025,processing,114.03
12313,8541,25/10/2024,completed,29.62
18717,9049,14/06/2025,completed,11.4
10773,1160,1/07/2025,returned,396.55
13246,4554,18/05/2025,returned,124.68
12052,87,10/09/2025,processing,359.35
3624,5678,18/06/2025,cancelled,297.31
12907,70,18/09/2024,cancelled,3434.29
11519,1782,5/10/2025,completed,12.4
6578,4687,11/07/2025,returned,83.13
18224,4222,5/01/2024,completed,685.46
6339,2636,7/09/2025,cancelled,133.78
12424,2552,4/11/2024,processing,376.14
5714,1317,23/01/2024,completed,296.79
371,9900,28/07/2025,completed,387.71
17127,9238,28/05/2025,returned,374.54
7717,1316,3/06/2025,completed,492.48
4575,3893,23/02/2025,completed,535.01
13548,4720,30/04/2024,cancelled,330.05
1620,5964,18/08/2025,shipped,73.39
18895,2872,2/05/2024,processing,55.11
10440,3906,7/05/2024,completed,372.17
1310,353,16/06/2024,returned,355.39
19167,7988,23/09/2024,cancelled,479.08
4923,6904,8/02/2024,cancelled,210.39
13742,7536,19/01/2024,cancelled,53.8
15140,5543,24/02/2024,processing,215.65
14432,6028,16/09/2025,cancelled,328
18514,8874,4/06/2024,shipped,236.7
12158,8534,20/06/2024,completed,704.18
11661,6967,20/08/2025,returned,1398.18
3510,3525,9/03/2025,returned,361.67
14322,217,15/12/2024,cancelled,33.8
18035,347,13/08/2024,completed,449.61
13939,5151,18/07/2025,shipped,1065.18
10747,9319,29/07/2024,returned,448.32
7953,2800,19/06/2024,cancelled,1216.95
6260,5917,5/04/2025,completed,1206.78
3465,1806,18/01/2024,cancelled,42.5
18004,6723,26/12/2024,returned,509.48
8124,3773,20/01/2025,processing,515.46
16985,6238,27/07/2024,completed,103.27
17886,7890,1/11/2024,shipped,2469.99
16153,4080,26/05/2025,returned,3298.7
18450,9014,5/04/2025,returned,1679.23
2694,9794,25/04/2024,completed,50.01
17101,2919,28/02/2024,completed,80.44
14043,9465,4/08/2025,cancelled,1428.45
18798,6243,31/08/2025,cancelled,1564.55
4509,4062,21/06/2024,processing,2256.65
7011,4281,15/06/2024,processing,304.72
9275,6124,9/07/2024,cancelled,1056.56
17391,8487,18/02/2025,cancelled,573.26
7429,7730,12/06/2025,completed,339.43
12111,6634,10/03/2025,returned,73.95
4815,9602,10/06/2025,completed,1095.33
18345,1075,25/08/2024,returned,291.14
8150,6926,4/06/2024,cancelled,92.24
18024,7480,12/11/2025,completed,529.81
5704,8489,6/06/2024,processing,746.39
5247,8417,14/01/2024,shipped,149.02
18950,606,27/02/2024,cancelled,152.49
4939,9524,12/01/2025,processing,291.84
12750,9203,14/10/2025,shipped,643.14
14125,2373,21/01/2024,shipped,61.82
12620,8533,13/03/2024,shipped,347.45
7064,6160,22/05/2025,returned,657.93
12922,7717,25/04/2025,processing,310.4
3260,8883,8/10/2024,completed,59.96
14519,2584,8/12/2024,processing,1520.96
16087,2515,9/12/2024,processing,1150.4
13298,6847,16/03/2024,shipped,533.78
11547,20,15/08/2025,processing,84.94
12628,1758,21/08/2025,processing,151.2
19025,6408,11/09/2025,processing,110.43
7491,6057,22/05/2025,shipped,36.94
14387,1351,23/08/2025,cancelled,41.12
1058,4670,21/09/2024,processing,3283.6
9906,2937,3/06/2024,cancelled,122.89
6356,7754,5/09/2025,processing,2466.24
7083,6539,11/09/2025,returned,329.73
19062,2070,1/02/2024,cancelled,36.3
17086,4015,4/11/2025,shipped,688.02
9922,4321,6/03/2025,shipped,837.12
18057,3888,15/11/2024,processing,63.9
7017,8653,20/10/2025,processing,118.9
749,3848,28/05/2024,returned,2862.02
18570,1967,25/06/2024,completed,177.68
2477,721,10/04/2024,completed,109.53
4945,7788,5/01/2025,cancelled,66.11
2725,6638,1/08/2025,completed,263.55
12638,2748,22/03/2024,completed,1141.06
8500,6860,27/10/2025,returned,35.02
11139,6287,7/08/2024,returned,63.09
5533,6313,25/09/2024,cancelled,579.77
4937,3059,4/08/2025,cancelled,296.17
18818,9813,16/01/2024,cancelled,594.94
17712,2591,5/05/2025,returned,832.49
833,1460,3/10/2025,completed,85.2
14770,1322,21/09/2024,completed,1035.33
3153,6201,4/09/2025,returned,294.22
7975,6823,23/05/2024,returned,1832.71
202,3415,12/10/2024,cancelled,80.56
16989,6307,15/07/2024,processing,359.66
19771,1566,14/02/2025,processing,99.47
19841,5152,26/12/2024,processing,38.21
800,6128,26/03/2025,cancelled,186.72
5225,3567,4/09/2024,returned,84.48
10456,6857,19/09/2024,shipped,490.48
129,3622,30/06/2024,processing,587.55
14419,8774,20/12/2024,shipped,136.64
11280,8145,16/04/2024,shipped,19.09
11463,8222,9/11/2024,returned,742.47
19418,2344,6/08/2025,returned,1295.06
14506,8051,5/05/2024,returned,24.22
4551,8884,4/10/2025,returned,12.97
12517,1620,3/05/2025,cancelled,31.7
1199,826,9/02/2024,cancelled,111.59
13644,4227,7/08/2025,processing,1887.94
12064,3140,6/10/2025,returned,295.59
4383,7097,9/05/2025,cancelled,1352.63
18261,6153,23/04/2025,processing,383.81
5792,6082,7/04/2024,processing,264.33
16132,1248,19/08/2024,cancelled,56.18
1609,6128,6/07/2024,completed,2197.45
9049,3383,6/03/2025,completed,427.71
11171,1473,26/10/2024,completed,61.39
16185,9065,11/02/2024,returned,42.47
16955,9238,18/06/2024,returned,772.49
7569,977,14/05/2025,shipped,40.7
2701,8890,28/03/2024,cancelled,1314.8
4988,5386,4/11/2024,processing,1269.59
6207,5929,21/09/2024,completed,789.41
10952,5703,24/03/2024,returned,428.95
1403,3747,30/09/2025,completed,1581.11
18526,5978,9/08/2025,returned,1917.2
9318,7666,29/10/2025,cancelled,29.9
10181,3889,25/09/2025,cancelled,713.4
3667,8548,23/07/2024,processing,51.33
19808,9948,3/09/2024,processing,158.98
14253,2956,24/11/2024,completed,46.59
10378,2973,12/10/2024,shipped,390.24
17414,9706,8/11/2025,cancelled,175.6
301,2528,31/08/2025,shipped,1522.12
7746,779,15/02/2025,shipped,1103.49
15448,7627,31/05/2025,returned,1634.19
7430,6790,9/10/2025,shipped,95.98
4669,4344,13/12/2024,cancelled,291.32
3851,5,19/01/2025,cancelled,12.66
14219,5830,16/03/2025,returned,51.33
6822,8731,25/10/2025,completed,32.06
14591,4322,16/03/2024,cancelled,32.33
7452,9176,6/01/2024,returned,314.14
5228,1507,6/08/2025,processing,393.42
12839,6184,5/06/2025,completed,705.88
19042,7302,26/01/2024,processing,1073.58
2606,539,7/04/2025,completed,83.11
13204,3426,11/06/2024,returned,441.37
4630,9293,27/05/2025,cancelled,119.86
7010,5544,9/09/2025,completed,13.04
19344,841,30/10/2024,completed,22.47
16958,1335,17/07/2025,returned,222.24
9964,684,27/01/2025,returned,71.12
13280,4248,9/07/2024,completed,927.6
10740,8056,21/02/2024,shipped,87.88
3495,3418,24/10/2025,returned,744.98
5637,90,1/06/2024,completed,324.95
15006,6453,11/03/2024,completed,233.13
12868,1768,5/11/2025,shipped,103.23
18734,2341,28/08/2024,shipped,250.14
8873,8527,25/04/2025,cancelled,364.29
17837,1084,11/01/2025,shipped,90.64
8228,5105,4/07/2024,processing,326.01
4542,784,16/01/2025,completed,802.46
4914,4117,15/08/2025,completed,1629.48
16349,5383,13/06/2025,completed,23.41
402,6071,8/06/2024,completed,39.02
3382,7742,17/07/2024,returned,193.67
15305,5221,26/12/2024,processing,45.66
1136,6949,8/03/2024,completed,35.24
3774,6409,29/04/2025,shipped,157.95
2554,4817,4/03/2025,shipped,950.75
1439,9885,11/02/2025,completed,459.1
19146,480,10/03/2024,returned,14.61
16611,8691,19/09/2025,cancelled,1335.18
11341,299,21/02/2025,completed,84.79
6570,8268,4/12/2024,returned,117.45
4502,8989,10/10/2025,processing,380.93
15773,9614,18/04/2025,returned,1625.76
5795,9711,11/05/2024,returned,31.98
5427,4519,17/05/2025,shipped,12.42
14842,9985,13/09/2024,cancelled,92.24
6750,2092,14/10/2025,returned,1857.32
2448,7829,13/10/2024,cancelled,80.84
1847,5405,6/05/2024,cancelled,1364.3
1169,9884,14/07/2024,processing,3383.76
8481,6190,13/03/2024,shipped,77.87
19483,7973,7/02/2025,completed,847.42
10904,4397,27/02/2025,shipped,215.69
4492,4392,4/10/2024,returned,450.73
6768,5914,6/11/2025,processing,308.92
17570,2013,15/07/2025,processing,497.23
8600,4807,8/11/2024,cancelled,2958.01
18412,3791,12/05/2024,shipped,604.12
9707,6900,8/05/2025,shipped,194.94
14132,3239,25/06/2025,returned,466.56
8629,6378,28/06/2025,processing,492.15
10197,4772,27/03/2025,cancelled,655.91
14307,6205,18/12/2024,processing,104.12
13180,4099,19/05/2024,completed,152.1
14175,9818,9/01/2025,returned,2369.68
16311,7019,10/11/2025,returned,19.35
10480,4292,31/12/2024,shipped,321.93
12813,9666,10/01/2025,returned,663.84
4860,4840,4/09/2025,returned,225.01
14868,524,24/05/2024,completed,1057.82
14035,7831,5/04/2024,completed,155.2
14085,2088,21/05/2025,completed,708.98
6691,3892,28/01/2025,returned,1241.49
17758,4471,11/08/2025,completed,431.66
19705,2194,5/10/2025,shipped,1742.31
12915,4877,5/09/2025,completed,1986.27
180,8002,28/07/2024,returned,802.3
1314,4465,30/01/2025,completed,195.56
1240,2369,12/11/2024,processing,2932.83
15898,1599,17/02/2025,processing,3218.19
18394,4442,21/01/2024,shipped,429.93
14705,6459,20/09/2025,completed,36.36
19351,141,28/09/2025,completed,226.24
4074,4872,22/12/2024,cancelled,625.02
2145,8415,28/08/2024,processing,1572.18
8260,7016,3/05/2025,processing,1088
9840,3840,23/11/2024,completed,70.2
3540,5643,3/05/2024,cancelled,61.35
9445,6354,14/01/2025,returned,354.19
17335,4391,10/01/2025,returned,758.93
4784,7314,20/08/2025,cancelled,64.86
8929,6367,9/05/2025,processing,747.81
9091,5349,7/04/2024,shipped,2199.33
18338,1827,21/05/2025,cancelled,89.63
13827,7100,22/08/2024,returned,234.27
11475,7991,25/02/2025,processing,319.47
8833,714,22/01/2025,processing,27.91
16607,698,5/06/2024,processing,217.14
7729,6179,9/03/2024,completed,490.11
11101,8437,14/05/2024,processing,195.26
18910,5103,4/02/2024,processing,164.8
10995,7304,4/04/2025,cancelled,138.82
15578,8600,10/01/2025,processing,34.28
13332,4445,14/07/2024,completed,53.26
14893,4051,12/05/2025,cancelled,49.04
9419,2721,18/01/2024,processing,37.23
7299,4954,4/10/2025,completed,1904.76
3605,3226,11/08/2025,cancelled,807.9
5395,2251,8/04/2025,shipped,396.38
16919,4087,5/12/2024,cancelled,1414.03
10964,9849,6/08/2024,shipped,121.47
8792,3718,4/07/2025,cancelled,2347.58
15076,7415,2/07/2025,cancelled,385.38
2591,5576,20/05/2025,returned,129.29
8350,2987,24/08/2025,shipped,130.23
6868,7586,9/07/2024,completed,909.45
15438,2731,5/07/2025,cancelled,1304.19
8848,9970,22/09/2024,shipped,429.77
2199,88,4/07/2025,returned,99.23
11225,2149,24/08/2024,cancelled,239.55
8577,2853,5/08/2025,shipped,513.32
4008,4186,6/03/2025,completed,165.03
9329,1098,16/06/2025,completed,128.39
14764,9935,30/09/2025,completed,1658.32
625,1010,15/09/2025,processing,43.7
5689,5960,27/08/2025,shipped,318.23
18045,2210,1/09/2024,processing,2849.31
3574,3351,11/07/2025,cancelled,39.34
15572,1457,16/04/2024,shipped,799.49
8541,3197,6/01/2024,cancelled,48.72
10979,4520,3/03/2024,completed,167.8
3169,7765,12/06/2025,processing,12.14
3995,2323,21/09/2024,returned,96.56
10417,4840,14/03/2024,returned,326.15
8522,4623,2/07/2024,shipped,1312.51
18396,2602,9/04/2024,shipped,142.94
9863,6960,7/07/2025,processing,72.5
1355,2611,24/03/2025,completed,991.52
5009,8035,13/04/2025,completed,700.28
3578,4529,28/10/2024,processing,582.97
13195,6357,16/08/2025,returned,222.74
17726,850,2/10/2025,shipped,235.87
8550,5441,24/03/2024,completed,188.62
2824,6185,30/11/2024,completed,320.13
11176,3470,1/02/2025,completed,130.56
4611,7865,31/03/2024,returned,124
18829,1020,21/03/2025,processing,3039.41
3147,6772,15/02/2025,completed,52.93
14509,730,1/07/2025,cancelled,2087.42
8057,9220,24/07/2024,processing,130.62
12175,8872,20/02/2025,returned,529.54
1775,7361,15/04/2024,completed,638.3
11682,3441,24/04/2024,shipped,773.31
8037,7035,23/03/2025,shipped,136.07
9800,6015,4/10/2024,cancelled,326.97
3651,4105,11/02/2024,completed,32.73
9932,3912,14/11/2025,processing,955.4
13545,1956,8/11/2024,shipped,813.82
14582,7007,4/10/2025,returned,232.89
16752,5453,11/11/2024,returned,470.38
4055,6180,29/04/2025,cancelled,416.24
14934,3487,24/10/2025,shipped,87.3
19686,8190,21/04/2024,completed,264.67
19134,7327,18/03/2024,cancelled,1418.3
2709,9868,4/02/2024,shipped,2462.2
12513,6090,19/11/2024,shipped,451.74
8386,2194,11/04/2024,returned,386.89
14349,8134,23/10/2024,returned,304.87
14873,8673,4/05/2025,completed,88.96
18029,166,12/09/2025,completed,113.67
14875,6318,23/01/2024,cancelled,318.2
2135,9981,13/10/2025,processing,387.16
16389,3439,26/07/2024,completed,1150.57
7857,8077,22/09/2025,returned,543.31
7963,4737,7/12/2024,processing,2895.51
15010,3339,31/03/2025,shipped,172.72
14370,4348,4/04/2025,cancelled,557.39
9427,6005,17/08/2025,processing,4071.32
3277,3017,29/03/2025,shipped,177.72
10171,6632,29/01/2024,returned,5374.66
13407,8587,8/09/2025,returned,341.05
4034,481,14/07/2024,completed,662.22
7367,1161,8/06/2024,completed,1205.1
9533,4628,16/03/2025,cancelled,682.14
9796,2095,6/09/2024,processing,57.32
1577,620,2/01/2024,returned,397.23
14226,4405,30/09/2025,shipped,254.29
10942,9574,8/03/2024,completed,14.59
7584,1305,7/03/2024,processing,185.82
3289,1744,22/02/2024,shipped,1228.83
8534,2367,7/05/2025,shipped,5.44
4376,1544,22/07/2025,completed,376.18
1627,4978,3/10/2024,processing,635.26
16480,7954,31/05/2024,shipped,242.11
2799,5053,16/07/2025,cancelled,1039.16
19826,1224,28/08/2025,completed,304.01
19038,3394,7/02/2024,returned,464
17668,5378,2/08/2024,cancelled,1836.47
6091,5426,11/07/2024,completed,1940.79
3725,4737,15/10/2025,returned,1476.94
10808,8087,24/06/2024,cancelled,20.37
4975,5372,13/02/2025,returned,31.43
13697,6284,2/09/2025,processing,75.02
4738,4248,15/12/2024,cancelled,609.49
4263,9195,25/09/2025,returned,1527.3
6180,595,17/09/2025,cancelled,403.23
16578,2280,4/10/2025,returned,1267.31
15813,2687,21/01/2025,cancelled,483.35
18288,8732,25/01/2025,shipped,47.03
14056,3472,29/03/2024,returned,393.78
6535,4566,20/03/2025,processing,939.1
1010,6313,7/05/2024,returned,322.77
7973,1709,27/07/2025,shipped,29.15
11323,5314,2/05/2024,cancelled,1233.14
12799,2695,12/01/2025,cancelled,1510.53
14117,7030,17/04/2025,completed,147.86
19419,8015,3/10/2024,completed,54.74
5315,4612,20/06/2025,returned,1563.77
2692,3554,9/04/2025,completed,1021.03
11409,833,13/11/2025,returned,248.07
14235,2171,23/09/2025,returned,225.92
19119,3824,10/10/2024,completed,232.32
19058,2494,13/09/2025,cancelled,1808.37
17034,9904,24/09/2024,shipped,718.45
1916,4062,17/01/2024,returned,184.85
5367,3088,11/08/2024,completed,1380.35
7970,342,17/12/2024,returned,32.63
3435,2458,30/01/2024,shipped,492.82
3664,8421,6/10/2024,completed,899.79
1706,1371,28/08/2025,cancelled,131.2
14736,36,24/02/2025,processing,2339.03
3082,6004,17/03/2024,returned,119.04
13397,7563,5/06/2025,cancelled,38.31
13955,1882,7/08/2024,shipped,1075.65
18624,8980,30/03/2025,shipped,708.07
637,4635,27/09/2025,cancelled,218.32
12550,6173,5/12/2024,processing,196.25
2944,5557,24/01/2024,returned,108.5
17216,8185,24/07/2025,cancelled,1568.99
344,5422,28/09/2024,processing,142.17
17762,5084,27/08/2024,returned,267.56
17011,330,20/04/2025,cancelled,41.44
3027,3939,27/12/2024,shipped,63.33
16815,2498,3/01/2025,shipped,2552.62
15352,4947,16/09/2024,cancelled,265.41
9422,5164,18/05/2025,returned,497.81
5130,9880,15/04/2024,returned,1857.5
11817,7279,31/03/2024,shipped,1835.32
15153,7912,9/07/2024,shipped,229.27
19318,5942,18/01/2024,shipped,65.46
6542,2874,25/06/2025,returned,56.87
70,4383,28/08/2024,cancelled,2118.73
5607,8057,1/02/2024,completed,229.32
14243,7634,20/07/2025,cancelled,36.52
18487,2013,31/10/2025,processing,364.96
15766,8821,7/01/2024,shipped,96.97
840,1671,9/02/2025,shipped,91.48
3900,7748,5/02/2024,shipped,15.62
14427,3776,4/11/2024,completed,1137.33
8428,5541,23/04/2025,cancelled,1582.2
13536,9366,12/08/2024,returned,135.56
17452,3636,1/10/2024,processing,2337.85
3201,7538,25/02/2025,processing,712.65
10729,4049,11/06/2025,shipped,96.96
4826,4324,17/09/2025,processing,276.63
6612,8476,1/10/2025,shipped,2042.7
10908,3435,14/02/2024,shipped,2812.92
7883,734,16/02/2024,cancelled,2364.73
16652,4919,18/08/2025,cancelled,212.6
19974,6527,21/08/2025,returned,86.67
4804,4082,7/08/2024,shipped,44.51
14970,3538,20/10/2024,cancelled,269.9
8138,7776,25/06/2024,returned,1006.86
17381,6659,20/04/2025,cancelled,1804.13
18214,8539,10/11/2024,cancelled,201.36
18332,1988,28/03/2025,shipped,309.63
4503,7609,22/08/2025,processing,395.06
9858,6532,7/02/2025,returned,844.51
18268,300,17/03/2025,returned,127.6
18589,7846,2/07/2024,cancelled,11.83
13250,4048,8/01/2024,returned,139.75
9677,2052,29/03/2025,shipped,99.74
13224,457,27/05/2025,cancelled,441.53
17716,2426,30/06/2025,shipped,186.86
6920,9390,14/07/2024,completed,22.55
1849,4181,3/03/2025,cancelled,1673.55
15056,428,15/12/2024,cancelled,193.75
18350,9113,26/02/2025,cancelled,158.04
4446,704,6/04/2024,cancelled,659.26
3193,8398,8/11/2025,shipped,150.95
11148,3636,9/11/2025,shipped,247.96
15633,1376,10/05/2025,shipped,230.1
19572,4292,1/10/2024,completed,1689.76
7664,6643,16/08/2024,returned,1182.83
463,707,18/03/2024,cancelled,85.29
7025,648,12/07/2025,processing,1197.44
14807,5710,14/04/2024,processing,431.12
18192,9398,27/03/2025,returned,63.5
880,1224,14/09/2025,shipped,32.13
14678,1245,27/03/2025,completed,82.96
11040,1077,15/09/2024,cancelled,1816.28
6348,7812,28/05/2024,returned,127.52
2828,5692,27/05/2024,processing,360.18
4535,6349,26/08/2025,processing,161.45
12988,8940,5/04/2025,returned,110.43
7780,6180,20/04/2024,cancelled,211.5
9337,5778,9/12/2024,processing,12.42
11658,9365,17/03/2024,shipped,608.02
170,3435,25/03/2025,returned,811.41
7118,771,13/11/2025,returned,1274.56
18417,1117,28/01/2024,returned,46.55
12403,9507,11/01/2024,shipped,219.76
2387,6808,11/04/2025,returned,355.35
18520,6065,19/03/2025,cancelled,109.42
5902,8297,5/07/2024,returned,225.14
19558,1968,18/08/2024,returned,716.72
7375,6167,3/09/2025,processing,786.05
10829,8714,15/11/2024,processing,586.94
5494,6787,14/01/2025,shipped,259
9852,3031,31/12/2024,processing,1510.92
16142,7289,31/07/2024,shipped,71.52
5529,9453,24/06/2025,returned,194.85
15584,8281,26/01/2025,cancelled,44.22
3227,7887,31/07/2025,shipped,61.86
9825,7748,14/03/2025,processing,99.56
14247,1045,23/01/2025,returned,162.79
3737,6510,8/09/2025,cancelled,1993.95
5753,3650,18/05/2025,shipped,151.72
11031,663,1/01/2024,shipped,59.15
13892,5914,8/07/2024,returned,446.97
15195,7117,15/09/2024,cancelled,113.52
8436,2768,24/08/2024,completed,69.68
4006,1006,3/02/2025,cancelled,578.62
6799,9247,12/10/2024,processing,744.22
14590,3957,29/05/2024,processing,222.46
16942,8149,21/10/2024,shipped,217.28
137,1427,14/01/2024,processing,192.38
4451,3225,25/11/2024,processing,213.98
7892,782,13/03/2025,shipped,737.64
16256,8468,25/04/2025,cancelled,1323.58
714,4762,2/05/2025,processing,81.52
12940,701,18/10/2024,completed,56.87
17807,159,6/09/2024,completed,476
1655,7417,11/08/2024,returned,2038.82
16365,7475,7/03/2024,completed,519.21
7705,3606,19/07/2024,shipped,132.56
12708,8677,27/07/2025,completed,518.48
2604,9725,11/12/2024,returned,393.03
7252,1808,19/12/2024,shipped,497.67
7282,6380,25/09/2024,completed,892.41
9336,7482,29/07/2024,completed,51.65
16841,9811,14/04/2024,cancelled,33.83
13498,9819,22/03/2024,processing,152.33
6608,9997,13/09/2025,returned,1559.89
9826,9518,24/03/2024,shipped,349.01
619,397,24/01/2024,processing,21.15
13326,5888,19/06/2024,shipped,22.01
9600,4948,25/10/2025,completed,357.33
8727,2061,25/07/2024,processing,517.16
13607,6739,2/03/2025,cancelled,14.59
7366,5419,8/01/2025,completed,8.24
9108,2188,1/08/2025,returned,39.02
14123,3148,20/04/2025,cancelled,95.5
3585,6958,7/08/2024,cancelled,70.7
13037,7727,27/06/2025,shipped,254.51
17231,8507,30/05/2025,shipped,82.4
7991,5485,9/11/2024,shipped,569.51
15178,5598,2/11/2025,processing,9.53
15447,96,11/05/2024,shipped,768.53
6872,4688,7/03/2024,returned,411.75
14374,4637,18/05/2024,cancelled,444.58
14968,386,6/11/2024,cancelled,1168.43
700,374,4/11/2024,processing,200.12
12458,5176,29/03/2025,processing,1372.29
6488,3109,9/04/2025,returned,933.34
5692,9204,24/02/2024,processing,1056.84
10245,5830,2/07/2025,shipped,104.09
3934,9934,23/05/2024,returned,1247.44
19010,7626,26/02/2025,shipped,115.81
14549,6457,7/11/2025,completed,15.11
9077,10000,14/04/2024,returned,2172.41
10604,2868,26/10/2024,shipped,2905.02
17036,5010,11/10/2025,returned,144.55
7615,3035,6/04/2024,cancelled,417.75
8103,1599,19/05/2025,cancelled,533.37
11638,6478,26/01/2025,completed,418.59
11060,6401,6/01/2025,returned,1501.6
10283,5933,30/06/2024,cancelled,18.38
1801,5789,17/09/2025,cancelled,299.14
9005,6548,4/03/2025,processing,489.95
3606,4426,15/12/2024,returned,626.71
14187,1876,26/08/2025,processing,149.98
18656,7781,6/01/2024,completed,65.06
1416,2820,4/11/2024,returned,97.78
3797,390,25/01/2025,returned,552.82
16875,4796,2/11/2025,returned,656.91
12508,2541,16/02/2025,returned,63.71
1,9310,9/09/2025,processing,689.66
3333,9824,5/08/2025,processing,100.13
10947,3314,5/02/2024,shipped,980.78
13821,3023,29/03/2024,cancelled,465.75
3031,8581,23/05/2025,completed,510.98
7909,9525,14/07/2025,completed,2765.46
5306,7027,18/08/2024,cancelled,129.16
7670,6868,8/10/2024,processing,611.54
2006,3062,7/07/2025,completed,118.08
13546,5987,17/02/2024,returned,3499.63
16671,4358,23/10/2025,cancelled,45.66
1268,8127,20/04/2024,shipped,2286.15
2013,6339,20/09/2025,shipped,2680.04
4606,7837,22/10/2025,shipped,1159.58
10370,1264,10/07/2024,shipped,222.85
12234,6191,22/03/2025,shipped,691.77
9611,6237,14/05/2025,returned,45.55
14878,3257,27/03/2024,shipped,126.37
82,2630,17/07/2024,completed,1206.21
2439,9614,25/09/2025,shipped,9.97
5709,7124,7/10/2024,returned,130.71
6829,5324,14/02/2024,processing,1302.2
6862,888,15/04/2025,cancelled,700.79
6886,5168,14/02/2024,completed,68.39
6453,5746,17/04/2025,returned,4857.37
6508,1120,2/11/2025,processing,332.16
272,5269,4/05/2024,completed,3930.26
6655,6119,18/03/2024,completed,645.28
4341,2719,9/12/2024,returned,111.09
7415,9316,11/09/2025,cancelled,2275.56
16359,5323,8/08/2024,processing,1043.23
16843,9592,6/06/2024,processing,915.41
3943,1089,13/12/2024,shipped,538.47
6686,9919,8/10/2025,shipped,356.8
1100,1530,21/12/2024,completed,920.33
12045,9289,22/03/2024,shipped,451
2331,1131,16/12/2024,completed,215.95
8883,4382,20/01/2024,returned,1257.52
5296,1402,11/07/2025,shipped,593.24
13362,7431,16/07/2024,shipped,149.86
16812,9244,6/01/2025,shipped,1510.96
17108,8884,6/09/2024,completed,225.74
7695,4920,3/06/2025,completed,124.22
18234,4785,28/06/2025,shipped,60.53
5674,7545,22/04/2025,cancelled,136.78
2445,7679,31/01/2025,cancelled,59.96
2415,2736,28/08/2025,shipped,845.79
19767,8873,25/06/2025,returned,38.53
927,1808,17/02/2025,cancelled,124.57
16591,9091,10/08/2025,shipped,244.71
9648,3831,24/04/2025,cancelled,315.23
17214,2319,22/05/2024,processing,2038.87
19014,1286,5/07/2024,returned,345.59
6722,1224,15/08/2025,completed,94.95
17343,3117,16/10/2024,returned,457.72
2105,6263,6/05/2025,returned,176.48
15086,5259,18/08/2024,processing,537.22
8004,9411,22/08/2025,cancelled,43.24
8527,4937,15/11/2024,processing,202.98
15977,472,29/03/2024,shipped,68.56
6007,8268,2/07/2025,processing,141.41
15445,153,16/06/2024,shipped,358.04
14397,8365,16/05/2025,cancelled,11.14
19378,1708,15/09/2024,completed,2121.05
3536,3675,30/08/2025,cancelled,228.38
6454,1145,1/03/2024,shipped,532.42
148,5318,4/10/2025,returned,675.09
1875,1016,13/06/2025,completed,951.69
11590,343,14/06/2024,completed,228.26
14240,1381,10/04/2024,cancelled,154.67
5828,3140,22/09/2024,cancelled,150.44
3394,2841,21/01/2025,processing,158.26
13637,2476,18/10/2025,processing,199.93
19286,7171,4/07/2025,cancelled,88.66
6923,6909,31/10/2025,returned,1622.68
17664,9440,25/05/2024,returned,101.36
1413,2812,13/02/2025,shipped,103.56
11039,926,17/03/2025,shipped,867
1639,7736,6/08/2025,processing,975.13
16428,4026,23/05/2025,shipped,265.54
18150,8774,25/03/2024,processing,152.43
2157,6813,7/06/2025,completed,602.56
17853,6686,7/01/2024,processing,697.07
12426,599,20/07/2025,returned,2304.06
3225,4371,12/03/2025,shipped,970.78
14852,3602,19/06/2024,shipped,466.6
5340,1880,3/05/2024,returned,235.39
18123,856,3/08/2025,completed,38.54
18639,1679,14/02/2025,processing,329.17
1580,1734,14/06/2025,completed,367.54
3599,9052,27/02/2024,returned,298.16
15191,7140,29/05/2025,completed,189.16
8704,8357,23/07/2025,shipped,35.41
14491,2965,21/05/2024,completed,9.53
2137,1035,22/05/2025,returned,90.37
11693,344,29/03/2024,cancelled,409.95
7952,1484,26/05/2024,processing,484.18
5015,964,31/10/2025,returned,945.73
985,1333,21/05/2024,returned,438.68
7639,8650,14/01/2025,returned,262.79
5593,8981,6/08/2024,shipped,694.64
13005,4059,11/08/2025,shipped,321.92
8252,6296,4/05/2025,completed,905.24
10170,390,3/11/2024,cancelled,416.87
3718,7620,24/07/2025,processing,1836.89
6742,5914,24/02/2024,processing,164.1
17468,4729,18/09/2025,returned,10.35
6317,3067,15/05/2024,cancelled,831.76
11859,9986,8/06/2025,cancelled,584.18
3378,3156,8/09/2025,completed,91.4
14017,5362,6/09/2024,shipped,275.76
18399,4985,26/01/2024,returned,494.19
5413,1795,8/05/2025,cancelled,604.08
8277,9015,21/06/2025,returned,409.94
3522,9012,7/07/2025,cancelled,810.55
5623,2928,2/12/2024,processing,178.22
17822,3550,8/06/2024,completed,13.34
1326,9624,19/06/2025,returned,130.05
465,1679,9/11/2025,processing,930.12
14830,8205,28/12/2024,processing,1704.42
1593,815,19/09/2024,shipped,1352.63
15089,5680,2/10/2024,processing,82.77
6593,4199,31/10/2025,shipped,398.19
2972,3551,31/12/2024,completed,105.35
5214,1163,17/12/2024,completed,195.46
6910,1924,24/04/2025,shipped,111.31
7331,3277,3/11/2024,completed,64.51
15119,1931,9/10/2025,shipped,205.72
18342,3713,11/06/2024,shipped,110.93
6626,7735,25/03/2025,returned,1203.9
4520,5096,11/06/2024,cancelled,548.99
12510,4664,17/09/2024,cancelled,888.73
5365,8501,5/03/2024,shipped,831.01
3083,7538,22/11/2024,completed,675.42
5941,6140,6/02/2024,completed,1204
3332,7408,17/05/2024,cancelled,150.08
2289,704,7/10/2024,processing,401.86
9599,6622,24/07/2024,cancelled,432.49
1552,7836,22/10/2024,processing,532.29
2965,9814,3/08/2025,processing,106.32
13507,754,7/01/2025,processing,42.5
15726,3527,20/10/2025,completed,495.63
1043,572,6/09/2025,cancelled,725.81
16888,6410,13/03/2025,completed,1702.17
2123,7468,14/08/2024,cancelled,922.95
8943,7611,23/06/2025,completed,1252.69
19712,3351,22/02/2025,cancelled,445.06
15735,4184,31/03/2024,completed,412.66
17029,3999,16/06/2024,processing,40.84
3202,3576,26/01/2024,completed,694.88
12117,7319,28/05/2025,completed,1060.43
10331,6931,17/04/2024,returned,469.25
3538,216,28/05/2024,cancelled,840.01
5137,3234,13/09/2025,shipped,2.48
16601,3364,18/04/2025,completed,1859.05
17068,9171,14/09/2025,processing,238.22
12810,2494,6/11/2024,shipped,287.26
14810,7709,18/07/2025,returned,77.21
8203,4445,12/11/2025,shipped,387.23
1820,4773,7/10/2024,cancelled,96.19
15123,8001,27/09/2025,completed,210.96
9279,8600,11/06/2025,shipped,47.96
13346,8676,28/01/2025,returned,141.24
13840,5968,16/06/2024,returned,497.97
4995,9543,23/03/2024,completed,741.48
489,8490,11/10/2025,shipped,3584.82
12164,284,6/11/2024,shipped,406.83
18905,4351,8/11/2025,processing,71.13
15836,991,11/09/2024,completed,264.89
14129,9725,11/03/2025,returned,311.52
13074,671,24/12/2024,cancelled,1001.67
9616,5206,22/01/2025,processing,1023.99
14551,6832,6/08/2024,processing,199.79
19774,2906,7/06/2025,cancelled,1112.69
8278,9383,29/11/2024,cancelled,183.87
8855,2952,15/01/2025,shipped,565.47
3014,7222,22/08/2025,shipped,477.35
782,4642,12/05/2024,shipped,411.43
18751,8148,9/04/2025,completed,793.63
7018,6763,18/07/2025,completed,1181.79
7275,107,4/01/2024,shipped,321.94
15891,5096,14/09/2024,cancelled,1588.62
12842,3967,29/03/2024,shipped,612.71
147,2779,22/07/2024,shipped,1854.44
6246,7944,24/06/2025,shipped,975.52
3824,6105,20/07/2024,returned,649.28
5158,5881,6/05/2024,returned,559.66
7254,373,19/09/2024,shipped,912.43
12534,2535,6/05/2025,cancelled,1557.48
10650,5728,9/04/2025,shipped,46.36
15244,9778,7/11/2025,returned,500.22
17084,4296,13/04/2025,returned,25.57
11737,932,24/08/2025,cancelled,142.59
5556,5072,18/12/2024,completed,651.75
3963,3304,16/02/2024,completed,132.66
13845,2691,4/09/2025,shipped,345.11
10520,9857,21/12/2024,completed,1097.66
7073,2288,7/03/2024,completed,2815.07
8719,2183,29/03/2025,returned,813.44
8055,4872,12/08/2025,completed,129.58
726,5614,5/05/2025,returned,455.43
111,6403,9/01/2024,cancelled,126.05
6344,8669,6/09/2025,cancelled,317.84
18093,4904,7/04/2024,cancelled,490.48
666,9213,23/10/2024,processing,29.94
10247,3917,24/04/2024,completed,61.86
17066,1250,6/05/2024,completed,685.91
1791,8033,2/08/2025,completed,2275.76
15128,9713,22/09/2024,cancelled,437.64
10296,717,26/07/2025,shipped,1560.84
1604,9422,2/09/2024,completed,523.5
12989,4452,7/06/2024,cancelled,252.58
17606,5265,14/01/2025,cancelled,857.43
14,9493,15/06/2025,shipped,520.96
10642,2222,15/12/2024,completed,483.94
19676,1071,12/12/2024,returned,389.54
19711,4965,17/01/2024,shipped,185.46
16570,5324,13/03/2024,completed,1597.2
13272,1042,15/03/2025,returned,32.9
6076,9298,1/07/2024,shipped,8.2
221,3022,9/01/2025,returned,1221.05
15127,4744,22/02/2025,completed,71.91
7526,7409,18/03/2024,processing,32.07
10395,3219,22/08/2025,returned,79.26
10737,7056,27/07/2024,returned,320.9
1555,8514,28/04/2024,completed,235.7
7100,7125,1/05/2025,returned,195.87
5691,6815,27/12/2024,cancelled,210.68
8667,8937,3/09/2025,cancelled,823.23
17537,3217,19/05/2025,cancelled,1033.13
14728,8340,12/06/2025,completed,1331.01
10462,7882,9/03/2025,shipped,86.91
4472,180,8/03/2024,processing,1095.98
997,4799,23/09/2025,completed,62.62
1540,4598,13/04/2025,completed,177.92
10423,7442,4/11/2024,completed,165.22
12763,9662,27/06/2024,returned,416.66
5627,7550,27/03/2024,returned,1727.3
9543,5733,16/10/2025,cancelled,652.11
4322,3266,19/03/2024,processing,360.9
13252,1658,5/07/2025,shipped,73.64
2614,1425,14/11/2025,processing,42.3
9998,8153,9/10/2025,shipped,79.47
18484,8254,8/11/2025,shipped,1315.93
8314,5913,18/07/2025,returned,3267.2
10098,1598,5/01/2025,returned,154.92
16585,1918,31/12/2024,returned,519.58
15000,3485,17/05/2025,cancelled,499.77
15803,1462,5/01/2024,completed,89.08
19723,51,18/10/2025,returned,188.18
9782,9502,16/08/2024,cancelled,367.27
665,6546,25/03/2024,completed,25.73
3262,1381,23/08/2025,completed,616.85
12203,1837,26/12/2024,returned,1030.18
11183,6141,17/06/2025,processing,1561.41
9364,6294,16/09/2024,returned,49.62
15708,3047,9/05/2024,returned,1215.58
12324,5597,7/05/2024,completed,593.14
14004,2625,11/03/2024,completed,618.41
10355,2910,9/05/2024,processing,107.65
8645,4709,1/08/2025,returned,203.87
15328,212,2/03/2025,cancelled,39.02
14358,2526,9/03/2024,shipped,80.84
7326,6663,7/09/2024,returned,4315.17
15908,1425,5/10/2025,returned,424.9
15459,8460,31/01/2025,returned,59.34
18157,7069,2/02/2024,cancelled,3742.27
6392,1718,10/10/2025,shipped,707.9
1830,1170,12/10/2025,returned,139.45
802,5827,25/02/2024,shipped,881.82
16806,8343,3/01/2025,shipped,565.18
14350,654,5/11/2024,completed,1896.65
14584,149,26/05/2025,completed,102.84
12621,7430,6/07/2024,shipped,903.95
17313,1341,4/12/2024,completed,3.69
7256,9836,16/02/2025,processing,524.06
950,403,1/09/2024,shipped,106.4
9941,3247,24/01/2025,completed,72.87
6667,6449,13/10/2025,cancelled,1906.95
4409,6660,4/12/2024,completed,355.72
5076,9490,10/05/2025,shipped,126.54
577,9068,24/05/2024,cancelled,232.89
19317,897,10/04/2024,shipped,926.42
5934,481,2/03/2024,cancelled,871
2789,7456,26/03/2025,processing,200.18
15481,6871,17/09/2024,processing,4158.91
8526,9919,27/07/2024,returned,59.25
6698,4771,13/11/2024,shipped,606.07
11349,9894,31/03/2024,returned,68.12
11823,9435,28/02/2024,completed,651.31
12639,5005,8/09/2024,completed,352.75
11728,2477,4/08/2024,completed,527.15
663,9177,2/03/2024,returned,1636.01
455,1468,24/04/2024,completed,460.66
245,3047,14/11/2025,processing,92.24
11147,8089,8/02/2025,processing,150.94
10014,4837,28/07/2025,completed,502.1
17821,9626,25/04/2025,shipped,6101.43
15434,5499,19/02/2024,completed,1095.05
17067,3699,14/01/2025,completed,34.1
14789,6744,2/03/2024,cancelled,274.1
18803,5779,13/09/2024,processing,43.13
5781,3112,23/09/2025,shipped,249.14
770,6096,8/10/2024,completed,10.62
779,9890,16/04/2025,returned,1002.26
11700,9165,23/10/2025,shipped,422.99
5892,3975,13/04/2024,cancelled,850.61
2940,1270,25/05/2025,completed,138.24
12637,3408,29/05/2025,cancelled,186.17
17793,708,3/05/2025,processing,205.74
6794,8915,21/07/2025,shipped,247.13
14055,7069,5/03/2024,returned,84.83
10634,3801,13/09/2025,shipped,305.96
16568,4779,8/03/2024,cancelled,342.95
2639,1540,21/07/2024,shipped,585.71
5899,454,20/12/2024,processing,28.6
18600,7160,20/04/2024,processing,619.55
19215,1040,21/01/2024,processing,178.88
5258,8724,12/09/2025,cancelled,261.74
17287,3384,9/06/2025,returned,267.85
6106,9624,5/04/2025,cancelled,1469.92
13586,3879,21/09/2024,shipped,22.48
18654,8085,15/08/2025,completed,1570.7
17331,7786,2/05/2025,returned,178.76
17290,433,18/04/2024,cancelled,113.67
6411,7986,29/02/2024,processing,2023.42
14264,2206,1/12/2024,returned,157.61
14257,2702,10/10/2025,shipped,920.36
3512,2172,26/08/2025,completed,174.79
4054,7575,25/05/2024,returned,98.52
5852,3934,1/08/2024,completed,337.38
15751,9147,2/09/2025,processing,742.47
11602,7204,21/06/2025,returned,4028.21
1213,2052,2/08/2024,processing,1765.75
18864,7520,16/02/2024,processing,97.44
2992,794,1/04/2025,returned,559.03
8360,2346,20/01/2025,returned,1720.46
3839,161,12/07/2024,returned,149.2
15871,4747,2/09/2025,processing,300.84
163,4111,5/03/2024,shipped,443.54
18401,3239,13/11/2024,completed,1642.36
10957,4121,20/02/2025,processing,587.56
14058,8690,12/06/2025,completed,51.8
16053,3030,10/05/2024,completed,171.06
7978,2990,18/08/2025,processing,758.21
2345,3693,13/07/2024,shipped,263.96
18132,8524,10/03/2025,returned,123.18
9602,2899,5/06/2025,shipped,512.41
6673,4111,24/03/2024,completed,188.49
19090,1491,10/01/2024,completed,75.04
7756,967,22/11/2024,returned,10.39
6442,7527,1/11/2025,shipped,119.32
8697,1028,19/01/2024,returned,292.77
17522,1525,16/02/2024,cancelled,31.7
133,7445,7/09/2025,returned,71.59
4347,8538,7/09/2024,cancelled,175.3
18461,5560,4/02/2024,returned,32.02
15593,2808,24/11/2024,cancelled,21.2
4861,6964,12/08/2025,completed,175.69
14617,5799,18/11/2024,shipped,824.81
18857,9103,9/09/2024,returned,617.3
2755,4118,26/09/2025,returned,1338.76
8182,4771,9/09/2024,completed,420.35
12350,8335,25/04/2024,cancelled,3.32
11972,7822,2/10/2024,shipped,317.21
5501,6139,12/08/2024,processing,677.07
10775,4802,28/09/2024,processing,139.36
4775,5233,28/06/2025,completed,985.35
16414,5645,14/09/2024,cancelled,728.97
19918,9550,14/08/2025,shipped,195.39
7445,8132,20/06/2024,completed,1182.86
2570,6765,26/04/2024,returned,74.46
19751,7242,10/02/2025,processing,351.16
9913,9001,20/10/2024,processing,75.93
9531,985,25/05/2024,shipped,5.98
9158,8850,1/06/2024,completed,307.35
19168,1817,20/09/2025,completed,1378.17
5131,2479,29/03/2024,completed,272.92
16828,7869,16/09/2024,cancelled,748.35
14011,973,8/08/2025,processing,819.49
1402,5441,29/10/2024,cancelled,297.11
4712,2039,24/07/2024,cancelled,885.5
17701,2521,2/01/2025,processing,129.99
2220,9088,7/01/2025,shipped,40.24
9251,2570,24/12/2024,shipped,1323.86
8183,8313,2/08/2024,completed,5.74
7903,3109,10/07/2025,returned,430.56
7321,2517,12/01/2024,processing,619.33
16180,6454,10/01/2024,shipped,310.8
3192,6318,9/09/2025,returned,708.58
19518,1786,3/10/2024,returned,272.35
2770,5158,23/02/2025,cancelled,539.81
16116,6887,6/12/2024,cancelled,63.5
3865,166,21/04/2024,processing,86
14202,1825,22/06/2025,shipped,81.28
11564,9779,8/03/2024,shipped,2934.17
11927,7009,2/08/2025,shipped,134.22
17666,4531,6/08/2024,processing,3065.95
18538,6310,19/09/2024,completed,133.71
159,4306,29/04/2024,shipped,387.23
10671,1722,27/05/2025,completed,368.86
15288,9589,4/02/2024,completed,80.56
7793,2406,18/07/2024,processing,140.16
10593,3906,20/05/2025,processing,841.84
13013,136,22/02/2024,shipped,363.5
1257,6333,2/01/2025,cancelled,2473.48
6276,9267,26/07/2024,returned,92.23
8432,6918,11/01/2025,cancelled,647.52
13308,1642,8/07/2025,shipped,189.88
2670,7095,25/08/2024,cancelled,146.17
12144,1586,24/01/2024,cancelled,108.97
7913,5570,19/05/2024,processing,260.9
13500,3127,8/04/2025,shipped,764.9
3017,6740,29/03/2024,processing,166.37
7853,456,10/06/2025,processing,3547.33
1957,2109,6/06/2024,returned,12.66
2001,7901,24/03/2024,returned,532.14
3804,1740,31/05/2024,cancelled,313.72
10689,4804,7/12/2024,returned,83.34
14587,7488,6/07/2024,completed,176.77
6613,4404,21/02/2024,returned,532.92
5904,654,4/07/2024,shipped,37.78
3119,44,25/10/2025,completed,139.64
5853,8926,22/03/2024,completed,186.48
15647,8952,8/08/2024,completed,398.4
17310,888,23/03/2024,cancelled,875.5
480,1941,8/02/2024,cancelled,968.67
2366,1820,24/03/2024,cancelled,214.56
16522,9308,27/07/2024,completed,2488.16
10285,535,8/05/2025,returned,992.56
7005,6304,11/05/2025,processing,192.95
19584,7502,18/09/2024,processing,139.99
17169,9278,11/03/2025,processing,97.44
4564,3586,30/05/2025,cancelled,19.55
9204,6435,31/07/2024,shipped,267.58
10509,1553,24/04/2024,completed,495.53
8751,735,16/04/2025,cancelled,86.85
5153,2298,27/09/2025,shipped,356.81
19858,5192,26/08/2025,returned,27.14
17284,8674,17/03/2025,completed,103.3
11719,3057,20/01/2024,shipped,463.7
15193,4150,4/01/2025,cancelled,85.52
5731,6871,23/08/2024,shipped,1188.26
19586,1348,9/12/2024,returned,515.86
19282,5039,28/07/2025,returned,438.88
6962,3923,28/11/2024,completed,351.45
17054,4377,23/01/2024,shipped,311.11
16055,9632,15/06/2025,completed,126.6
17794,4413,25/12/2024,completed,533.56
10837,8232,26/02/2024,returned,1271.91
15865,7197,15/03/2024,cancelled,216.98
19715,4867,26/02/2025,returned,1426.68
499,3836,17/01/2024,cancelled,101.29
4835,9816,7/08/2025,completed,123.8
7108,8095,15/01/2024,returned,534.09
16467,797,15/07/2024,completed,422.6
19657,1043,25/02/2024,completed,23.28
16407,9313,6/12/2024,completed,199.08
2406,2114,22/12/2024,completed,896.37
6711,2442,25/07/2024,cancelled,600.53
4628,413,7/05/2024,cancelled,22.62
6437,5909,14/09/2025,processing,727.82
13861,8523,17/06/2025,processing,10.29
5949,6868,5/04/2024,completed,921
2839,9495,8/03/2024,processing,363.5
10915,5107,22/08/2024,processing,200.66
6545,8528,14/03/2025,returned,82.69
13841,611,21/02/2025,returned,3051.2
14817,4345,21/04/2024,returned,24.97
3580,840,20/12/2024,completed,1695
4506,2096,15/07/2025,cancelled,176.95
2372,7474,18/04/2025,cancelled,1461.94
19221,7744,10/07/2025,completed,59.97
1767,9682,27/07/2025,processing,238.36
19992,1855,5/03/2025,cancelled,2164.38
15778,6133,19/02/2024,processing,657.66
7502,1388,30/05/2024,completed,314.8
4211,7254,17/06/2025,returned,379.11
7352,4279,25/09/2024,processing,1445.54
9506,3518,20/12/2024,processing,98.24
6261,7287,23/10/2024,shipped,9.81
6255,8883,20/11/2024,completed,199.31
10895,1564,3/04/2025,returned,80.66
13188,4473,20/05/2024,returned,180.56
239,7463,10/10/2025,completed,74.06
15880,3307,20/01/2025,completed,26.74
9628,9370,17/04/2024,cancelled,1213.07
1556,7137,7/06/2025,processing,700.98
9962,2870,3/10/2025,shipped,120.33
13884,7592,9/10/2024,returned,48.66
1362,1224,22/11/2024,cancelled,155.98
13134,7239,21/06/2025,completed,159.29
11699,4942,5/07/2025,cancelled,899.33
16304,8214,26/05/2025,processing,313.83
4870,8807,25/03/2024,cancelled,544.8
16124,4459,9/02/2024,returned,185.57
15299,9183,23/05/2025,cancelled,1184.88
1478,345,14/06/2025,completed,1628.79
11123,5733,15/04/2025,completed,597.88
19925,9887,18/02/2024,processing,1860.15
7082,3530,4/05/2025,completed,154.66
18689,2399,10/08/2024,shipped,1206.88
2964,6002,27/01/2025,completed,209.76
206,8405,21/11/2024,processing,4116.65
275,6699,15/02/2025,returned,79.34
4852,2417,28/12/2024,cancelled,318.54
10988,4824,29/02/2024,cancelled,278.14
8270,4591,31/01/2024,shipped,22.47
11240,4231,20/08/2025,completed,361.15
433,2515,22/01/2024,processing,166.64
11486,5629,28/06/2024,shipped,741.6
19730,7091,20/07/2024,completed,83.6
348,4629,14/08/2024,shipped,629.79
13959,1844,5/10/2024,shipped,265.7
19040,2924,7/07/2024,shipped,177.95
5456,8465,9/09/2024,completed,3140.88
12461,5514,24/01/2024,completed,820.17
13740,8802,18/11/2024,cancelled,177.42
5721,6648,1/09/2024,returned,157.55
16500,5805,18/09/2025,returned,203.64
2017,5563,29/05/2024,processing,422.22
18153,6126,20/01/2024,completed,33.93
8895,6538,24/07/2024,shipped,248.55
320,1309,31/05/2024,completed,438.46
7300,481,5/12/2024,cancelled,2670.31
542,8014,29/09/2025,shipped,24.1
4050,6414,6/05/2025,completed,40.24
16677,6778,7/09/2024,cancelled,1273.23
19077,9978,5/06/2025,cancelled,510.67
16254,3957,21/03/2025,processing,1805.36
4675,426,16/10/2024,shipped,267.03
12044,2533,23/12/2024,completed,227.34
5459,5692,1/04/2025,completed,25.48
12925,7286,29/09/2025,completed,83.02
5662,5060,2/10/2025,completed,161.63
15610,9759,8/05/2024,processing,289.18
759,8493,23/05/2025,returned,640.88
4657,605,18/08/2025,completed,107.69
8514,8272,3/06/2024,completed,1841.22
12328,6911,7/07/2024,returned,277.46
12072,9097,30/08/2024,shipped,435.19
4655,352,5/09/2025,returned,98.79
4430,5938,15/02/2025,shipped,375.91
15879,4159,17/06/2025,returned,32.78
10629,337,14/02/2025,completed,194.81
19035,9193,4/01/2024,processing,1428.9
19237,9147,23/12/2024,shipped,854.45
4774,1229,2/01/2025,returned,305
13699,1341,29/11/2024,shipped,347.09
12197,6868,13/03/2025,cancelled,209.1
5552,2612,16/12/2024,shipped,567.6
7656,870,27/06/2025,shipped,128.92
6353,8471,9/11/2025,returned,235.79
4560,2634,17/09/2024,cancelled,271.5
9127,2970,7/08/2024,returned,1241.73
9910,193,27/01/2024,processing,36.64
17176,9292,21/09/2024,shipped,985.35
14802,4849,6/07/2025,shipped,710.81
18209,4942,28/05/2024,shipped,152.38
3254,1775,17/04/2024,completed,44.46
12373,4818,23/06/2024,returned,97.61
19643,4450,11/12/2024,cancelled,133.77
13023,3508,2/08/2025,completed,28.77
8604,5117,18/05/2024,completed,154.52
10761,4564,19/10/2025,completed,488.59
3279,10,8/08/2024,returned,125.8
8602,1604,27/08/2025,shipped,224.75
8414,3591,14/08/2025,shipped,1073.48
8036,7431,4/10/2024,shipped,333.72
288,3951,14/05/2024,cancelled,215.49
6021,3409,1/02/2025,completed,1107.66
9270,1932,8/10/2024,completed,2111.43
1385,3801,8/03/2025,returned,96.21
15516,1100,3/10/2025,returned,199.89
18531,7866,3/08/2024,returned,34.59
3276,2636,12/10/2025,processing,1268.43
6572,8182,13/10/2025,shipped,103.54
14365,9840,8/11/2025,cancelled,893.7
8011,2818,21/07/2024,processing,660.72
5931,7089,17/02/2025,shipped,488.17
12720,796,19/09/2024,completed,1044.89
17575,4226,17/05/2024,returned,2954.9
3000,8312,8/10/2024,cancelled,675.53
1152,6817,6/02/2024,shipped,819.22
15924,1432,26/09/2025,completed,961
16060,7525,12/12/2024,returned,28.04
9268,2318,25/05/2025,processing,190.38
5680,5221,21/07/2025,returned,183.76
10168,2721,20/07/2024,completed,63.96
9156,3873,8/10/2025,processing,252.75
12932,1873,26/05/2024,cancelled,11.1
16356,4761,27/03/2024,cancelled,554.61
379,566,11/04/2024,processing,407.14
14941,9850,3/06/2025,completed,818.08
10401,999,9/07/2025,returned,4862.16
10781,7912,10/08/2025,processing,1201.63
6070,6351,24/11/2024,completed,52.33
17369,906,29/03/2025,returned,1323.04
16002,2999,18/02/2024,cancelled,44.14
945,623,31/07/2024,completed,7.76
15698,2723,13/10/2024,cancelled,1068.61
773,9778,8/09/2025,processing,453.4
14078,1890,8/07/2025,completed,4.94
14694,6722,20/09/2025,completed,1170.13
1317,7529,12/04/2025,returned,1132.31
17035,464,13/02/2025,returned,86.67
19744,9334,1/11/2024,returned,176.19
19021,9813,10/10/2025,completed,670.63
54,3166,14/04/2024,cancelled,133.02
1389,1947,5/06/2024,processing,21.89
3666,4557,1/10/2024,returned,484.26
9210,950,7/03/2025,returned,41.51
11882,9112,9/02/2024,returned,4347.07
8650,7488,15/06/2024,cancelled,440.46
14595,1152,26/03/2024,cancelled,221.04
16380,823,11/07/2025,shipped,11.44
16736,8242,18/02/2025,returned,28.43
17554,1093,19/10/2024,returned,138.5
2218,4031,19/08/2024,shipped,25.77
18949,277,19/06/2025,cancelled,668.24
16655,7425,9/07/2024,completed,249.61
19256,5631,25/02/2024,returned,2156.22
14885,7625,18/07/2025,shipped,497.02
11738,4731,28/02/2025,returned,612.28
16235,6945,30/05/2024,processing,490.93
4650,6351,6/03/2024,returned,88.97
5437,7292,4/08/2025,completed,49.84
5170,7886,30/10/2025,returned,532.83
1829,2739,27/06/2024,processing,460.66
6357,1559,20/06/2025,cancelled,124.1
7295,3724,28/06/2024,shipped,214.69
8082,9071,26/05/2025,completed,77.99
165,4253,20/05/2025,cancelled,1109.33
10007,9931,17/10/2024,shipped,1217.83
11407,4854,29/04/2024,processing,155.3
9554,2461,8/03/2024,shipped,864.52
14857,7863,17/01/2025,shipped,242.52
13541,4337,8/09/2024,completed,855.23
16371,6793,7/06/2024,completed,1325.06
1259,3862,14/02/2025,returned,233.45
13496,5901,11/02/2025,processing,165.1
12971,4917,6/10/2025,completed,188.98
3623,5180,22/10/2024,returned,361.42
15630,6247,6/02/2025,processing,18.84
8376,7393,2/08/2025,returned,688.52
8953,3111,3/06/2025,cancelled,117.13
18305,1628,29/06/2025,returned,209.23
13327,6260,19/02/2024,processing,54.42
8239,2021,18/08/2025,cancelled,184
7529,7053,3/07/2025,returned,1033.39
16586,9247,18/08/2025,cancelled,105.35
16995,978,20/08/2025,processing,848.65
11012,3306,16/03/2025,completed,17.96
2003,8528,8/05/2025,cancelled,2846.32
3733,1882,27/09/2025,completed,1621.54
5863,1578,12/04/2024,returned,161.69
13011,5994,28/11/2024,cancelled,394.37
14844,3480,11/09/2024,cancelled,790.48
15918,6557,29/06/2025,cancelled,1683.58
13948,1990,28/02/2024,processing,936.64
5811,7617,22/02/2025,shipped,79.42
10176,8087,4/10/2024,shipped,554.93
10938,6274,13/04/2025,shipped,97.57
4423,9752,18/11/2024,processing,601.97
15834,3884,5/11/2025,completed,628.05
16813,8096,27/05/2025,returned,1075.17
2792,2456,29/03/2025,shipped,149.1
3125,1075,24/01/2025,returned,1312.02
11743,4672,30/07/2024,shipped,32.11
5508,6566,12/07/2024,cancelled,1218.64
18447,6485,29/05/2024,processing,490.5
10091,784,26/02/2025,returned,254.98
13351,8496,14/02/2025,shipped,52.18
5084,7925,25/09/2025,completed,293.07
14535,4273,6/06/2024,returned,19.35
7697,5103,27/09/2024,shipped,130.33
18759,2377,8/07/2024,completed,877.01
15767,2211,26/04/2025,cancelled,394.7
12591,1368,21/11/2024,completed,54.55
13099,5170,6/05/2025,returned,472.81
10522,2688,30/04/2024,cancelled,145.42
12698,2871,5/07/2025,returned,124.26
9437,4806,11/01/2025,processing,2071.64
6745,837,19/03/2025,processing,548.36
1144,2114,23/03/2024,completed,86.47
8722,4226,4/07/2025,processing,630.83
17977,6498,29/05/2024,shipped,18.37
9021,4992,24/06/2024,completed,138.44
18658,2294,22/08/2024,returned,206.82
5184,9793,20/04/2025,shipped,411.85
106,8953,12/11/2025,returned,153.71
19816,1440,16/06/2025,completed,42.15
2039,6791,25/10/2024,returned,267.16
8764,2260,12/01/2025,cancelled,259.72
7106,3647,2/01/2025,shipped,56.18
14992,1130,10/08/2025,cancelled,2705.26
17743,701,8/01/2025,shipped,896.99
17040,9360,20/05/2024,returned,491.76
11952,2983,24/11/2024,cancelled,28.92
3710,6635,10/06/2025,processing,621.74
8660,521,6/07/2024,completed,2235.22
7397,2934,6/04/2024,shipped,1542.16
4985,8895,30/07/2024,completed,182.64
8094,1750,30/05/2025,processing,343.14
14860,752,22/04/2025,processing,169.55
2179,9725,26/08/2024,completed,79.35
6819,7110,12/05/2025,returned,474.92
5653,7871,29/03/2024,completed,871.03
11898,5473,20/01/2025,completed,1942.87
5303,1303,11/02/2024,processing,313.96
7928,6182,4/07/2024,shipped,1416.87
3132,9809,31/05/2025,completed,287.94
14174,1429,24/01/2024,cancelled,91
14318,5655,5/04/2025,processing,2679.61
18870,4475,3/06/2025,processing,1431.84
14353,5219,31/08/2025,completed,256.56
14850,7167,31/01/2025,shipped,529.06
10828,2770,14/02/2025,returned,329.24
6086,9850,6/11/2024,shipped,245.42
9845,7252,4/09/2024,shipped,168.03
6972,2260,17/07/2025,returned,40.03
809,4891,10/04/2024,completed,304.08
425,5354,23/10/2025,completed,891.49
496,8484,10/05/2025,completed,30.32
965,4245,11/04/2024,processing,223.07
2231,5174,7/06/2025,shipped,1413.59
12532,1166,18/12/2024,cancelled,105.48
4668,5249,3/07/2024,shipped,295.86
8913,6668,8/02/2025,completed,1849.14
11220,7264,15/07/2024,completed,1017.72
1206,8119,1/03/2025,returned,26.34
19681,4917,19/01/2024,shipped,279.21
8422,4103,14/07/2025,processing,1937.99
689,3399,27/01/2024,completed,29.53
5649,7735,24/02/2025,completed,385.25
16891,1189,29/05/2024,cancelled,322.17
16029,9311,12/07/2025,returned,20.84
6444,911,1/05/2025,processing,711.98
225,7753,28/02/2024,completed,20.93
4033,35,26/01/2025,returned,146.38
17387,1196,24/08/2024,processing,335.52
19280,2857,24/09/2024,processing,96.63
19663,9115,15/08/2024,shipped,551.24
7463,6741,14/06/2024,returned,243.3
12284,486,3/01/2024,completed,870.03
100,7744,27/01/2025,returned,1583.93
4117,1622,1/04/2024,cancelled,2464
10610,9686,26/02/2024,processing,987.13
3528,3477,6/02/2025,shipped,171.05
5586,8702,11/07/2024,completed,403.08
12609,1843,27/05/2024,cancelled,1655.43
3354,2323,17/02/2025,processing,47.01
1602,883,26/03/2024,shipped,126.4
1158,6169,13/10/2025,returned,52.95
1211,5934,6/06/2025,cancelled,364.15
11157,1973,2/05/2025,cancelled,1750.97
3762,2449,27/08/2024,shipped,33.17
7420,9070,22/06/2024,completed,1785.72
6222,7941,23/09/2025,returned,154.29
14033,2371,23/06/2025,shipped,477.81
3355,9001,19/03/2025,cancelled,2562.54
7868,5173,27/09/2025,cancelled,100.06
13174,2651,27/04/2025,shipped,4978.39
19525,4482,9/02/2025,cancelled,209.89
13720,6555,2/10/2025,returned,2968.76
9641,842,11/12/2024,cancelled,184.46
2070,6513,27/08/2025,shipped,95.81
10073,264,23/10/2025,completed,226.31
12308,793,21/03/2025,completed,846.79
15282,8037,13/01/2025,shipped,3437.44
19390,9089,3/04/2025,cancelled,294
7373,2221,2/01/2024,shipped,267.42
10847,8029,21/04/2024,processing,464.36
17336,5687,19/06/2024,returned,448.58
19929,6531,8/12/2024,shipped,984.2
2454,4368,9/12/2024,processing,361.06
14095,9332,22/09/2024,returned,684.16
14376,9564,29/08/2025,cancelled,56.08
16614,5455,22/10/2024,returned,90.92
14028,4675,3/02/2024,cancelled,218.32
8533,9590,9/07/2024,cancelled,200.91
12420,9876,21/10/2024,processing,303.15
5660,6890,9/11/2024,processing,342.96
10106,9652,19/08/2024,shipped,488.72
4842,8928,17/06/2024,cancelled,458.09
13853,7613,28/04/2025,shipped,79.42
3113,2170,22/02/2025,returned,54.17
267,5153,18/05/2024,cancelled,509.86
12580,7359,23/08/2025,cancelled,183.58
4243,5554,26/07/2025,returned,886.26
3857,8558,17/04/2024,cancelled,8.05
9835,8908,12/07/2024,processing,102.66
8648,8957,15/07/2025,shipped,846.61
4314,8057,26/09/2024,processing,542.6
11544,5227,26/04/2025,processing,228.69
2966,7827,22/06/2024,returned,7.37
13241,542,9/12/2024,shipped,620.06
13163,7269,2/05/2025,processing,2705.26
16143,738,5/03/2024,shipped,2435.77
2457,2203,26/01/2025,shipped,69.15
9584,2268,17/03/2024,shipped,80.1
12953,4243,21/04/2025,shipped,1161.9
13583,1922,24/06/2024,completed,252.09
9709,3172,5/08/2024,completed,605.36
8796,2068,2/10/2024,cancelled,112.19
16931,9950,2/04/2025,cancelled,3741.99
9288,7226,15/07/2025,completed,338.49
2812,5969,18/10/2024,cancelled,18.38
15783,7898,2/06/2024,processing,42.57
3999,1502,22/12/2024,completed,26.06
9636,8927,7/11/2025,cancelled,316.08
4783,4084,4/03/2024,cancelled,364.46
11739,4208,2/04/2025,cancelled,36.94
5082,9973,6/01/2025,returned,88.17
13049,3790,22/06/2024,shipped,951.84
10892,1885,7/11/2025,shipped,544.14
8471,2723,19/09/2024,returned,55.35
4768,3992,30/04/2024,cancelled,301.33
1328,8755,23/01/2024,cancelled,100.3
14098,2863,27/06/2025,cancelled,1551.98
10058,7120,5/04/2025,processing,108.27
14906,305,10/03/2024,completed,658.24
19458,5361,23/08/2025,cancelled,279.46
5818,5391,27/06/2024,processing,29.34
4915,8127,15/07/2025,returned,520.14
18376,4254,5/08/2025,returned,176.77
12456,2128,29/07/2024,shipped,214.25
15315,7872,12/02/2024,cancelled,68.2
5378,2012,7/04/2024,shipped,169.07
13726,9024,14/01/2024,completed,22.11
9522,8831,12/04/2024,processing,27.4
14653,6035,2/05/2025,shipped,784.73
1674,4063,11/04/2024,cancelled,46.36
18499,3241,13/10/2024,processing,1707.59
2336,7418,3/05/2025,processing,309.57
3280,6991,1/01/2025,processing,3808.46
11032,6797,22/10/2024,processing,647.96
240,5718,31/05/2024,completed,1145.95
17420,3004,4/08/2024,cancelled,328.57
46,7376,9/02/2024,processing,489.21
9959,2473,6/02/2024,completed,241.49
16173,8278,19/01/2025,returned,360.52
4677,2571,26/04/2025,processing,843.33
13057,8644,20/05/2025,processing,1389.04
7346,2267,26/06/2024,shipped,1040.49
6096,5049,19/08/2024,cancelled,675.6
9693,8636,18/05/2024,cancelled,840.42
12108,6058,16/10/2025,cancelled,930.91
2993,7771,7/02/2024,cancelled,54.93
14063,2360,8/11/2024,returned,20.31
18959,3280,24/11/2024,returned,421.76
4257,7915,21/04/2024,processing,181.3
14080,4999,9/06/2025,returned,1041.68
15429,7755,14/02/2024,completed,343.69
4546,1692,1/11/2025,shipped,909.74
9774,1865,20/07/2024,shipped,218.8
9347,9439,29/01/2025,cancelled,76.88
16205,6298,5/08/2025,completed,114.12
12249,2545,16/01/2024,returned,560.82
18650,8821,29/01/2024,shipped,104.07
15719,5117,17/04/2025,processing,115.37
636,5784,30/07/2024,completed,531.42
7174,4458,22/01/2024,completed,105.24
10502,9475,27/09/2025,cancelled,527.04
17895,749,28/05/2025,shipped,1449.85
5017,1271,15/09/2025,shipped,1727.2
11767,7522,10/10/2024,completed,20.84
18284,7755,10/12/2024,cancelled,823.03
12518,838,4/06/2024,shipped,563.23
19957,3704,22/10/2024,returned,495.1
18177,8002,14/08/2024,shipped,85.14
17889,2593,27/10/2024,returned,66.97
12481,5478,8/03/2024,processing,90.57
12596,6100,29/10/2025,shipped,51.45
1224,655,13/08/2024,shipped,454.19
2911,9532,29/05/2024,completed,120.46
16336,3086,5/11/2024,completed,772.81
5235,8428,30/04/2024,shipped,83.02
5854,4648,6/06/2024,shipped,88.37
17859,3726,15/09/2025,shipped,123.01
5452,1193,29/01/2024,completed,596.99
13269,5256,13/06/2025,processing,154.29
13521,7741,7/02/2025,processing,717.56
17076,9046,2/02/2024,processing,661.63
1634,4306,11/07/2025,completed,509.83
2234,4537,26/04/2025,completed,508.7
14032,7264,7/09/2024,cancelled,276.49
11449,9758,28/10/2024,processing,2228.31
12748,4499,13/06/2024,returned,95.48
19885,9875,22/04/2025,cancelled,1359.98
10782,2399,17/08/2025,returned,769.41
8265,3846,1/08/2025,returned,685.42
4949,4890,7/02/2025,returned,23.28
4365,2490,22/01/2024,completed,339.06
1110,3779,29/04/2025,cancelled,56.96
7944,8781,23/08/2025,shipped,241.94
18954,3852,20/06/2024,shipped,173.94
12586,5258,29/04/2024,completed,198.59
16912,5879,12/09/2025,shipped,215.6
8312,3479,27/08/2025,cancelled,231.62
14848,8971,26/05/2024,cancelled,1236.42
19202,5731,2/10/2025,shipped,109
16945,9949,15/07/2024,cancelled,705.88
2251,7087,27/08/2024,processing,30.09
2634,9437,14/01/2025,completed,101.97
9213,4298,24/07/2025,shipped,134.79
10485,2018,31/03/2024,shipped,90.57
336,2963,23/09/2024,cancelled,243.35
2259,2527,26/05/2025,completed,73.56
9995,7041,11/07/2024,cancelled,2976.7
4808,8063,19/07/2025,shipped,232.5
6701,2981,19/02/2025,shipped,1027.26
15207,3954,7/05/2025,cancelled,1165.54
12523,2203,28/02/2024,completed,99.02
5104,544,25/04/2024,returned,22.55
8945,2270,27/04/2024,processing,386.25
8682,7532,25/03/2024,completed,267.42
14692,9219,26/03/2025,shipped,1077.43
18160,3870,18/08/2025,completed,44.23
18922,586,17/02/2024,completed,843.32
16049,8919,18/08/2025,processing,1351.41
6478,5951,23/06/2024,completed,294.26
3617,9754,5/09/2025,cancelled,724.46
4392,6210,16/09/2025,processing,398.86
8156,8390,19/12/2024,shipped,597.59
1516,6132,12/10/2025,completed,184.98
2359,4502,5/09/2025,completed,96.75
8401,785,4/08/2025,returned,3211.69
2883,745,22/03/2024,cancelled,745.01
11991,3687,18/11/2024,completed,799.92
1154,9806,16/05/2024,cancelled,110.47
17350,9924,29/07/2025,shipped,64.11
7610,5441,15/08/2025,processing,271.75
15054,477,16/10/2025,shipped,7.76
797,9678,28/02/2025,cancelled,324.3
5710,8049,8/07/2025,processing,178.2
9167,2587,24/11/2024,completed,689.26
16979,2381,25/06/2025,processing,4619.11
18817,6776,26/07/2025,shipped,2604.54
889,5529,1/08/2024,returned,951.12
16218,3474,2/01/2025,returned,217.7
3307,209,26/11/2024,shipped,442.81
18480,144,23/09/2025,cancelled,892.92
207,6406,13/03/2024,shipped,173.81
4897,2669,8/02/2024,completed,67.57
8403,7879,19/12/2024,completed,34.78
226,7095,7/04/2025,returned,428.1
2277,141,18/06/2024,shipped,13.54
654,745,29/07/2024,returned,39
19462,5967,5/07/2024,cancelled,1133.29
14667,9977,26/09/2025,returned,2115.97
17920,453,24/07/2025,returned,1515.34
14916,7597,6/04/2024,shipped,507.88
17655,8968,14/07/2025,cancelled,179.58
12031,1936,9/07/2025,cancelled,9.98
7208,9710,26/05/2024,processing,672.06
789,4485,10/10/2025,completed,132.37
7904,1836,22/05/2025,completed,57.27
5455,3725,22/10/2025,cancelled,492.2
11114,3528,17/03/2025,shipped,1056.43
1252,8369,6/11/2025,completed,956.61
7044,4439,18/06/2024,cancelled,352.34
3092,8452,30/04/2024,returned,363.47
6906,4703,7/06/2025,completed,267.81
9669,4937,23/07/2025,cancelled,1894.88
12785,8596,21/10/2024,cancelled,350.18
15084,2034,19/08/2025,shipped,145.72
8987,8344,28/02/2024,shipped,127.26
6322,2496,8/11/2024,cancelled,27.19
3404,8868,25/05/2024,processing,1365.33
8950,1565,8/10/2025,completed,388.63
16770,4595,9/10/2025,cancelled,413.42
8330,314,6/03/2025,shipped,74.8
6915,8092,11/01/2024,completed,724.39
14752,2799,27/01/2024,completed,507.36
16551,9934,10/10/2025,shipped,8.74
11965,3193,6/02/2024,processing,76.19
6918,8299,7/07/2025,returned,397.31
4833,8570,5/06/2024,shipped,226.12
3787,5584,15/07/2025,completed,69.57
11800,5548,28/08/2025,shipped,236.97
16064,4259,2/03/2025,cancelled,10.42
5799,1543,4/09/2025,processing,953.66
14057,464,12/01/2024,shipped,697.07
5663,4808,8/07/2024,returned,131.33
9999,2539,5/02/2024,returned,21.06
16332,7597,26/10/2024,cancelled,708.03
15259,2757,24/12/2024,shipped,519.25
7893,5218,21/05/2024,completed,1520.22
2236,7855,23/03/2024,completed,21.91
4622,954,24/09/2024,processing,71.52
18481,7977,14/11/2024,shipped,728.59
2025,6391,26/04/2024,processing,359.24
12823,3907,7/10/2024,cancelled,848.35
15937,4528,7/05/2024,processing,14.99
4828,3665,25/12/2024,returned,249.74
12077,5477,29/03/2025,cancelled,600.89
6414,4365,17/05/2024,processing,206.91
4810,870,15/08/2025,processing,210.15
13592,8725,7/08/2025,shipped,685.12
9788,3455,11/11/2024,processing,118.51
935,1533,6/10/2024,returned,3388.79
17947,6578,13/09/2024,cancelled,292.92
17264,4394,3/05/2025,completed,174.96
14287,8613,9/02/2025,returned,320.43
13587,6518,3/08/2025,processing,773.82
16750,1808,16/09/2025,shipped,1327.69
9122,1016,12/01/2025,completed,483.67
15556,6498,28/10/2025,completed,810.57
11106,8406,27/10/2024,returned,201.33
11740,6393,13/06/2025,cancelled,9.98
12755,3018,27/09/2024,cancelled,11.57
12694,972,12/08/2024,processing,89.98
12798,7116,18/07/2024,shipped,369.9
13537,9221,17/05/2025,processing,375.68
9426,1900,25/10/2025,processing,128.28
15996,1783,8/11/2025,processing,760.34
18996,6075,27/03/2025,completed,221.44
13684,4213,9/12/2024,cancelled,2122.4
12255,4033,19/07/2025,processing,34.56
190,7885,28/04/2024,completed,333.28
13504,6660,3/07/2024,processing,469.1
330,5772,24/03/2024,completed,145.17
1985,267,4/09/2025,completed,84.5
17684,4755,17/02/2024,processing,1546.94
14193,1470,2/06/2025,returned,733.72
703,9414,10/05/2025,cancelled,68
17965,5698,10/04/2024,completed,445.82
17140,4751,25/01/2024,cancelled,288.15
14188,7654,29/07/2024,returned,723.1
8214,7022,20/07/2024,cancelled,383.26
2970,2735,19/08/2024,shipped,491.31
9129,4558,11/05/2024,shipped,36.16
606,7121,20/05/2024,returned,260.01
5524,5913,23/08/2024,completed,225.2
19100,6649,25/05/2025,cancelled,878.06
5201,8086,2/05/2025,processing,514.67
8236,9668,20/09/2024,cancelled,409.56
10487,3603,26/01/2025,cancelled,554.93
3453,6839,14/11/2024,returned,184.42
16310,5271,18/02/2025,cancelled,126.34
15970,6407,31/05/2024,completed,513.91
3416,4,10/09/2025,returned,3554.99
3554,2476,14/02/2025,shipped,300.84
16195,4744,16/10/2025,returned,446.22
6866,1160,28/09/2025,processing,586.54
18506,2650,9/03/2025,returned,42
7006,8528,22/05/2024,shipped,124.31
6567,4950,16/08/2025,shipped,54.34
15385,8017,29/10/2024,shipped,193.72
18216,6104,22/08/2024,returned,801.7
6932,38,6/01/2025,completed,27.24
18181,7248,16/09/2025,returned,371.48
11370,6877,22/01/2025,cancelled,44.59
14487,4921,9/06/2025,cancelled,788.19
8196,9188,3/02/2024,shipped,515.32
16580,6323,12/10/2025,shipped,225.99
3918,3053,5/04/2024,completed,881.01
1421,3673,9/02/2025,returned,188.49
5088,5808,10/03/2025,cancelled,476.36
7123,3079,13/04/2024,cancelled,190.07
17353,3262,29/03/2025,shipped,1264.69
10005,6092,5/12/2024,completed,3915.18
18723,5552,19/02/2024,completed,770.87
11237,6268,21/07/2025,processing,1488.57
7399,1325,6/10/2025,completed,293.47
7577,3750,15/02/2024,completed,40.54
3950,5103,5/04/2024,shipped,864.61
3218,7427,1/02/2025,completed,727.45
16968,3024,1/04/2025,processing,1025.02
11418,8021,14/04/2024,returned,215.62
6550,4803,23/02/2024,completed,52.93
2761,8393,25/12/2024,cancelled,1298.36
8746,352,10/10/2024,completed,249.79
6640,6661,4/10/2025,cancelled,1728.4
2389,4931,7/06/2025,cancelled,1588.62
2787,1470,22/07/2025,shipped,1840.05
10504,102,19/07/2024,completed,80.44
15927,2176,14/07/2025,returned,108.18
16047,7247,5/04/2024,completed,83.6
12196,1170,8/06/2024,cancelled,50.17
16795,4964,26/09/2024,shipped,499.37
5013,4098,11/06/2025,completed,45.09
17477,5281,22/01/2024,completed,28.37
13356,9697,17/04/2025,cancelled,131.35
10161,3061,3/07/2024,processing,2291.1
17275,7550,24/08/2024,shipped,226.24
8997,263,23/05/2024,completed,113.2
15576,1801,24/04/2024,completed,546.38
6028,4601,11/07/2024,returned,148.55
19338,6584,14/02/2024,returned,738.47
5292,3562,3/04/2025,cancelled,128.23
14120,2185,31/05/2024,returned,866.56
4902,1991,25/10/2024,completed,53.26
8213,5128,8/04/2025,cancelled,228.35
6589,8498,18/02/2025,processing,373.19
19670,6265,23/07/2024,returned,157.95
2422,5061,29/08/2024,processing,501.37
12933,7034,16/03/2025,processing,181.71
19519,1868,29/07/2024,cancelled,298.83
8480,3286,1/10/2025,processing,1788.06
7330,9754,23/08/2025,completed,205.73
15437,6713,14/02/2025,completed,115.21
16429,9162,19/07/2024,returned,138.3
7043,3729,30/06/2024,completed,976.21
11849,4115,10/01/2025,cancelled,171.63
2,3247,15/04/2025,completed,1666.85
19876,3089,8/01/2024,completed,3035.13
19898,2948,27/07/2025,processing,818.59
15581,8780,5/02/2024,completed,61.95
10154,9728,31/12/2024,returned,841.74
16657,7276,23/02/2025,returned,726.94
4730,4864,1/06/2024,processing,1067.76
905,3796,1/04/2024,completed,478.81
12952,6575,3/02/2025,cancelled,492.81
12315,837,11/04/2024,completed,18.26
3866,7303,29/08/2024,shipped,360.29
13825,621,14/10/2025,processing,111.52
857,9149,7/04/2024,shipped,497.67
16440,9405,24/09/2024,returned,50.17
6846,2445,30/09/2024,processing,21.15
15940,5988,10/06/2025,processing,131.81
1348,3700,24/08/2025,returned,1767.38
10541,9630,2/03/2024,shipped,325.82
1879,3773,27/08/2025,completed,154.05
12733,560,21/02/2024,returned,63.65
10982,218,17/08/2024,cancelled,166.61
2825,9909,9/01/2024,returned,7.42
8050,2695,17/06/2025,cancelled,135.39
16742,4058,2/07/2024,cancelled,273.99
4626,2426,17/07/2025,returned,1323.47
9416,6679,26/07/2024,completed,88.97
12283,8612,16/12/2024,returned,992.56
4554,490,1/06/2025,completed,171.28
5,8537,13/11/2024,cancelled,860.5
2333,8945,19/02/2025,processing,127.21
8267,2114,31/05/2025,processing,970.1
3054,5989,13/07/2024,shipped,74.41
3328,7789,2/09/2025,cancelled,372.96
7303,2724,27/06/2024,cancelled,610.31
13782,3734,8/06/2025,completed,1351.92
1606,7446,21/04/2024,completed,137.45
8862,8771,11/01/2024,cancelled,1703.31
4858,3820,18/06/2024,cancelled,498.14
17961,9,6/03/2025,cancelled,1297.61
2222,8027,9/12/2024,returned,165.89
13579,1903,8/03/2025,cancelled,493.96
15254,9793,25/01/2024,cancelled,350.34
12097,3402,11/09/2025,shipped,412.36
16780,3763,14/06/2025,shipped,415.22
1210,3341,25/05/2025,returned,536.28
1304,7721,25/09/2025,cancelled,2074.75
12871,7868,28/10/2025,cancelled,388.11
7307,7777,14/01/2025,processing,97.63
17978,1178,29/01/2025,cancelled,678.92
14816,684,27/10/2024,cancelled,217.6
15444,607,22/11/2024,cancelled,1559.61
15093,1491,29/06/2025,processing,52.44
2312,7832,18/08/2025,completed,2002.35
5720,4270,13/08/2025,completed,138.24
9996,9903,25/03/2025,completed,161.88
5708,9084,4/05/2025,processing,153.2
19989,9379,24/10/2025,shipped,207.52
2800,8920,20/10/2024,returned,489.78
13240,1200,28/06/2025,processing,72.71
5336,8804,24/11/2024,cancelled,283.47
4014,9190,1/06/2025,shipped,3488.54
4402,7115,7/05/2025,shipped,856.77
16618,1099,9/06/2025,completed,676.19
10728,1618,8/08/2025,shipped,5.67
13518,7404,1/04/2024,returned,19.35
14414,714,12/06/2025,returned,254.42
110,5833,21/08/2024,returned,808.1
6581,3012,2/07/2024,shipped,188.55
18532,6319,9/04/2025,processing,170.46
4226,3538,14/08/2025,shipped,270.85
12133,7602,21/06/2024,shipped,66.33
15840,2369,20/07/2025,shipped,284.44
3314,1151,30/12/2024,completed,1873.62
4862,78,31/10/2025,shipped,854.8
19391,35,10/03/2025,shipped,173.31
10056,4726,18/04/2025,returned,1947.85
12446,2913,17/03/2025,returned,121.32
15554,7106,5/04/2024,shipped,404.2
16506,703,23/01/2025,returned,632.94
3987,2231,16/12/2024,processing,204.82
17294,634,12/08/2024,processing,635.87
16751,9048,21/05/2025,completed,404.45
19451,9872,14/07/2024,returned,354.49
1482,9627,13/10/2025,cancelled,334.45
8287,8478,27/02/2025,returned,1103.28
17416,1833,22/11/2024,shipped,1296.82
7201,2089,20/09/2025,cancelled,716.41
374,4922,6/11/2025,completed,1896.22
15963,6401,8/07/2025,completed,412.47
2572,1426,4/10/2024,shipped,122.27
6990,3868,21/04/2025,processing,136.38
9106,1697,7/01/2025,shipped,128.22
5906,4829,18/06/2024,cancelled,160.09
432,6937,3/09/2024,shipped,214.16
17392,4663,19/03/2025,returned,57.46
18118,5440,29/10/2024,processing,498.5
5647,7050,13/09/2025,returned,47.08
14937,7261,20/01/2024,returned,110.43
17992,3672,23/06/2024,returned,66.75
3356,9085,25/09/2025,processing,37.59
14804,7721,13/09/2024,processing,580.26
10969,7953,21/02/2025,completed,179.46
17815,8138,4/04/2025,returned,291.45
7834,5830,16/02/2025,cancelled,280.09
13588,8295,5/10/2025,cancelled,70.56
18961,8806,1/12/2024,shipped,886.56
14155,3568,4/04/2025,completed,591.56
19652,9257,27/11/2024,returned,612.23
2507,22,5/09/2024,returned,370.9
3563,9868,18/06/2024,returned,55.21
6492,2603,23/09/2025,completed,57.18
12216,6517,26/05/2024,completed,837.5
5724,2221,13/06/2025,shipped,3497.84
3374,57,31/10/2025,shipped,369.87
19442,3909,17/01/2025,processing,632.64
15391,6182,6/09/2024,shipped,14.81
8446,7237,25/04/2024,completed,647.51
16433,1481,23/05/2024,returned,1700.35
16929,7667,25/11/2024,completed,186.94
11143,7003,1/07/2025,completed,249.82
11325,9475,4/06/2024,completed,346.98
6860,8275,5/06/2024,returned,1008.59
10484,6920,11/06/2025,returned,892.75
13640,1590,15/04/2025,cancelled,295.27
588,2165,2/04/2025,returned,4251.38
4795,9673,16/05/2025,completed,54.74
12892,3786,18/03/2024,returned,439.9
18245,9427,25/04/2025,cancelled,207.67
17526,3314,6/01/2024,completed,219.56
15638,2981,31/10/2024,returned,222.44
10032,2917,27/04/2025,cancelled,35.82
1707,1579,13/08/2025,completed,331.98
7625,8614,21/09/2025,shipped,1557.88
332,6577,9/09/2025,completed,271.18
11894,5500,3/03/2024,cancelled,5.2
17128,751,30/05/2025,processing,42
7215,7314,8/03/2024,shipped,2155.36
10873,7103,16/06/2024,cancelled,1619.37
11569,4929,6/10/2025,returned,174.23
16214,2914,9/01/2024,returned,226.36
14227,7561,21/09/2025,shipped,471.25
15699,3331,19/06/2024,returned,178.47
13257,8231,3/10/2025,returned,1452.17
11289,9026,15/04/2024,cancelled,2105.63
19722,5891,15/02/2024,shipped,493.88
6692,4164,11/05/2024,completed,612.59
2587,8569,26/01/2025,cancelled,12.76
5233,2376,15/05/2025,completed,5125.41
16579,463,24/05/2024,processing,40.7
6429,9883,24/06/2024,processing,1128.92
17579,5529,9/10/2025,shipped,1852.36
1243,1519,20/06/2025,processing,157.95
14337,6694,30/05/2024,shipped,90.82
8998,3401,3/04/2025,returned,97.42
19080,8268,21/06/2024,completed,550.42
12298,4971,17/04/2025,completed,124.31
11082,7134,5/02/2025,processing,986.58
6663,9228,20/09/2024,returned,547.42
9857,1903,24/01/2024,returned,1274.14
6296,3274,9/01/2025,shipped,36.34
3124,1200,29/03/2024,processing,1761.71
7186,1795,7/05/2024,processing,81.17
1377,5445,17/01/2024,shipped,902.44
18631,614,8/07/2024,completed,455.99
9504,128,16/04/2024,cancelled,150.32
3519,4594,25/02/2025,completed,3400.08
928,9440,18/07/2025,cancelled,1188.16
11761,5745,24/01/2025,completed,254.06
973,4530,5/05/2024,processing,322.38
16175,7776,15/02/2024,processing,1380.92
3779,2466,12/01/2025,shipped,68.37
18009,5505,25/02/2025,completed,1288.26
17766,2655,29/03/2024,processing,73.88
18813,8605,30/05/2024,cancelled,974.16
9783,5562,14/08/2025,shipped,1727.3
18594,7298,20/03/2024,processing,9.25
11833,9899,9/06/2025,returned,328.84
19942,843,17/10/2024,returned,846.61
16018,4915,20/09/2024,cancelled,1551.04
3342,5337,13/06/2025,processing,626.98
13461,9781,5/10/2025,completed,819.24
7246,4291,8/02/2024,cancelled,1106.46
1007,9529,19/09/2024,processing,48.22
16801,1513,28/06/2024,completed,1144.92
5525,8276,30/06/2025,processing,54.42
8999,4300,30/05/2024,processing,920.33
16080,203,7/09/2025,returned,384.4
930,3734,21/11/2024,cancelled,436.84
8358,4285,8/05/2025,completed,412.07
5900,3760,1/05/2025,cancelled,68.81
19332,7152,20/01/2025,processing,51.75
1857,5764,18/06/2024,completed,717.85
15538,9120,21/07/2025,processing,449.78
4895,7804,9/12/2024,returned,447.84
19147,4685,28/04/2024,cancelled,543.92
12863,7358,21/07/2025,returned,3601.3
10147,8134,19/02/2025,cancelled,770.87
4048,9353,7/03/2024,returned,306.43
487,3145,7/11/2024,cancelled,326.89
2063,1284,5/03/2024,cancelled,2241.7
7846,5823,31/07/2024,shipped,149.63
11363,8800,31/03/2024,completed,830.73
16800,526,5/05/2025,shipped,87.48
13161,9216,25/02/2025,completed,468.94
3019,1997,2/08/2025,cancelled,1083.76
14855,3222,1/07/2024,processing,267.66
6182,9073,4/06/2024,shipped,289.1
4583,2734,23/11/2024,processing,538.42
16639,1036,22/01/2025,cancelled,156.79
5798,876,5/08/2024,shipped,381.77
3960,8022,25/06/2025,completed,732.9
12619,912,29/03/2025,cancelled,139.93
12429,2987,22/10/2024,processing,313.12
14464,4446,9/08/2025,processing,817.16
7749,9493,31/08/2025,returned,104.19
3428,2921,28/02/2025,completed,185.03
6115,7643,10/10/2025,completed,370.92
10721,1950,17/04/2024,completed,660.72
8684,1327,25/10/2024,shipped,334.34
3405,8027,14/11/2024,completed,173.97
11391,8876,21/03/2025,processing,1352.63
10834,5948,23/02/2024,completed,785.75
2998,2882,28/05/2024,shipped,36.53
15677,1960,2/09/2025,shipped,585.63
16408,8444,7/02/2024,cancelled,84.32
19181,7143,3/08/2025,shipped,227.23
1623,5584,15/12/2024,cancelled,54.28
17819,2430,26/01/2025,shipped,206.29
13028,6706,26/10/2024,completed,229.32
19328,5121,19/03/2025,completed,32.02
530,2537,20/12/2024,returned,833.56
17045,5443,15/02/2025,shipped,470.89
9722,2711,14/05/2024,cancelled,560.83
13014,8661,6/10/2024,processing,119.92
10152,774,29/06/2025,completed,665.14
5767,2289,7/06/2025,shipped,1260.68
18173,9513,9/05/2024,shipped,67.51
14901,8454,13/04/2025,processing,703.68
17283,2232,22/05/2024,shipped,320.41
2924,8181,19/10/2025,shipped,283.74
9529,936,25/08/2025,shipped,207.95
13482,7962,17/10/2024,completed,716.43
19330,9060,1/06/2025,completed,1300.2
10222,482,15/08/2024,completed,50.88
1844,4992,15/07/2024,cancelled,200.33
15304,6782,2/05/2025,cancelled,1266.25
9120,6806,7/05/2024,returned,1.78
11353,6948,2/04/2024,processing,711.98
17107,6257,27/05/2025,shipped,1214.32
15024,6106,16/07/2024,cancelled,185.52
15221,7770,17/07/2025,shipped,202.84
13255,1177,2/04/2024,returned,86.76
2577,5242,12/02/2025,processing,64.27
13916,4197,23/03/2025,returned,211.73
18774,2032,26/06/2024,shipped,323.23
11033,2235,28/08/2024,cancelled,892.23
14759,8058,21/07/2025,cancelled,112.15
16368,8805,24/08/2025,cancelled,396.25
6842,8963,11/07/2025,shipped,200.32
13137,8561,1/08/2024,shipped,1403.52
3953,2255,11/09/2024,shipped,52.47
18993,7834,27/10/2025,completed,447.84
7348,1285,25/05/2024,cancelled,1013.4
11203,591,25/10/2024,shipped,221.44
7773,1750,24/05/2024,completed,1538.18
5109,4911,10/06/2025,processing,282.64
5537,5156,16/05/2025,processing,190.91
12039,3496,3/09/2024,cancelled,478.39
2323,1177,23/06/2024,shipped,42.04
5075,1515,24/07/2025,shipped,257.3
19848,706,4/03/2024,returned,389.8
15582,6000,15/01/2024,returned,1759.69
14194,3521,6/08/2024,processing,3184.58
15917,1053,10/03/2024,cancelled,119.55
19402,4231,25/10/2024,shipped,64.65
11768,9034,4/07/2024,completed,4.68
972,6291,23/06/2025,processing,769.71
4143,5065,13/10/2024,shipped,1316.47
4763,3828,11/04/2025,shipped,275.41
6778,3932,17/08/2024,processing,28.38
18903,6337,2/10/2025,completed,907.26
14136,9785,20/12/2024,cancelled,627.5
19135,4715,3/06/2024,returned,181.71
11860,3173,8/10/2025,shipped,1514.24
9252,4005,14/07/2024,returned,2048.97
94,8738,2/05/2025,cancelled,14.99
2908,3596,10/01/2025,processing,347.88
14097,1357,4/10/2025,completed,492.29
10080,8789,22/08/2025,processing,459.15
11932,9503,2/03/2025,returned,252.06
13378,2786,1/09/2025,cancelled,1722.89
4151,5863,4/06/2025,processing,410.08
6757,3839,3/05/2025,completed,967.83
19448,2270,16/01/2025,processing,433.16
3997,417,14/07/2025,shipped,25.1
15912,4735,7/01/2025,returned,576.11
651,7971,18/03/2024,cancelled,813.64
4961,5155,4/06/2024,cancelled,318.14
15451,8152,11/04/2025,cancelled,977.2
17923,6525,16/05/2025,returned,1499.44
10400,3650,11/03/2025,returned,35.41
4765,5973,20/09/2024,cancelled,119.02
17827,1433,22/08/2025,cancelled,461.08
19849,9174,2/05/2025,completed,66.97
411,4928,10/10/2025,processing,108.26
17008,7127,5/10/2024,returned,234.24
18178,8164,16/03/2025,cancelled,1299.71
11598,1439,14/11/2025,cancelled,186.05
7402,761,11/09/2024,cancelled,5048.86
4762,9334,8/08/2024,completed,949.98
7740,6523,29/09/2024,cancelled,864.28
4822,7268,6/05/2024,shipped,281.11
461,292,27/09/2024,returned,545.8
2404,6459,8/09/2024,returned,499.2
9555,5018,26/12/2024,returned,466.25
15458,7548,28/04/2024,returned,3295.9
7912,6624,30/08/2025,completed,1278.28
3556,4871,17/07/2024,cancelled,82.68
9535,983,23/08/2024,completed,81.16
8353,1046,1/10/2025,processing,576.97
10792,9731,25/07/2025,cancelled,4270.41
6229,1126,30/10/2025,processing,148.45
3596,2811,6/11/2025,shipped,1105.14
2200,4417,25/06/2025,shipped,434.12
10033,3658,11/09/2024,shipped,77.06
4872,6560,17/10/2025,completed,1426.95
19899,3778,27/04/2024,completed,3596.17
2066,431,23/01/2025,shipped,239.55
13958,4558,28/03/2024,cancelled,65.69
3258,788,12/08/2024,shipped,75
5730,8553,3/02/2025,returned,359.25
19809,665,23/12/2024,shipped,350.7
13956,227,23/09/2025,completed,338.22
2460,5554,4/08/2024,processing,1693.22
10427,8692,9/11/2024,shipped,61.81
3467,5610,9/06/2025,shipped,966.05
10221,656,30/01/2025,shipped,451.77
17297,2672,3/10/2024,shipped,1750.67
19748,180,21/03/2025,completed,43.35
4589,2262,12/01/2024,cancelled,1211.68
6243,8607,20/02/2025,processing,825.74
1518,7484,17/09/2024,completed,2660.31
10031,3515,28/02/2025,returned,837.27
7624,5451,11/07/2025,processing,250.56
16640,2830,13/04/2024,completed,492.64
7684,9871,10/04/2024,returned,324.66
16229,1920,25/01/2025,cancelled,902.45
15941,975,26/02/2024,completed,330.06
2935,5358,15/10/2025,shipped,374.89
15272,2102,4/01/2025,shipped,1702.76
2938,2861,21/03/2025,cancelled,214.38
13724,4799,3/04/2024,cancelled,285.96
440,5805,10/12/2024,processing,314.97
5199,8330,1/10/2024,shipped,1584.58
14518,1230,15/09/2024,completed,490.82
19515,3164,30/01/2025,completed,66.11
3735,1144,26/11/2024,cancelled,908.39
4253,9954,8/06/2024,cancelled,295.27
18512,3089,16/03/2024,processing,231.15
4218,1558,16/09/2024,completed,242.73
9372,4751,17/10/2025,completed,674.12
16961,3871,3/11/2024,shipped,340.12
15281,6913,1/07/2024,completed,603.88
1153,2649,21/10/2024,shipped,122.8
8412,8951,7/06/2024,cancelled,547.82
10424,1753,27/04/2024,returned,5.53
9055,8454,30/07/2024,returned,229.08
505,3344,29/04/2025,shipped,22.62
15078,3289,19/04/2025,completed,36.94
6710,1257,12/04/2024,cancelled,1141.14
3525,7210,25/11/2024,cancelled,10.58
3288,6394,12/03/2024,shipped,34.12
12130,8676,8/05/2025,completed,1209.24
12070,9574,27/09/2024,shipped,567.39
14713,4619,26/06/2024,cancelled,240.53
18081,7507,10/03/2024,completed,183.77
7410,6387,2/09/2025,completed,1395.25
5856,7068,18/03/2025,processing,593.07
7071,3505,31/08/2025,processing,1038.53
12122,4541,27/03/2024,cancelled,658.35
13400,8283,21/03/2025,returned,587.66
7115,6362,31/05/2024,shipped,490.5
17123,9145,5/02/2025,returned,1486.73
15601,1365,1/09/2025,shipped,301.11
3976,2428,7/01/2025,returned,323.06
10260,3879,6/08/2025,processing,360.68
18162,6378,29/07/2024,completed,184.33
19979,4912,17/08/2024,completed,257.13
14856,5650,24/05/2024,cancelled,75.7
2055,146,7/11/2025,shipped,187.74
15842,1397,12/11/2025,completed,447.6
10235,5119,14/05/2025,cancelled,165.4
14131,1241,15/10/2025,processing,1274.68
13077,8166,6/02/2024,processing,225.2
16068,4289,29/04/2025,completed,79.29
19531,2607,19/09/2025,returned,1156
13127,9480,19/12/2024,cancelled,741.28
1889,4156,26/02/2025,shipped,293.38
14743,6556,16/04/2025,shipped,1340.76
11582,9634,2/08/2024,returned,121.55
3763,576,24/06/2025,shipped,339.93
2767,4518,2/05/2025,completed,397
10909,7499,7/11/2024,cancelled,48.34
9668,1872,29/10/2025,shipped,496.78
8854,4147,14/12/2024,completed,64.46
7504,4885,22/07/2024,returned,1534.35
1915,5300,6/07/2024,returned,1096.73
13966,1293,14/02/2025,returned,2573.59
1253,8678,15/08/2025,shipped,656.02
9040,8413,12/06/2024,completed,388
9597,3453,28/08/2025,processing,470.92
6234,9916,30/03/2025,shipped,49.98
13654,7135,23/01/2024,processing,20.06
3026,5230,16/10/2024,returned,1605.41
13984,9846,20/03/2024,processing,353.31
1633,1320,28/05/2024,returned,711.28
8623,7414,19/06/2024,returned,152.88
12622,9448,21/05/2025,processing,70.34
17694,7800,27/07/2025,processing,25.97
8615,103,29/12/2024,shipped,461.85
12918,9552,14/10/2025,completed,31.05
18951,371,6/11/2025,completed,166.64
13192,9840,20/04/2024,returned,1378.97
16541,8988,20/09/2024,shipped,986.82
6405,8715,9/02/2024,cancelled,90.64
11525,2271,27/02/2025,shipped,191.69
2969,1373,30/01/2024,processing,755.62
17708,6171,14/06/2024,processing,119.95
5067,3316,2/08/2024,returned,167.45
7632,9831,11/09/2024,shipped,103.5
2732,9620,5/06/2025,returned,716.72
9217,2214,3/09/2025,shipped,74.37
11611,1703,2/06/2025,completed,1847.15
6340,2090,12/05/2024,processing,1086.86
18758,3730,22/02/2025,processing,238.42
16554,4953,21/03/2024,processing,666.07
701,7554,18/03/2024,shipped,199.98
5592,8727,27/09/2025,returned,259.69
11624,4507,9/04/2025,cancelled,1338.53
10542,9513,4/09/2024,completed,1165.32
3886,3221,5/06/2025,processing,1477.03
12341,8738,2/04/2024,processing,363.9
6149,1593,20/06/2025,shipped,290.88
18330,1434,25/02/2025,completed,179.2
15966,3082,6/11/2024,cancelled,2300.44
1909,8628,11/12/2024,completed,408.06
16615,2685,7/08/2025,completed,90.19
113,1974,30/11/2024,cancelled,71.4
711,7971,1/10/2025,shipped,286.31
10588,3242,3/06/2024,cancelled,74.02
1220,9818,21/08/2025,shipped,810.06
13611,9658,8/05/2025,cancelled,135.88
4453,582,20/10/2024,returned,525.32
16645,5796,14/03/2025,shipped,1156.18
5312,2469,20/08/2024,cancelled,1310.19
5594,6584,27/07/2024,completed,619.72
15130,5391,7/10/2025,completed,140.73
13186,5995,29/06/2025,processing,200.84
14991,1697,19/02/2024,processing,46.64
14380,9349,19/11/2024,returned,134.55
15985,4216,16/02/2024,processing,199.12
5254,1865,29/11/2024,returned,19.62
14757,4566,29/04/2024,completed,163.04
17200,2083,15/06/2025,shipped,1916.68
760,7015,2/01/2024,processing,1326.43
8490,2877,15/02/2024,processing,1177.77
3224,3568,29/04/2024,completed,98.25
12359,8157,15/11/2024,processing,109.7
11679,7982,7/09/2025,returned,28.05
1278,2665,5/05/2025,cancelled,1223.94
12440,2484,14/11/2025,completed,302.05
6501,8033,12/05/2025,shipped,1371.81
9052,5715,26/02/2025,shipped,3035.13
1258,5189,25/01/2024,shipped,269.46
12142,5971,8/05/2025,completed,284.87
19061,1389,13/06/2025,completed,1380.24
15655,3716,5/01/2025,returned,358.92
2139,3826,13/11/2025,cancelled,83.6
1904,3724,17/08/2025,shipped,151.39
34,1759,23/10/2025,completed,366.56
912,1041,10/08/2024,returned,698.45
9547,9825,21/10/2025,processing,92.24
1700,678,12/08/2025,returned,1141.53
13350,8565,9/10/2024,cancelled,469.86
11080,8638,3/09/2025,processing,102.3
6420,2053,9/01/2025,shipped,95.46
7004,5916,13/02/2025,processing,720.28
4366,7368,18/12/2024,cancelled,323.61
12082,6472,13/06/2024,shipped,150.4
10643,7504,29/01/2025,returned,125.84
16779,1498,24/07/2024,shipped,28.18
9226,1679,8/08/2025,processing,776.21
15769,4881,28/09/2025,cancelled,4015.59
381,206,15/09/2024,returned,1440.77
860,1470,11/05/2024,completed,14.09
10187,7663,20/10/2025,returned,181.88
10113,8659,8/08/2025,completed,47.55
4285,6966,28/10/2025,returned,224.84
9912,5881,27/12/2024,cancelled,53.87
17469,1191,26/05/2024,processing,82.4
8174,5152,30/06/2025,returned,837.58
15247,4220,15/03/2024,returned,2218.33
13162,3147,5/02/2024,processing,38.92
6945,5100,26/05/2025,returned,385.39
9925,8431,2/11/2025,completed,17.6
3122,7766,3/12/2024,returned,82.15
19182,5131,12/09/2025,returned,382.3
8440,5585,12/06/2025,processing,152.63
8042,8380,22/05/2024,returned,577.29
8559,4199,16/04/2024,processing,244.18
19807,6007,25/07/2024,processing,15.41
11869,6708,27/09/2024,completed,32.09
9926,9513,5/07/2024,processing,875.51
19602,4736,11/01/2025,processing,19.06
13865,4338,24/06/2025,completed,1154.5
1548,3913,19/02/2025,cancelled,415.34
15644,5944,7/05/2025,processing,63.98
8130,435,28/06/2025,completed,345.18
10795,8553,25/10/2024,completed,541.83
1285,6323,1/02/2025,returned,88.98
17632,108,2/03/2024,cancelled,15.29
19186,8000,4/06/2024,cancelled,221.26
879,5207,28/07/2024,processing,951.69
8932,8091,7/11/2024,processing,1437.3
4468,1605,4/01/2025,shipped,444.67
1887,7596,23/02/2025,completed,74.56
3985,4638,7/10/2024,completed,59.97
7727,8848,28/07/2025,cancelled,26.39
13943,779,23/06/2025,cancelled,1507.4
11581,2130,2/03/2025,cancelled,115.91
5582,4277,26/08/2024,processing,311.11
2073,1090,12/08/2025,completed,510.01
9412,6906,10/01/2024,cancelled,336.36
19133,7312,28/06/2025,processing,1340.33
11457,9786,2/07/2025,returned,140.52
3421,3432,21/10/2025,cancelled,831.94
14711,4130,18/02/2024,completed,356
15417,9670,30/05/2024,shipped,3.56
10103,7742,17/01/2024,shipped,769.71
18244,2417,31/03/2024,cancelled,141.96
11121,2715,4/02/2024,completed,307.44
6635,9516,25/11/2024,cancelled,11.67
19435,1150,19/05/2024,cancelled,366.84
4198,8382,6/01/2025,processing,116.13
14159,8229,15/02/2024,processing,268.64
7350,588,6/02/2025,shipped,604.08
466,1181,16/06/2025,completed,307.18
4545,7841,16/08/2025,returned,236.04
1651,35,5/08/2024,shipped,3787.12
12278,8728,1/08/2025,shipped,1452.31
14485,8086,24/06/2025,returned,150.6
11966,5986,3/01/2024,cancelled,942.85
14926,9236,20/05/2025,cancelled,9.25
3478,5885,28/01/2025,returned,184.4
16966,1753,20/10/2025,shipped,18.65
4679,491,27/11/2024,returned,39.15
661,3449,12/09/2024,processing,208.75
17173,6165,5/09/2025,cancelled,213.42
5817,2558,3/06/2024,returned,703.46
11754,8860,26/05/2024,returned,720.58
6747,3124,9/11/2025,completed,79.36
16926,8550,13/03/2024,completed,382.66
14339,5661,3/07/2024,completed,115.8
19642,5637,12/01/2025,processing,18.4
4289,7745,2/09/2025,processing,56.04
5670,8758,27/03/2025,processing,649.97
18573,2464,25/02/2024,processing,943.7
5487,9095,14/06/2025,returned,259.72
13212,6126,26/07/2025,processing,596.15
15469,9318,18/09/2024,processing,307.9
19543,2566,16/07/2024,shipped,280.76
8927,3339,14/10/2024,shipped,713.89
1690,427,6/02/2025,returned,90.68
7707,2139,15/06/2024,returned,955.5
11453,860,21/01/2024,processing,4636.09
18647,9042,29/07/2024,processing,502.72
4863,3883,14/02/2025,shipped,51.65
8656,6117,5/10/2025,completed,135.69
9017,3729,25/04/2024,returned,248.54
2640,5516,29/04/2024,cancelled,715.38
598,8058,9/12/2024,completed,783.71
4094,877,1/01/2024,completed,790.48
14347,2352,28/06/2024,shipped,566.39
15169,2227,13/04/2025,returned,19.22
1668,1568,14/03/2025,shipped,569.73
11921,4607,11/11/2024,processing,492.86
4615,2340,23/08/2025,cancelled,134.54
8117,6633,16/02/2025,completed,177.95
8416,8345,15/02/2025,completed,683.36
2508,1407,23/02/2025,shipped,177.64
8726,9661,29/09/2025,shipped,154.92
14985,6039,8/02/2025,processing,96.8
16092,8816,17/01/2025,completed,122.71
19820,8874,22/03/2024,returned,359.67
5635,6826,12/06/2024,processing,178.59
17078,9959,19/03/2024,processing,61.59
16084,7762,26/10/2024,returned,386.42
385,3716,17/09/2024,cancelled,369.96
13764,5469,12/09/2025,cancelled,204.78
16097,8545,7/05/2025,returned,914.34
3966,5538,16/05/2025,cancelled,36.08
1568,6769,20/03/2024,shipped,342.07
16043,5597,25/06/2025,completed,474.22
17386,5643,1/06/2024,processing,1.78
8959,3572,31/07/2024,completed,187.65
13285,1714,19/07/2024,returned,305.86
19497,5940,20/03/2024,processing,43.82
4009,7720,5/05/2024,shipped,215.5
2956,1754,12/04/2024,returned,33.72
7733,3506,30/08/2025,cancelled,151.2
10738,5189,22/08/2025,cancelled,171.75
12486,1850,10/06/2024,processing,410.12
3326,3574,18/03/2025,shipped,1543.81
15120,4002,22/09/2024,shipped,3980.02
4450,2249,24/08/2025,cancelled,112.6
16122,2499,1/06/2025,shipped,887.5
5066,4573,30/04/2025,cancelled,1326.68
13591,4985,18/11/2024,processing,2.72
4223,1685,3/02/2024,returned,62.47
3935,8123,14/09/2024,cancelled,508.11
10450,5637,26/06/2025,processing,833.56
1973,9287,11/05/2025,cancelled,1256.26
11605,687,4/12/2024,cancelled,207.15
7421,9200,29/05/2025,processing,79.29
1653,6664,3/06/2024,cancelled,1923.21
17257,6308,8/02/2024,shipped,745.4
2380,9170,7/05/2024,returned,45.55
16025,8388,22/09/2025,shipped,318.23
2293,2190,22/03/2025,returned,54.28
8205,3744,30/07/2025,cancelled,484.22
13595,9543,5/02/2024,cancelled,2301.88
8161,9713,21/05/2025,shipped,119.9
9144,5400,16/01/2024,cancelled,181.14
8769,5704,6/04/2025,shipped,168
18339,4806,5/03/2024,returned,99.26
19891,9735,2/01/2024,completed,649.19
16913,158,18/02/2025,returned,239.55
68,5875,10/02/2024,completed,403.18
7665,1923,13/05/2024,processing,1021.5
3028,6049,10/11/2024,completed,569.65
2280,7815,24/03/2025,cancelled,416.78
13856,7123,20/10/2024,shipped,128.69
9161,9989,23/01/2025,completed,1549.22
14362,2969,3/01/2025,completed,1057.51
2082,7900,10/05/2024,completed,75.81
17797,2318,31/07/2025,cancelled,451.11
5126,2678,25/06/2024,processing,231.59
11973,2634,26/10/2025,processing,284.58
19534,3281,11/04/2025,returned,40.36
2569,102,14/07/2025,completed,256.19
8509,6104,20/09/2025,returned,1012.66
15190,3577,21/09/2025,cancelled,53.23
9467,4296,19/10/2025,processing,521.13
19456,1026,22/03/2024,shipped,51.25
16619,2279,5/01/2025,shipped,291.84
9957,5763,17/10/2024,completed,2358.77
1126,4908,8/05/2025,returned,312.79
11159,3456,9/05/2024,returned,67.86
13371,3514,15/08/2024,shipped,1574.68
6759,8540,2/08/2025,cancelled,247.86
10372,3782,30/04/2025,cancelled,877.05
9413,7129,10/04/2024,completed,290.28
269,7667,27/09/2024,shipped,205.38
11851,255,9/05/2024,cancelled,1124.1
1102,183,5/02/2025,completed,34.44
16035,2997,13/02/2024,shipped,179.46
12367,8192,22/06/2024,cancelled,979.97
15065,6553,20/02/2024,shipped,1063.67
11038,7216,19/04/2025,completed,582.1
117,1913,13/11/2024,returned,22.38
17913,1031,26/03/2025,returned,413.25
1532,818,1/03/2024,cancelled,54.61
1137,3739,1/04/2025,shipped,658.51
10035,725,26/09/2025,completed,401.84
13472,955,17/08/2025,cancelled,318.23
1908,5436,29/02/2024,cancelled,25.57
6652,8582,29/09/2025,cancelled,127.6
10421,1639,3/03/2024,shipped,229.25
11087,4569,13/07/2025,completed,45.66
9456,8236,25/02/2024,completed,944.36
15988,8869,18/05/2024,shipped,449.45
3603,4785,1/03/2024,processing,266.91
8144,5327,5/08/2024,processing,22.53
8721,8365,8/10/2025,completed,90.86
19094,3965,20/06/2024,completed,417.38
2007,8501,1/09/2024,returned,128.86
18571,2555,19/10/2024,returned,2128.79
4659,9214,1/08/2025,returned,100.99
9763,5537,4/02/2025,shipped,617.17
18548,1611,1/08/2024,cancelled,42.5
8382,1332,18/04/2024,completed,288.25
5377,779,11/05/2025,cancelled,132.56
4723,9102,5/03/2025,shipped,29.15
18744,7676,13/07/2024,returned,2022.31
14003,5921,4/07/2025,shipped,74.86
7889,8843,7/05/2025,completed,2608.78
12761,8606,8/05/2025,returned,51.78
18110,824,12/10/2025,completed,37.03
19505,5546,13/03/2025,cancelled,86.34
50,8607,21/09/2024,processing,225.99
18141,7327,26/01/2025,processing,484.22
3392,540,15/11/2024,completed,205.33
11035,4696,11/01/2024,cancelled,203.24
17056,8923,24/01/2025,completed,1276.34
7075,2769,31/12/2024,cancelled,625
2957,1840,3/02/2025,returned,83.34
14521,4764,9/07/2024,processing,1687.16
8061,1522,21/06/2024,returned,33.16
6336,1784,24/10/2025,shipped,13.04
10626,567,2/05/2024,returned,5785.1
13334,9782,3/07/2025,cancelled,18.2
6647,1483,18/08/2024,processing,183.59
3740,6845,2/09/2025,shipped,253.39
17048,6,4/05/2025,processing,700.35
16305,5599,6/05/2024,shipped,492.48
10278,8640,3/02/2025,returned,1082.45
11261,8557,26/07/2025,shipped,535.19
1756,8291,23/10/2024,returned,139.45
18558,2080,13/07/2025,returned,2002.68
9513,6771,15/03/2025,shipped,373.48
115,7745,28/11/2024,cancelled,183.95
7674,6533,21/05/2024,cancelled,22.11
8167,3556,14/11/2024,completed,18.38
4367,7263,1/11/2025,cancelled,683.34
15799,8672,7/04/2025,cancelled,674.7
10085,2875,11/04/2024,returned,117.69
12490,8000,18/06/2024,shipped,351.48
2977,8345,27/06/2025,completed,273
5371,829,19/02/2025,completed,2191.79
15802,5792,10/10/2024,cancelled,563.88
10441,3853,17/05/2024,cancelled,427.51
19827,7856,14/07/2024,processing,1650.85
2357,9254,24/09/2024,processing,252.85
5745,6321,17/04/2025,shipped,88.58
7534,1787,22/02/2025,returned,46.77
1474,9005,24/04/2024,cancelled,429.01
5347,7562,4/02/2025,shipped,315.02
12332,8491,2/08/2025,shipped,584.28
13508,8163,16/05/2024,completed,137.64
8788,886,26/01/2024,returned,2266.99
15928,3766,10/10/2025,cancelled,441.23
1281,2441,5/06/2025,returned,3703.81
6958,7387,14/10/2024,returned,297.27
12606,4325,8/04/2025,cancelled,434.9
11344,4252,23/07/2025,processing,653.49
8402,2153,4/01/2024,shipped,101.97
1694,2496,16/10/2024,cancelled,375.24
18680,5394,4/02/2024,cancelled,244.16
17188,6642,12/04/2025,returned,693.69
10266,1151,15/09/2025,cancelled,493.7
18276,2094,4/03/2025,cancelled,1094.9
8985,6326,24/06/2025,cancelled,451.45
12340,5707,25/01/2024,shipped,124.2
7056,4096,31/07/2024,cancelled,200.74
9084,3839,10/07/2025,completed,294.72
10529,1409,20/08/2024,processing,224.43
8019,6845,16/05/2025,completed,895.6
4956,7970,26/06/2024,processing,44.57
19109,3949,24/06/2025,returned,151.26
13802,2384,17/04/2025,processing,297.78
17400,5217,11/05/2024,processing,1248.21
5495,9690,27/10/2024,cancelled,31.17
18897,8519,20/06/2025,shipped,39.15
6911,8743,19/04/2025,shipped,6.08
642,8724,27/04/2025,returned,316.38
7613,9221,4/06/2024,shipped,55.42
8908,2266,2/11/2024,processing,151.81
13394,7544,2/02/2025,completed,436.74
10990,4431,15/05/2024,shipped,6.9
1993,8163,7/08/2024,processing,64.52
18257,464,21/07/2024,processing,157.02
9500,6705,1/11/2025,cancelled,165.59
798,6985,30/09/2024,completed,557.49
8444,6072,12/10/2024,completed,678.36
9539,2136,27/01/2024,processing,145.2
17653,154,18/08/2025,completed,1203.06
13389,8825,4/01/2025,completed,28.41
19333,747,9/06/2024,completed,18.31
3477,3707,22/09/2024,processing,359.27
12840,7555,28/07/2024,processing,541.41
1658,2128,3/10/2025,shipped,302.37
12147,3999,22/03/2025,completed,774.46
629,2175,12/08/2025,returned,278.38
15331,4778,12/04/2025,completed,587.93
10684,2209,22/01/2024,completed,349.88
17210,7440,15/12/2024,completed,75.1
14442,8914,30/08/2025,cancelled,1735.88
19941,3149,25/10/2025,shipped,281.39
2213,869,3/01/2024,completed,1002.12
6206,4923,20/07/2024,completed,795.86
19266,4480,24/07/2024,returned,953.03
8657,2371,7/10/2024,processing,319.76
1112,2603,2/03/2024,shipped,159.88
18565,5088,1/09/2025,shipped,280.51
1547,484,20/07/2024,cancelled,34.96
1628,222,11/06/2025,returned,237.62
1821,4916,11/11/2024,returned,66.1
14874,6888,6/07/2024,cancelled,3022.22
14729,9869,23/09/2025,shipped,945.85
18109,4017,1/02/2025,shipped,776.47
2160,2742,28/08/2024,returned,187.33
19945,3458,6/11/2025,completed,22.55
19206,518,14/03/2025,shipped,828.09
4003,8257,24/06/2024,completed,241.5
7679,5066,27/09/2025,completed,46.36
13886,2983,18/10/2025,returned,1567.1
244,9876,26/02/2025,processing,183.45
18615,7716,31/07/2025,processing,62.58
7989,4085,25/06/2024,returned,178.96
15531,9050,8/10/2025,cancelled,1118.79
12450,3749,18/03/2024,shipped,1094.25
18267,8495,29/08/2024,cancelled,1256.44
3622,4550,25/09/2024,returned,206.04
1363,3778,10/05/2025,cancelled,296.99
9006,3113,9/04/2025,cancelled,1706.17
13631,5210,18/10/2025,processing,1373.18
10273,5455,5/03/2024,processing,24.61
6400,6672,5/01/2024,returned,326.38
4689,5194,4/05/2025,cancelled,735.24
10806,6733,8/10/2024,processing,460.74
14274,1939,5/08/2024,completed,142.33
910,1660,21/04/2025,returned,1533.3
15320,2298,31/12/2024,returned,12.81
17580,7592,3/08/2024,processing,826.18
14172,2198,16/02/2024,processing,377.99
12650,4594,25/09/2024,processing,462.35
12682,2465,17/03/2025,shipped,151.5
8274,8162,20/02/2025,cancelled,515.65
216,8467,23/03/2024,processing,195.45
7125,3114,12/06/2025,processing,120.35
11368,452,16/10/2025,cancelled,2445.04
16283,4120,13/08/2025,returned,519.44
18061,1351,27/10/2025,completed,1528.09
19902,5187,6/11/2025,completed,952.04
18249,8328,4/07/2025,processing,478.87
2485,3679,2/03/2024,shipped,1304.52
8415,6928,10/07/2025,shipped,1153.44
1860,416,16/03/2024,completed,258.37
17517,5277,13/06/2025,completed,361.8
1717,2575,8/01/2025,shipped,231.83
6782,6060,12/08/2025,completed,224.44
17193,8445,18/05/2024,processing,903.31
5986,7576,20/02/2025,cancelled,3.33
967,1488,9/04/2024,shipped,486.86
8917,3400,30/04/2025,completed,250
5414,4657,24/09/2024,returned,52.78
13399,2251,3/10/2025,returned,134.95
14273,6817,20/09/2025,shipped,238.04
10134,3862,20/02/2025,returned,315.86
19296,2356,27/05/2024,shipped,141.8
10185,7020,6/11/2024,returned,763.27
631,8628,28/09/2024,shipped,20.54
13305,1295,29/09/2024,returned,162.5
4387,7045,13/10/2025,processing,73.01
3105,358,28/06/2024,shipped,165.32
2449,8197,2/11/2025,completed,215.6
3458,3214,26/06/2025,cancelled,245.04
3892,4866,7/09/2025,cancelled,1196.28
15899,8376,4/05/2024,completed,1385.18
4803,1133,16/07/2024,returned,2142.91
9928,3498,5/01/2024,cancelled,17.57
16094,5686,29/06/2025,cancelled,66.7
6335,9266,22/10/2025,returned,63.33
18408,2665,21/02/2024,returned,3.69
6557,8534,12/06/2025,shipped,97.59
19830,2158,3/11/2024,returned,199.12
17739,2599,27/01/2024,cancelled,87.26
3968,6846,13/08/2025,cancelled,386.55
14260,5937,29/04/2024,completed,332.78
7490,1199,4/07/2025,returned,974.51
13122,8711,10/09/2025,cancelled,492.41
9833,844,7/05/2025,completed,2951.22
11948,4424,25/07/2024,shipped,454.3
16564,8358,6/07/2024,shipped,769.56
16523,1925,21/03/2024,completed,408.17
17005,4980,28/05/2024,cancelled,47.24
11048,3400,1/07/2024,processing,1091.95
2008,4084,15/02/2025,completed,943.26
819,6319,14/03/2025,completed,342.78
4447,5288,21/02/2024,completed,108.44
16334,282,9/02/2025,shipped,135.35
11511,143,8/03/2025,shipped,218.7
17999,5452,7/08/2024,returned,1032.31
3177,9732,23/01/2025,completed,144.11
16106,2090,23/01/2024,completed,970.1
10960,5813,19/04/2025,cancelled,16.79
14449,2483,29/05/2024,cancelled,180.9
14889,4410,19/05/2025,cancelled,115.73
15562,3630,21/10/2024,cancelled,17.94
8230,4516,2/02/2024,shipped,1973.04
12360,3016,14/11/2024,cancelled,113.47
1925,3418,25/03/2025,processing,272.31
9165,2157,24/08/2024,completed,35.82
10835,3734,1/10/2025,completed,165.59
16627,5093,14/03/2024,returned,394.22
10099,3656,9/01/2024,shipped,1483.46
13262,8532,17/06/2024,completed,696.91
19249,758,24/07/2024,shipped,3688.78
9099,4906,15/07/2025,shipped,203.57
9121,8609,4/05/2025,returned,409.09
10123,8691,19/09/2025,returned,516.91
18664,368,13/09/2025,shipped,77.94
3466,7530,29/12/2024,processing,864.19
12507,9880,1/08/2024,shipped,265.95
1367,8259,20/10/2024,cancelled,1468.38
8113,3702,1/05/2025,processing,276.88
16306,2778,30/08/2024,processing,12.81
11215,3051,20/09/2025,completed,1348.97
5077,4459,6/03/2024,returned,4441.96
11118,7975,12/09/2024,cancelled,397.1
16066,4373,24/12/2024,processing,129.02
12741,698,4/11/2024,shipped,918.99
15088,2123,6/09/2024,completed,564.88
7454,2520,25/02/2024,cancelled,1254.74
8339,5248,24/03/2025,completed,503.48
9517,6456,25/06/2025,processing,190.04
2078,7405,16/07/2025,shipped,628.41
6124,348,3/05/2025,cancelled,2012.94
7301,3076,31/05/2025,cancelled,68.43
13891,9712,18/08/2024,completed,51.18
13452,38,7/03/2025,returned,143.52
15992,2270,7/05/2025,cancelled,476.36
18410,1712,12/03/2025,shipped,808.67
7743,8851,13/02/2025,returned,641.79
15105,8835,21/07/2024,returned,10.78
9684,841,13/10/2025,processing,368.45
6917,2356,19/05/2024,shipped,486.23
8518,2836,26/08/2024,shipped,707.67
8944,2540,11/09/2025,returned,292.45
427,7675,31/12/2024,completed,146.97
9369,8573,25/05/2025,completed,302.87
13187,5375,12/09/2024,shipped,531.53
16755,3461,11/01/2025,shipped,332.35
9112,8425,14/08/2025,cancelled,1418.95
242,2722,20/04/2024,completed,446.69
6902,4309,9/10/2024,completed,871.03
19855,4284,29/10/2025,completed,580.6
16853,6427,5/04/2025,cancelled,718.89
15808,3613,14/12/2024,processing,200.56
18352,4687,25/04/2025,cancelled,108.89
13831,20,27/04/2025,shipped,163.11
16510,264,6/10/2024,completed,357.92
3454,70,29/11/2024,cancelled,908.15
5834,8612,9/02/2024,returned,927.79
8574,7103,8/11/2025,cancelled,121.56
9443,7683,17/05/2025,cancelled,70.68
5655,6672,16/06/2025,cancelled,336.06
9973,4880,5/06/2025,completed,404.55
7763,1711,11/07/2025,returned,143.9
15779,8444,5/09/2024,processing,215.56
18291,7195,1/04/2024,returned,9.31
1247,1287,22/10/2025,shipped,339.71
8651,5513,14/11/2025,returned,1388.64
6077,780,25/07/2024,returned,508.72
13391,810,30/08/2024,returned,2124.65
19907,8582,22/07/2024,cancelled,456.71
9096,2607,7/09/2024,processing,372.81
3044,1239,15/09/2024,processing,336.84
3039,204,21/06/2024,processing,617.79
2927,8858,30/04/2025,returned,383.78
10346,3944,5/08/2024,processing,1580.08
6888,3421,22/04/2025,returned,112.28
6057,8714,16/08/2025,completed,526.84
10174,8261,16/02/2024,returned,1755.68
1293,3205,3/03/2025,shipped,631.41
12541,5093,4/07/2025,shipped,20.18
13038,4961,13/10/2024,completed,97.72
4051,8773,26/12/2024,cancelled,834.66
19854,9218,19/08/2024,cancelled,3352.7
2733,3310,13/11/2025,completed,67.52
10368,6744,24/10/2025,cancelled,382.78
19486,6971,13/07/2024,processing,256.08
5096,1769,23/02/2024,returned,2033.38
12242,1189,4/11/2024,cancelled,220.65
2950,4520,22/11/2024,processing,132.32
7946,7292,8/10/2025,processing,948.57
14210,6038,26/01/2025,shipped,19.09
14707,1081,28/07/2025,shipped,29.1
14786,7220,13/08/2024,processing,864.3
6034,1066,30/07/2024,cancelled,118.97
18387,8197,11/02/2024,completed,938.11
13106,8696,5/12/2024,returned,327.86
4749,7396,15/01/2025,shipped,366.03
18621,8229,1/01/2024,processing,100.59
8344,9509,12/01/2025,returned,140.04
13095,2809,10/08/2025,cancelled,420.32
15548,4900,23/05/2025,cancelled,215.56
6062,916,11/09/2024,completed,418.78
1352,8593,12/09/2024,cancelled,96.48
8843,7417,26/10/2024,completed,121.89
6048,7517,28/08/2025,processing,572.36
10307,3615,26/04/2025,processing,2018.66
10406,9489,8/09/2025,processing,177.29
19871,7661,14/06/2024,cancelled,191.79
12921,7766,21/07/2025,completed,243.43
17890,77,28/11/2024,processing,181.23
8678,618,26/06/2025,returned,127.58
5910,6456,18/10/2024,processing,2594.1
7262,93,7/07/2024,shipped,106.44
18179,1021,18/09/2024,returned,163.93
6185,618,30/08/2024,cancelled,33.16
15697,3877,15/05/2025,completed,581.53
8715,1938,14/05/2025,returned,659.13
12096,9961,7/01/2024,cancelled,1827.22
15637,2039,21/06/2024,cancelled,193.89
3491,7026,26/04/2024,returned,134.1
15706,5297,5/06/2024,cancelled,209.17
15203,1056,27/03/2024,shipped,41.51
4555,5025,27/01/2025,cancelled,1274.74
15371,6630,8/08/2024,returned,49.84
17419,9589,20/06/2024,shipped,25.95
3572,7099,25/05/2025,completed,468.57
8671,4913,6/04/2024,returned,197.76
11549,4188,15/08/2025,processing,120.33
19325,6936,27/11/2024,completed,251.75
1590,9117,8/06/2025,shipped,587.73
1846,5323,12/10/2025,cancelled,83.17
14618,3191,27/04/2024,cancelled,370.36
19956,310,22/04/2024,shipped,206.54
14854,4318,1/08/2024,processing,952.57
19262,2807,23/08/2024,returned,447.76
623,6723,30/03/2025,returned,1892.21
12920,2045,7/09/2025,shipped,402.94
2373,9241,21/09/2025,returned,850.18
4661,3066,26/05/2024,cancelled,297.47
10663,9636,15/06/2025,cancelled,768.8
12723,5819,17/10/2025,processing,66.48
16037,9152,25/07/2024,completed,61.21
13422,3349,18/09/2024,cancelled,292.34
7721,6686,29/11/2024,shipped,9.27
10850,9043,24/06/2025,returned,7.41
3231,6719,7/05/2024,processing,1262.82
13330,6763,13/01/2025,processing,253.6
1504,264,14/02/2024,shipped,119.52
12347,1293,13/07/2024,completed,1893.44
17849,2835,21/09/2025,cancelled,134.5
1731,362,9/11/2025,processing,63.96
16753,2657,15/03/2024,completed,1409.44
369,3898,28/09/2025,returned,338.49
1539,389,29/07/2024,returned,71.52
14524,79,26/09/2025,shipped,68.64
18002,7737,6/09/2025,returned,2838.38
18187,907,3/01/2025,cancelled,519.38
11790,8238,28/01/2024,cancelled,438.1
9807,5537,25/07/2025,shipped,90.56
16079,6113,11/05/2025,returned,1395.25
167,8017,26/11/2024,cancelled,96.97
3037,2067,21/06/2025,shipped,81.07
8890,5995,19/03/2024,cancelled,1689.54
7036,4327,9/08/2025,returned,58.73
5711,9941,23/04/2024,completed,67.08
11551,2601,11/09/2025,returned,76.06
8744,7601,13/11/2025,shipped,1081.09
11066,2098,13/02/2025,shipped,682.02
17892,7276,2/05/2024,returned,174.96
9711,4055,26/08/2024,processing,176.2
6133,1966,30/11/2024,shipped,59.65
8703,5368,10/08/2024,processing,662.22
15881,7953,29/07/2025,shipped,324.98
835,5191,24/04/2024,cancelled,536.33
11630,6045,29/09/2024,processing,23.42
11956,8452,19/06/2025,shipped,243.03
19287,734,18/12/2024,cancelled,5.2
12210,7625,10/10/2024,processing,1266.66
11482,8917,31/07/2025,completed,246.85
12451,9660,13/12/2024,completed,914.46
14116,7162,27/07/2025,returned,122.13
13197,8648,28/01/2025,returned,79.36
622,309,3/09/2025,processing,92.99
9730,8181,6/01/2025,processing,310.05
16120,9055,9/02/2024,completed,379.76
16001,325,16/02/2024,processing,811.5
18812,7618,28/05/2025,completed,128.53
12024,975,23/02/2024,returned,451.74
17158,6648,18/06/2024,cancelled,203.89
2044,1291,16/05/2024,shipped,295.84
10844,7115,15/04/2024,returned,768.14
5399,1408,26/03/2025,completed,1376.79
6273,4972,14/01/2024,cancelled,520.75
6523,9512,14/09/2024,completed,25.57
17556,1508,29/03/2025,returned,581.47
16246,3919,29/08/2024,completed,1443.31
19275,7547,16/06/2024,returned,158.04
17167,6425,22/05/2025,processing,30.12
7514,5978,18/04/2025,completed,124.1
15972,7278,13/07/2024,cancelled,180.71
5206,6556,12/03/2024,shipped,357.42
15311,8146,31/01/2025,returned,815.65
15405,2385,17/04/2024,returned,986.3
2675,4254,22/01/2024,shipped,720.58
15432,8746,30/09/2024,returned,616.17
4544,2890,26/02/2024,cancelled,472.13
15777,21,5/06/2025,cancelled,236.67
10304,7633,7/12/2024,shipped,179.11
14516,4653,1/12/2024,shipped,1.78
16382,4195,16/05/2025,shipped,1368.32
4273,8295,8/08/2024,returned,136.55
19554,1178,25/07/2024,returned,59.13
7710,705,3/04/2025,completed,128.28
7153,5366,8/10/2024,cancelled,61.49
5569,1091,10/04/2024,processing,16.71
8053,99,27/07/2024,completed,22.25
5686,1209,4/09/2024,returned,13.72
12250,2512,21/02/2024,returned,1075.79
5314,9150,13/11/2025,cancelled,183.87
9206,867,24/11/2024,processing,104.6
12279,6241,10/04/2024,returned,759.21
9168,1599,20/02/2024,completed,237.03
1560,4292,11/02/2025,returned,1005.78
11254,2202,1/08/2024,completed,349.69
11928,5386,14/09/2025,completed,103.4
16274,3820,29/04/2025,completed,162.78
9686,3018,4/03/2025,completed,467.62
12762,3810,23/01/2025,shipped,685.59
19132,5330,31/08/2025,completed,2464.11
16107,4804,18/03/2025,returned,879.97
591,7587,13/05/2025,completed,3154.41
14915,2919,21/07/2024,cancelled,637.13
19868,1489,20/07/2025,returned,1340.96
17802,9678,5/07/2024,cancelled,2873.71
18280,4511,12/03/2025,shipped,317.3
9968,6793,9/04/2024,returned,286.31
19590,8143,22/01/2024,cancelled,159.14
7401,6850,1/03/2025,processing,87.28
3149,2092,4/10/2024,returned,941.14
14662,3565,22/09/2025,processing,43.4
1234,7512,12/08/2024,shipped,63.71
2116,499,13/05/2025,shipped,671.63
5446,2661,4/02/2025,completed,159.83
3353,1800,11/03/2025,returned,1436.38
7162,1340,13/04/2024,cancelled,253.32
4096,8066,4/09/2025,completed,447.84
3051,2757,4/07/2024,processing,331.98
19300,5441,30/06/2024,processing,543.44
10669,5615,18/09/2024,shipped,19.22
2981,9663,10/01/2025,returned,118.17
3175,830,5/01/2025,cancelled,79.55
8493,5206,24/03/2024,processing,310.52
13716,5096,27/03/2024,cancelled,1579.78
14289,9616,25/08/2025,cancelled,682.83
14862,7656,18/06/2024,completed,56.79
5472,9313,27/12/2024,cancelled,129.49
10916,458,13/03/2024,cancelled,324.57
7020,6518,27/02/2024,completed,167.9
4359,1981,29/01/2025,returned,168.09
14954,5536,11/03/2025,completed,2132.3
3861,7368,6/06/2024,processing,35.75
3229,815,27/03/2025,shipped,680.88
8654,8768,4/09/2025,completed,24.99
18103,46,22/01/2025,completed,104.02
12404,4567,1/05/2025,shipped,3371.57
327,6341,4/10/2024,cancelled,113.45
8026,5790,25/10/2025,returned,728.78
5081,8917,29/01/2024,processing,3441.37
7641,6603,31/01/2025,shipped,481.11
14994,4203,26/06/2025,shipped,981.03
17686,754,6/01/2025,shipped,497.05
698,7854,27/03/2024,shipped,644.03
15406,6660,3/03/2024,completed,628.13
10226,179,16/12/2024,completed,279.52
1188,2928,22/05/2024,returned,189.79
6712,4719,7/03/2025,shipped,100.06
17550,780,21/06/2025,returned,167.05
1685,9862,23/03/2024,processing,112.7
17639,7762,20/05/2025,shipped,302.82
16951,5126,4/01/2025,cancelled,1656.18
14324,8460,23/03/2024,processing,1340.76
1270,9780,6/08/2025,cancelled,305.26
481,5427,21/12/2024,returned,139.45
11995,3019,8/11/2025,cancelled,607.2
7364,8821,24/09/2025,shipped,106.39
13818,6575,13/01/2025,cancelled,255.93
7947,7305,25/02/2025,completed,204.66
230,3349,17/06/2024,shipped,73.31
8218,4416,2/06/2025,shipped,879.02
19646,1687,27/07/2025,completed,3418.84
11136,6501,14/08/2025,returned,85.46
7265,9179,24/08/2024,processing,235.02
6505,6050,6/02/2025,processing,363.89
14233,2885,17/10/2025,completed,327.03
1147,1354,1/02/2025,cancelled,54.91
8114,9892,9/09/2025,cancelled,1300.17
12092,9866,6/03/2025,shipped,223.28
6607,5925,24/01/2025,returned,2080.4
13655,4714,5/07/2025,completed,300.03
13251,5417,10/05/2025,processing,759.01
9637,974,25/10/2024,shipped,193.92
18598,2421,11/06/2024,returned,442.31
16426,9548,24/10/2025,shipped,12.47
14773,7743,17/05/2025,shipped,691.97
11826,9635,24/08/2024,completed,637.27
6253,9757,13/01/2024,cancelled,57.18
16633,6935,1/09/2025,processing,2113.82
173,3834,30/11/2024,returned,906.18
15508,9746,13/10/2024,cancelled,93.5
675,323,14/01/2025,shipped,3007.35
2788,3320,31/03/2025,shipped,180.3
8198,435,1/10/2024,processing,76.18
12098,6467,16/11/2024,returned,166.04
19878,7247,23/04/2025,cancelled,868.44
18827,6068,6/07/2024,cancelled,101.93
18194,1423,13/10/2025,completed,405.41
11128,9950,22/01/2024,processing,22.15
12320,6790,13/10/2025,shipped,69.85
3329,573,29/05/2024,shipped,444.8
18125,9550,19/03/2024,processing,168
12975,2152,18/06/2025,completed,52.66
1431,2796,11/10/2024,processing,61.6
2045,4367,12/03/2025,processing,791.44
8871,6630,9/05/2025,cancelled,25.95
17467,2040,17/05/2025,completed,142.05
3079,7386,12/08/2025,shipped,964.82
8659,9754,28/05/2024,cancelled,1830.96
9629,696,18/11/2024,shipped,96.75
17408,8085,21/08/2024,shipped,242.03
9215,6946,7/03/2024,completed,196.32
8003,3265,27/05/2024,returned,501.91
11756,5625,31/07/2025,returned,1816.28
13643,9752,18/09/2024,processing,953.29
13177,989,19/04/2024,shipped,15.21
4817,5602,2/09/2025,cancelled,724.35
1765,973,6/04/2025,returned,195.3
2313,8752,5/04/2025,completed,1008.67
4534,9326,26/04/2024,shipped,498.91
2625,182,7/09/2025,cancelled,45.43
4986,7963,23/04/2025,returned,126.7
9229,527,25/02/2025,processing,1169.58
7607,641,18/06/2024,shipped,58.5
3706,6108,22/03/2024,completed,137.1
9235,2218,10/04/2025,cancelled,555
4375,3890,10/11/2024,shipped,15.21
1714,1192,6/11/2025,completed,1212.47
14883,7313,2/03/2024,cancelled,69.34
11272,7044,12/08/2025,shipped,2079.21
7263,9591,2/10/2024,shipped,93.14
3902,627,5/12/2024,cancelled,189.18
3250,650,11/03/2024,completed,519.22
12834,1613,14/11/2025,processing,952.72
2813,6750,5/06/2024,cancelled,19.35
14616,3351,18/05/2025,processing,74.49
17417,8200,22/12/2024,cancelled,368.82
884,8879,25/07/2024,returned,686.68
14944,6215,16/05/2024,completed,2427.45
18648,1492,16/07/2024,returned,315.34
16099,1040,27/11/2024,processing,38.39
8860,2620,8/03/2024,returned,92.24
10715,4827,19/04/2024,processing,2831.36
3569,3877,17/12/2024,shipped,44.73
13132,8093,13/04/2024,returned,140.3
18198,6921,2/07/2025,processing,302.87
524,2490,5/06/2024,shipped,623.56
12382,2643,4/03/2025,returned,202.72
4369,6128,23/10/2025,processing,5.54
4511,7436,27/06/2024,completed,546.48
14972,7815,6/04/2025,completed,1031.37
6952,8359,22/10/2024,cancelled,130.23
14896,796,24/07/2025,completed,87.48
14082,8048,15/07/2024,cancelled,126.93
17779,959,30/12/2024,cancelled,22.36
1971,4581,6/03/2024,completed,374.97
10949,2884,13/08/2025,cancelled,160.18
19496,5162,2/09/2025,cancelled,312.58
13693,6444,19/04/2025,processing,82.8
2407,4298,11/09/2025,completed,444.65
14760,9952,30/01/2024,completed,1413.17
310,3419,24/07/2024,returned,242.47
8849,7117,20/11/2024,cancelled,1977.67
17700,4192,19/06/2024,returned,492.07
19242,5310,9/12/2024,cancelled,88.68
17789,2244,4/04/2025,returned,231.15
2344,6002,19/04/2024,completed,215.53
7344,1531,13/09/2025,completed,511.88
9692,9298,30/05/2025,completed,687.93
1601,3110,2/12/2024,processing,53.75
11380,1144,19/04/2025,completed,1827.88
12046,9737,28/07/2025,cancelled,21.56
19527,3677,21/06/2025,shipped,1524.68
14706,413,20/05/2025,returned,388.76
15347,8184,28/03/2025,cancelled,292.18
12076,9553,14/09/2024,returned,38.43
19805,2118,4/11/2025,processing,657.72
3228,2545,12/08/2024,cancelled,302.45
4602,2034,14/02/2025,shipped,276.42
12524,7720,11/12/2024,shipped,258.34
3719,2216,27/01/2025,returned,1197.26
10369,6051,26/10/2024,processing,2051.98
479,4486,1/03/2025,cancelled,953.03
13008,6710,14/08/2025,completed,25.99
19996,1139,15/06/2024,completed,268.12
447,7100,29/04/2025,cancelled,179.27
6844,2159,10/08/2024,returned,535.69
18577,8638,1/04/2025,cancelled,138.89
19464,4626,1/05/2025,returned,64.68
3497,8957,10/07/2025,returned,234.99
2181,5321,21/09/2024,processing,485.36
6495,2080,28/08/2024,completed,781.13
3732,9573,20/02/2025,returned,1460.92
7987,7761,11/03/2024,completed,320.65
15286,6377,17/10/2025,completed,900.72
4165,3576,21/10/2024,completed,59.91
3071,4892,10/04/2025,cancelled,133.58
9931,4438,16/02/2024,returned,157.79
11855,1700,19/09/2025,cancelled,237.02
13974,1329,17/04/2025,shipped,918.2
3208,3220,22/06/2025,shipped,431
9025,9674,7/02/2025,returned,1089.48
3156,1131,6/12/2024,cancelled,737.27
3144,5446,21/01/2024,cancelled,391.77
13178,1353,21/01/2024,completed,26.08
8595,4644,27/07/2024,processing,375.18
8699,1042,27/03/2025,returned,590.06
18379,5853,29/09/2024,returned,177.47
1742,8088,6/01/2025,completed,1306.87
18253,1492,5/01/2024,completed,146.4
11271,9316,29/12/2024,cancelled,110.88
15541,1044,29/08/2024,processing,1241.42
6657,5096,17/06/2024,shipped,193.47
1273,7779,23/02/2025,returned,278.97
15649,2863,2/04/2025,shipped,376.23
11362,4037,6/01/2025,completed,890.67
1436,810,18/07/2025,returned,90.44
1235,2461,7/11/2024,shipped,287.94
19853,8644,14/12/2024,completed,317.34
19314,3094,23/08/2025,completed,643.14
3754,1032,18/02/2025,completed,1527.97
14027,4825,13/09/2025,completed,32.69
2411,9375,17/03/2025,returned,594.19
14812,9685,23/05/2024,returned,114.4
2542,180,21/09/2024,cancelled,1137.23
3107,1279,16/06/2025,returned,90.82
10587,7776,21/07/2025,processing,253.37
7602,681,22/10/2025,shipped,752.88
420,9528,2/05/2024,cancelled,260.59
1975,9026,28/12/2024,cancelled,149.55
14846,8359,9/04/2024,cancelled,337.06
1669,7586,28/02/2024,completed,95.98
5021,7133,2/09/2025,processing,564.15
10366,9266,5/02/2024,processing,191.96
12566,6716,5/02/2025,completed,99.35
1881,1028,2/08/2025,returned,1287.6
2533,1388,26/11/2024,shipped,169.78
6068,2529,16/03/2024,shipped,336.5
10002,4612,11/07/2024,completed,777.87
8207,4157,10/05/2024,completed,228.58
8858,2578,19/09/2025,completed,402.31
4836,2071,2/12/2024,cancelled,815.77
10477,3831,16/01/2025,shipped,101.71
13734,6959,3/08/2024,shipped,140.31
18554,702,25/10/2024,cancelled,2238.89
8254,5863,24/12/2024,shipped,174.07
12375,4112,21/11/2024,shipped,1153.85
17085,5711,1/08/2025,completed,333.32
19157,5491,3/05/2025,shipped,194.32
17382,2327,7/08/2025,cancelled,669.69
5829,8531,22/05/2025,completed,290.28
5410,6848,9/01/2024,cancelled,1367.94
7008,2383,26/01/2024,completed,41.54
2391,941,6/01/2025,completed,2520.03
5554,1136,28/06/2024,returned,257.22
4277,3177,4/09/2025,completed,165.03
4952,2649,6/11/2024,processing,167.31
7881,4265,28/02/2025,cancelled,183.58
7,6985,1/05/2024,returned,769.71
19745,6978,23/11/2024,cancelled,507.54
2852,2772,3/08/2025,processing,508.49
2048,6857,18/09/2024,shipped,610.48
14256,631,14/08/2025,completed,591.19
13556,2038,13/02/2024,processing,236.97
8093,9220,10/03/2024,cancelled,3127.96
2568,6876,8/06/2025,returned,954.9
9406,3179,9/07/2024,cancelled,1139.86
4141,8768,16/08/2024,processing,15.85
7223,1896,21/06/2025,shipped,12.46
17943,4151,15/06/2025,completed,1402.36
9082,6748,20/02/2024,processing,518.53
2178,2166,26/06/2024,cancelled,54.45
5352,5952,6/11/2025,returned,114.03
1349,7399,18/09/2024,shipped,955.89
1208,753,8/07/2024,completed,98.81
15796,192,28/10/2025,completed,422.57
16234,8038,11/08/2025,processing,29.92
3220,4072,15/05/2024,shipped,1016.69
1923,982,5/10/2024,returned,2335.43
8830,2641,7/02/2025,returned,98.15
1987,1087,12/07/2025,returned,408.2
12444,3581,12/05/2025,returned,1567.63
12743,9476,23/03/2025,completed,180.6
14732,3142,29/07/2025,completed,445.27
14044,1989,16/05/2025,returned,1429.89
15591,8480,6/12/2024,completed,1401.7
17209,1281,17/08/2025,returned,477.16
14072,5151,13/09/2025,cancelled,469.32
2432,273,5/05/2025,processing,634.73
13012,222,1/03/2024,shipped,172.82
2605,4199,1/04/2025,returned,299.27
7239,6451,15/04/2024,processing,19.96
7371,8035,3/08/2024,completed,306.78
18014,532,19/06/2024,returned,2815.48
13912,8604,28/06/2025,processing,423.76
9933,1129,2/02/2024,cancelled,507.58
9812,72,16/12/2024,processing,247.88
14684,2331,4/08/2024,completed,731.91
4757,4421,6/09/2025,cancelled,507.24
2580,6173,3/07/2025,processing,159.78
8852,4881,30/12/2024,processing,144.71
11893,5851,3/03/2024,shipped,301.02
7663,5868,26/06/2024,completed,2329.19
9241,8245,26/11/2024,cancelled,130.62
13426,6790,7/09/2025,cancelled,400.81
17585,4964,31/10/2025,cancelled,24.1
9214,6353,23/11/2024,shipped,90.02
19786,5426,10/02/2024,shipped,548.64
9200,2925,31/05/2025,completed,521.19
6422,8113,26/05/2025,returned,20.14
14218,4620,28/12/2024,shipped,3.96
13761,7642,4/11/2025,shipped,192.44
13878,6425,18/09/2025,shipped,434.69
12331,6221,10/09/2024,processing,3312.03
7878,1453,13/04/2025,shipped,3805.27
8804,968,7/01/2024,processing,2698.71
15,3336,16/07/2024,returned,1416.93
9433,5407,15/11/2024,returned,172.17
2631,1824,20/07/2025,processing,117.48
3185,6101,4/09/2025,cancelled,384.93
442,9323,28/09/2025,processing,353.95
17540,5541,26/10/2024,processing,1923.66
6728,6811,21/08/2025,shipped,31.57
19217,8916,30/04/2024,completed,32.11
19472,6422,5/03/2024,cancelled,62.52
12356,4746,9/05/2025,shipped,1246.87
672,2630,7/12/2024,completed,1656.88
12511,9567,4/11/2024,completed,49.66
13998,5489,17/04/2025,completed,384.39
11470,3552,30/07/2025,shipped,71.76
17277,4727,7/06/2025,shipped,166.5
947,772,21/08/2025,completed,630.86
13770,4345,8/02/2025,completed,3330.56
9557,2722,2/01/2024,shipped,1194.97
17494,832,30/08/2024,shipped,150.71
5873,2278,26/03/2025,processing,1238.93
10150,6744,1/03/2025,processing,818.03
7941,9511,29/09/2024,completed,111.64
10204,8014,5/03/2025,completed,217.88
17074,6011,12/09/2025,cancelled,271.83
9678,6590,8/02/2025,processing,1221.08
17051,7467,3/03/2024,cancelled,168.12
415,6705,30/12/2024,shipped,1993.95
9977,9668,22/06/2024,shipped,63.38
13454,7590,29/06/2025,shipped,417.57
16293,4234,11/10/2025,cancelled,476.99
7277,6388,7/12/2024,processing,640.73
12235,3611,30/09/2025,processing,1041.93
16620,4014,6/01/2025,processing,494.84
17202,8987,24/07/2025,returned,172.49
4521,4105,19/11/2024,cancelled,926.34
18472,8594,7/02/2024,cancelled,130.56
513,3081,12/05/2024,processing,26.88
4849,8023,22/06/2025,completed,579.41
3323,3264,27/09/2024,returned,13.83
4109,5308,18/06/2024,shipped,315.54
10611,6474,23/02/2025,shipped,134.98
16148,1203,23/02/2024,cancelled,2131.58
4068,1046,24/09/2025,processing,102.48
3073,3159,13/10/2025,completed,177.36
12538,646,8/09/2025,returned,573.4
4805,7683,10/05/2024,processing,3.32
2746,1282,28/05/2024,cancelled,225.05
13567,9131,25/05/2025,returned,155.63
2371,8084,1/09/2024,cancelled,115.22
6486,1165,11/04/2025,cancelled,123.57
19861,8032,8/05/2025,completed,414.73
15326,8513,11/01/2024,shipped,492.02
6471,4439,6/03/2024,shipped,40.46
12530,8143,6/02/2024,processing,119.98
7549,1283,1/04/2024,cancelled,52.1
7213,1959,2/10/2025,shipped,253.62
12873,7215,27/01/2024,shipped,923.09
6995,8017,28/04/2024,completed,43.35
15206,8364,5/04/2025,cancelled,710.95
10653,7178,18/11/2024,completed,384.93
4710,9770,26/01/2025,completed,104.27
8785,567,15/08/2025,completed,982.58
7318,2974,11/08/2025,cancelled,227.93
8952,5471,23/02/2025,processing,247.12
1525,9141,2/09/2025,processing,504.71
19738,6516,2/05/2024,completed,1286.28
3306,8601,30/04/2025,completed,137.82
10998,1953,10/10/2025,cancelled,419.83
9232,1730,16/03/2024,processing,718.96
2183,6738,17/08/2025,shipped,766.91
2484,2632,30/07/2024,completed,289.65
3524,4525,25/07/2025,shipped,261.12
11819,6390,5/03/2024,completed,97.57
3067,2146,10/01/2025,shipped,153.71
8774,8326,11/10/2024,returned,28.92
2094,1418,10/11/2024,cancelled,201.36
1174,4734,22/06/2025,completed,142.94
10173,7900,30/05/2024,returned,478.57
634,3809,1/05/2025,shipped,578.55
10531,9026,23/12/2024,shipped,206.43
10576,2722,24/11/2024,shipped,611.97
4827,9127,17/05/2025,returned,291.16
383,4297,25/09/2024,returned,1333.52
14345,4310,17/05/2024,returned,107.79
6857,6589,15/01/2025,cancelled,2120.71
2254,7928,28/04/2025,shipped,304.76
6889,6469,9/03/2024,completed,3841.84
19174,5354,11/06/2024,completed,135.87
12807,2018,19/01/2025,processing,758.55
12701,329,23/01/2024,returned,621.86
6403,2362,19/09/2025,completed,871.03
5465,1565,28/03/2024,returned,157.89
1574,3431,21/03/2024,processing,96.63
4335,5420,28/02/2024,returned,950.52
17954,4915,5/03/2025,cancelled,21.38
2584,692,21/02/2024,processing,496.36
16179,7062,12/05/2025,completed,630.52
19494,3995,1/11/2024,returned,854.6
16873,5876,7/04/2025,cancelled,2366.5
15801,2490,8/12/2024,shipped,296.14
2648,7744,10/10/2024,cancelled,722.96
2668,5608,16/01/2025,completed,2675.55
14578,6057,14/11/2025,shipped,11.8
5613,2278,16/01/2024,cancelled,2030.98
15888,437,11/07/2025,processing,182.84
8125,6257,20/07/2024,completed,2684.57
6445,922,11/01/2025,cancelled,538.44
5159,5136,10/09/2025,shipped,491.79
18377,5660,9/03/2024,returned,71.29
632,8268,18/09/2024,processing,3031.33
52,6522,13/09/2024,processing,834.66
12280,8788,7/01/2025,processing,296.11
17643,6152,9/11/2025,cancelled,62.37
8226,4125,24/10/2025,completed,52.83
6611,4398,14/08/2025,cancelled,84.52
19467,6417,19/04/2025,processing,159.29
5543,3511,28/07/2025,shipped,898.59
15217,3943,22/05/2025,shipped,441.04
18129,1987,23/01/2024,shipped,15.66
824,3271,9/05/2024,completed,122.51
9388,7047,3/09/2025,completed,121.66
11573,189,21/09/2024,returned,134.54
18343,4219,8/09/2025,shipped,90.3
16765,6579,9/09/2024,cancelled,308.25
8032,5311,10/12/2024,processing,67.51
624,3404,16/08/2024,processing,309.24
8499,7983,9/10/2024,returned,156.69
4025,5431,19/04/2025,completed,36.72
1433,3836,22/02/2024,processing,1707.21
4316,606,6/02/2025,processing,649.3
4987,7746,2/09/2025,completed,849.11
16223,7881,28/08/2025,completed,819.5
5629,5331,9/08/2024,completed,61.62
9274,9070,1/08/2024,shipped,810.11
5252,8466,3/08/2025,returned,66.43
3059,9900,29/03/2025,completed,138.2
10744,6182,30/09/2024,completed,479.38
12543,8773,16/08/2024,completed,1718.01
8652,5992,5/03/2025,returned,427.79
570,829,30/03/2025,processing,926.42
4038,6526,29/07/2024,processing,434.41
14818,9964,24/05/2025,returned,211.7
3290,647,11/01/2024,processing,646.37
17769,2498,10/10/2024,shipped,90.65
13730,9730,5/08/2025,shipped,103.47
17117,659,7/09/2024,returned,460.66
16237,8584,2/04/2025,cancelled,54.41
15356,3149,16/04/2024,cancelled,134.88
2339,3209,9/02/2024,completed,205.98
3881,2740,3/09/2024,returned,488.81
8326,4671,12/04/2025,returned,75.6
5521,34,13/01/2025,cancelled,194.49
9563,9015,31/03/2025,processing,787.1
13113,801,24/02/2025,completed,278.82
3863,7443,26/05/2025,returned,238.91
18553,3193,13/06/2024,returned,293.26
15968,8431,3/09/2024,cancelled,548
3917,5940,8/06/2025,processing,330.22
2615,5471,21/05/2024,completed,946.47
8980,8222,24/02/2025,shipped,1801.19
12502,7561,30/12/2024,cancelled,45.32
16730,3305,24/02/2025,cancelled,401.3
3949,3668,3/08/2024,returned,219.84
12081,2410,15/09/2024,shipped,401.23
12396,5914,11/05/2025,shipped,125.02
4256,5308,29/06/2025,processing,403.08
12025,7321,27/02/2025,processing,507.86
7706,9523,12/01/2025,processing,348.05
10315,2430,26/02/2024,completed,249.36
576,2128,22/08/2025,cancelled,2.75
14866,5179,21/07/2025,cancelled,243.62
3768,3980,10/04/2024,processing,2891.84
17301,1309,11/04/2024,processing,2287.09
19224,2763,18/07/2025,processing,217.94
7034,6580,7/03/2025,returned,202.25
9142,2906,9/11/2025,processing,65.06
16823,2452,6/10/2025,processing,201.62
15839,4489,18/08/2025,returned,242.83
19721,4357,13/12/2024,returned,47.88
16233,4548,23/01/2024,cancelled,37.58
33,286,29/05/2024,processing,2028.84
12549,5437,9/04/2025,returned,570.57
17614,1238,6/06/2024,processing,1407.61
2999,7351,13/04/2025,shipped,396.76
5538,9959,13/03/2024,processing,50.96
19736,3252,13/03/2025,shipped,3090.16
3652,9558,25/02/2025,shipped,72.82
19699,4463,10/09/2025,shipped,19.19
9153,4050,20/04/2025,returned,266.29
17956,4015,2/01/2025,returned,1126.15
17702,2125,2/11/2025,completed,234.49
17407,9004,3/03/2025,processing,590.21
18802,5492,21/07/2025,shipped,268.14
19082,6072,29/08/2024,shipped,24.98
14737,9171,12/01/2025,cancelled,233.45
9817,8849,18/05/2024,completed,609.78
5261,5001,20/08/2024,cancelled,182.38
3628,7783,15/06/2024,processing,83.11
15981,4513,24/11/2024,processing,220.46
1953,995,17/08/2024,shipped,134.99
7833,2207,1/01/2024,completed,1511.11
7486,5522,29/01/2025,completed,104.04
6575,8978,1/11/2024,cancelled,268.01
4398,6538,14/08/2025,processing,1586.77
13904,5476,2/06/2025,completed,97.3
10976,1901,17/10/2024,processing,2236.6
16379,463,12/06/2025,processing,78.3
8669,1000,4/03/2025,shipped,1610.3
18161,1827,8/05/2024,completed,184.43
3128,2871,12/01/2025,returned,922.47
284,4677,31/08/2025,cancelled,2650.12
2149,9096,30/10/2025,cancelled,142.8
18504,5679,28/10/2025,cancelled,85.64
19801,1185,23/06/2025,processing,218.84
2388,203,1/09/2024,shipped,21.91
18797,3816,9/11/2025,returned,2436.42
18888,754,24/10/2024,returned,16.45
15611,32,16/08/2024,cancelled,4070.84
10946,4395,25/09/2025,cancelled,460.04
3705,8295,21/01/2024,processing,563.33
4214,7856,10/07/2025,shipped,53.18
17828,6649,24/05/2025,cancelled,809.7
13004,1385,7/01/2024,completed,339.38
14424,8767,17/02/2024,completed,43.85
2267,378,16/09/2024,processing,1811.55
4917,8626,30/05/2025,shipped,386.09
12443,4725,20/02/2024,returned,981.4
13339,9676,1/09/2024,cancelled,601.59
17519,6260,26/10/2025,returned,302.01
4145,7802,29/05/2025,returned,42.76
5063,5562,26/08/2024,returned,257.03
4306,5084,21/03/2025,cancelled,138.89
18931,5462,22/01/2024,shipped,894.8
15477,2034,1/10/2025,returned,400.41
1333,6233,9/07/2024,cancelled,3937.02
554,7560,2/08/2025,shipped,498.14
8609,9645,21/10/2025,shipped,2444.57
1703,9504,14/02/2025,cancelled,32.16
2030,4947,3/04/2025,returned,866.93
1914,6482,28/10/2024,shipped,83.34
10274,441,21/08/2024,completed,886.21
3944,2590,4/05/2024,cancelled,491.85
8187,6691,5/05/2024,cancelled,1448.06
2848,5517,21/06/2024,shipped,268.77
3734,8439,21/07/2024,returned,235.32
6618,7909,2/01/2025,returned,344.26
17944,4672,21/07/2025,shipped,156.26
17238,8029,23/08/2025,processing,341.04
11214,4247,22/07/2025,completed,169.79
16680,4868,27/02/2024,completed,87.48
19624,6341,11/09/2025,completed,3316.35
17671,3468,29/03/2025,returned,338.39
15949,257,26/04/2024,processing,372.89
2184,1198,3/08/2024,shipped,250.41
5451,1490,19/01/2025,returned,933.44
17784,2885,5/01/2024,processing,2101.58
13790,4272,6/08/2025,shipped,2207.65
12972,4528,27/05/2024,returned,137.64
5831,386,30/10/2024,shipped,78.36
5666,798,30/09/2025,returned,505.74
15956,2664,8/12/2024,cancelled,940.37
18392,8140,1/07/2024,cancelled,85.53
10970,8971,4/11/2025,processing,172.67
6002,8902,9/01/2024,shipped,2962.65
11748,1852,4/11/2024,processing,1181.64
12172,2491,5/01/2024,cancelled,289.08
7451,8733,6/10/2025,completed,1435.87
3164,5181,29/09/2024,cancelled,264.32
18172,5914,16/02/2025,processing,5.53
4076,7748,11/05/2024,returned,75.18
13395,1571,14/02/2024,cancelled,2088.64
10777,9869,11/04/2025,shipped,129.64
12297,582,16/07/2025,shipped,433.98
10803,1601,23/09/2024,cancelled,79.6
12864,7510,31/01/2025,returned,11.34
6209,4699,21/04/2024,cancelled,49.7
10568,3374,28/10/2025,processing,1331.51
14094,6230,10/06/2024,cancelled,441.37
285,610,23/01/2025,completed,258.51
17528,9376,31/08/2025,completed,1053.72
12905,2979,5/03/2024,shipped,1887.1
15082,8105,22/04/2024,returned,29.76
17703,6210,30/03/2024,returned,386.39
2778,8472,24/04/2024,cancelled,194.17
12557,927,15/06/2025,returned,1709.98
8741,2437,30/03/2025,returned,157.67
19064,6176,7/10/2025,processing,320.5
11351,3886,22/02/2024,completed,1486.62
13755,7965,31/05/2025,completed,1236.22
19054,4066,26/10/2024,completed,519.21
14911,1982,22/02/2024,cancelled,44.71
4682,9695,12/02/2025,shipped,54.92
4346,6618,14/11/2024,completed,1228.8
7690,8540,17/10/2024,returned,163.5
15851,6599,2/03/2025,returned,19.96
512,7371,4/09/2025,cancelled,177.88
15731,2568,9/02/2024,returned,307.54
8202,1560,25/12/2024,processing,40.38
37,2635,3/11/2025,completed,19.77
18560,6981,14/01/2025,returned,1228.08
13266,5382,12/09/2025,completed,177.94
14847,3268,22/09/2024,returned,689.9
2079,127,15/10/2024,shipped,244.68
6761,5907,18/05/2025,returned,506.11
13490,7146,17/06/2024,completed,64.12
10494,8394,30/03/2024,returned,361.84
17533,2429,27/09/2025,completed,1007.48
8872,1093,5/08/2024,shipped,370.3
5240,7125,16/10/2025,returned,19.06
18196,7209,9/04/2025,processing,210.01
7431,6951,5/04/2024,completed,460.66
705,7438,16/02/2025,cancelled,160
4021,3178,24/01/2024,returned,72.71
17393,3981,10/08/2025,cancelled,42.16
15215,9747,6/08/2024,shipped,408.63
7370,8184,23/09/2024,completed,504.96
6944,8823,2/09/2025,shipped,275.4
10859,9569,10/10/2024,processing,1815.06
18369,9542,1/02/2025,completed,623.3
9010,5618,5/12/2024,completed,1702.64
127,7738,20/07/2024,cancelled,321.85
18517,7912,30/09/2024,processing,354.32
340,4737,2/01/2025,returned,369.28
9851,2497,9/07/2025,shipped,90.36
839,6831,17/07/2025,returned,126.24
19517,2471,29/08/2025,returned,433.16
1512,3655,16/02/2024,cancelled,298.12
18685,6312,21/08/2024,shipped,50.3
13612,920,8/12/2024,processing,1583.67
739,7956,6/04/2024,completed,72.45
595,798,14/01/2024,returned,913.33
11016,1880,6/02/2024,shipped,1124.91
12627,3009,2/09/2025,shipped,34.26
7731,8499,19/12/2024,cancelled,285.88
9316,2089,4/11/2025,processing,18.47
5998,7274,6/11/2024,shipped,866.21
7671,4898,29/04/2025,completed,668.74
9280,7620,28/03/2025,completed,107.66
18663,3971,3/09/2024,shipped,2497.27
18082,5868,25/10/2024,processing,836.78
8835,195,27/12/2024,shipped,97.57
11875,9228,20/11/2024,processing,687.01
7924,8721,31/07/2025,shipped,35.56
10314,510,31/03/2024,cancelled,1902.83
3750,896,7/04/2024,shipped,521
9843,2130,29/05/2024,shipped,33.49
412,7274,26/11/2024,completed,2799.7
1423,2179,4/09/2025,cancelled,1364.22
4104,3917,11/08/2024,processing,192.32
6214,7579,18/10/2024,shipped,381.83
4135,2726,17/04/2025,shipped,1128.54
17324,3378,9/10/2025,shipped,1585.93
15694,3986,23/01/2025,cancelled,949.46
16345,3392,28/08/2025,completed,435.38
19322,1067,4/04/2025,returned,576.97
5618,7105,3/09/2024,processing,130.12
6402,6824,6/02/2025,returned,883.58
12028,5484,23/04/2024,processing,538.42
3913,3781,21/07/2024,cancelled,20.92
18706,4303,18/04/2024,processing,739.74
10984,5990,18/03/2024,shipped,357.41
11925,5292,27/03/2025,processing,50.47
13524,9971,25/03/2024,processing,756.87
13128,8656,23/06/2025,cancelled,1292.91
19598,1432,9/11/2024,completed,312.86
3982,4251,25/02/2025,returned,729.03
1411,9904,6/01/2024,cancelled,170.38
9872,4098,29/10/2024,completed,597.8
19836,5545,7/09/2024,processing,186.4
12023,7591,5/06/2024,cancelled,32.96
13125,5328,7/11/2024,cancelled,172.54
10688,2834,13/11/2024,completed,817.5
15192,2199,19/05/2025,processing,228.41
8718,5724,4/03/2025,shipped,10.45
11941,3127,3/02/2025,completed,2192.13
5920,5329,8/06/2024,cancelled,271.92
18439,2111,30/11/2024,cancelled,1160.22
6664,6323,21/08/2025,shipped,476.35
9736,8531,9/11/2024,returned,485.62
18175,6746,11/01/2025,completed,252.09
8129,271,4/02/2024,shipped,50.17
11294,4686,11/12/2024,shipped,645.83
5765,8464,5/06/2024,processing,178.83
15343,4318,28/05/2024,returned,231.38
5295,3397,14/05/2025,completed,633.08
7211,432,24/09/2024,cancelled,381.35
19197,9482,23/10/2024,processing,784.49
1039,9183,29/09/2024,cancelled,1336.95
4692,1850,3/01/2025,processing,213.04
5388,4358,3/09/2025,shipped,322.88
19797,8956,13/06/2024,shipped,661.69
18863,8268,10/11/2024,returned,51.05
17122,8975,13/09/2024,completed,76.03
11642,6414,6/03/2024,shipped,70.56
5212,1987,18/07/2024,completed,2021.65
13090,4592,22/10/2024,completed,380.44
16937,2026,29/07/2025,completed,1039.79
11967,6591,8/10/2025,cancelled,61.39
16312,4950,15/10/2024,shipped,40.6
5132,4547,21/05/2025,completed,105.54
7205,3774,13/05/2024,processing,13.12
774,451,11/09/2024,completed,93.62
3874,1835,20/01/2025,shipped,800.82
12338,7171,10/01/2024,shipped,315.85
378,1322,13/10/2025,cancelled,178.31
14709,8730,10/04/2024,processing,332.08
17059,4689,1/03/2024,returned,422.22
9146,1108,20/06/2024,processing,832.08
2904,1050,24/08/2024,processing,175.25
4486,1916,15/12/2024,processing,3197.72
14792,8006,27/08/2024,completed,97.57
17171,5428,10/11/2024,completed,229.12
203,7282,5/10/2024,processing,232.98
18923,6220,16/04/2025,processing,473.55
11558,4091,17/08/2025,shipped,1308.97
16505,7276,24/04/2025,returned,901.33
4300,5376,18/02/2024,processing,27.46
6789,2686,28/05/2025,cancelled,686.78
13082,7117,29/08/2025,cancelled,119.83
19892,8646,5/07/2024,returned,874.66
6361,6645,17/10/2024,returned,47.03
15104,9914,29/03/2025,returned,109.3
2275,8174,16/02/2025,returned,51.94
5846,7576,18/03/2025,cancelled,2578.8
3638,131,4/07/2025,processing,51.78
13312,220,29/03/2025,processing,102.57
13441,8038,11/10/2025,returned,1364.57
16993,1973,28/09/2024,returned,3486.19
3862,5125,8/11/2024,cancelled,2778.45
7368,7351,10/12/2024,processing,1154.91
15680,9664,9/06/2025,processing,914.11
12833,8743,15/02/2024,shipped,526.84
11317,7513,9/01/2024,cancelled,535.17
12086,8854,1/01/2024,cancelled,1004.95
12917,3258,28/01/2025,cancelled,331.52
8947,7835,22/05/2024,cancelled,235.43
13733,9576,8/11/2025,processing,375.68
11218,6531,21/09/2025,cancelled,170.39
6525,1850,1/03/2024,processing,354.81
1783,4984,25/05/2025,returned,638.51
15894,5281,10/12/2024,processing,501.1
14596,397,22/01/2025,completed,96.56
7506,4239,24/07/2024,cancelled,1187.89
9145,1994,29/10/2025,shipped,124.95
16831,2120,29/06/2024,shipped,579.42
5148,9567,16/05/2024,processing,55.59
4456,564,3/09/2025,completed,757.85
8336,3353,24/06/2025,returned,40.8
18075,9175,10/08/2024,completed,56.08
8443,3691,29/09/2025,cancelled,64.18
5624,9060,18/10/2024,returned,13.04
18576,2150,7/04/2024,returned,1028.88
13223,6330,7/09/2025,completed,235.77
7488,2283,29/10/2025,processing,686.69
15159,5042,29/03/2025,processing,30.01
8530,8559,30/05/2025,processing,217.6
11626,3055,4/04/2025,shipped,853.7
11561,8263,21/09/2025,shipped,246.47
19196,510,5/11/2025,returned,12.42
13055,7759,1/05/2025,shipped,380.28
14012,1367,8/05/2025,returned,21.73
4357,4306,26/04/2025,completed,832.06
10352,6458,28/05/2025,cancelled,1093.62
1307,9219,22/08/2024,returned,369.01
12626,2123,5/01/2024,shipped,267.98
14386,8635,26/03/2025,shipped,361.09
16251,3459,6/12/2024,returned,242.04
6466,9092,14/06/2025,cancelled,24.22
1550,6128,26/09/2024,processing,984.2
2757,9618,10/11/2024,processing,569.82
3590,9089,18/06/2024,shipped,1362.77
13264,2843,16/06/2024,cancelled,51.97
15550,7669,15/06/2025,cancelled,270.85
16167,8356,20/02/2025,cancelled,419.94
17344,1085,6/11/2024,cancelled,373.9
9058,1510,25/06/2024,processing,977.82
10974,9262,28/10/2024,processing,30.76
15158,6237,22/03/2024,completed,72.87
19649,949,28/04/2024,shipped,263.66
11570,83,21/11/2024,completed,809.67
17563,6194,30/04/2024,returned,142.13
11924,2749,23/09/2025,shipped,118.35
5417,1644,11/03/2025,completed,193.12
324,7727,10/01/2025,returned,104.55
3601,8516,10/10/2025,returned,693.62
19703,8308,3/11/2024,completed,242.79
19896,159,12/05/2024,shipped,165.03
18653,2377,29/03/2025,completed,2619.68
2829,5659,30/07/2025,processing,317.1
12899,6631,6/03/2025,processing,348.75
18613,4042,16/04/2025,processing,64.82
7884,6408,1/10/2025,completed,83.98
10994,7293,10/11/2024,completed,312.62
9540,1391,3/02/2024,returned,170.53
9888,8061,30/01/2025,processing,660.65
10390,7855,17/08/2025,processing,9.53
13109,1561,1/10/2024,cancelled,341.3
7117,7629,4/04/2025,completed,2677.06
14931,6915,5/03/2025,shipped,638.8
12302,9544,4/01/2025,processing,60.7
7512,4228,7/11/2024,shipped,1619.61
19934,458,18/07/2025,completed,2868.55
228,4618,25/04/2024,shipped,132.71
5743,2012,25/06/2025,processing,315.02
7014,5447,8/08/2025,shipped,669.28
13653,2028,27/01/2025,processing,25.95
15226,781,27/12/2024,shipped,565.87
4213,658,15/06/2025,cancelled,599.32
7351,415,23/04/2025,processing,2020.23
17474,1809,9/04/2025,returned,87.46
4643,3722,12/10/2024,returned,494.58
10499,1646,3/03/2024,processing,417.2
7458,3078,8/05/2025,cancelled,327.68
10861,5806,27/03/2025,cancelled,441.72
11805,2711,12/10/2024,processing,706.44
10961,9094,29/05/2024,shipped,323.14
17062,5122,18/10/2024,shipped,207.45
6546,9716,5/12/2024,returned,439.02
5681,6416,27/03/2025,shipped,125.56
18771,638,2/09/2024,shipped,1398.87
15818,4729,12/04/2025,returned,599.32
12001,9193,7/10/2024,completed,2439.87
10849,6535,14/11/2025,returned,796.79
13259,3630,19/06/2025,cancelled,137.82
8484,5973,15/03/2025,processing,160.16
14084,1976,23/02/2025,completed,654.76
15929,8055,31/05/2024,completed,646.06
16772,9820,10/05/2024,returned,198.3
18056,190,20/07/2024,completed,110.6
18355,9073,16/06/2025,completed,434.67
6187,5313,19/09/2024,cancelled,148.52
13103,6086,20/01/2025,cancelled,51.57
11135,2206,12/03/2025,shipped,250.41
17990,1727,13/05/2025,cancelled,267.2
5801,5353,11/02/2025,returned,416.78
19331,4268,8/10/2024,returned,465.53
13751,2079,22/03/2024,shipped,81.63
10557,525,28/07/2024,returned,339
5770,9115,22/06/2024,cancelled,2545.48
853,117,16/09/2024,processing,35.14
2797,4182,23/03/2025,processing,60.18
5398,9799,11/11/2025,processing,38.54
12137,3298,9/12/2024,processing,49.09
11119,1493,4/10/2025,processing,584.59
4973,5091,20/04/2024,completed,52.14
1785,4707,28/08/2024,cancelled,170.63
19777,1257,12/05/2025,shipped,15.41
17604,8553,5/09/2025,returned,583.18
5816,1611,22/07/2024,cancelled,116.27
17271,7867,29/01/2025,cancelled,2621.25
19195,6940,11/06/2025,completed,25.57
11204,846,5/10/2025,completed,696.8
15737,3434,12/05/2024,returned,88.58
4663,8130,3/01/2024,cancelled,1454.57
11530,1386,7/12/2024,returned,105.06
13999,8473,25/12/2024,returned,696.75
17613,5003,4/04/2025,returned,126.96
5665,6456,4/10/2025,cancelled,628.46
6645,3649,22/12/2024,shipped,167.72
4609,6926,23/01/2025,processing,1099.87
11634,7035,20/04/2025,processing,642.25
1061,7394,25/08/2025,shipped,917.59
2826,8424,13/05/2025,cancelled,247.43
9152,2102,22/10/2025,cancelled,109.05
1951,5827,18/05/2025,processing,70.39
8841,9470,5/01/2025,processing,3573.83
18605,299,7/11/2025,completed,187.24
13385,1988,24/11/2024,completed,601.59
6298,1938,21/06/2024,cancelled,639.13
19071,2470,4/10/2024,completed,522.18
19651,4225,13/04/2024,returned,1620.72
12970,1979,17/06/2024,cancelled,1113.21
16431,1112,18/05/2025,processing,250.07
3142,463,4/01/2025,returned,360.29
14880,4872,9/10/2025,cancelled,5.53
2585,1650,6/06/2024,shipped,3404.65
11352,4595,8/10/2025,cancelled,135.56
16385,8049,1/08/2024,processing,207.77
18186,8635,8/10/2024,cancelled,604.47
12221,3719,4/07/2025,shipped,1860.95
4631,5423,3/09/2024,processing,24.92
9690,3098,29/08/2024,processing,704.96
14211,8925,19/06/2024,shipped,2211.72
8452,4993,3/02/2025,shipped,498.14
4993,2007,8/02/2024,cancelled,241.76
6118,8104,13/11/2025,cancelled,90.64
17218,7223,22/09/2025,shipped,1994.47
2790,4983,10/07/2024,completed,1097.96
19261,8573,7/07/2025,shipped,68.12
5751,9689,29/10/2025,completed,34.13
4283,8775,3/06/2024,completed,364.22
8188,3689,26/10/2024,processing,351.26
12362,5506,24/09/2024,cancelled,71.91
19436,7159,21/06/2024,processing,255.66
16952,8674,5/02/2025,shipped,42.91
1200,8650,14/09/2025,cancelled,1314.43
12499,1401,21/03/2024,processing,6.85
3936,7743,10/05/2024,shipped,1096.36
16982,5850,9/04/2024,shipped,925.92
16851,9717,15/08/2025,returned,12.65
14553,2242,31/10/2025,returned,169.85
16228,5458,18/06/2025,returned,90.06
8851,3949,27/05/2024,shipped,22.53
7835,7532,30/06/2024,returned,1520.17
14259,9305,12/05/2025,shipped,371.04
13184,5431,9/08/2024,processing,80.33
3589,6445,25/03/2025,shipped,143.79
6120,8328,17/10/2025,completed,312.62
14853,3194,27/04/2025,shipped,905.69
17816,4267,9/07/2025,returned,462.76
12140,3404,19/02/2024,cancelled,18.89
16846,9763,18/01/2024,cancelled,554.93
1599,7542,23/03/2024,shipped,426.48
8071,6642,1/09/2024,returned,296.45
2898,9799,12/01/2025,cancelled,2075.57
17897,6265,15/01/2024,returned,322.1
4594,8706,14/02/2025,processing,1119.95
11180,8209,7/01/2024,cancelled,851.07
11512,2836,18/06/2024,cancelled,554.48
15512,5392,17/05/2025,returned,30.77
1135,6722,10/10/2024,shipped,797.72
2265,9240,14/09/2025,shipped,291.84
13025,9521,13/04/2025,shipped,48.64
15530,2312,29/07/2025,completed,41.55
18628,419,7/09/2024,processing,8.47
16373,9908,30/09/2024,shipped,124.94
1743,2895,30/09/2024,processing,1416.66
6497,9990,18/05/2025,completed,3716.79
15402,3625,7/03/2025,completed,823.98
19045,6276,4/08/2025,completed,54.46
7725,2613,26/11/2024,shipped,15.87
16791,9384,22/06/2025,completed,1097.33
17521,126,3/03/2025,shipped,438.64
9952,1487,21/09/2024,completed,191.89
15809,7977,20/01/2024,cancelled,28.05
19784,9206,20/04/2024,completed,1363.96
17683,9679,10/01/2024,cancelled,1433.17
5715,1912,1/10/2024,processing,434.53
4147,1916,23/04/2025,completed,3167.44
8394,427,22/10/2025,processing,83.19
16758,4456,10/03/2025,returned,672.51
12578,4509,12/08/2025,returned,315.22
11305,280,21/06/2024,cancelled,31.17
11656,4698,20/06/2024,processing,2751.72
3452,8541,8/07/2024,shipped,1136.31
8378,6513,13/02/2025,returned,24.1
16962,9212,16/11/2024,cancelled,830.26
3184,174,3/07/2024,processing,873.1
16927,9897,6/10/2024,returned,97.72
15081,272,11/10/2025,cancelled,661.84
15443,1041,21/04/2025,processing,1560.18
11286,8324,6/12/2024,completed,484.13
15332,6211,13/02/2025,cancelled,65.21
11777,9574,23/10/2024,shipped,602.72
1696,7377,28/06/2024,returned,161.29
12057,7300,26/09/2024,returned,180.9
16902,3930,30/01/2024,processing,1206.27
2142,398,14/07/2025,returned,1030.17
5280,7771,28/09/2025,completed,17.28
3937,2012,18/09/2025,completed,809.67
19754,8721,14/09/2025,returned,705.33
8083,5929,22/02/2024,cancelled,418.78
8104,3975,18/04/2025,shipped,220.16
10618,3207,15/09/2025,completed,479.8
16666,5171,28/02/2025,completed,384.75
11872,4643,14/10/2024,processing,1196.85
16201,1107,11/03/2024,returned,251.98
1335,6594,9/09/2025,shipped,47.54
3077,4264,12/09/2024,completed,239.13
9566,1871,18/05/2024,shipped,16.35
8175,6494,26/08/2025,returned,711.56
19235,7277,17/04/2024,completed,1012.99
11538,6858,4/01/2024,cancelled,834.3
11567,2141,7/06/2025,shipped,195.41
13834,532,1/08/2025,processing,1274.9
12374,1774,12/05/2025,returned,321
1251,6439,13/01/2024,shipped,490.9
7146,3638,11/06/2025,returned,70.23
2403,6949,11/07/2025,shipped,1022.65
12156,8250,6/05/2024,returned,153.88
19068,6018,1/05/2025,returned,943.16
16842,1582,29/05/2025,returned,313.09
15730,5715,27/04/2025,cancelled,376.36
19864,3902,16/09/2025,cancelled,322.77
18190,6361,4/03/2024,processing,372.14
14494,3384,15/08/2025,completed,93.18
7520,1041,15/01/2025,shipped,49.59
3717,7395,8/02/2024,completed,77.2
11951,3032,31/03/2025,completed,263.8
8322,3486,8/03/2024,returned,626.27
6438,8185,26/04/2024,shipped,123.01
3646,6097,5/05/2025,returned,453.7
17561,4255,20/11/2024,completed,415.85
16078,7765,20/10/2024,cancelled,542.86
18894,9741,26/10/2024,shipped,124.59
6431,2730,24/11/2024,completed,64.84
4405,2267,22/10/2025,processing,127.96
10362,42,14/03/2024,returned,676.98
8711,7714,13/08/2025,shipped,131.75
9067,832,15/04/2025,cancelled,170.18
11150,5878,11/05/2024,shipped,229.02
1858,2360,20/06/2025,completed,1483.4
2803,5338,14/01/2025,cancelled,844.36
9680,9172,4/06/2024,processing,3857.34
11354,7752,24/04/2024,returned,95.08
10257,3810,11/09/2024,processing,2524.83
3087,5723,21/09/2024,completed,959.75
1838,7561,16/04/2024,shipped,3759.4
2171,4772,31/05/2024,shipped,942.86
11450,6295,15/08/2024,completed,4106.99
1859,2131,7/12/2024,shipped,313.17
18566,6309,16/07/2025,completed,441.08
15488,1244,18/04/2025,shipped,107.41
5441,9459,19/09/2025,completed,578.76
5097,8824,8/04/2024,processing,215.6
11629,8179,23/03/2024,completed,142.59
268,5394,8/08/2025,returned,82
7207,2820,6/05/2025,shipped,1198.84
4536,7767,28/04/2025,completed,1915.91
2503,9914,18/07/2025,shipped,896.16
15235,8778,5/05/2025,returned,197.61
18383,8260,21/11/2024,returned,389.22
14252,2703,24/03/2025,cancelled,1069.66
4103,622,1/07/2025,returned,437.9
12777,6519,20/07/2024,cancelled,30.59
1023,3255,29/08/2025,completed,925.52
7561,7701,30/10/2024,shipped,183.18
15524,9348,7/04/2024,processing,220.9
17441,3583,20/02/2025,processing,436.59
18871,8779,11/02/2025,shipped,156.38
10615,9910,15/01/2025,processing,273.29
14363,8160,14/02/2025,cancelled,598.78
11269,6078,2/01/2025,completed,52.18
7896,5226,17/05/2024,processing,69.07
11750,2331,9/02/2025,completed,546.01
1884,7585,10/06/2025,processing,2077.17
13313,6369,28/04/2024,shipped,702.03
19973,5819,27/09/2025,cancelled,476.36
11062,9761,28/05/2025,cancelled,105.14
8775,8345,25/06/2024,completed,94.58
1806,4349,6/09/2024,completed,710.93
13618,6242,9/01/2025,returned,15.41
1398,5758,12/07/2024,cancelled,351.45
13434,4165,18/01/2025,returned,1924.14
16760,6647,28/01/2025,returned,737.27
5341,2659,20/01/2024,cancelled,1527.3
6938,7693,9/01/2024,returned,57.52
10621,5319,20/07/2025,shipped,160.03
14146,8387,13/10/2025,returned,627.99
18973,539,30/04/2024,shipped,1064.64
18066,9842,12/01/2025,processing,177.64
10100,7954,22/02/2024,shipped,32.85
9654,713,15/02/2025,completed,225.87
6566,8661,28/11/2024,returned,2985.24
14049,8413,19/03/2024,cancelled,667.32
3034,5670,19/12/2024,processing,1403.71
16169,4684,5/10/2024,processing,11.05
17939,4082,14/03/2024,completed,283.45
18495,2049,12/11/2025,cancelled,971.8
6264,235,8/04/2025,completed,57.43
18791,8707,14/02/2024,returned,844.68
5893,2377,28/08/2024,completed,35.2
17578,2057,22/06/2025,returned,68.6
9750,3852,17/10/2025,shipped,82.2
536,2699,16/02/2025,cancelled,428.55
2046,2372,14/05/2024,cancelled,77.84
12817,9470,1/07/2024,cancelled,525.6
15603,5658,17/05/2025,cancelled,215.92
2672,404,6/02/2024,processing,92.8
3214,6225,13/10/2025,completed,32.78
5203,142,30/01/2024,shipped,1398.35
10714,2238,6/06/2024,processing,75.61
2436,2962,6/08/2024,cancelled,1159.41
14450,6577,29/06/2025,processing,37.8
1037,5866,14/02/2025,returned,152.4
13832,12,2/03/2025,processing,502.25
15875,7805,13/06/2025,processing,93.07
18750,7750,30/04/2025,cancelled,70.39
11601,5406,21/08/2025,returned,36.52
13315,8635,25/08/2024,cancelled,215.55
6604,8810,25/08/2025,processing,442.47
12254,6665,16/05/2024,shipped,899.4
13894,1393,24/06/2024,completed,486.86
12071,519,3/08/2024,returned,2326.46
708,8339,27/05/2025,cancelled,64.23
1980,6321,7/10/2025,cancelled,133.78
1146,3945,16/08/2025,cancelled,139.06
7741,8538,13/04/2024,completed,51.04
11342,5540,11/11/2025,returned,14.74
18890,9125,27/12/2024,shipped,763.08
10018,8848,11/09/2025,completed,667.59
9703,4059,10/05/2025,shipped,12.66
8898,2247,6/11/2024,processing,138.24
12712,7094,25/05/2024,cancelled,3.61
3704,8464,26/04/2024,processing,405.96
11047,6234,11/04/2024,shipped,591.68
2446,1162,6/12/2024,shipped,521.7
5262,1252,16/04/2025,shipped,166.14
5741,2181,10/02/2025,returned,308.36
6970,2768,3/09/2024,returned,123.61
8222,3820,7/10/2024,completed,643.14
17223,7835,16/03/2024,returned,654.76
16315,5662,8/06/2025,returned,138.58
1878,4889,26/06/2024,shipped,12.46
12376,7595,10/04/2024,processing,232.26
17839,9165,2/06/2025,processing,1126.53
3116,3447,10/07/2025,returned,52.14
7363,9448,20/07/2025,completed,1487.74
15298,3980,15/07/2025,processing,936.63
1962,5249,9/08/2024,cancelled,2150.76
582,3009,31/08/2024,completed,115.63
1571,260,24/04/2024,shipped,315.42
14572,9848,19/01/2024,completed,721.96
15612,4687,8/09/2024,cancelled,375.68
17017,7451,20/09/2025,cancelled,1752.52
6634,5099,24/04/2025,cancelled,990.68
8756,4833,12/11/2025,processing,1149.62
6693,8467,12/09/2024,completed,132.71
14559,2753,4/11/2024,returned,156.41
18900,2220,24/01/2025,cancelled,1773.86
16658,1182,21/08/2025,completed,490.48
6131,6754,20/02/2025,shipped,104.68
14935,3838,27/08/2025,shipped,1202.18
5099,1792,27/04/2024,cancelled,408.88
6898,7611,30/09/2024,cancelled,87.5
2052,5894,30/06/2024,processing,143.81
14006,7190,16/08/2024,returned,3.42
17928,3098,31/03/2025,returned,1492.82
6927,6750,15/03/2024,processing,295.71
12090,4439,27/01/2025,processing,1054.01
12252,5803,9/10/2024,shipped,986.33
8489,3983,1/08/2024,completed,38.32
9976,430,26/08/2025,returned,2262.6
13991,8733,9/11/2024,shipped,10.7
4761,4682,4/06/2025,completed,6.16
17516,8513,11/05/2025,returned,392.66
18498,6299,25/02/2025,processing,955.93
18695,564,14/07/2025,processing,632.2
11933,7295,27/05/2024,processing,237.68
8893,288,27/08/2025,shipped,228.61
8797,7013,19/05/2025,processing,260.02
5150,8958,2/01/2025,completed,363.09
4883,878,22/11/2024,processing,339.42
16717,4151,13/12/2024,completed,43.24
10219,9623,13/03/2025,cancelled,527.87
14680,2237,16/09/2025,returned,61.86
18050,6031,15/05/2025,returned,157.71
13608,6765,6/01/2025,shipped,2597.43
968,5475,19/10/2024,shipped,121.55
3281,9227,27/02/2025,processing,103.54
12539,2973,13/06/2024,processing,114.24
5183,9662,23/08/2024,completed,65.31
15476,6930,16/06/2024,shipped,344.26
2679,1707,8/04/2024,cancelled,435.72
9886,629,14/06/2024,completed,186.51
7622,7773,13/01/2025,cancelled,531.7
1316,3201,28/01/2024,cancelled,510.62
1843,9902,18/04/2024,processing,121
4078,8684,8/12/2024,returned,491.25
8966,546,2/04/2024,cancelled,3943.12
15301,4411,27/10/2024,returned,208.02
9047,8949,18/09/2025,processing,710.57
2793,1041,26/03/2025,shipped,592.67
12862,8720,7/12/2024,shipped,883.67
3792,6107,5/07/2025,completed,155.25
8933,560,31/07/2024,returned,2501.21
17157,5814,9/07/2025,shipped,624.95
18893,485,12/08/2024,completed,214.12
6038,7005,21/05/2024,shipped,207.87
10655,5568,12/10/2024,shipped,3896.1
16518,5502,17/08/2024,returned,565.99
12629,5660,23/04/2024,cancelled,1523.23
16609,4345,16/05/2025,shipped,329.14
556,669,6/08/2025,processing,2635.13
16129,7553,6/11/2025,completed,67.08
335,7872,13/02/2024,cancelled,177.48
16776,6,19/06/2025,processing,834.3
4627,4262,27/01/2024,completed,53.19
8991,5997,10/10/2024,cancelled,112.2
7316,2659,2/12/2024,returned,5514.95
17024,8098,26/12/2024,cancelled,1307.61
17312,4668,26/06/2024,cancelled,97.31
3068,2157,2/07/2024,cancelled,118.82
2712,9969,21/05/2025,completed,271.76
11358,9766,3/08/2025,returned,11.05
12563,2299,23/10/2025,returned,718.31
10121,1257,18/06/2024,shipped,52.71
8259,1117,29/09/2024,completed,12.4
19506,6048,1/12/2024,shipped,122.78
1418,9553,30/11/2024,cancelled,343.78
4538,4162,27/09/2025,processing,21.2
19817,4741,18/11/2024,processing,243.71
1815,4980,23/08/2025,processing,112.6
1997,9737,22/01/2025,shipped,2254.87
1709,4633,15/11/2024,cancelled,58.02
780,7373,13/10/2025,shipped,14.7
16298,1550,13/09/2025,shipped,170.09
16545,7422,2/10/2025,returned,67.32
11429,362,27/09/2024,shipped,19.77
16552,5111,25/04/2024,shipped,660.22
12013,4266,15/11/2024,completed,1674.33
11498,4067,23/04/2024,completed,15.79
5185,6473,7/07/2025,returned,140.43
12749,716,28/10/2024,processing,1109.86
9256,2931,23/04/2025,completed,2192.19
18705,2965,16/05/2024,cancelled,389.23
10004,763,10/05/2025,shipped,1053.14
490,6848,4/09/2024,cancelled,453.27
7474,1018,22/07/2024,cancelled,1617.7
16764,5565,9/10/2025,cancelled,1233.96
8181,5573,3/10/2025,processing,96.76
8465,7522,4/09/2025,shipped,399.58
4853,2648,2/06/2025,processing,92.36
9905,9502,29/09/2025,cancelled,1639.46
11646,2743,7/01/2024,processing,3.69
12047,1297,17/09/2024,processing,336.3
6930,7293,12/01/2024,cancelled,26.28
18701,9209,31/01/2024,cancelled,1367.75
792,1228,10/01/2025,processing,326.9
16660,6001,25/07/2025,shipped,1552
16996,4821,27/08/2025,cancelled,12.46
15563,5767,3/10/2025,shipped,983.66
4791,7184,18/04/2024,returned,1551.04
6700,6058,26/05/2025,processing,145.13
18393,2041,1/05/2024,completed,196.49
8153,6858,20/02/2024,completed,374.27
5824,217,19/05/2024,cancelled,321.2
6598,427,1/10/2025,cancelled,53.24
17911,7094,12/08/2025,processing,473.32
16974,7097,22/06/2024,cancelled,274.31
7296,8459,13/10/2024,shipped,610
6160,3264,16/07/2024,shipped,152.38
941,1145,20/10/2025,shipped,1166.24
5249,8850,31/05/2025,processing,1223.49
6856,8202,29/07/2025,shipped,33.04
16057,9267,5/12/2024,completed,1835.18
3174,7350,26/07/2024,returned,347.11
149,6981,6/06/2025,completed,373.82
1517,9160,11/05/2024,cancelled,36.9
8400,3489,5/10/2024,cancelled,413.72
19970,6003,18/07/2025,cancelled,63.96
13754,9473,23/07/2025,completed,769.71
6415,1518,27/04/2025,processing,305.42
3904,7650,21/06/2024,returned,322.08
339,9267,5/08/2025,shipped,26.76
13335,2931,6/07/2024,processing,260.94
18765,3297,23/08/2024,returned,64.76
18899,8248,6/07/2025,returned,86.39
3959,9084,21/01/2025,returned,172.96
3309,2156,27/02/2024,shipped,155.15
1272,232,21/02/2024,returned,170.18
17936,9900,22/09/2025,returned,965.4
11962,5046,6/01/2025,processing,196.49
18453,4204,11/07/2025,processing,30.24
15354,2695,13/09/2024,shipped,358.82
17720,2696,23/07/2025,returned,31.04
11494,5118,24/06/2025,completed,79.6
2093,3542,30/06/2025,completed,234.57
736,9368,14/11/2025,cancelled,99.26
6143,7455,9/07/2025,completed,611.64
9420,9488,18/09/2025,returned,463.3
8469,9909,20/06/2024,cancelled,189.79
1357,219,19/11/2024,returned,29.15
18325,5854,9/03/2024,cancelled,857.86
17092,313,28/02/2024,completed,55.14
5840,8246,30/06/2024,returned,501.37
2974,368,3/08/2025,completed,1493.61
15023,2673,21/05/2025,returned,743.46
9081,4273,17/08/2025,returned,37.02
8395,7778,8/03/2025,cancelled,339.49
13617,1158,28/12/2024,cancelled,233.91
10124,5768,19/05/2024,returned,1540.53
2304,8531,3/04/2024,cancelled,390.43
14327,217,31/07/2025,completed,364.29
19440,9415,8/10/2024,returned,193.51
229,6051,28/09/2025,processing,96.44
14658,3134,1/05/2025,processing,476.16
14382,6984,5/01/2025,processing,160.19
1784,74,13/01/2025,cancelled,2571.53
16567,8338,16/09/2025,processing,188.1
9657,7411,22/07/2024,processing,1027
17340,2953,4/11/2025,completed,1047.75
2075,384,5/01/2024,processing,29.1
5951,8231,4/03/2025,processing,412.29
10415,8069,18/03/2025,cancelled,164.07
5628,2982,4/12/2024,processing,412
14108,4145,6/05/2024,processing,558.79
1638,257,12/07/2024,shipped,1210.88
16194,4583,28/10/2024,shipped,624.41
10548,4603,13/11/2025,processing,99.54
15103,583,1/04/2024,shipped,1984.68
19536,2763,14/02/2024,shipped,482.72
12430,4609,11/12/2024,returned,612.52
19694,2315,5/01/2025,completed,325.9
6616,2785,27/06/2025,returned,33.76
11879,4008,7/10/2025,returned,1036.92
9644,4517,21/12/2024,processing,145.93
5330,6445,6/02/2024,returned,935.82
14654,9177,10/07/2024,cancelled,115.63
10678,774,9/02/2025,processing,226.17
13384,7943,10/04/2024,returned,13.6
16650,210,15/07/2024,cancelled,204.03
19969,3426,26/08/2024,completed,357.72
352,3130,5/02/2025,returned,237.79
8753,119,2/06/2025,shipped,538.42
7772,6179,11/07/2024,completed,250.56
1378,8463,19/12/2024,returned,755.69
4610,8442,4/11/2025,returned,1205.26
2888,6037,30/06/2025,completed,1206.17
11423,3321,27/11/2024,cancelled,144
10469,7726,4/02/2025,returned,243.82
9785,53,5/08/2025,cancelled,209.1
4695,8209,24/10/2024,processing,40.64
18069,4751,30/04/2024,returned,389.18
2859,2911,19/05/2024,completed,158.99
7087,5288,8/02/2025,returned,8.07
11578,9827,13/07/2024,processing,989.68
19490,2758,6/07/2024,shipped,535.5
16790,4981,22/03/2025,processing,1333.26
7753,3375,22/06/2024,processing,147.36
16880,8364,28/08/2024,shipped,291.74
10855,181,7/04/2025,returned,700.35
14330,732,25/01/2024,cancelled,1362.31
9974,6080,7/10/2025,shipped,1282.99
18314,4376,1/09/2024,completed,15.79
7830,3528,1/07/2025,completed,32.11
2400,6249,8/09/2024,processing,213.98
8449,5423,30/04/2024,shipped,214.98
10636,9032,28/09/2025,completed,2442.99
6216,2258,29/10/2024,returned,1173.05
12185,8685,4/02/2024,completed,30.81
13550,3753,8/11/2025,completed,91.84
1684,9441,15/03/2024,shipped,2045.41
14411,9866,14/08/2025,cancelled,601.34
13131,4906,4/09/2025,completed,973.57
10210,3521,5/07/2025,processing,1264.72
1861,2650,14/09/2025,cancelled,96.44
7831,1947,7/02/2025,cancelled,2035.42
5052,204,10/05/2025,processing,309.34
19752,9341,4/05/2025,shipped,1120.76
7698,3616,7/10/2025,completed,94.95
17527,4388,7/06/2024,returned,220.52
10492,9061,17/03/2024,completed,225.08
6144,6708,3/03/2024,cancelled,856.97
786,2504,28/05/2025,shipped,165.21
2090,2436,25/08/2025,processing,329.22
199,4163,1/03/2024,processing,897.79
4237,9717,30/07/2024,shipped,75.63
17504,3468,17/08/2025,completed,2602.56
18053,6697,6/07/2025,returned,245.69
18569,1021,2/03/2024,cancelled,413.11
1167,2730,19/04/2025,processing,239.03
1514,9438,13/07/2024,processing,1093.18
16572,4567,13/04/2024,cancelled,236.87
9638,1500,1/10/2025,processing,297.23
17166,8563,9/05/2024,returned,405.17
11477,7077,7/07/2025,cancelled,117.53
6852,5339,17/04/2024,completed,1133.6
13475,5561,3/03/2024,cancelled,97.91
2235,962,9/01/2024,returned,69.34
2429,9314,30/10/2024,returned,139.06
769,8892,17/09/2025,returned,67.44
13799,3645,2/05/2025,returned,134.65
11600,6862,12/11/2024,cancelled,1397.49
8957,173,5/01/2024,completed,1352.63
3,7252,27/04/2025,processing,665.06
3287,7712,5/01/2024,processing,218.27
5244,4063,23/09/2025,processing,355.14
10136,2855,28/11/2024,completed,74.32
16192,4759,22/07/2024,shipped,207.49
3471,7607,12/06/2025,processing,220.44
14320,9789,14/06/2025,cancelled,102.15
15713,3520,19/12/2024,completed,935.69
13789,8945,29/05/2024,processing,1615.42
19052,5151,20/01/2024,completed,24.35
17430,802,11/05/2025,returned,22.55
19709,1289,6/09/2024,cancelled,1407.61
17219,6218,23/12/2024,processing,536.38
6786,5475,19/10/2024,returned,296.4
15667,8439,21/01/2024,processing,623.39
11303,8856,14/02/2025,returned,175.03
2695,957,21/04/2024,processing,955.83
15407,4196,3/10/2024,completed,228.8
19583,671,23/08/2025,returned,122.63
15150,4018,18/07/2024,cancelled,15.52
533,8535,1/10/2025,completed,694.93
8235,1153,1/02/2025,returned,118.8
13284,9881,21/11/2024,cancelled,364.18
1585,7762,29/07/2025,returned,540.15
10349,4632,30/07/2024,completed,165.03
10583,6662,14/05/2024,completed,71.51
7407,6585,17/03/2024,cancelled,22.53
2669,8755,24/04/2024,cancelled,2130.25
2307,6193,20/04/2024,processing,64.22
7862,8011,24/04/2025,shipped,1170.57
1597,5606,30/03/2025,shipped,73.39
5273,5124,14/11/2025,shipped,92.23
18313,9854,27/03/2024,completed,20.74
18170,4553,25/03/2025,returned,19.24
8712,3881,23/08/2024,processing,331.66
14068,7784,23/03/2025,processing,203.45
15071,714,17/04/2025,processing,814.3
18080,6664,4/09/2025,returned,475.14
12717,232,6/11/2025,completed,83.72
17043,8706,25/11/2024,completed,29.34
18115,7906,13/03/2025,shipped,242.13
19884,4453,19/05/2024,shipped,1329.84
10263,1250,16/02/2025,shipped,170.53
6601,8727,14/03/2024,completed,42.25
18874,4999,5/11/2024,returned,242.77
15995,4788,15/08/2024,cancelled,1931.88
15294,7141,6/03/2024,completed,47.91
16533,886,27/10/2025,processing,1211.64
7659,7871,4/11/2025,shipped,1493.94
2286,9987,7/01/2024,completed,9.81
751,7798,20/04/2025,completed,106.99
1181,3410,25/05/2025,returned,93.98
2117,5514,23/08/2025,returned,251.65
8939,3458,15/07/2025,shipped,101.93
9408,9868,30/05/2025,shipped,9.25
13786,3107,2/12/2024,shipped,135.85
13744,2153,31/05/2024,returned,1338.53
17156,2364,30/03/2024,returned,24.1
11854,6383,21/10/2025,processing,3393.68
14025,5421,4/05/2024,shipped,406.28
11043,8378,22/03/2025,shipped,1233.14
10943,5049,22/08/2024,completed,106.29
3663,8119,8/04/2025,cancelled,58.15
17164,7277,10/03/2024,cancelled,59.17
16711,1043,4/02/2025,shipped,1153.09
9026,3585,23/01/2024,cancelled,219.55
12494,1525,19/02/2025,returned,818.4
18328,8724,11/07/2024,shipped,124.84
2453,1123,13/09/2025,completed,604.62
11721,1417,17/10/2025,cancelled,284.85
17856,9672,5/04/2025,cancelled,1304.09
6140,1680,21/11/2024,processing,1503.95
9820,4943,27/02/2024,cancelled,241.45
3210,9313,11/08/2024,shipped,3236.7
5408,7912,26/04/2024,shipped,249.65
1397,976,18/03/2024,completed,71.15
1495,3871,9/05/2025,returned,38.54
1632,3112,4/09/2024,shipped,740.75
2745,7840,2/07/2025,cancelled,68.81
4228,1160,5/11/2024,cancelled,135.64
4205,7936,18/10/2025,cancelled,151.04
1563,6754,14/08/2025,returned,43.64
10472,4682,2/11/2025,completed,334.9
9027,8261,19/08/2024,returned,245.16
11492,6493,7/11/2025,shipped,758.69
617,411,27/11/2024,returned,332.94
18823,139,17/04/2025,completed,75.62
2804,401,13/03/2024,processing,32.46
704,9746,11/05/2024,cancelled,128.44
2349,7891,10/02/2025,processing,48.4
30,2144,7/02/2024,shipped,265.14
14768,2027,5/08/2025,cancelled,1511.11
12480,9192,6/09/2024,shipped,384.73
15670,1803,30/05/2024,shipped,419.26
13218,5553,23/09/2025,processing,2373.36
19187,612,5/11/2025,processing,1298.77
3576,7956,21/01/2025,cancelled,1094.77
9294,2051,2/06/2025,cancelled,580.69
5832,964,12/11/2025,returned,2897.95
6269,6376,30/03/2025,cancelled,7793.2
7815,6365,10/08/2025,returned,1870.01
11780,1690,22/02/2024,cancelled,64.51
1491,5845,26/06/2024,returned,851.36
5858,8158,27/04/2025,returned,272.05
791,1036,1/12/2024,processing,1269.3
18801,9504,1/06/2024,processing,344.19
2285,4270,14/01/2024,cancelled,216.73
3076,9525,11/12/2024,completed,1167.94
19244,1274,29/10/2025,processing,128.02
1300,6240,19/10/2025,shipped,404.65
13646,7357,10/03/2024,shipped,272.53
1920,9786,15/06/2025,shipped,53.51
13674,4098,17/10/2024,completed,154.64
18795,8934,10/09/2025,processing,984.08
7935,8329,11/07/2024,shipped,9.74
14670,8707,13/03/2024,completed,297.47
16282,2947,25/05/2024,completed,92.24
8220,5439,16/01/2025,shipped,122.3
1557,9272,18/03/2024,returned,504.91
2311,4522,18/12/2024,cancelled,1017.19
6408,5765,30/08/2024,completed,126.76
16778,9646,22/03/2025,returned,162.47
13207,8098,10/09/2025,cancelled,335
15266,2223,1/10/2024,processing,1123.39
16775,410,4/03/2025,shipped,3066.77
10049,9784,3/10/2025,processing,260.17
3163,3920,15/01/2024,shipped,127.92
9154,3855,5/06/2025,completed,323.01
5672,3939,28/02/2024,cancelled,780.51
18435,9583,11/11/2025,completed,523.48
8781,4487,1/09/2025,returned,33.99
1750,8374,9/04/2024,shipped,87.54
12670,8875,24/08/2025,shipped,175.44
16268,1064,12/09/2025,returned,6.58
12757,9833,1/03/2025,cancelled,541.54
13897,1249,15/07/2025,cancelled,418.72
11981,6673,20/07/2024,processing,1603.1
5819,2674,27/08/2024,shipped,1133.06
2451,3635,20/02/2024,processing,278.14
11169,9842,30/09/2024,completed,4.51
8547,9110,28/07/2024,returned,65.6
7776,4790,22/09/2024,returned,2109.34
8642,5309,21/11/2024,returned,83.09
8142,5563,30/06/2024,processing,623.67
6896,5334,3/01/2024,returned,142.59
10544,2400,29/01/2025,shipped,1187.3
2637,1884,31/07/2025,completed,476.01
15287,5202,2/04/2025,processing,103.54
4454,9060,6/04/2025,shipped,455.87
14446,4846,26/08/2024,completed,770.97
16096,5701,11/01/2024,completed,1076.53
17050,5764,25/09/2025,completed,101.71
2722,837,23/01/2024,completed,231.3
2026,4255,2/11/2025,shipped,348.52
14157,2255,29/06/2024,returned,2903.49
2417,4030,4/06/2024,processing,3072.82
6036,1149,1/07/2025,shipped,195.36
19919,1628,28/06/2024,returned,962.27
18505,4748,16/10/2024,cancelled,50.01
18634,8144,26/10/2024,processing,2565.49
12825,1572,7/06/2025,completed,84.86
17678,2436,8/09/2024,returned,295.65
15653,6823,27/07/2025,returned,2234.51
11751,6181,5/11/2024,cancelled,1148.47
10698,3703,15/06/2024,completed,861.84
18915,7815,20/08/2024,completed,398.61
2279,517,16/08/2025,returned,1535.55
429,2332,5/02/2024,processing,197.07
10411,2259,31/07/2025,processing,901.24
8497,3790,12/07/2025,shipped,309.92
6954,5528,29/07/2025,returned,184.48
3337,948,21/07/2024,returned,145.92
6424,2998,12/12/2024,returned,2.75
13800,1886,12/09/2024,shipped,346.5
3285,7679,28/11/2024,completed,75.93
2154,9212,20/04/2025,returned,178.96
1301,8876,21/10/2025,completed,208.92
19702,3606,14/12/2024,returned,2643.07
14702,8481,28/09/2025,processing,373.82
19247,145,22/06/2025,cancelled,1388.9
14555,8226,10/03/2024,completed,273.4
17539,9367,19/10/2025,completed,2770.8
2768,1922,3/11/2025,cancelled,353.02
6372,7833,25/02/2024,cancelled,1677.96
8627,6805,4/03/2025,completed,398.82
15588,3230,3/07/2025,shipped,141.25
1192,2169,7/09/2024,returned,49.66
15032,6682,6/07/2025,shipped,39.32
15112,927,5/06/2024,returned,70.84
19522,5717,20/04/2024,cancelled,83.14
4797,494,9/04/2025,shipped,42.91
19294,7965,26/09/2025,returned,235.46
7425,5577,10/01/2024,returned,145.37
2124,7224,4/02/2025,returned,125.28
10323,2641,9/02/2025,returned,661.96
19148,7856,30/10/2025,returned,576.43
17953,2309,3/06/2024,shipped,60.91
4517,1092,20/06/2025,returned,1888.23
19559,1135,22/08/2024,completed,121.03
10693,7656,14/01/2024,processing,743.23
11717,2428,27/06/2024,completed,361.55
3069,8264,1/06/2024,returned,702.55
5253,2464,10/06/2025,processing,48.22
5620,6281,24/08/2025,returned,20.14
18559,6988,26/03/2024,cancelled,598.63
4013,8786,1/03/2025,cancelled,74.66
5757,1206,23/03/2025,cancelled,87.02
9801,4918,26/04/2024,completed,233.7
5806,4646,2/04/2024,processing,4314.32
6395,2152,28/07/2025,processing,52.92
8675,7541,11/10/2025,completed,1269.75
14983,9642,18/02/2025,shipped,182.46
16045,6193,7/06/2025,completed,254.94
903,3546,26/05/2025,shipped,74.93
493,7738,22/09/2024,completed,918.96
10736,5695,16/09/2024,processing,20.4
5733,889,19/05/2025,completed,21.1
19521,4211,28/03/2024,returned,37.69
3834,1883,27/10/2025,processing,43.42
6470,10,21/07/2025,cancelled,382.75
14355,535,23/03/2025,completed,186.13
11170,3461,6/07/2025,cancelled,455.43
7032,7148,8/10/2024,completed,1531.42
15861,2680,30/12/2024,processing,137.83
3722,8463,26/04/2024,returned,1618.12
5790,8951,17/05/2024,returned,770.45
9880,3991,10/02/2024,completed,553.29
13115,7982,17/07/2024,shipped,316.56
13067,1975,8/02/2025,cancelled,8.47
2321,3728,26/05/2024,returned,599.6
518,7923,17/01/2024,shipped,160.06
10425,453,6/03/2024,shipped,643.26
3047,5164,20/08/2024,cancelled,570.05
19183,2116,24/01/2025,returned,37.9
18546,3692,27/06/2024,shipped,1413.95
19728,6351,3/02/2024,completed,58.1
331,6201,28/01/2025,returned,238.04
19498,5357,9/06/2025,completed,41.84
14639,3669,25/09/2025,completed,255.71
17857,6603,27/01/2024,processing,30.77
2431,6788,17/04/2025,shipped,626.29
6119,2066,23/08/2025,returned,367.54
7703,6557,18/02/2025,completed,183.59
10151,3636,20/01/2025,completed,255.91
12168,9105,1/02/2024,cancelled,120.33
12361,7744,25/12/2024,cancelled,350.41
7476,4887,7/03/2024,processing,708.12
1630,9491,5/05/2025,shipped,273.48
9183,3887,31/05/2024,shipped,145.19
5074,1104,28/09/2025,returned,76.59
15267,3550,4/08/2024,processing,2225.76
2612,8176,22/10/2025,processing,165.96
6280,1072,29/03/2024,processing,392.17
3625,2700,20/03/2025,cancelled,5334.36
5359,9258,30/10/2025,cancelled,1784.29
10525,9661,5/10/2024,processing,108.68
7795,3453,21/08/2024,shipped,24.62
14143,6273,4/02/2024,returned,2459.65
12837,3534,4/04/2025,cancelled,336.88
7730,8148,22/06/2025,completed,19.96
8892,9675,17/10/2024,shipped,570.53
4787,5104,28/04/2024,completed,128.9
9196,3847,22/08/2025,completed,69.42
9983,6157,29/05/2025,returned,2032.5
906,801,20/07/2025,cancelled,86.11
722,311,5/01/2025,completed,118.8
9951,5300,11/03/2025,shipped,650.61
208,8591,1/09/2024,shipped,119.52
4231,6686,23/01/2024,shipped,255.95
6770,542,12/05/2025,completed,293.13
16548,4668,4/11/2025,cancelled,329.38
13627,9508,29/08/2024,processing,9.8
3018,6435,30/04/2025,shipped,588.32
10657,8770,17/04/2024,shipped,122.09
14523,4677,4/02/2025,cancelled,980.19
9651,3268,18/09/2024,completed,37.22
16641,4601,29/02/2024,processing,922.55
12295,3003,1/09/2024,completed,379.98
12321,1831,22/03/2025,processing,671.24
12230,9038,28/08/2025,cancelled,92.24
1992,8387,19/02/2025,processing,761.43
6147,5653,5/03/2025,returned,225.99
6157,5686,29/10/2024,cancelled,57.18
6597,5600,13/12/2024,cancelled,39.84
3036,8207,16/06/2025,shipped,251.14
1758,9708,3/06/2025,cancelled,42.47
3070,5706,3/08/2024,cancelled,1878.86
15260,362,9/11/2025,processing,288.84
9779,4710,24/02/2024,processing,172.42
12514,6490,20/07/2024,completed,59.25
6755,5532,29/01/2025,cancelled,957.42
12581,5098,8/08/2024,processing,3593.95
14721,8930,25/07/2024,processing,1236.95
434,8366,1/07/2024,processing,771.15
14293,7690,6/09/2024,cancelled,12.76
12976,4842,21/09/2025,completed,94.4
13596,2684,25/05/2024,completed,68.51
18147,4689,3/10/2024,completed,712.19
12474,9553,12/08/2025,processing,684.78
9444,6104,21/03/2025,returned,168.04
7055,9303,17/02/2024,shipped,266.56
17778,4389,16/03/2025,cancelled,349.45
14940,7962,8/02/2025,processing,202.11
10228,9760,13/03/2024,completed,22.25
12466,1886,27/07/2025,cancelled,76.49
14898,481,9/09/2025,shipped,1085.66
10209,4660,24/08/2024,completed,115.62
18862,6104,25/07/2025,returned,553.8
15690,654,2/07/2025,cancelled,22.11
12597,3563,15/03/2025,processing,26.31
12531,8345,29/08/2024,completed,14.09
7969,6309,22/03/2024,cancelled,811.21
6969,9598,15/02/2025,completed,51.95
16144,9563,9/02/2024,cancelled,489.61
10894,1024,9/07/2024,returned,127.92
14208,369,18/01/2024,processing,317.15
7974,736,27/06/2024,cancelled,226.41
11445,8419,1/03/2024,processing,2374.82
6821,9904,9/11/2025,cancelled,643.18
19718,2032,22/01/2024,shipped,107.86
1074,253,3/04/2025,completed,464.85
887,572,10/07/2025,returned,89.08
12191,4315,24/02/2024,returned,1130.78
18262,9657,22/02/2025,returned,858.55
8891,955,17/04/2024,processing,491.67
12954,2841,10/06/2025,returned,214.33
5760,7777,18/01/2025,cancelled,477.04
7283,3189,16/10/2024,cancelled,133.02
11389,5429,10/03/2025,returned,136.65
10322,5997,8/06/2024,shipped,809.94
11390,2878,29/05/2025,completed,299.66
15583,3568,26/04/2024,completed,55.14
15833,2540,1/01/2025,cancelled,485.24
17249,414,23/07/2025,returned,1557.84
12120,4232,21/02/2024,shipped,307.27
6924,4592,10/09/2024,processing,78.36
16871,3209,10/12/2024,shipped,852.48
162,3794,16/10/2025,completed,4995.83
13154,2192,6/10/2024,completed,824.25
10914,5461,30/10/2024,cancelled,2927.15
14457,3499,20/06/2025,cancelled,28.04
6785,8900,12/11/2025,completed,299.58
7423,4531,12/11/2024,completed,71.29
3255,9340,14/03/2025,cancelled,200.27
19359,169,9/03/2025,completed,831.94
18853,6310,25/04/2024,cancelled,142.51
5320,5803,13/04/2025,processing,43.7
8695,1078,13/10/2024,cancelled,56.04
16010,1814,1/08/2025,processing,524.33
4194,7596,22/06/2024,completed,626.53
17459,7897,10/08/2025,returned,1898.69
8165,4393,17/03/2024,returned,31.57
9890,5035,7/07/2025,shipped,209.43
5971,2187,16/12/2024,returned,100.06
8817,8925,7/12/2024,shipped,694.32
5251,998,20/01/2025,completed,1015.47
4809,4163,5/04/2024,returned,452.74
17106,7834,7/03/2025,shipped,31.7
3418,8387,1/09/2025,returned,569.52
15775,4606,3/03/2024,processing,251.52
8371,7167,21/04/2024,completed,3059.58
10646,8728,9/01/2025,cancelled,1053.35
1613,3174,23/05/2025,returned,230.45
7553,8412,1/03/2024,shipped,1340.76
5600,9104,1/04/2024,cancelled,883.85
19570,8865,12/05/2024,completed,1283.45
6383,4053,14/02/2024,processing,449.62
14217,9047,15/07/2024,returned,95.77
266,8502,10/03/2024,completed,272.57
11759,233,1/07/2024,returned,2731.48
8992,3779,8/05/2025,processing,658.35
762,5358,29/04/2025,completed,535.01
12803,1744,6/07/2025,returned,154.35
6642,471,19/03/2025,cancelled,60.52
13926,928,10/08/2025,cancelled,524.82
9403,6839,19/05/2024,processing,1316.52
19625,321,30/03/2024,shipped,170.56
17204,3817,19/02/2025,cancelled,243.18
4490,8011,1/04/2025,returned,66.54
17836,2711,27/01/2024,shipped,295.08
1665,4575,25/02/2024,returned,1648.6
4259,4765,7/04/2025,processing,142.38
5425,6155,21/10/2025,shipped,581.58
13130,1945,20/09/2024,processing,19.76
3409,1654,9/11/2025,processing,69.5
9334,4264,3/02/2025,returned,52.95
5967,7324,24/06/2024,cancelled,1941.1
11109,4867,27/02/2025,shipped,143.79
7242,6976,21/03/2025,returned,221.26
15482,5792,14/09/2024,returned,1143.83
18948,6714,7/10/2025,returned,1321.95
19814,9740,27/12/2024,returned,301.08
15068,1585,31/10/2025,completed,1444.97
1233,8347,15/12/2024,shipped,30.77
4284,9107,2/04/2024,completed,163.62
16269,5446,10/05/2024,completed,63.38
19474,3987,21/06/2024,returned,407.67
18633,1785,6/03/2025,shipped,230.69
6949,7428,1/11/2025,shipped,1266.58
4302,6532,5/11/2024,returned,1098.37
14912,7004,1/03/2025,processing,640.88
578,1675,5/08/2024,shipped,148.86
1725,3019,19/11/2024,processing,16.14
6173,1610,17/05/2025,shipped,76.79
9786,968,18/07/2025,shipped,384.7
6753,3750,11/02/2025,returned,39.52
8160,1621,6/07/2025,returned,1325.75
14919,2533,13/10/2025,cancelled,195.37
1600,6030,3/08/2024,cancelled,146.81
11235,4031,1/10/2025,processing,797.93
8720,6622,5/11/2024,processing,1515.39
4725,8542,9/06/2025,completed,57.65
14413,6323,5/04/2024,cancelled,391.69
17295,3817,31/08/2024,returned,350.04
12575,4131,28/05/2025,processing,104.84
14503,1505,3/01/2025,returned,871.99
7155,7536,9/05/2025,cancelled,132.05
13035,9950,7/05/2025,completed,367.05
13877,2392,15/07/2024,returned,250.98
13088,6173,9/11/2025,processing,22.53
1009,4751,22/01/2024,returned,51.05
5630,3656,2/09/2024,cancelled,194.72
8301,1404,23/05/2024,cancelled,1412.41
6573,8616,13/09/2025,cancelled,278.71
19398,3237,26/01/2024,shipped,47.33
1813,5155,7/07/2025,returned,32.11
4052,8463,21/04/2024,cancelled,163.19
11587,6031,21/07/2025,cancelled,1320.8
17145,6426,15/04/2024,returned,158.36
11870,952,5/05/2024,cancelled,166.04
9468,6884,1/10/2025,shipped,2020
18785,1465,26/10/2025,completed,3552.96
6211,8582,12/01/2025,cancelled,314.95
13964,3502,2/03/2025,processing,802.68
16,6392,1/10/2025,processing,127.42
3842,232,27/02/2025,returned,20.06
13033,4906,5/12/2024,processing,4143.52
8857,8555,25/06/2024,returned,66.22
2362,6880,30/04/2025,processing,1008.77
2358,3640,18/04/2025,shipped,210.39
594,3433,20/04/2024,processing,1957.91
7578,6020,30/12/2024,completed,38.8
19141,2362,21/06/2024,returned,195.21
4439,5535,14/11/2025,shipped,194.05
13557,2102,23/07/2025,completed,397.67
1991,4507,9/11/2025,returned,275.17
19951,9016,10/01/2025,returned,665.24
12688,9271,9/02/2025,completed,317.61
8291,7874,13/01/2024,cancelled,2218.56
1014,2581,26/10/2025,returned,423.57
15686,1047,12/09/2024,returned,199.13
17906,368,15/03/2024,returned,694.32
19549,2361,17/02/2025,returned,81.47
12153,1891,24/01/2024,processing,670.61
4467,1214,2/11/2025,shipped,754.97
18389,9222,12/07/2024,shipped,22.55
6371,684,14/04/2024,cancelled,56.37
16333,3779,26/02/2024,processing,412.84
13460,8525,22/10/2025,returned,626.95
16692,2369,6/06/2025,returned,103.45
7592,8229,19/06/2025,processing,60.85
17116,3255,17/05/2024,processing,110.56
10039,8717,30/07/2025,shipped,116.32
18409,8514,21/01/2024,returned,617.12
7879,4544,23/08/2024,processing,1178.65
13777,2941,20/10/2024,shipped,278.74
16204,1898,17/06/2024,processing,1073.61
4998,8088,30/11/2024,shipped,2553.82
7198,5691,26/01/2025,cancelled,382.52
7829,7574,17/05/2025,completed,81.49
7994,4335,18/02/2024,cancelled,1555.95
9767,5338,2/12/2024,processing,1388.44
10787,3844,8/05/2025,processing,286.75
6623,7787,5/04/2024,returned,68.12
1223,4951,29/01/2024,processing,4.51
18247,6369,12/06/2025,returned,44.94
12091,9034,20/10/2024,cancelled,1758.92
8029,1342,30/01/2025,returned,1477.71
5531,8335,13/08/2025,completed,208.75
7498,2288,16/10/2024,shipped,63.98
118,7481,26/09/2024,processing,231.8
17983,4701,26/02/2024,shipped,453.86
12855,2159,21/08/2024,shipped,145.19
12004,2028,26/05/2025,returned,314.46
5213,2177,18/07/2024,completed,31.47
18670,1052,25/05/2024,completed,450.04
6265,8826,20/11/2024,returned,2594.72
17538,3296,21/02/2024,cancelled,611.98
6045,2220,15/09/2025,returned,26.68
15138,925,1/07/2025,cancelled,70.33
4612,9429,25/08/2024,shipped,255.94
7997,6515,16/05/2024,shipped,125.24
16212,7216,19/07/2025,processing,651.22
16114,8006,8/08/2025,shipped,329.4
7480,6106,5/06/2024,returned,1421.23
16838,2706,18/01/2025,processing,455.32
17047,597,4/10/2025,returned,64.23
1494,9944,17/06/2024,processing,2274.21
937,8218,17/03/2025,shipped,69.43
7838,8391,29/01/2025,completed,260.17
8689,684,25/08/2025,cancelled,984.96
13647,3313,28/04/2024,cancelled,351.09
2880,761,29/01/2025,processing,5.11
17505,8655,24/03/2024,shipped,110.72
18747,7419,2/02/2025,returned,124.83
1649,6395,11/10/2024,completed,1989.66
4959,2880,7/07/2024,completed,256.4
15160,9962,5/10/2025,completed,154.67
5192,528,26/06/2024,cancelled,1935.19
535,4420,3/11/2024,cancelled,92.72
14586,487,11/08/2025,processing,179.48
16884,289,5/03/2025,processing,2159.16
2273,4030,2/04/2024,cancelled,239.36
12889,817,4/11/2025,returned,2258.2
9073,3139,16/10/2025,cancelled,505.68
14808,7241,20/05/2025,processing,561.57
12061,7229,21/10/2025,shipped,31.98
604,1570,21/06/2024,completed,244.44
4330,9290,21/10/2024,cancelled,44.83
3451,8206,26/07/2025,completed,554.81
15330,2383,16/02/2025,cancelled,1214.18
5316,2127,3/11/2024,returned,60.37
5890,7261,13/12/2024,shipped,2061.65
11252,2856,9/02/2024,shipped,241.73
1114,8406,14/09/2025,returned,538.62
10999,3957,2/08/2025,cancelled,418.78
16378,3137,29/01/2024,shipped,793.78
10755,8924,14/09/2025,shipped,53.19
15092,3216,10/01/2024,shipped,1442.62
12259,8096,15/09/2025,shipped,552.77
16464,1714,11/11/2024,shipped,452.46
2731,9318,14/04/2025,completed,349.03
3517,4925,11/09/2024,completed,125.28
11969,1321,18/09/2024,processing,33
17925,6504,20/01/2025,processing,22.28
5284,4304,26/02/2025,completed,377.93
7972,7265,8/10/2024,shipped,44.4
12667,8710,27/05/2025,cancelled,186.13
12285,6536,8/03/2024,returned,98.79
11165,1881,30/01/2025,cancelled,40.03
11437,4141,19/10/2025,processing,110.72
8313,5346,22/03/2024,returned,378.59
286,8461,9/01/2025,cancelled,1831.44
3265,7877,22/08/2025,cancelled,26.07
6627,3235,26/01/2025,shipped,3112.56
12208,352,8/05/2025,shipped,146.81
6678,1544,26/06/2024,processing,53.8
10897,1438,3/01/2024,completed,1092.38
15876,3187,15/02/2025,completed,21.3
13690,8303,14/05/2025,returned,30.82
9359,2201,9/03/2024,shipped,223.58
18700,2915,22/12/2024,shipped,336.32
12655,4464,9/04/2025,completed,511.04
14528,553,10/01/2024,cancelled,370.07
14213,9428,16/05/2025,processing,567.75
2098,4023,8/04/2024,completed,188.09
2530,3717,15/04/2024,processing,132.56
14139,5636,12/09/2024,returned,102.08
14245,589,14/06/2024,cancelled,403.08
18617,9377,13/11/2025,completed,1080.46
4586,3427,1/11/2025,cancelled,6123.01
13683,9071,11/12/2024,completed,214.39
18462,8921,12/05/2025,returned,152.86
656,2931,26/08/2025,completed,306.66
3484,5348,30/03/2024,processing,364.94
3183,2102,10/08/2024,completed,45.74
4698,3034,25/05/2025,returned,173.94
2593,8631,2/10/2025,cancelled,551.01
4035,7972,11/04/2025,cancelled,1751.06
10053,3138,6/09/2024,processing,175.83
15816,299,2/03/2024,completed,766.75
8924,2968,18/03/2025,returned,59.91
9074,492,3/10/2025,cancelled,366.88
6436,2438,31/10/2024,shipped,36.51
6729,8820,5/03/2024,shipped,176.98
9930,2572,24/04/2024,completed,954.24
8466,3959,18/06/2025,shipped,337.8
10232,1003,22/05/2025,shipped,874.11
16459,27,22/09/2024,shipped,1125.55
2147,3750,1/04/2025,completed,2670.07
13762,1583,1/07/2024,cancelled,697.8
10149,795,1/11/2024,processing,1.49
13666,5369,5/06/2024,completed,1360.3
10877,9657,4/08/2024,returned,565.37
10243,1300,25/08/2024,shipped,1051.42
3325,5972,14/01/2024,returned,529.06
8191,208,24/04/2024,returned,813.79
14811,6574,1/03/2025,completed,328.61
6364,3564,5/12/2024,returned,594.51
18992,6440,25/10/2024,shipped,65.55
15814,9380,7/04/2024,processing,40.02
142,6344,26/10/2024,cancelled,781.14
9954,175,22/01/2025,processing,1644.91
12030,7801,6/10/2025,shipped,52.06
16019,3507,16/03/2025,completed,98.3
8439,8131,21/11/2024,returned,149
8108,3983,16/07/2024,processing,46
5887,9807,6/07/2024,shipped,2757.36
7122,6300,9/10/2025,shipped,1174.48
14882,8420,10/08/2024,processing,2956.05
19053,9209,9/05/2025,shipped,288.79
10603,856,18/06/2025,cancelled,835.66
1308,5529,23/02/2025,completed,150.13
5868,8341,28/04/2025,cancelled,65.06
14263,7670,3/01/2025,cancelled,780.86
6473,8063,1/07/2024,processing,1735.18
19537,2508,2/11/2025,completed,4140.43
2158,528,12/05/2024,shipped,729.8
1641,395,18/12/2024,returned,691.46
1934,4853,13/06/2025,shipped,505.82
10339,981,9/04/2024,shipped,13.83
10981,4418,21/02/2024,cancelled,278.72
12453,3378,1/01/2024,processing,699.56
15060,3079,22/02/2024,completed,83.14
7418,3335,17/08/2025,cancelled,452.11
6548,5598,6/12/2024,completed,2784.07
10628,5021,15/12/2024,returned,379.76
7866,1321,26/09/2025,cancelled,20.41
6158,858,18/04/2025,processing,94.02
16123,7491,15/11/2024,processing,121.29
3091,4238,3/08/2025,returned,44.29
18930,868,1/05/2025,cancelled,201.32
14787,9843,11/09/2025,processing,253.68
10342,9292,25/10/2024,returned,304.74
19678,8775,9/06/2025,completed,215.65
15378,6087,30/08/2025,returned,414.33
7799,5420,5/10/2024,processing,428.94
12372,2950,23/10/2024,shipped,685.74
18877,9219,26/05/2025,processing,1158.99
1462,7869,18/03/2025,completed,1340.76
9991,2847,17/03/2025,cancelled,238.88
5193,5627,19/10/2025,completed,447.42
15616,7909,4/02/2025,processing,29.53
312,3472,16/03/2024,shipped,1113.78
4646,4866,2/07/2025,completed,5.28
5058,2775,7/09/2024,cancelled,99.06
16390,672,29/10/2024,completed,36.95
8780,2829,10/03/2025,processing,99.78
17512,9055,9/09/2024,completed,294.22
2968,8434,29/03/2024,returned,302.09
5145,608,18/02/2024,shipped,452.72
10997,6864,27/05/2024,shipped,354.29
292,7310,18/02/2025,processing,581.24
4417,2701,17/03/2024,shipped,399.98
6812,3218,31/05/2025,cancelled,157.71
6191,2239,23/04/2025,shipped,868.13
787,2255,25/07/2024,cancelled,26.49
899,2789,8/06/2025,processing,407.54
13380,26,16/06/2024,shipped,70.33
5492,4903,29/10/2025,completed,332.04
10446,5379,25/08/2025,cancelled,1645.55
9176,4962,22/05/2025,processing,580.06
222,8552,11/08/2024,completed,119.3
764,6613,23/11/2024,completed,941.03
5288,8232,23/10/2025,shipped,649.82
14282,8836,22/09/2025,returned,52.87
11644,1052,17/08/2024,cancelled,114.53
1176,2194,13/06/2025,returned,105.52
5648,3056,30/06/2024,processing,740.34
7814,7512,22/07/2025,shipped,52.29
14753,2469,1/02/2024,completed,292.77
10096,8849,4/08/2025,returned,409.61
10575,3728,27/08/2025,processing,327.79
7890,2346,7/01/2024,processing,344.84
11895,4247,2/03/2025,cancelled,483.74
7567,17,26/01/2025,cancelled,479.8
10467,7520,1/02/2025,returned,20.26
3012,2439,3/03/2025,processing,45.28
16699,6247,26/05/2024,shipped,1823.48
18041,6988,1/09/2025,cancelled,2126.55
5850,6314,15/03/2025,shipped,2212.5
6387,9527,26/09/2025,cancelled,288.57
10408,5721,1/04/2025,shipped,130.34
9428,3890,10/04/2024,completed,32.88
15183,7621,1/09/2025,returned,141.4
16297,3262,7/05/2025,cancelled,38.31
2784,1588,26/03/2024,completed,336.44
2923,167,17/05/2024,completed,1324.11
3691,175,8/12/2024,processing,241.13
13081,6559,3/09/2025,cancelled,149.22
19677,106,8/06/2025,shipped,523.03
17121,7567,8/11/2025,shipped,4804.48
14168,4119,11/09/2024,shipped,871.92
19087,282,10/06/2025,shipped,110.22
14173,3113,1/06/2024,cancelled,17.6
15592,6628,28/04/2024,shipped,800.85
13791,9466,21/10/2025,shipped,257.99
1006,3072,6/11/2024,completed,155.39
16646,4662,23/02/2024,completed,29.83
7362,3673,10/04/2024,returned,167.32
18799,6026,15/05/2024,returned,1023.73
7689,1914,5/03/2025,returned,1064.52
11310,9183,12/10/2024,returned,293.62
19201,6072,25/06/2024,processing,838.04
2291,9236,14/04/2025,completed,469.76
13867,5060,24/04/2025,completed,761.98
8582,1209,30/09/2024,processing,353.65
13960,6861,30/09/2024,processing,31.35
6351,5669,27/07/2025,shipped,111.12
3359,357,4/09/2024,completed,2171.31
18473,3038,23/12/2024,returned,346.46
6409,7880,8/06/2025,completed,1979.6
15532,9615,24/04/2024,processing,101.91
5462,7833,29/02/2024,shipped,178.96
14073,7881,27/10/2025,cancelled,42.31
3852,4996,20/12/2024,processing,23.33
6916,4747,22/08/2025,returned,86.47
11223,1279,2/09/2025,cancelled,548.83
6305,2360,3/06/2024,returned,2011.39
3121,4617,4/02/2025,shipped,121.02
4188,3874,8/10/2024,completed,250.79
10596,7386,19/05/2025,shipped,1192.85
17867,9510,23/04/2025,returned,2456.57
13581,3462,2/08/2024,shipped,103.3
6413,1628,17/08/2025,completed,283.42
11541,1053,23/10/2025,cancelled,246.4
15264,52,25/10/2025,returned,566.53
5771,5529,29/01/2024,shipped,5.66
1019,6318,22/07/2025,processing,112.19
15521,7587,8/08/2025,processing,326.86
720,6219,5/03/2025,returned,5.84
4457,5357,13/11/2025,returned,1406.66
6873,815,7/05/2025,processing,69.57
5675,3321,1/06/2024,completed,283.47
16858,2649,10/01/2025,cancelled,1956.36
17723,3516,13/06/2025,completed,259.9
517,5325,25/04/2024,shipped,1471.73
6378,9691,28/05/2024,returned,302.35
473,9281,30/12/2024,cancelled,195.79
15817,4069,16/06/2025,completed,402.37
6935,6203,10/01/2024,processing,113.45
18963,4554,7/10/2024,completed,790.08
10822,6836,16/05/2025,processing,77.08
11132,9187,16/10/2025,processing,44.89
1351,3273,18/10/2024,completed,20.31
13615,8674,25/08/2025,processing,1055.26
750,5505,2/03/2024,completed,433.49
3896,918,25/08/2024,shipped,6.75
10044,4822,29/09/2024,shipped,503.43
1900,3365,6/12/2024,shipped,77.58
12692,8161,16/06/2024,cancelled,237.26
11013,5296,15/06/2024,cancelled,159.29
9621,5616,8/06/2025,returned,227.75
4854,844,26/04/2025,processing,2313.19
16444,6305,7/05/2025,cancelled,82.98
2122,7299,20/05/2024,processing,548.89
5977,2805,13/07/2024,processing,134.22
17908,62,31/10/2024,shipped,189.79
14489,312,17/11/2024,cancelled,185.7
10810,8998,27/06/2024,shipped,709.5
10447,4546,13/03/2024,completed,2318.98
8476,7190,18/08/2024,returned,495.76
5610,6127,18/05/2025,returned,181.14
938,6729,12/12/2024,cancelled,222.92
19500,2899,2/08/2025,shipped,1525.07
11977,4719,26/06/2024,returned,152.77
17588,3869,27/12/2024,cancelled,2546.79
10430,588,2/01/2024,completed,31.35
7305,702,30/10/2024,completed,764.24
13007,6503,7/06/2025,shipped,599.32
5961,1672,5/03/2025,shipped,180.4
5882,6166,8/05/2024,shipped,167.98
12877,1285,15/04/2024,shipped,289.24
134,4675,4/09/2024,completed,35.22
5327,8435,21/01/2025,shipped,168.03
10083,8695,2/04/2024,returned,196.56
19757,1766,21/03/2024,shipped,489.1
19407,1936,19/07/2024,returned,4784.12
2401,4983,13/04/2025,returned,252.09
3659,6315,18/05/2025,returned,315.58
19881,3029,26/07/2024,shipped,943.5
1938,8359,22/08/2025,returned,36.42
15605,4074,23/05/2025,processing,808.27
15921,3669,20/07/2025,processing,1479.59
10893,6540,17/03/2025,returned,698.17
2786,1676,25/05/2025,completed,142.59
2845,9856,1/03/2025,returned,49.73
8801,4771,2/08/2025,returned,1574.61
4561,5231,24/06/2025,cancelled,68.77
1931,8460,26/01/2024,processing,590.54
18020,6658,28/09/2025,shipped,45.72
15646,3998,30/08/2025,returned,103.67
8146,645,1/04/2024,cancelled,239.9
18303,1574,16/01/2025,cancelled,171.93
13534,1687,10/06/2025,cancelled,143.08
12292,307,18/03/2024,shipped,217.99
11029,1594,23/09/2025,completed,1613.29
6614,9123,23/08/2024,processing,372.81
13883,6903,22/03/2025,processing,99.78
589,1164,8/01/2025,shipped,275.91
7189,8980,13/09/2024,processing,553.29
13638,5252,5/10/2025,cancelled,36.53
8537,7197,29/03/2024,shipped,1212.14
17263,8081,21/06/2025,shipped,294.72
14823,6766,8/11/2025,cancelled,74.97
7519,4280,25/06/2024,completed,726.33
778,6338,20/06/2024,processing,1436.36
9515,5468,19/09/2024,cancelled,157.79
14832,9655,10/09/2024,processing,104.55
567,1619,17/06/2024,cancelled,198.15
13922,6229,27/03/2024,processing,277.12
15868,4395,10/07/2025,shipped,249.39
204,4810,11/05/2025,completed,3590.85
6636,8264,15/04/2024,completed,228.06
13323,6982,25/05/2024,processing,925.17
10633,7876,22/06/2025,shipped,1603.75
12662,2019,4/10/2024,shipped,60.11
7090,6936,28/06/2024,completed,77.18
3767,7605,14/05/2025,cancelled,432.27
19394,3045,15/06/2025,processing,69.43
14384,1555,3/04/2024,shipped,47.35
19779,5610,24/05/2025,completed,227.85
707,533,28/08/2025,completed,87.46
10198,695,30/01/2025,completed,482.06
7179,461,2/07/2024,returned,61.2
10306,3355,14/01/2025,shipped,161.25
12206,7396,31/05/2024,returned,1440.19
12951,8505,23/04/2025,returned,797.86
2396,2362,16/01/2024,shipped,2954.41
6809,2916,17/08/2024,shipped,294.78
19755,531,9/06/2024,cancelled,95.81
12329,9444,4/03/2025,shipped,659.19
14629,79,15/06/2024,cancelled,114.32
19307,8051,26/07/2025,processing,113.44
8813,9051,18/09/2025,completed,33.02
3115,2215,7/11/2024,returned,633.09
3954,5425,21/10/2024,processing,700.79
13300,9020,31/08/2025,cancelled,253.2
18630,9517,15/04/2024,cancelled,224.43
16688,9006,1/03/2025,cancelled,220.57
10246,9884,14/02/2025,cancelled,362.23
17464,4125,3/10/2025,processing,250.11
14689,447,3/11/2025,processing,670.94
2027,3697,17/03/2024,completed,2292.67
18395,8194,2/11/2024,returned,893.72
19310,9167,26/08/2024,cancelled,112.79
2303,3035,12/10/2024,cancelled,656.55
15915,4414,22/03/2024,processing,276.55
17082,2764,29/05/2024,shipped,115.81
17178,3360,27/06/2024,completed,1427.86
7811,4579,31/10/2024,completed,64.95
15770,8759,21/06/2025,completed,17.35
9243,4479,9/02/2025,cancelled,1812.86
9285,7210,1/05/2025,cancelled,535.83
6331,3392,23/06/2025,processing,1320.89
7325,2075,25/05/2025,cancelled,723.9
9011,6735,12/12/2024,shipped,78.36
3682,6828,30/10/2025,returned,83.17
13927,1749,14/01/2024,cancelled,760.74
14133,303,28/04/2025,cancelled,9.81
7797,4892,15/03/2025,cancelled,195.61
5234,6268,16/08/2025,cancelled,66.82
12215,5201,24/07/2024,shipped,18.45
17555,914,20/09/2024,shipped,9.31
9729,5041,23/07/2025,returned,297.56
11281,8256,29/01/2025,completed,91.96
10312,9584,10/07/2024,cancelled,1001.68
8621,5427,5/08/2025,returned,239.55
2141,4009,29/10/2024,shipped,194.01
1646,4464,24/01/2024,processing,61.02
10389,382,6/11/2024,cancelled,521.16
10203,4624,9/03/2024,completed,681.52
18596,2423,27/10/2025,cancelled,360.34
10481,5625,15/08/2025,returned,88.96
5545,1600,17/10/2024,cancelled,298.25
12243,4438,3/07/2024,cancelled,467.01
12893,7468,12/07/2024,shipped,166.77
14545,7516,15/10/2024,processing,97.88
7340,7821,28/02/2024,returned,633.5
4138,5488,4/01/2025,shipped,222.65
9175,4242,3/12/2024,returned,152.6
18928,1272,18/01/2024,returned,668.21
18699,81,16/07/2024,completed,443.18
7540,7302,21/12/2024,completed,450.53
4047,8213,11/06/2025,cancelled,598.02
19298,8651,10/10/2025,cancelled,410.16
11404,4082,1/09/2024,processing,420.24
8806,5420,17/06/2025,completed,570.57
5198,3570,23/10/2024,completed,544.95
17281,2298,21/04/2024,shipped,229.68
18946,640,1/01/2025,shipped,137.52
10338,42,11/12/2024,cancelled,3.69
5780,4735,9/04/2025,processing,1097.4
7929,2039,15/04/2025,cancelled,1591.6
13079,1415,4/05/2024,returned,2484.27
1533,867,27/03/2024,completed,201
638,6414,9/09/2024,processing,722.97
19459,700,14/09/2025,processing,16.88
4292,97,11/05/2024,completed,2258.19
19785,939,9/01/2024,processing,111.79
10563,9187,20/10/2025,shipped,6.52
17786,5496,8/08/2024,completed,933.61
11762,7632,11/08/2024,shipped,763.66
18227,8884,20/02/2024,processing,40.28
12326,3735,13/07/2024,shipped,79.18
9856,7676,23/06/2025,cancelled,895.35
6709,5500,15/01/2025,cancelled,668.04
13967,5325,23/08/2025,shipped,96.19
2005,2489,26/07/2025,shipped,66.93
19776,7829,16/03/2025,processing,358.37
14575,8317,18/06/2025,returned,481.94
7164,9606,17/10/2024,shipped,2151.3
3007,4430,24/07/2025,processing,781.59
590,9060,15/04/2024,cancelled,1792.76
19949,8983,14/07/2025,completed,1855.06
827,7763,24/06/2025,returned,50.3
16292,5877,9/01/2024,cancelled,92.23
18277,2110,27/03/2025,cancelled,73.94
5329,9299,18/04/2025,returned,597.17
9712,3811,1/05/2024,cancelled,672.75
16156,3619,1/10/2025,returned,854.09
17246,7813,16/02/2024,cancelled,801.51
4186,464,20/03/2025,completed,164.52
15961,3383,8/06/2024,shipped,1566.87
16273,137,14/10/2025,completed,109.16
13133,4061,19/04/2025,processing,71.41
17100,6635,12/12/2024,processing,517.77
8521,8637,4/06/2025,returned,446.37
19101,1993,15/06/2025,cancelled,204.83
8292,4992,15/03/2024,processing,135.96
16360,7797,30/10/2025,cancelled,50.83
13208,9246,29/01/2025,returned,2897.95
7473,3402,30/03/2024,returned,168.63
6050,3009,15/02/2025,shipped,56.26
6576,6532,24/03/2025,cancelled,69.43
558,2083,18/03/2025,processing,2426.82
11195,4163,26/09/2024,completed,925.17
19088,2199,10/08/2025,completed,375.68
7531,6306,13/01/2025,cancelled,400.73
19889,9016,27/03/2024,cancelled,1268.27
3747,4162,6/02/2024,completed,1397.25
1827,7971,26/08/2025,cancelled,519.75
9759,9620,8/03/2025,processing,19.09
11831,906,24/08/2025,completed,108.18
1677,5353,26/07/2024,returned,558.78
15848,9929,20/06/2025,cancelled,150.03
12289,2235,20/10/2024,cancelled,862.42
16661,2199,8/01/2025,shipped,1.21
16936,3466,12/04/2024,shipped,226.24
14039,7870,15/03/2025,processing,877.78
19099,8379,23/12/2024,processing,864.93
13745,7006,18/07/2025,returned,106.99
123,5052,24/03/2025,completed,132.13
13056,1164,28/03/2025,returned,126.45
8459,1202,24/09/2025,completed,42.48
14723,1225,6/11/2025,completed,463.1
17957,6383,7/01/2024,completed,243.43
18089,5209,23/11/2024,completed,873.01
4463,5829,5/01/2025,cancelled,1052.6
16702,3429,6/08/2024,cancelled,140.3
5048,7064,17/11/2024,processing,238.79
6815,6273,1/04/2024,cancelled,241.79
3760,1123,11/10/2025,processing,135.13
12598,8603,7/03/2024,shipped,2566.81
11957,9526,17/03/2025,processing,125.56
6154,7097,29/11/2024,shipped,32.15
365,7974,24/04/2024,processing,1714.38
14020,7269,29/01/2025,returned,28.92
13431,1918,29/04/2025,processing,615.84
9071,9892,16/04/2024,completed,1419.57
5568,374,2/12/2024,returned,247.17
14958,1392,2/10/2024,returned,234.99
8496,1537,23/10/2025,cancelled,127.11
17825,4140,30/06/2025,processing,1493.92
2611,5680,27/06/2024,completed,68.69
7790,5520,15/11/2024,completed,621.82
1672,1409,20/01/2024,returned,460.34
13829,5957,18/07/2024,cancelled,25.57
12884,9593,3/01/2025,processing,52.89
12202,6827,22/05/2024,completed,435.87
12573,6615,25/01/2025,completed,138.74
18856,2217,2/03/2024,returned,8.99
3582,6806,21/03/2025,completed,296.36
19199,4955,9/10/2025,cancelled,78.21
996,9560,17/01/2025,processing,31.28
2794,262,16/09/2025,processing,1517.11
1682,4037,10/04/2025,returned,435.72
16450,7926,12/07/2024,cancelled,257.45
10758,3663,2/09/2025,shipped,882.08
14872,7196,29/07/2024,returned,67.19
18229,3043,10/01/2025,processing,236.34
8606,4569,15/10/2024,returned,1024.75
2841,5915,15/01/2024,processing,2.83
3030,6255,18/08/2025,returned,164.15
14557,429,15/06/2024,cancelled,11.88
10387,2048,3/02/2024,cancelled,136.72
5800,6866,30/01/2024,processing,1390.58
9701,6402,13/10/2024,processing,91.03
11058,6255,7/10/2024,shipped,637.74
2482,8791,20/03/2024,processing,242.34
18382,9680,29/05/2024,cancelled,253.33
18202,3091,9/08/2025,processing,1062.3
18666,8165,20/08/2024,completed,126.29
5343,7372,26/04/2025,cancelled,313.89
10299,8258,21/09/2025,returned,757.66
19125,5096,30/06/2025,shipped,214.02
219,5698,15/10/2025,processing,1826.06
15357,2502,11/10/2024,shipped,57.04
17979,8613,16/08/2024,returned,667.59
10200,5255,5/01/2024,processing,61.35
15174,6,5/08/2025,shipped,211.09
4053,4961,19/06/2025,returned,988.62
12007,276,4/04/2025,completed,1229.16
14471,3700,12/04/2024,returned,64.38
15954,1674,26/01/2024,shipped,1472.48
15310,212,24/01/2024,returned,350.04
8155,2499,28/08/2024,cancelled,661.78
3226,192,21/04/2025,processing,273.25
1773,3415,24/07/2024,completed,90.21
6410,5819,4/01/2024,completed,107.52
2002,1983,16/03/2025,returned,742.12
12299,737,9/02/2024,processing,333.86
2455,2460,12/04/2024,completed,87.46
11402,5504,14/12/2024,cancelled,368.78
14837,368,9/09/2025,completed,42.47
2351,347,26/03/2024,shipped,297.48
12582,7987,9/05/2024,completed,1714.89
919,7052,5/11/2025,cancelled,638.51
12334,4976,14/11/2025,cancelled,218.14
12751,795,26/11/2024,cancelled,38.79
3564,5058,5/11/2025,completed,33.02
19136,186,4/08/2025,returned,537.2
3008,3285,16/04/2024,cancelled,63.31
13924,9689,19/09/2024,completed,1335.9
1693,8104,24/08/2024,processing,1435.37
1116,1284,12/06/2024,returned,209.08
19575,4736,26/06/2024,processing,5166.2
18087,4190,1/08/2024,returned,84.94
169,1205,1/01/2025,cancelled,462.02
16676,455,25/09/2025,cancelled,1437.75
13268,413,21/02/2024,cancelled,732.77
13200,5464,9/01/2025,processing,20.84
15166,9027,7/05/2024,shipped,394.51
13303,653,4/06/2024,cancelled,253.94
19399,9046,9/03/2025,cancelled,5.28
10432,8223,7/04/2025,completed,179.99
17534,9853,22/01/2024,processing,410.74
3688,289,7/09/2025,cancelled,691.74
17288,6831,11/07/2025,cancelled,194.72
19222,1356,22/04/2025,shipped,133.13
8100,8291,24/03/2024,cancelled,1448.4
10932,886,5/04/2024,cancelled,26.76
17706,2007,9/04/2024,processing,117.48
2563,6130,7/10/2024,shipped,1469.38
17252,2047,26/09/2025,returned,416.68
8920,1679,8/02/2024,cancelled,1982.3
19832,1353,6/02/2024,cancelled,708.1
15618,3830,14/07/2024,shipped,978.88
3127,4283,12/07/2024,processing,155.25
17212,1452,4/12/2024,shipped,1403.54
8847,7379,30/05/2024,shipped,90.37
15945,2157,7/04/2024,completed,469.98
9601,1353,1/10/2025,processing,1073.49
16592,9829,14/08/2025,shipped,811.5
2292,2725,19/08/2024,completed,40.54
14700,1504,12/04/2024,completed,176.65
848,9941,19/08/2024,processing,49.84
3848,6764,26/04/2025,completed,128.79
2328,4530,10/06/2024,processing,18.77
8513,2553,2/05/2024,returned,3042.6
17401,7578,10/02/2025,shipped,3503.1
2889,9408,28/07/2024,processing,535.28
17444,6101,20/12/2024,processing,500.97
17425,6985,25/04/2025,shipped,468.06
17080,4358,9/08/2025,processing,439.51
15688,9576,2/07/2024,cancelled,96.48
10901,3933,24/05/2025,processing,595.56
12143,352,20/04/2025,returned,290.02
12660,183,2/06/2024,returned,1576.9
7220,6124,16/11/2024,cancelled,4092.12
15674,9946,25/02/2024,shipped,102.62
11230,4242,19/12/2024,shipped,1404.66
1036,2271,24/08/2025,completed,844.54
12806,6503,19/09/2025,cancelled,1001.03
17131,2007,26/11/2024,cancelled,369.18
10178,2030,12/12/2024,processing,137.65
19658,3600,3/10/2024,processing,127.71
8054,1183,8/01/2025,shipped,1436.46
8448,1523,27/04/2024,completed,1559.13
2719,9781,16/07/2025,completed,553.91
8005,3182,3/02/2025,completed,161.64
1428,9176,24/07/2025,shipped,2079.99
1536,9169,10/08/2024,processing,941.1
10438,2008,23/02/2025,completed,836.55
1959,3,12/09/2025,completed,1018.29
18315,4470,31/08/2024,returned,26.34
2592,4898,2/06/2024,completed,1756.19
19048,3311,31/03/2024,returned,964.93
18130,2069,23/12/2024,processing,781.08
2945,8834,6/02/2024,returned,29.76
15594,9166,15/01/2024,returned,234.48
11410,5568,24/05/2024,shipped,1936.92
6406,6883,23/09/2025,processing,1911
9344,9910,13/11/2025,shipped,2919.65
9,610,29/10/2025,cancelled,229.02
2943,9987,17/12/2024,completed,251.74
15703,2049,19/11/2024,completed,326.8
18388,8046,9/10/2025,returned,1060.58
10523,8848,20/05/2025,returned,138.29
2982,4923,13/09/2025,completed,224.82
14904,8462,2/03/2025,shipped,81.42
7832,6125,25/07/2025,shipped,17.35
2461,2258,29/07/2024,processing,55.82
15539,2511,12/05/2025,processing,1801.55
354,6192,2/01/2024,completed,97.47
19782,9602,20/09/2024,processing,9.31
14334,6487,13/06/2024,returned,254.91
1747,7968,27/06/2024,shipped,2208.7
2230,3011,19/04/2025,cancelled,3116.49
13808,6843,12/12/2024,completed,253.68
5344,9236,28/04/2024,returned,237.05
9762,8294,31/01/2025,shipped,3.57
10830,5340,6/05/2025,cancelled,40.72
4459,8673,14/06/2024,processing,494.03
6940,3339,17/07/2025,returned,900.89
9605,2478,16/02/2025,returned,1179.34
10328,5238,20/08/2024,completed,1029.54
1168,5928,6/08/2025,processing,411.22
14009,3486,26/02/2025,completed,50.17
13347,8120,17/09/2024,processing,352.88
11904,3010,17/01/2025,processing,50.42
13763,1262,29/09/2025,returned,210.99
5860,3094,5/08/2024,cancelled,140.34
11593,518,8/03/2024,processing,360.44
13231,4983,16/11/2024,completed,373.1
14715,8370,26/04/2025,shipped,4023.22
6138,1550,18/05/2024,shipped,231.08
17917,2334,19/05/2024,returned,121.64
13288,1335,12/12/2024,processing,76.86
2164,6609,12/01/2025,cancelled,2.83
4072,3664,17/04/2024,shipped,350.04
2610,1133,9/01/2024,cancelled,1117.66
12816,6539,14/09/2025,cancelled,506.23
2871,9345,7/07/2024,returned,219.58
8922,707,30/07/2025,returned,132.7
19838,3021,22/07/2024,returned,1151.47
14297,9787,22/02/2024,cancelled,19.35
14415,3389,10/10/2024,processing,90.15
12961,3347,25/04/2025,completed,2256.52
11321,4360,20/01/2025,returned,1268.12
18046,6495,30/04/2024,processing,111.25
16521,5902,24/04/2025,completed,70.33
851,6826,17/10/2025,processing,20.41
1298,7386,25/03/2025,cancelled,811.12
4319,6864,11/05/2024,completed,105.72
19910,1565,28/06/2024,completed,288.14
12135,4438,23/07/2025,cancelled,848.23
179,987,6/06/2025,shipped,781.28
13569,7892,3/03/2024,shipped,1261.84
19194,2705,17/01/2025,completed,1062.76
10110,1287,9/08/2024,returned,840.01
16496,5324,2/01/2024,returned,6.69
13307,3425,14/08/2025,shipped,205.35
15800,4095,3/07/2024,processing,23.6
850,9541,14/08/2024,processing,134.24
18210,160,17/05/2024,processing,333.49
8510,2241,13/09/2024,returned,957.21
15334,8980,4/01/2025,returned,44.71
4640,9140,16/06/2025,processing,40.6
11732,6539,7/06/2025,completed,214
14113,2021,28/09/2024,returned,185.46
11588,5884,3/09/2025,processing,35.24
18446,7155,8/11/2025,processing,209.6
1960,1529,3/09/2025,shipped,308.56
8012,5016,13/10/2024,cancelled,115.39
19098,9419,7/09/2025,cancelled,72.66
4303,4183,5/12/2024,returned,896.36
12946,7268,28/05/2025,completed,1874.69
3690,8651,11/08/2024,returned,248.89
9207,8276,29/08/2025,returned,23.71
19323,5850,26/09/2024,shipped,1463.55
9741,4129,31/05/2025,completed,3867.93
13523,2618,18/02/2025,returned,2357.06
8492,5217,15/05/2025,cancelled,129.7
13574,786,2/05/2025,processing,48.22
1671,9229,12/09/2024,cancelled,578.11
11015,4844,30/10/2024,completed,561.58
19169,3531,13/10/2025,shipped,162.81
5287,1893,22/09/2025,completed,48.74
15296,3645,24/10/2025,returned,42.55
9740,478,2/01/2025,processing,364.22
13337,4683,6/10/2025,completed,175.38
7180,9050,19/05/2024,cancelled,551.94
5502,8470,17/07/2025,processing,85.29
14681,302,29/07/2025,returned,2419.89
7137,202,12/04/2025,shipped,506.83
7111,784,13/06/2024,completed,179.17
7572,4961,8/02/2025,completed,969.96
19393,717,14/05/2024,cancelled,690.2
16022,7764,21/05/2024,returned,69.34
1049,6274,15/01/2024,processing,266.32
18030,5647,2/01/2024,shipped,164.1
2300,1064,7/03/2024,returned,140.95
18474,6440,7/05/2024,completed,543.31
2600,8090,13/01/2025,returned,204.01
19938,4854,8/11/2024,processing,35.2
16707,5460,21/02/2025,shipped,98.53
5612,7561,18/06/2024,completed,42.15
6894,4441,24/05/2024,completed,11.08
17783,2543,12/06/2025,returned,254.8
14741,1624,2/07/2025,shipped,164.18
16845,7839,12/01/2025,shipped,2922.48
11019,5287,20/03/2025,shipped,3245.4
15754,3671,29/07/2024,shipped,172.68
5057,1723,2/05/2025,returned,107.92
9172,2500,21/05/2024,returned,6.58
195,1418,11/06/2024,shipped,567.18
4056,8485,7/08/2025,shipped,487.22
19980,9192,27/10/2024,completed,398.24
18001,9654,11/08/2025,cancelled,159.34
14601,9400,26/06/2025,shipped,119.51
14640,779,28/10/2024,completed,477.87
1262,4749,8/04/2025,cancelled,76.58
13756,1255,18/08/2025,returned,1648.3
10062,693,12/09/2025,cancelled,757.86
4608,3802,13/07/2024,cancelled,108.8
9133,4928,16/10/2024,processing,2207.96
1459,4107,2/07/2025,returned,1084.65
13563,3506,28/08/2024,completed,755.4
2264,535,8/09/2025,cancelled,86.16
19693,9047,9/05/2024,cancelled,781.99
15351,9130,6/06/2024,completed,109.91
8502,5629,6/08/2024,processing,800.61
8538,4531,17/01/2025,returned,658.37
19270,2996,10/12/2024,cancelled,257.67
12125,9282,12/03/2024,processing,1599.6
18235,4576,11/11/2024,processing,37.3
11037,9680,22/06/2024,cancelled,334.37
17321,5721,9/11/2025,processing,265.37
9949,5164,12/04/2024,completed,22.11
3795,9630,13/04/2024,returned,230.97
17388,1028,1/10/2025,shipped,751.36
4955,8571,6/06/2024,cancelled,319.99
6393,9287,23/09/2025,cancelled,191.46
4786,8671,16/06/2025,returned,18.79
16211,4531,24/02/2025,returned,228.09
13435,8614,7/11/2025,processing,1468.14
14315,1626,28/08/2024,completed,29.34
874,6038,21/10/2024,processing,29.9
609,7850,2/04/2025,shipped,67.51
16386,3799,16/02/2024,processing,3771.26
4137,4365,13/08/2025,shipped,260.64
1282,1709,10/05/2024,completed,235.69
19404,8016,28/01/2025,cancelled,445.65
4251,8872,16/10/2025,processing,151.42
4505,2679,27/09/2025,returned,156.04
2671,2928,17/06/2025,completed,154.81
12408,4693,29/10/2024,shipped,75.38
18137,8737,21/04/2025,shipped,359.86
19335,3827,27/09/2024,cancelled,395.34
12200,200,8/07/2024,completed,71.29
17690,3542,13/02/2024,cancelled,1630.77
2306,9285,12/09/2025,shipped,186.17
3339,6611,22/04/2025,shipped,3207.86
14781,3451,8/09/2025,cancelled,718.15
6281,1434,31/12/2024,returned,937.91
2374,3869,19/11/2024,shipped,192.42
14981,2334,9/08/2025,completed,28.52
6314,1844,10/03/2025,cancelled,1142.87
19947,9240,8/02/2024,completed,96.95
1794,322,29/09/2024,returned,389.98
1265,5087,22/01/2025,returned,1193.34
15355,9330,3/09/2024,cancelled,2635.6
13221,8107,29/06/2024,shipped,347.86
16491,4830,9/07/2025,cancelled,42.91
4067,5180,22/09/2024,shipped,117
139,2993,11/01/2025,cancelled,1245.6
3499,1705,26/03/2024,processing,91.83
11456,9254,17/03/2025,processing,5.74
17492,6026,1/03/2024,returned,1457.94
10357,952,23/08/2024,shipped,115.46
12552,2699,23/04/2024,shipped,22.26
17669,3187,24/02/2024,returned,107.6
10319,2454,14/04/2025,completed,508.36
19571,5554,5/05/2024,shipped,306.44
17530,8159,31/05/2025,completed,312.12
17918,4785,7/10/2024,processing,245.86
10508,8720,16/07/2024,cancelled,122.6
16855,6457,19/04/2025,processing,42.19
3407,413,22/01/2024,returned,123.97
584,6339,31/03/2024,completed,1006.86
10676,9558,4/10/2024,returned,1271.76
13961,4443,13/07/2025,returned,285.63
11430,1726,3/01/2024,returned,182.33
4470,5413,28/03/2024,shipped,243.58
15291,4256,17/06/2025,shipped,1055.69
19806,6898,24/11/2024,completed,409
7527,5474,11/09/2024,processing,1509.75
18715,5204,2/05/2024,returned,135.76
15027,366,27/12/2024,returned,104.04
14671,4997,3/06/2024,cancelled,188.02
16581,4796,18/04/2024,completed,431.12
5523,5497,16/05/2024,returned,1685.12
9918,5891,1/10/2025,cancelled,174.65
7165,4427,5/07/2025,cancelled,120.12
7102,8899,7/10/2024,returned,1176.9
1877,9714,2/09/2024,shipped,130.56
10754,8465,24/10/2025,shipped,92.24
2494,4282,11/10/2024,processing,377.65
11746,7416,8/12/2024,shipped,442.75
8041,4861,24/11/2024,shipped,901.26
17609,3784,7/01/2025,shipped,2255.01
18970,6416,25/11/2024,completed,132.52
5716,6577,19/03/2025,cancelled,2007.47
26,638,24/06/2025,shipped,54.13
4270,4525,4/01/2024,shipped,2478.77
2868,286,14/12/2024,returned,8.25
8646,2267,20/03/2025,shipped,110.43
10690,2080,21/05/2025,shipped,72.64
15426,5420,26/07/2024,shipped,605.36
15033,3948,23/03/2025,completed,710.28
1826,8706,14/08/2025,returned,272.4
16932,8624,24/07/2025,processing,2472.34
3143,4361,16/01/2024,completed,57.36
6052,7915,25/08/2024,completed,11.15
6528,4573,13/07/2024,returned,126.79
16402,7334,8/08/2025,completed,230.75
16561,5657,28/06/2025,cancelled,426.89
14864,3999,31/10/2025,completed,15.03
19276,172,25/03/2024,cancelled,649.6
970,6940,20/05/2025,processing,300.44
9487,4753,15/02/2025,completed,103.43
1212,8139,28/12/2024,processing,219.2
18642,1502,2/03/2025,completed,177.91
4348,4178,5/04/2025,returned,12.4
15387,12,5/05/2025,cancelled,133.34
17640,4738,11/06/2024,cancelled,2384.61
18790,9294,20/06/2024,cancelled,80.76
6681,3701,4/01/2025,shipped,1395.91
2159,5106,10/11/2025,returned,1546.7
9492,1428,21/05/2025,returned,727.69
9846,7683,22/02/2024,shipped,78
9810,2734,1/09/2025,shipped,106.48
18824,7160,14/11/2025,returned,29.92
4358,6081,29/10/2025,cancelled,115.92
7114,608,1/04/2024,cancelled,160.27
12003,4818,8/11/2025,processing,205.95
1667,8138,15/08/2024,shipped,1650.61
11425,8957,24/02/2025,returned,106.68
15707,9711,6/04/2024,returned,240.46
19638,3243,21/08/2024,returned,917.59
5270,4193,4/07/2025,shipped,107.95
977,4853,2/02/2025,completed,40.54
8210,9062,3/10/2024,returned,1603.64
12822,7400,23/10/2025,returned,129.42
18533,2178,21/09/2025,processing,344.26
3135,1688,12/04/2024,returned,2966.9
10726,4379,30/06/2024,returned,2064.91
5231,7625,26/11/2024,cancelled,1365.12
11818,7380,23/11/2024,processing,145.87
403,965,25/03/2025,completed,271.98
62,9887,28/09/2024,shipped,1592
17832,9292,1/06/2025,returned,1018.51
16457,7387,16/10/2025,shipped,1315.05
18015,8100,14/04/2024,processing,77.34
6765,5197,3/04/2025,shipped,995.07
19561,4625,12/02/2025,shipped,7.41
11193,6236,23/12/2024,shipped,366.84
14959,8966,3/04/2024,returned,663.19
4471,6911,28/04/2025,completed,1285.51
6624,2808,21/09/2025,returned,254.74
16857,9119,6/10/2025,returned,368.65
2040,284,27/05/2024,processing,600.48
4548,8282,20/03/2025,completed,55.35
19514,6660,17/06/2024,completed,40.36
15256,3850,10/10/2024,cancelled,292.64
13353,5902,3/01/2024,cancelled,839.3
14069,3190,27/07/2024,cancelled,584.68
6283,9352,8/08/2024,processing,544.93
4704,1469,29/03/2025,shipped,54.42
9242,4550,9/05/2024,shipped,555.22
587,2197,1/10/2024,cancelled,352.97
16164,5087,18/04/2024,processing,955.06
15394,621,2/08/2025,shipped,10.47
2696,5662,6/05/2025,completed,1201.02
11408,2578,24/11/2024,shipped,860.27
15738,985,11/06/2024,cancelled,50.3
13721,8382,14/01/2025,processing,487.42
776,1309,17/06/2024,completed,170.77
11166,9987,27/06/2024,completed,14.96
5744,7834,1/05/2025,processing,982.25
1650,978,13/05/2025,shipped,241.88
10860,9393,4/04/2025,shipped,874.5
11081,573,9/06/2024,processing,38.53
6714,8662,1/02/2025,cancelled,87.91
19656,5270,1/02/2024,cancelled,94.61
6381,9352,28/07/2024,shipped,4090.19
7612,9322,3/12/2024,completed,104.12
3178,7774,26/02/2024,shipped,800.84
3614,1935,26/05/2024,completed,3861.06
14328,6242,22/09/2025,shipped,273.02
14642,9906,9/07/2025,shipped,1597.2
6591,4121,29/03/2024,returned,1480.51
2096,6885,20/04/2024,shipped,98.46
5827,8015,22/09/2025,processing,181.43
19465,3679,25/10/2024,processing,355.14
19357,4595,20/02/2025,shipped,10.78
4526,8268,7/04/2024,shipped,214.28
8904,3877,15/06/2024,shipped,515.84
11085,3671,17/07/2025,processing,434.02
9804,1050,10/06/2025,completed,311.4
15854,3348,4/01/2024,cancelled,132.7
11315,6577,28/10/2025,cancelled,83.63
16910,5078,1/06/2024,processing,417.26
1961,6271,19/09/2025,shipped,204.76
19469,2710,30/03/2024,processing,23.14
14497,475,3/04/2025,completed,439.64
3782,4938,4/01/2025,completed,246.05
908,8857,21/06/2024,returned,686.56
15755,6758,13/09/2025,returned,577.93
13936,228,21/04/2025,processing,667.07
7633,1168,17/09/2024,completed,3618.88
13714,347,22/12/2024,cancelled,56.04
17841,971,4/02/2025,cancelled,1204.84
8928,5087,7/06/2025,completed,160.61
10202,8312,30/09/2024,completed,12.42
15901,6706,20/07/2024,completed,710.1
17594,6687,26/05/2024,completed,314.64
2249,7805,6/06/2025,processing,253.94
14556,7978,12/05/2024,cancelled,355.82
10885,9492,26/05/2025,completed,44.4
6739,3721,9/07/2024,cancelled,155.78
4199,5087,20/05/2024,shipped,1047.18
2314,9414,28/08/2024,shipped,329.46
17303,9033,10/02/2025,shipped,1364.8
13270,7985,1/09/2025,processing,442.26
12084,4814,25/02/2025,returned,408.71
17598,4077,28/08/2024,returned,209.06
2597,9889,17/10/2025,processing,3058.66
3487,9722,26/11/2024,returned,661.52
7101,1048,8/07/2024,returned,210.28
11769,4952,22/01/2025,returned,612.23
6660,6525,3/03/2024,shipped,2338.13
1330,4485,10/04/2024,processing,2659.38
17713,4118,28/10/2024,shipped,204.47
459,9480,17/06/2025,processing,120.32
16637,8685,2/05/2024,completed,778.11
10165,3520,16/09/2025,returned,1772.36
7623,2634,25/03/2024,cancelled,1759.16
11796,6487,7/06/2024,returned,294.06
12310,1563,11/04/2024,returned,84.07
17259,4423,29/04/2024,cancelled,821.73
15004,6998,4/08/2025,returned,2350.27
4337,5897,17/08/2025,cancelled,154.82
2476,5164,20/03/2025,completed,10.29
15083,5455,9/11/2024,completed,9.1
8640,2781,3/08/2025,returned,1312.97
10986,8188,28/07/2024,shipped,881.43
11295,2644,17/06/2024,shipped,386.4
11236,7872,6/03/2024,completed,183.11
17432,1930,24/10/2025,returned,148.33
15684,8236,20/10/2024,completed,1682.1
16608,6346,7/07/2024,returned,33.11
4487,7095,25/03/2025,shipped,135.96
17515,6786,13/10/2025,shipped,484.55
14761,3074,1/04/2024,shipped,27.21
4144,2013,21/08/2025,returned,26.05
18831,9841,27/10/2025,cancelled,1161.5
12903,5702,5/09/2025,processing,2858
15523,6629,7/06/2025,cancelled,3274.34
17833,3212,8/01/2025,completed,88.56
10654,8022,30/05/2025,cancelled,728.97
6875,3173,15/09/2024,cancelled,2473.24
5616,5484,30/09/2025,completed,611.37
12676,5135,1/03/2025,cancelled,1001.17
7938,3330,5/05/2024,processing,173.94
9787,8219,25/11/2024,processing,264.67
12151,1802,9/01/2024,processing,33.41
2076,8492,19/01/2024,shipped,284.69
6514,7798,27/03/2025,shipped,40.64
17972,2771,17/02/2024,returned,33.84
3869,9197,28/08/2024,cancelled,1076.54
14686,837,1/05/2024,processing,2890.61
8031,4227,17/10/2025,completed,1026.27
16847,8713,11/06/2024,processing,135.88
17576,6694,20/09/2024,shipped,60.85
7702,8613,12/01/2025,processing,1533.14
2237,9510,4/07/2024,completed,1457.49
1455,2779,11/01/2025,cancelled,249.48
946,4399,14/08/2024,shipped,99.54
12522,8524,11/10/2024,shipped,306.12
13670,643,30/12/2024,completed,293.24
14019,1654,11/06/2025,processing,671.07
6359,6244,23/03/2025,cancelled,206.85
5815,7416,4/06/2025,cancelled,2.75
11414,1498,23/01/2025,cancelled,44.55
9777,5853,7/08/2025,cancelled,110.33
13636,3453,2/02/2024,completed,470.18
14826,2209,18/06/2025,returned,93.43
3980,9549,30/07/2025,cancelled,724.94
19628,2910,28/10/2024,processing,22.47
19430,2342,16/07/2025,shipped,985.28
4642,2292,2/03/2025,returned,150.4
14271,4883,27/03/2025,cancelled,84.97
11708,3104,3/05/2025,shipped,424.2
14861,9561,19/01/2025,completed,29.9
1831,8947,31/07/2025,cancelled,114.03
8346,6714,26/12/2024,processing,145.28
17124,2623,14/10/2024,cancelled,22.62
5514,9028,8/02/2025,shipped,217.79
11030,4034,12/07/2025,completed,1493.02
10503,1039,4/03/2025,cancelled,905.69
11307,8471,29/07/2024,processing,63.98
14026,6904,13/10/2025,processing,346.19
16162,2926,29/07/2024,shipped,801.76
16170,336,16/10/2024,completed,796.19
18539,608,23/07/2024,completed,55.76
16109,6794,15/10/2024,cancelled,118.11
16249,9215,4/11/2024,cancelled,82.98
14785,6125,18/03/2024,completed,44.38
2884,2830,9/11/2025,processing,1089.14
19837,9280,20/06/2025,completed,512.19
3508,6144,24/03/2024,cancelled,33.41
19687,9556,20/03/2024,returned,412.46
12843,9195,13/08/2025,cancelled,183.7
17053,1322,1/05/2024,processing,344.62
19076,846,13/06/2025,processing,468.78
18307,1927,27/08/2025,completed,643.6
7097,3588,8/06/2024,returned,166.22
18913,5768,6/07/2025,returned,106.32
9499,504,6/04/2025,cancelled,473.37
8880,8119,3/08/2025,processing,21.18
17348,8624,13/04/2024,cancelled,32.15
14558,7712,26/08/2024,shipped,4799.94
1686,8734,1/04/2024,completed,189.79
14927,8692,21/03/2024,processing,2.72
6929,1750,5/04/2024,cancelled,1650.4
9307,4742,24/08/2025,shipped,388.72
3876,7813,21/08/2025,processing,19.22
10899,7565,26/05/2025,processing,468.67
17079,1877,29/07/2024,completed,124.89
2649,4028,27/11/2024,processing,424.07
7704,4275,23/03/2024,shipped,158.55
15990,9570,2/03/2024,completed,488.22
19689,5385,20/02/2025,returned,19.14
18063,2530,5/07/2025,processing,103.27
10589,4696,25/06/2024,completed,248.94
14109,2653,4/04/2025,processing,1130.08
9659,6750,3/05/2025,cancelled,13.83
14242,8574,6/02/2025,cancelled,188.94
6443,4903,22/10/2024,completed,621.25
19105,5962,18/02/2024,shipped,514.3
8233,8902,13/05/2025,processing,1174.37
4355,9294,19/01/2024,processing,168.15
7441,118,21/06/2024,processing,1203.69
3957,7875,29/03/2024,processing,826.18
16953,677,11/02/2024,processing,703.18
4522,6104,23/07/2024,processing,1043.62
7873,7227,13/07/2025,shipped,28.2
2489,9646,10/11/2024,cancelled,238.08
5746,5461,12/06/2025,returned,984.82
10141,6766,25/04/2024,returned,822.26
7487,442,4/11/2024,shipped,70.72
16844,1678,28/01/2025,cancelled,2058.61
17234,8054,13/08/2024,shipped,25.96
16344,6823,28/04/2024,returned,697.07
17763,2442,24/01/2025,processing,163.63
2469,515,7/09/2025,returned,104.54
19520,3691,19/02/2024,processing,351.66
7932,524,28/10/2025,cancelled,315.81
130,4647,2/03/2024,processing,390.56
19557,2864,1/10/2025,completed,95.94
4261,3811,5/10/2024,completed,110.47
4753,1142,8/09/2025,completed,1424.08
5268,9132,25/02/2025,returned,355.14
1419,92,1/04/2024,processing,259.61
864,3330,10/12/2024,shipped,47.07
345,3170,15/10/2024,completed,638.51
4719,8336,24/06/2024,returned,72.21
16724,2410,24/09/2024,cancelled,171.99
5335,6262,20/06/2024,processing,58.1
2435,6067,14/01/2024,shipped,5.58
18593,6785,26/03/2025,completed,95.08
10838,7345,10/06/2025,returned,72.64
19297,426,9/11/2025,processing,703.78
13169,3265,28/08/2024,returned,221.26
12753,8634,5/02/2024,cancelled,1486.49
9685,492,23/01/2025,shipped,332.65
11773,8198,17/07/2025,completed,27.08
1368,2512,3/06/2024,cancelled,924.06
13341,6085,3/03/2024,processing,647.37
11971,3411,18/01/2024,returned,1045.6
13236,8152,2/03/2024,completed,2731.04
12231,7530,11/06/2024,returned,259.96
11680,1480,21/10/2024,shipped,428.15
10574,5585,1/02/2024,processing,128.31
17736,3019,19/09/2025,returned,128.57
7951,5815,21/09/2025,shipped,492.09
6621,2455,11/10/2025,processing,498.36
14942,7395,27/12/2024,completed,1340.34
11256,9676,8/11/2025,returned,340.6
10066,5553,9/04/2024,returned,940.07
6275,9658,12/07/2025,shipped,283.17
14997,364,11/01/2024,processing,29.96
4572,2479,18/10/2024,shipped,107.38
8745,416,28/04/2024,processing,109.18
5935,3863,25/08/2024,shipped,543.31
18777,7499,19/02/2024,shipped,35
4394,5375,21/05/2024,returned,108.39
1774,7615,5/01/2025,shipped,454.71
9262,3880,6/04/2024,returned,383.87
12497,8890,18/10/2024,cancelled,828.53
14024,4000,30/10/2025,cancelled,104.38
2221,3194,11/08/2024,completed,103.51
7349,9293,28/04/2024,returned,495.76
10953,1651,7/10/2024,shipped,1788.65
11712,8099,15/09/2025,returned,1238.93
14368,3713,27/07/2024,shipped,863.45
18097,415,30/12/2024,returned,106.81
1443,2977,24/12/2024,shipped,3371.87
5218,565,7/09/2024,shipped,34.77
7597,9866,3/11/2025,completed,156.31
18086,527,25/12/2024,returned,91.46
16933,2625,24/07/2024,completed,252.94
8693,8898,13/07/2025,returned,963.2
13364,5403,17/06/2024,shipped,1893.58
2632,1584,23/05/2025,processing,513.58
8038,2951,19/03/2024,processing,110.25
13260,4516,28/05/2024,processing,459.05
17450,4289,18/08/2025,cancelled,1489.21
18152,6055,8/12/2024,processing,402.5
10858,2435,29/05/2024,cancelled,612.23
14459,1785,29/01/2025,processing,828.59
7057,5487,17/12/2024,cancelled,134.5
16088,1075,27/04/2024,processing,884.85
7464,6103,8/04/2025,completed,2427.1
23,7432,19/05/2024,returned,119.02
13952,4539,11/11/2024,returned,133.98
9625,9014,7/01/2025,cancelled,388.64
12388,4364,28/01/2025,returned,27.46
16732,6990,10/04/2024,shipped,417.12
17557,2316,23/01/2024,shipped,2789.19
1103,10,30/04/2025,completed,247.2
6596,9345,7/09/2024,cancelled,752.62
6043,9323,16/02/2025,processing,363.12
16975,4517,13/07/2024,processing,746.46
3979,7668,9/05/2024,returned,70.13
13355,7913,4/06/2024,completed,181.65
10388,9587,21/07/2025,returned,287.5
15717,4637,25/09/2024,processing,2110.27
249,2832,21/06/2025,completed,346.41
4729,6686,19/03/2025,completed,473.03
16474,2518,6/02/2024,cancelled,37.69
17863,638,24/03/2024,completed,743.56
10,3175,13/08/2024,returned,107.63
17203,369,31/10/2025,returned,346.68
5149,780,20/05/2025,processing,40.7
7813,2944,27/12/2024,returned,311.05
2118,2836,16/04/2025,shipped,2577.9
2913,1921,8/04/2025,returned,171.17
7515,853,27/03/2024,processing,603.5
17844,1573,5/04/2025,shipped,106.41
17641,520,20/01/2024,processing,134.71
10779,2408,26/06/2025,cancelled,484.18
4175,3481,19/01/2024,processing,1010.89
17390,1799,31/08/2025,processing,109.45
4154,5468,29/04/2025,shipped,432.18
8258,1893,24/09/2025,shipped,244.08
19121,3404,20/03/2024,returned,173.55
6563,2294,10/03/2025,cancelled,311.6
19193,858,19/12/2024,processing,51.97
11559,735,31/05/2024,returned,127.96
10872,8156,8/11/2025,returned,140.12
11373,7947,8/04/2024,shipped,104.18
18977,3068,18/06/2025,shipped,446.86
754,6386,10/11/2024,completed,376.65
3300,2278,17/04/2024,completed,490.31
8619,5897,27/09/2024,completed,1029.84
8696,6705,27/10/2025,processing,11.37
8844,517,31/08/2024,cancelled,103.6
3559,2237,23/03/2025,completed,241.36
8919,2645,11/05/2025,completed,283.2
5046,7745,29/05/2024,processing,20.4
4991,9905,27/06/2025,shipped,697.76
16031,4573,22/02/2024,completed,2946.3
15792,9034,21/01/2024,processing,610.48
17172,928,27/03/2025,processing,908.88
11880,750,9/03/2025,shipped,732.13
5448,3234,21/03/2024,shipped,997.73
2346,9970,13/06/2024,cancelled,873.89
13311,6230,22/08/2025,completed,107.12
5381,242,9/10/2024,completed,877.82
247,2631,9/03/2024,processing,533.01
18060,8150,8/03/2024,completed,559.2
18304,2670,17/09/2025,cancelled,121.13
2547,3558,28/03/2025,shipped,162.95
5927,8915,13/11/2024,cancelled,1392.56
13888,5274,13/06/2024,shipped,377.44
562,6559,8/10/2025,cancelled,288.04
9780,6887,4/01/2025,cancelled,176.78
18000,7965,18/01/2025,cancelled,98.4
11944,7370,2/03/2025,completed,359.27
9187,6147,1/01/2024,returned,1842
2315,2584,11/10/2025,cancelled,201.94
6806,787,5/08/2025,returned,139.03
746,5025,17/07/2025,shipped,495.76
14381,7227,15/08/2025,processing,1477.36
4432,3124,3/10/2024,shipped,264.87
4342,9261,23/12/2024,completed,540.84
5725,9972,13/01/2024,returned,790.35
13175,4642,15/10/2025,shipped,225.42
4830,2480,19/05/2024,cancelled,117.21
6148,8496,29/01/2024,processing,896.38
12482,5954,12/10/2025,processing,102.68
11631,2691,25/08/2025,cancelled,139.02
211,6935,24/10/2025,processing,124.95
7378,6502,17/01/2024,shipped,173.37
13798,3435,13/09/2025,cancelled,137.51
3975,4738,10/06/2024,shipped,177.95
5453,1191,12/10/2025,processing,1460.73
682,4291,8/07/2024,shipped,24.37
6215,8406,25/03/2024,shipped,119.08
11698,3945,23/06/2025,returned,161.15
16602,3326,23/02/2025,completed,53.16
9853,6747,22/03/2024,returned,134.39
103,8095,8/11/2024,cancelled,226.13
673,730,11/10/2025,processing,496.36
6313,815,2/08/2024,processing,159.88
14663,4516,27/08/2025,processing,114.42
2097,5347,16/04/2024,cancelled,12.42
8676,198,27/07/2025,processing,432.22
15349,3704,31/05/2025,shipped,122.28
19479,6259,7/09/2025,cancelled,52.54
7657,3294,9/07/2025,processing,314.99
19725,7360,26/06/2024,processing,521
16729,6045,22/04/2024,cancelled,147.41
2817,8961,2/02/2025,returned,93.24
18468,9017,23/05/2025,returned,724.16
4315,3633,7/03/2024,completed,476.93
13331,4390,29/02/2024,shipped,360.8
6959,6625,30/08/2024,returned,5.55
6439,6813,4/02/2024,returned,61.86
18902,2399,14/09/2025,processing,34.28
7411,3991,19/10/2025,processing,861.62
5484,5105,14/11/2025,shipped,207.18
11011,6319,6/03/2024,shipped,303.21
2909,3240,18/07/2024,completed,736.91
2205,339,15/10/2024,shipped,94.95
19243,7637,3/09/2024,shipped,215.47
17429,303,23/09/2024,cancelled,123.36
14144,676,23/03/2025,completed,535.95
3882,5433,10/12/2024,processing,473.01
17934,6348,17/03/2024,shipped,1420.87
2872,5699,13/11/2024,returned,2876.86
10600,4327,7/12/2024,processing,189.42
12693,1157,25/12/2024,processing,219.69
8631,2941,10/07/2024,returned,102.08
16150,8242,1/08/2024,processing,244.02
5011,4964,27/11/2024,returned,46.59
4699,6256,10/09/2024,shipped,362.24
2900,2788,26/06/2024,completed,1418.75
5756,117,10/12/2024,returned,618.94
13502,1241,7/04/2025,returned,2095.37
1530,1243,9/06/2024,cancelled,1412.67
10359,8799,13/11/2025,completed,651.7
18406,3496,20/11/2024,returned,1757.61
17151,9182,6/03/2024,processing,932.31
19257,4069,13/04/2024,returned,164.3
5809,7123,19/05/2024,shipped,61.99
157,7924,23/05/2025,returned,698.45
6669,6296,4/04/2024,cancelled,2183
12900,9360,27/02/2025,completed,189.24
2377,180,27/02/2024,processing,835.26
15648,8837,18/06/2024,cancelled,363.51
15759,3817,6/11/2024,processing,1002.45
17435,612,20/12/2024,processing,2335.82
12669,5593,24/08/2025,returned,734.83
406,5631,22/02/2024,returned,338.15
6684,1984,26/05/2025,completed,287.26
16673,7387,21/02/2025,returned,3035.1
5603,3386,24/06/2025,returned,231.63
7134,170,9/01/2025,cancelled,67.34
7737,4613,7/08/2025,processing,152.66
11808,1270,5/11/2024,returned,1194.94
65,9764,10/08/2025,returned,1313.93
14936,6261,22/12/2024,completed,95.98
18707,4307,6/09/2025,completed,335.1
8140,9462,3/06/2025,processing,85.48
16220,3612,12/10/2025,returned,1663.12
9587,6067,26/05/2025,cancelled,705.92
11612,1480,19/07/2024,processing,361.42
14417,3793,29/08/2024,shipped,319.11
11523,7508,12/10/2024,completed,598.96
11696,1935,27/06/2024,cancelled,2325.72
3755,3047,1/05/2024,completed,1003.01
18719,2065,7/04/2025,processing,319.5
12665,8345,16/05/2024,shipped,147.47
16991,213,27/03/2025,processing,515.98
19631,8470,27/01/2024,processing,70.34
10231,5847,7/08/2024,completed,78.11
17110,7359,25/04/2025,cancelled,82.39
15090,6749,18/08/2025,shipped,6.79
5867,1678,23/08/2024,returned,363.54
18184,9900,5/12/2024,returned,45.74
18673,6030,30/10/2025,returned,403.83
4041,2752,1/05/2024,processing,332.94
933,3341,27/08/2024,processing,67.93
8080,5727,9/11/2025,processing,124.09
13138,9641,25/09/2024,completed,71.4
12383,8435,20/11/2024,returned,181.51
17096,4298,10/02/2025,returned,1066.87
869,2392,9/03/2024,processing,238.08
11481,8488,24/08/2025,processing,1457.43
6481,6195,28/01/2024,shipped,31.98
8965,1063,25/03/2025,shipped,1011.64
2061,9343,10/08/2024,shipped,365.24
1001,6103,17/01/2024,returned,126.55
18693,9801,6/03/2025,shipped,122.65
14403,8037,17/09/2025,processing,735.34
15487,439,24/01/2025,returned,101.08
5179,4661,22/05/2025,completed,1292.26
3009,2715,21/05/2024,processing,557.04
5669,4538,2/07/2024,processing,2429.71
15339,1364,1/06/2024,shipped,18.47
1818,8784,28/12/2024,completed,19.6
653,7928,7/04/2024,processing,274.2
19455,9698,28/07/2024,returned,126.7
6912,2104,27/10/2024,completed,2455.44
8135,6606,15/10/2024,completed,424.63
3503,5312,14/07/2025,processing,570.57
7627,4201,11/01/2024,completed,2143.25
2765,2058,17/10/2024,returned,73.88
11938,8690,28/05/2025,returned,1003.18
10465,3967,1/11/2024,returned,417.5
19565,3764,25/12/2024,cancelled,519.92
10831,87,8/02/2025,completed,219.54
2777,5443,26/11/2024,returned,965.15
7479,1297,10/07/2024,returned,40.62
5987,6901,9/12/2024,processing,628.43
13741,192,27/02/2024,processing,115.31
15804,5156,30/01/2024,completed,929.73
529,7554,21/10/2024,shipped,288.28
15569,5786,18/10/2025,shipped,74.46
19759,9244,17/11/2024,shipped,90.61
1994,2841,8/03/2024,returned,301.42
16487,1891,16/02/2025,returned,960.05
4081,9835,14/05/2024,processing,97.68
4896,1874,22/12/2024,cancelled,719.51
2857,3068,29/02/2024,shipped,1748.95
17012,3713,18/01/2025,shipped,779.16
2721,493,6/08/2024,shipped,55.19
17506,6872,23/04/2025,shipped,353.03
3335,4471,29/01/2024,completed,36.54
13465,2296,11/08/2024,completed,177.51
14378,9443,15/07/2025,cancelled,610.48
8375,8681,19/01/2024,returned,650.56
18761,8885,30/03/2025,shipped,1623
8819,9737,9/07/2024,processing,74.08
6631,212,14/10/2024,cancelled,463.25
5223,6900,7/09/2025,cancelled,27.21
5861,2598,4/02/2025,shipped,77.63
1565,1623,25/03/2024,cancelled,209.97
18807,4513,5/01/2024,cancelled,625.74
3010,4526,18/09/2025,returned,498.84
145,9282,23/01/2024,shipped,271.52
4354,7379,24/05/2024,cancelled,47.18
15109,4792,20/09/2025,returned,437.48
16138,357,26/05/2025,processing,67.54
14782,7877,17/10/2024,shipped,187.58
5797,5415,12/05/2024,cancelled,84.86
4007,6992,14/03/2025,processing,3199.14
14534,3789,13/05/2024,returned,1312.71
19039,2982,24/11/2024,shipped,130.15
19633,9871,29/08/2024,shipped,313.66
15205,1605,3/09/2024,returned,19.68
5640,3881,20/02/2025,completed,605.54
8935,1968,29/07/2025,cancelled,120.66
11003,9025,23/01/2025,cancelled,58.35
10220,7257,9/08/2025,shipped,1871.28
5106,5323,28/05/2025,processing,835.66
17451,8835,9/06/2025,completed,150.01
603,9527,6/06/2025,cancelled,235.08
11403,800,21/01/2024,cancelled,415
11968,2148,26/03/2024,shipped,805.22
6459,2404,23/07/2025,returned,44.3
7809,8802,10/01/2025,returned,51.45
17611,7220,19/01/2025,shipped,735.57
5794,3366,2/10/2025,returned,124.32
5477,6641,22/04/2025,cancelled,537.38
14000,4086,13/04/2024,cancelled,742.29
8107,8274,2/08/2025,returned,93.43
14505,2502,7/02/2024,shipped,1576.16
19277,7792,18/05/2025,shipped,42.76
942,4044,9/07/2024,shipped,1701.19
16257,1337,13/07/2025,completed,508.16
14112,3882,11/02/2025,cancelled,577.49
6622,9610,30/03/2024,cancelled,537.03
12739,3583,20/06/2025,cancelled,3.37
4407,9165,9/08/2024,processing,660.71
1175,134,22/06/2025,processing,418.54
4898,7926,26/01/2025,processing,1183.16
926,8800,15/06/2025,processing,88.68
439,4476,19/03/2025,returned,71.91
161,1885,14/01/2025,processing,351.66
6165,5160,28/10/2024,shipped,573.65
9695,9291,30/01/2025,processing,108.08
3930,4393,11/11/2025,shipped,100.02
5031,2174,5/02/2025,shipped,837.04
11343,5744,14/09/2024,shipped,209.36
15540,7118,31/05/2024,shipped,1426.08
13992,1981,16/11/2024,returned,258.84
17088,5793,28/03/2024,shipped,315.78
12516,4335,29/09/2024,shipped,477.66
19274,8546,1/11/2024,completed,195.38
2660,9204,6/10/2024,returned,10.39
2165,4141,10/09/2025,cancelled,349.38
5305,6637,23/02/2025,processing,48.22
8663,253,14/01/2025,shipped,289.36
4265,4104,13/07/2024,completed,70.49
10470,3784,18/02/2024,completed,494.82
3080,1311,1/10/2025,cancelled,58.02
11316,7754,16/06/2025,shipped,380.51
7467,9313,19/08/2025,processing,110.36
14481,656,23/02/2024,returned,38.7
3443,926,14/02/2025,cancelled,55.76
13108,9121,18/10/2024,shipped,8.47
277,5096,27/04/2024,shipped,782.18
3098,4619,6/11/2024,processing,9.32
5285,5177,19/02/2025,completed,1495.01
3315,7584,18/09/2025,returned,49.09
12124,3708,21/10/2025,returned,661.82
138,6921,19/02/2024,cancelled,2154.33
2995,1997,19/05/2024,shipped,18.65
6398,3202,29/07/2024,returned,37.95
16712,9030,30/04/2025,cancelled,654.4
1803,7677,30/10/2024,shipped,44.02
15849,2275,23/03/2025,shipped,53.16
12614,8852,8/02/2024,returned,1423.17
7484,5986,18/11/2024,processing,166.47
13882,1749,11/11/2024,cancelled,1083.34
19546,4314,6/11/2025,shipped,7.85
2867,6568,18/03/2024,completed,57.42
19379,5702,13/04/2025,cancelled,1763.51
3988,531,21/08/2024,cancelled,4212.9
19912,2142,22/03/2024,returned,9
14251,3643,17/03/2024,shipped,766.89
3906,4206,6/05/2024,completed,322.85
13063,1811,5/11/2025,processing,1413.34
15979,3181,21/06/2024,shipped,159.14
14431,4259,25/10/2025,cancelled,368.92
14716,2143,3/07/2024,completed,120.82
18776,1540,5/06/2024,cancelled,531.04
10743,2383,4/11/2025,processing,370.14
7333,7869,2/06/2024,shipped,130.12
318,8822,9/11/2024,processing,180.25
18510,5448,29/08/2025,processing,103.97
17499,7510,25/02/2025,returned,40.38
4831,8766,3/07/2024,cancelled,13.12
13024,7855,24/04/2025,completed,316.08
3064,4378,9/12/2024,shipped,2924.22
9284,1529,15/10/2024,completed,235.65
19162,9751,9/05/2025,shipped,173.31
7389,2007,8/09/2025,shipped,967.83
10386,6526,27/04/2024,returned,91.87
6033,429,26/01/2025,shipped,1001.45
18131,9069,29/03/2024,returned,26.76
2774,3400,12/04/2024,shipped,651.6
6311,1066,14/03/2024,completed,374.85
8757,2410,7/12/2024,completed,121.55
4892,857,8/03/2025,processing,201.99
2892,2938,20/06/2025,completed,607.55
16881,1360,4/10/2025,completed,525.22
14806,557,10/11/2024,cancelled,94.59
5972,5255,12/08/2025,processing,498.05
9115,7067,8/11/2025,processing,25.48
10298,1111,5/08/2024,completed,410.74
9482,4845,30/01/2025,completed,217.83
572,9178,12/07/2024,processing,9.74
15142,7535,18/09/2024,returned,570.98
7151,5699,27/04/2025,cancelled,91.44
16017,4245,14/01/2024,shipped,307.27
10252,7653,19/08/2024,returned,330.96
11379,4393,15/11/2024,processing,266.42
14657,8949,21/05/2025,returned,9.53
3545,9206,24/10/2025,cancelled,205.97
6111,2311,1/06/2025,completed,331.27
12075,9093,27/09/2025,returned,92.94
14717,503,24/04/2024,cancelled,5.5
11474,6905,16/05/2025,completed,96.76
18962,6580,10/09/2024,returned,354.49
9634,68,24/12/2024,shipped,56.34
7002,3773,22/10/2025,completed,147.64
13767,1356,24/06/2024,returned,97.78
16374,5486,24/02/2024,processing,4909.21
321,6255,22/05/2024,completed,160.19
11946,4058,6/08/2024,processing,1186.42
13278,6564,18/12/2024,processing,358.38
6602,795,8/11/2024,completed,177.32
6233,2655,4/07/2024,returned,738.59
3102,8652,4/12/2024,cancelled,2797.11
3871,2614,18/11/2024,cancelled,476.07
15789,142,1/10/2025,returned,171.06
14897,2128,21/06/2024,cancelled,60.52
15596,3383,29/11/2024,processing,485.92
7126,8174,5/10/2025,cancelled,48.64
3817,3078,28/09/2025,processing,1962.14
4714,9376,5/01/2025,processing,2040.3
18028,9149,24/06/2024,processing,97.72
15750,9205,28/07/2025,shipped,211.5
11098,8977,3/06/2025,shipped,1048.12
8300,5869,18/08/2024,completed,356.33
196,8992,27/04/2025,returned,35.46
1185,9097,12/02/2025,processing,438.46
3673,9847,13/03/2025,shipped,1060.81
3515,2257,2/10/2025,shipped,986.48
16656,2606,7/10/2025,shipped,1280.31
7700,909,20/06/2024,returned,563.01
3830,1052,3/05/2025,processing,39
9679,3381,31/05/2024,cancelled,829.62
9717,9466,15/08/2024,processing,783.49
16000,6920,18/03/2024,processing,399.59
8342,2773,17/05/2024,shipped,78.11
9859,9229,1/11/2025,returned,1212.08
13276,7222,3/10/2025,cancelled,69.46
13971,1328,6/02/2025,processing,225.61
6590,1253,28/09/2025,shipped,791.6
19913,640,5/11/2025,processing,839.41
3383,7276,4/01/2025,returned,40.3
446,1117,27/05/2024,shipped,2845.08
12483,2516,1/01/2024,processing,21.52
7603,3530,8/10/2024,shipped,221.03
15039,6994,18/09/2024,shipped,287.87
13723,929,31/12/2024,shipped,148.55
13542,6668,7/03/2024,cancelled,65.6
534,7978,25/02/2024,completed,585
13058,9827,6/01/2025,returned,398.22
9854,4446,23/02/2025,shipped,26.06
3693,7585,30/06/2024,cancelled,1389.14
408,3348,18/09/2024,processing,610.25
11360,7839,18/05/2024,returned,134.35
8216,7226,1/09/2024,shipped,50.81
10337,5735,21/07/2025,completed,91.52
17063,8540,24/06/2025,shipped,2581.44
10224,8733,14/06/2025,completed,247.78
5481,9591,25/02/2024,processing,375.68
17071,5276,26/10/2024,cancelled,304.04
2990,1435,24/10/2025,completed,349.64
5360,5155,18/03/2024,completed,507.2
6485,3438,24/06/2025,shipped,463.22
18745,7392,2/07/2025,shipped,194.49
11548,1830,26/03/2024,cancelled,122.79
14238,9061,12/06/2025,processing,1895.52
1125,8755,29/01/2024,completed,426.88
9521,797,2/11/2024,cancelled,355.13
2324,7834,17/09/2024,processing,131.23
11120,1469,27/03/2024,cancelled,18.45
766,7739,13/05/2024,completed,509.48
19477,4105,2/04/2024,completed,69.43
9630,1854,4/03/2025,returned,3923.66
16854,4602,14/06/2024,cancelled,49.88
8209,6105,11/01/2025,shipped,134.22
7046,4097,8/06/2025,cancelled,19.51
15450,7794,10/04/2024,processing,991.56
1225,5968,26/01/2025,cancelled,9.27
16797,259,18/06/2024,cancelled,87.96
19026,7947,16/06/2024,shipped,52.92
13089,4821,9/05/2025,cancelled,305
1222,2404,26/03/2024,completed,1440.48
16061,7028,17/05/2024,returned,54.55
4569,9529,2/04/2024,cancelled,124.59
4010,1424,28/04/2024,shipped,94.4
8742,9934,29/10/2025,shipped,503.92
16422,8771,7/06/2024,cancelled,624.36
6956,5644,8/10/2024,cancelled,227.5
6941,4316,12/05/2025,processing,183.74
9348,3701,19/07/2024,processing,11.16
10543,4595,4/05/2024,completed,352.24
3292,353,19/03/2025,shipped,748.52
11909,1384,7/08/2024,cancelled,1084.07
16052,3432,4/04/2024,shipped,1458.84
12019,1008,2/04/2024,completed,1906.06
5161,7544,5/02/2024,processing,402.84
1499,3349,6/04/2024,returned,366.43
15118,9360,19/06/2025,cancelled,51.04
17830,4843,8/05/2024,cancelled,875.33
16259,8705,14/09/2025,returned,12.66
983,1137,9/11/2025,completed,394.91
5194,279,22/01/2024,processing,365.24
15467,6934,30/04/2024,processing,411.58
14325,2817,18/03/2024,returned,1011.51
6171,1157,14/10/2024,shipped,2155.96
17412,3057,24/06/2024,returned,1000.75
16275,295,5/11/2025,cancelled,223.09
19044,4964,17/01/2024,shipped,21.1
5204,8553,6/05/2024,returned,1089.36
16325,4466,11/04/2024,processing,509.5
4847,3662,30/05/2025,shipped,1065.42
17282,3407,29/04/2025,returned,66.97
16743,32,3/03/2024,returned,15.79
19355,4314,29/12/2024,cancelled,460.49
14295,7899,3/09/2025,cancelled,218.67
6083,6117,20/11/2024,completed,243.76
1912,5821,21/10/2025,cancelled,1268.16
17937,1326,18/12/2024,completed,221.26
11472,3080,4/06/2024,completed,469.67
8690,5446,31/08/2024,shipped,415.38
3500,5432,24/07/2024,returned,444.99
11454,1384,21/06/2024,completed,120.82
8970,1085,13/03/2025,completed,193.94
7675,8709,2/04/2025,completed,320.2
197,2348,26/09/2024,shipped,26.54
17320,2599,20/06/2024,returned,1788.6
5862,7696,18/05/2025,processing,138.66
1757,3192,8/05/2025,completed,2141.19
8897,414,1/02/2025,shipped,464.82
6884,2289,9/02/2024,completed,154.67
17896,8666,2/01/2025,processing,794.73
7161,2187,22/10/2025,processing,22.26
1342,2843,6/05/2025,returned,314.58
6109,2179,9/10/2024,processing,230.74
3899,5045,15/05/2025,cancelled,378.34
775,876,20/05/2024,shipped,356.39
7219,2339,25/10/2024,shipped,94.82
19283,665,17/01/2024,cancelled,56.96
16420,7552,19/04/2025,shipped,87.54
14563,6007,29/04/2024,cancelled,88.68
5883,453,8/11/2024,shipped,151.03
18436,526,27/02/2025,shipped,158.53
8201,3321,8/02/2024,returned,160.19
18668,1890,11/06/2025,cancelled,460.86
1062,6027,28/10/2024,processing,693.5
1356,6653,28/08/2025,shipped,157.22
4929,2378,3/08/2024,cancelled,122.1
4244,6543,28/05/2024,processing,44.55
17235,9664,13/08/2024,processing,1726.1
9453,5284,5/03/2024,completed,73.31
14656,4637,19/08/2025,completed,70.39
7694,9577,29/03/2024,cancelled,72.69
17724,9338,21/01/2024,completed,42.48
1440,993,22/04/2025,cancelled,3113.1
2466,2178,29/07/2025,cancelled,108.64
5110,8925,18/06/2025,cancelled,1319.87
8743,2227,24/02/2024,processing,148.77
12979,3481,9/09/2024,completed,374.84
14690,2374,8/02/2024,returned,338.68
9104,6604,18/02/2025,completed,50.64
7029,607,1/07/2025,completed,1103.05
3678,3577,8/02/2025,returned,835.5
14674,1294,7/09/2024,shipped,3275.04
11713,5128,9/02/2025,completed,2.92
10906,7639,11/05/2024,cancelled,162.64
5357,5872,21/03/2024,shipped,2337.5
16348,7498,5/06/2025,cancelled,150.45
10351,3005,18/03/2024,completed,885.27
3029,4446,5/11/2025,cancelled,425.07
854,9786,26/01/2024,shipped,231.79
4799,3711,22/08/2025,completed,14.09
10846,6624,25/08/2024,cancelled,276.7
3511,1011,4/08/2024,shipped,927.39
15867,2880,26/03/2025,completed,365.96
17987,85,13/03/2024,completed,3003.15
1529,6242,29/04/2024,completed,2.83
8115,1757,11/11/2024,completed,354.7
16834,583,15/09/2024,completed,368.91
8127,3441,4/10/2025,processing,159.68
11716,3516,14/04/2024,cancelled,419.77
19370,4631,7/06/2024,completed,312.52
9536,7838,12/01/2024,cancelled,132.71
10853,8384,15/12/2024,cancelled,166.47
1538,3321,3/10/2024,shipped,430.63
14091,9960,13/09/2024,returned,70.68
5830,3902,18/02/2025,cancelled,3249.06
12985,6012,10/01/2024,processing,393.93
19587,1632,16/01/2025,shipped,1594.59
10711,9021,24/07/2025,processing,434.12
17471,3733,6/11/2024,returned,117.48
18064,7667,3/12/2024,shipped,247.07
2281,9772,14/02/2025,completed,416.76
10383,1130,6/06/2024,cancelled,305.42
9230,1481,7/06/2025,cancelled,1366.79
2621,3007,16/10/2024,shipped,358.5
12865,7628,15/08/2024,shipped,17.35
19004,4818,14/09/2025,shipped,1828
13815,5059,25/02/2025,processing,1468.32
7751,9616,14/05/2025,completed,126.24
12974,1343,30/01/2025,processing,245.34
18407,8742,25/09/2025,returned,769.71
1159,1963,9/04/2024,cancelled,4748.95
12535,157,26/04/2024,cancelled,4813.35
8716,9748,29/04/2024,shipped,198.46
13915,6574,1/09/2025,processing,1864.92
17,6684,5/08/2024,processing,227.48
16731,5087,25/12/2024,cancelled,96.8
232,3029,18/11/2024,processing,120.02
3611,6022,23/03/2024,returned,75.81
3850,4671,18/06/2025,cancelled,66.88
14751,6699,10/04/2025,cancelled,747.02
3056,9199,26/10/2024,cancelled,347
7518,1071,17/02/2025,cancelled,565.23
10912,8442,8/10/2024,processing,1059.13
8989,9988,4/09/2025,shipped,165.03
13876,8917,26/04/2025,cancelled,152.63
15805,5050,20/08/2024,cancelled,256.21
9895,585,19/01/2025,processing,1283.78
5769,6696,24/08/2024,completed,55.25
296,2847,4/04/2025,processing,200.12
3868,1112,2/09/2025,processing,587.77
12294,8496,15/02/2025,returned,370.05
8524,7149,7/02/2025,processing,1231.6
8630,1415,4/05/2025,processing,596.08
7249,3607,30/09/2024,shipped,311.07
18775,2797,8/05/2024,cancelled,126.24
5019,6153,25/08/2025,processing,97.63
15489,4569,9/08/2025,shipped,179.39
8816,4351,12/06/2024,shipped,475.65
5908,8364,12/12/2024,completed,414.77
18310,1419,30/03/2024,processing,1408.92
19233,8788,27/01/2025,shipped,948.04
3252,1914,11/12/2024,cancelled,23.92
19245,595,8/02/2024,processing,43.84
16416,8492,8/01/2025,returned,55.49
2816,2029,10/08/2025,processing,135.45
7284,4436,4/04/2024,processing,2677.06
16172,8447,25/03/2025,processing,199.56
13795,3614,15/06/2025,cancelled,32.06
8608,1927,13/04/2025,shipped,190.52
16786,9533,31/08/2025,returned,508.66
11381,1665,25/04/2025,shipped,62.05
9720,7149,3/12/2024,shipped,369.72
10765,9461,22/11/2024,cancelled,202.58
10675,524,31/03/2024,completed,112.83
2688,631,3/06/2025,returned,1623.98
9534,337,11/05/2025,returned,443.67
18239,7308,6/07/2024,cancelled,40.03
17958,6680,17/04/2024,cancelled,383.26
16822,9364,22/11/2024,processing,56.08
13750,9707,1/09/2024,returned,1393.78
19023,8465,20/08/2025,completed,359.51
6342,2770,12/03/2024,processing,180.71
2930,6099,4/04/2025,shipped,2857.11
4620,4582,2/06/2024,cancelled,203.83
13190,345,15/05/2025,returned,98.52
9989,6287,8/07/2025,processing,1271.09
9003,7079,24/02/2024,completed,450.69
16589,8809,21/01/2025,returned,50.58
5633,7150,27/01/2024,completed,1461.67
1894,4411,14/02/2024,shipped,680.45
13737,6831,11/05/2024,returned,360.8
12938,8332,11/03/2024,cancelled,472.32
15134,1690,2/02/2024,shipped,45.66
11843,2221,30/12/2024,cancelled,56.11
10935,2414,8/09/2024,cancelled,494.5
17894,6755,9/10/2024,shipped,628.07
4179,1909,27/04/2025,completed,114.32
3347,6660,5/07/2024,shipped,406.13
12349,9433,12/11/2025,completed,134.99
4693,31,24/01/2024,shipped,131.29
7910,1972,27/09/2024,returned,4031.74
9064,7494,30/03/2024,processing,2556.31
16513,8656,11/04/2024,completed,20.68
14066,8674,14/06/2024,completed,688.52
3530,7052,15/02/2025,completed,1228.93
9478,4522,15/10/2025,completed,38.32
17437,7663,3/01/2025,returned,387.86
1452,9669,22/06/2025,processing,1251.1
1862,9584,13/02/2024,cancelled,405.22
5457,8356,11/03/2024,cancelled,295.93
8610,684,21/08/2024,completed,434.67
18580,5269,25/01/2024,completed,1901.73
5006,391,12/09/2025,completed,539.69
11056,949,14/09/2024,completed,278.14
311,3527,10/03/2025,returned,1175.69
12780,7591,11/06/2025,returned,59.96
7210,1224,22/08/2025,cancelled,80.87
9414,456,2/04/2024,completed,385.98
11417,7314,2/10/2025,completed,83.34
13809,3689,11/06/2025,shipped,140.54
4022,5901,31/05/2024,shipped,297.47
7882,7933,25/08/2024,returned,1410.93
3291,2939,12/09/2024,processing,61.52
10449,3397,28/09/2025,returned,108.5
8027,7238,10/11/2024,processing,54.01
7841,3844,20/05/2024,processing,268.09
861,642,4/01/2025,cancelled,713.32
4844,1476,29/12/2024,returned,2311.61
9282,9179,14/04/2025,processing,344.64
13981,3116,25/10/2024,shipped,3022.26
539,121,21/08/2024,completed,420.25
16476,7334,14/09/2025,shipped,11.62
4146,5560,30/07/2024,completed,98.82
2054,3181,10/09/2024,completed,138.82
16072,9156,25/04/2025,cancelled,1607.29
12714,2285,14/06/2024,returned,2284.29
19320,6569,9/08/2024,processing,4161.81
15182,3905,23/04/2025,shipped,929.73
2810,9261,13/09/2024,cancelled,448.81
649,2649,7/05/2024,returned,2210.73
2764,4449,5/09/2024,cancelled,333.28
11096,2075,1/11/2025,completed,6.95
12189,9761,19/07/2025,returned,8.74
17679,2272,20/12/2024,shipped,40.24
2106,3531,23/01/2025,returned,72.84
12718,9392,6/04/2024,cancelled,384.69
2084,1058,26/04/2024,completed,18.2
4465,8454,22/03/2024,completed,704.13
9821,7806,22/05/2025,shipped,288.96
11677,9781,11/01/2025,completed,205
6717,3854,22/04/2024,cancelled,1997.97
17197,2924,31/08/2025,cancelled,435.68
9966,9154,15/10/2025,returned,704.13
7195,5224,17/12/2024,cancelled,1206.27
14267,7444,22/02/2025,completed,110.04
15381,487,14/03/2025,returned,363.06
5274,778,17/02/2025,completed,4283.43
1595,4017,8/10/2025,processing,390.09
12789,1778,16/02/2025,processing,126.29
5267,3764,9/04/2025,returned,106.42
8194,9855,15/06/2024,processing,387.7
3940,2553,5/11/2024,cancelled,851.61
7216,7437,21/07/2024,cancelled,596.56
14372,7207,7/04/2024,completed,1570.57
11901,3637,29/01/2025,returned,201.41
724,2679,18/10/2024,cancelled,126.87
4580,7708,18/02/2024,cancelled,838.3
16805,694,12/03/2024,returned,353.88
5503,8887,13/09/2024,shipped,1288.66
17195,5130,14/11/2024,shipped,129.2
5412,6093,6/06/2025,completed,471.08
482,952,15/02/2024,cancelled,257.01
9319,4982,10/08/2024,shipped,5397.05
18420,1208,30/01/2025,cancelled,459.04
4090,9794,7/09/2024,processing,37.4
14092,8565,21/07/2024,returned,62.62
11185,8512,28/04/2024,processing,56.05
16316,2913,20/04/2025,completed,55.59
5551,424,13/10/2024,completed,415.15
17593,8224,14/02/2025,returned,100.62
1511,3843,21/09/2024,cancelled,105.35
11574,7674,23/03/2025,completed,531.46
12190,3631,28/04/2024,returned,437.47
8686,8019,15/01/2025,processing,84.48
11865,7927,27/04/2024,processing,165.3
9573,8493,16/06/2025,returned,280.99
6095,4575,20/10/2025,shipped,4279.03
11791,1021,24/04/2024,completed,120.82
16734,1008,21/09/2025,returned,1803.09
17884,168,7/04/2025,cancelled,59.31
18729,6276,6/10/2024,shipped,329.14
9839,8123,9/05/2024,completed,2244.92
3677,2571,2/04/2025,processing,648.66
5313,5516,16/10/2025,shipped,40.79
6811,3536,27/11/2024,shipped,2354.43
400,2183,20/05/2025,completed,186.14
6145,6600,18/12/2024,completed,172.68
10413,8711,21/10/2024,cancelled,199.79
14660,3916,4/01/2024,completed,4.19
2065,7166,29/12/2024,cancelled,270.36
3246,4996,15/08/2025,completed,109.92
19765,2393,10/01/2024,returned,1245.72
5062,2628,25/08/2024,completed,230.15
18370,3572,29/05/2025,processing,611.57
5565,5214,4/07/2025,cancelled,1647.99
19556,965,5/02/2025,cancelled,208.74
392,8683,19/02/2025,cancelled,361.37
10696,6377,23/01/2024,returned,504.42
3248,9402,21/03/2025,processing,889.5
168,5863,27/11/2024,returned,49.91
9589,5099,26/01/2024,cancelled,167
2053,7906,14/09/2024,processing,452.83
10581,5314,2/04/2025,processing,377.85
12501,3981,8/01/2024,processing,792.5
17424,7297,18/05/2025,completed,371.46
4507,291,9/12/2024,shipped,3103.96
6599,630,19/03/2024,processing,30.06
12282,6806,4/09/2025,completed,758.82
19384,8739,25/06/2025,completed,288.71
17299,2246,14/06/2024,shipped,240.84
5519,5465,18/12/2024,completed,159.73
5534,3292,18/03/2025,returned,602.32
17482,4099,12/05/2024,cancelled,419.45
95,2227,24/10/2025,processing,52.87
7390,980,16/03/2024,processing,419.12
16005,5013,2/09/2024,returned,71.01
6082,4948,17/03/2025,processing,202.73
4904,4443,27/10/2025,shipped,672.99
8169,1130,20/04/2025,shipped,474.34
6800,1137,8/04/2025,processing,272.72
3020,7813,19/06/2025,shipped,1318.53
7381,3780,29/05/2024,processing,109.05
7048,6105,26/10/2025,completed,616.5
8263,1853,16/03/2024,completed,86.97
14908,5936,17/05/2024,processing,260.62
12018,2052,6/07/2024,cancelled,333.66
12089,4308,31/03/2025,returned,65
723,7891,25/08/2025,completed,58.15
2931,7291,11/07/2024,processing,1718.18
1733,1350,18/05/2025,returned,984.2
2620,3554,21/02/2025,returned,1291.71
14299,3731,10/01/2024,cancelled,777.32
6665,2852,17/09/2024,processing,108.57
11949,1465,27/04/2024,shipped,338.67
18768,9574,8/12/2024,shipped,254.27
2102,8770,23/02/2024,completed,3724.27
5562,9673,13/06/2025,returned,328.29
19635,5328,10/01/2025,returned,40.36
801,965,7/06/2024,returned,777.62
19555,9186,20/02/2025,processing,133.48
4874,5850,17/06/2024,completed,48.92
4954,8469,20/07/2024,returned,220.2
5942,6011,14/10/2025,cancelled,1185.35
5676,4041,6/12/2024,completed,1811.84
11319,3458,5/03/2025,returned,326.57
9137,2195,26/12/2024,completed,2828.55
9131,9141,6/01/2025,completed,13.54
17627,131,1/09/2025,cancelled,498.75
15031,3572,10/12/2024,processing,437.06
8069,1260,21/09/2024,completed,98.47
10064,5277,3/02/2024,returned,794.29
11041,5539,5/02/2024,processing,23.71
5333,5052,18/08/2025,processing,16.74
6159,6091,5/09/2024,completed,238.61
6724,5183,22/12/2024,processing,956.01
19348,9424,16/10/2024,shipped,348.93
18360,219,4/10/2024,processing,94.52
9652,1775,15/02/2025,processing,61.86
17431,6133,28/07/2024,processing,604.82
262,9315,20/05/2024,completed,538.63
9072,1218,2/04/2025,returned,577.93
19218,2431,12/10/2024,completed,31.44
5579,1017,30/08/2025,processing,1044.75
14246,9528,31/05/2024,completed,475.84
15366,417,6/04/2024,completed,12.47
9233,4962,11/11/2024,completed,170.53
12131,4782,10/04/2025,completed,87.61
2037,4998,31/10/2025,processing,217.35
18411,8090,26/11/2024,returned,59.97
135,2302,29/06/2025,shipped,359.64
16177,1082,1/07/2024,cancelled,3144.71
18442,9851,26/12/2024,processing,2090.22
13044,7961,9/11/2025,returned,887.06
3650,9512,9/10/2024,shipped,227.79
17525,5743,21/07/2025,shipped,353.1
8988,2437,23/10/2024,cancelled,1222.88
8837,9107,23/05/2024,shipped,152.3
10940,3661,18/12/2024,returned,565.92
8590,6000,21/07/2024,processing,70.39
7930,6493,18/01/2024,processing,605.17
6101,8958,10/07/2024,returned,15.26
7582,7081,18/06/2025,completed,137.88
6522,5401,26/02/2025,processing,16.79
15318,2756,11/08/2025,processing,1546.09
15640,5754,6/12/2024,processing,1461.03
391,6033,17/03/2024,returned,1145.97
17163,8097,14/08/2024,completed,178.31
18168,5955,7/05/2025,completed,72.57
15342,8750,1/11/2024,returned,377.1
1241,4772,15/04/2025,shipped,656.86
13965,2731,17/04/2025,cancelled,401.13
2246,8269,27/02/2025,shipped,561.27
15462,3622,30/03/2024,completed,40.24
16248,6837,14/01/2025,returned,83.34
19551,8717,21/02/2024,cancelled,147.11
7150,3553,22/08/2024,completed,111.61
2689,4501,16/02/2025,shipped,1377.68
19994,6442,16/01/2025,shipped,790.35
1969,2020,18/11/2024,cancelled,190.14
3267,2384,29/05/2025,processing,84.7
13977,1795,3/04/2025,completed,1677.09
12794,6166,14/02/2024,cancelled,375.85
685,6534,17/08/2025,completed,764.69
19051,9610,16/03/2024,completed,1184.37
11042,6333,28/02/2025,processing,103.29
18682,7680,23/08/2025,shipped,351.64
12602,3991,12/08/2025,completed,60.61
18975,8252,12/11/2024,processing,69.22
2650,829,5/07/2025,completed,3626.14
17776,4663,26/08/2024,completed,770.24
7926,1218,7/12/2024,processing,213.25
10799,9673,30/03/2025,completed,12.42
17192,3825,10/06/2024,completed,15.62
1451,4941,25/04/2024,shipped,1658.26
16152,7876,17/02/2025,completed,484.33
1015,9393,4/11/2024,returned,208.74
16556,4821,16/03/2025,shipped,126.36
15546,8868,8/05/2025,shipped,439.51
3981,3302,24/10/2024,cancelled,1552.42
19653,392,17/01/2024,completed,713.58
16904,2681,21/03/2024,shipped,920.01
4416,5565,22/12/2024,completed,295.08
15302,7704,31/08/2025,returned,328.31
9014,5414,31/05/2024,processing,51.94
5659,8365,6/11/2025,completed,503.04
15654,344,18/07/2025,cancelled,49.15
9188,3329,26/04/2024,completed,25.41
1384,6445,23/01/2024,returned,622.37
15012,6974,20/08/2025,returned,777.29
5701,8919,29/12/2024,completed,1988.4
8377,7730,16/07/2025,processing,1084.26
431,9751,1/04/2024,returned,95.08
18793,163,16/01/2024,completed,816.6
10060,5488,1/04/2024,returned,470.89
18452,1887,2/01/2024,cancelled,1911.5
7121,2333,23/09/2024,shipped,114.03
4707,7582,6/07/2025,processing,1471.05
19475,1330,3/06/2025,returned,295.79
7173,3605,6/08/2024,completed,307.27
18428,2847,25/04/2025,completed,1496.37
9315,800,28/02/2025,returned,86.26
5694,3171,10/10/2024,cancelled,369.74
3429,3602,14/11/2024,shipped,56.05
4576,3187,5/05/2024,returned,168.02
2487,2477,20/09/2025,processing,1501.7
544,9936,1/04/2025,returned,1312.75
8409,7299,23/07/2025,returned,208.92
14676,4718,26/11/2024,returned,176.49
2433,3175,14/10/2025,returned,1026.74
14624,8004,19/06/2025,completed,939.56
4683,5304,17/03/2025,processing,20.31
2869,6527,19/11/2024,processing,310.13
18300,4910,3/06/2025,completed,1559.03
501,3846,5/02/2024,cancelled,569.34
14008,2996,14/02/2025,returned,631.36
10944,6591,11/03/2024,returned,1148.59
9155,6576,12/01/2024,shipped,181.88
6683,4708,24/11/2024,shipped,67.54
4667,4891,22/06/2024,shipped,122.71
4982,3157,1/04/2024,completed,97.24
13713,9403,26/01/2025,processing,373.88
119,9061,25/06/2025,shipped,71.07
13590,3478,18/07/2025,cancelled,1772.84
15237,2150,25/08/2024,returned,42.91
12838,6969,6/12/2024,processing,1572.57
3587,7437,8/08/2025,shipped,9.49
4371,7001,21/01/2025,shipped,60.55
16479,8013,3/12/2024,shipped,41.44
9715,4269,16/12/2024,completed,548.4
11382,5342,8/08/2025,completed,405.97
12991,9279,1/07/2024,cancelled,110.18
3608,4805,2/10/2025,completed,125.48
16224,2502,6/04/2024,shipped,119.02
14294,5632,12/06/2025,returned,111.87
3728,2414,23/07/2024,cancelled,22.55
14048,5284,15/04/2025,cancelled,63.08
6293,4265,18/02/2024,processing,119.14
13783,9935,5/10/2024,processing,97.46
16819,189,18/02/2025,returned,9.28
8666,6478,4/10/2025,processing,334.32
2700,8309,2/04/2024,cancelled,3051.51
2287,6149,8/01/2024,shipped,9.58
19204,8313,26/02/2025,shipped,96.95
5473,9902,16/11/2024,completed,451.43
19735,9257,10/09/2024,shipped,1757.32
10825,7488,28/08/2025,returned,360.74
12835,5900,25/09/2025,shipped,195.47
19319,3916,15/09/2024,completed,1597.2
3696,5845,5/03/2024,completed,885.2
2009,6310,13/07/2024,returned,1748.42
3046,1833,10/09/2025,returned,742.66
9323,3920,6/04/2025,cancelled,550.39
5985,7525,11/08/2025,processing,390.28
12769,2501,30/08/2025,processing,829.95
1824,216,9/09/2025,returned,169.16
16411,772,9/02/2025,cancelled,188.67
17463,312,8/12/2024,cancelled,333.89
17622,677,22/10/2025,shipped,189.05
16710,175,11/08/2025,processing,13.83
3272,8907,10/07/2025,cancelled,52.33
368,6186,18/02/2025,shipped,680.04
14609,5744,9/02/2024,completed,1658.01
7601,7905,24/08/2024,returned,451.4
7800,3682,11/05/2025,returned,191.73
350,2862,11/12/2024,completed,73.64
17255,2343,19/06/2024,cancelled,486.87
5173,4049,13/05/2024,shipped,1383.96
5348,2995,7/01/2025,shipped,665.27
14443,3705,30/01/2025,processing,22.11
717,7270,3/01/2024,returned,95.81
13345,4678,10/04/2024,returned,193.61
14738,8859,1/03/2025,returned,212.5
2064,1734,26/08/2024,processing,588.66
7739,8635,20/09/2025,shipped,354.05
14151,2891,4/09/2024,completed,502.31
11200,8249,4/01/2024,cancelled,94.98
1227,3902,17/07/2025,returned,50.52
15528,1505,20/03/2025,cancelled,2068.54
5250,6306,12/05/2024,returned,972.8
14149,4598,27/11/2024,shipped,270.57
18044,1806,1/01/2025,completed,742.09
7497,4607,3/03/2024,cancelled,243.85
4065,8173,31/10/2024,completed,797.97
8713,5828,31/08/2025,returned,29.43
16252,7329,22/03/2024,returned,1152.69
17077,8694,11/02/2024,completed,70.49
12728,4836,12/02/2024,returned,1244.34
6751,2391,15/03/2024,completed,179.53
16446,6182,26/04/2025,returned,276.48
17729,4501,18/10/2025,cancelled,502.01
6003,3488,18/01/2025,shipped,266.16
9603,1853,31/07/2024,completed,81.36
18629,458,16/09/2025,returned,1505.4
16286,8246,11/07/2024,shipped,541.43
18762,8613,2/03/2025,returned,26.38
4570,1861,18/05/2025,returned,99.41
2666,1391,25/08/2025,cancelled,200.82
2282,6442,19/08/2025,completed,286.45
14022,425,29/09/2025,processing,650.44
19622,5739,8/08/2024,shipped,462.35
5750,8577,7/12/2024,returned,358.66
7338,5257,24/08/2024,cancelled,854.8
520,8373,22/12/2024,shipped,1416.85
19987,3539,21/10/2025,shipped,266.26
14645,3814,17/11/2024,completed,3954.5
7861,7233,28/01/2024,returned,109.66
18465,3028,4/05/2025,returned,69.1
2979,9572,28/09/2025,shipped,435.56
104,7392,23/01/2025,processing,459.63
9085,1379,30/05/2024,shipped,65.07
2854,817,21/05/2024,shipped,807.32
2963,7315,17/04/2024,shipped,41.3
6733,3780,11/07/2025,shipped,339.57
1640,503,29/09/2025,processing,43.85
9682,771,19/09/2024,shipped,101.07
16796,929,11/05/2025,completed,608.82
5389,2734,5/03/2024,cancelled,446.02
11697,6385,8/10/2024,cancelled,444.04
3807,2594,8/12/2024,shipped,808.3
5165,4225,10/04/2025,processing,802.87
14647,8385,5/09/2025,returned,126.23
6764,8765,12/11/2024,cancelled,385.53
11955,6489,6/07/2025,cancelled,490.62
19097,8356,19/05/2025,cancelled,344.26
13382,2287,31/03/2024,shipped,59.93
3033,1288,2/09/2025,cancelled,1640.24
8836,5073,7/01/2025,cancelled,228.65
11099,8466,9/10/2025,processing,67.59
19189,7638,7/11/2025,processing,346.96
15579,25,17/05/2025,shipped,666.7
3775,9755,16/09/2024,completed,172.42
11487,297,27/08/2024,completed,63.71
1907,7161,7/10/2025,returned,180.49
8461,1104,13/11/2024,cancelled,2609.3
3583,7997,22/02/2024,completed,577.85
10760,8116,23/10/2024,returned,219.58
17091,4097,11/01/2024,returned,389.97
7365,9813,24/06/2025,cancelled,28.49
4890,7564,15/03/2025,completed,897.23
7748,1472,7/11/2024,shipped,1318.97
15934,8292,3/03/2025,shipped,278.42
9748,977,24/06/2024,returned,32.78
8365,758,20/08/2025,processing,2555.49
3190,4599,18/06/2025,cancelled,2348.45
18564,2875,19/06/2024,processing,100.81
14501,3724,7/05/2024,returned,1331.01
11328,3526,4/10/2025,processing,1834.76
5419,3223,13/01/2025,cancelled,64.67
9202,5546,5/06/2024,completed,884.34
5825,2197,21/04/2025,cancelled,509.65
12729,3432,12/03/2024,processing,199.12
11436,8373,4/01/2025,completed,131.29
7842,1137,22/08/2024,processing,1109.14
882,7080,27/04/2025,completed,455.3
1749,7115,25/07/2025,cancelled,91.54
19708,9029,1/08/2025,processing,252.09
12182,8302,5/04/2025,cancelled,26.74
17986,7410,21/10/2024,shipped,25.49
2624,6947,17/02/2025,completed,359.12
3093,9641,23/10/2025,cancelled,361.35
16090,8050,11/03/2025,completed,213.25
18986,8265,11/01/2024,completed,538.42
2000,5385,16/11/2024,cancelled,2206.39
18058,2618,10/03/2024,shipped,888.45
2748,5410,26/01/2024,shipped,19.14
13026,9711,16/07/2024,cancelled,561.75
14917,6925,5/08/2025,shipped,116.8
1999,684,6/07/2025,returned,771.5
16461,6133,10/08/2024,returned,328.7
17647,5917,29/02/2024,shipped,377.91
10505,3628,25/04/2024,processing,459.82
12465,3663,1/10/2025,processing,684.66
372,6358,9/09/2024,shipped,58.53
4754,7397,7/03/2025,shipped,14.26
10506,1833,26/07/2025,returned,901.34
12333,2657,25/01/2024,cancelled,52.95
6527,3839,30/09/2025,shipped,586.49
13828,120,8/01/2025,shipped,72.21
7291,8509,6/07/2025,completed,1155.57
10169,5272,9/08/2025,cancelled,286.88
5578,1131,10/08/2025,returned,461.02
18756,8764,4/05/2024,returned,95.98
2087,1229,12/10/2025,completed,1504.2
3818,6497,31/08/2024,completed,647.54
6394,2052,11/11/2024,shipped,1621.92
16271,5806,7/07/2024,completed,3037.86
11144,4773,6/11/2024,processing,1677.6
4694,7806,9/04/2025,cancelled,664.92
2074,5767,26/10/2024,shipped,77.63
13511,7096,4/11/2025,processing,150.01
1586,7055,2/04/2025,returned,384.15
8601,3242,1/04/2024,processing,285.22
1526,8825,29/02/2024,returned,4031.23
8586,3246,9/04/2024,shipped,69.57
702,4882,21/03/2024,completed,2389.58
7495,8543,16/01/2024,processing,197.16
11718,9723,13/11/2024,shipped,786.46
4867,8127,30/05/2025,processing,923.29
4782,8938,26/09/2025,shipped,205.16
6107,7465,4/07/2024,processing,296.2
15942,7083,9/10/2024,returned,1516.2
6266,9297,8/10/2024,processing,452.72
10594,6526,28/02/2024,returned,125.18
12016,1617,11/02/2024,shipped,16.65
2180,1842,25/03/2025,completed,2088
7042,1198,21/09/2024,cancelled,63.31
15415,8167,12/04/2025,returned,371.6
14269,5071,6/02/2024,cancelled,18.24
9789,3764,15/02/2024,shipped,927.72
1325,5161,9/03/2025,processing,463.44
2021,2002,19/04/2024,shipped,1916.35
8962,4790,22/04/2024,returned,326.78
4504,4111,4/01/2024,cancelled,251.16
13194,3688,18/01/2025,cancelled,40.64
2742,4502,27/10/2024,processing,53.8
13526,8964,27/03/2025,completed,175.38
13773,1103,16/01/2025,completed,962.03
8290,3270,19/05/2024,returned,520.58
18323,7255,5/10/2024,returned,1593.82
2132,8534,23/03/2024,cancelled,1089.04
1642,5225,24/06/2024,processing,12.32
12607,3032,30/03/2025,completed,35.41
1045,6281,24/02/2024,shipped,1842
19106,4617,29/10/2024,returned,948.69
19999,6170,27/02/2025,cancelled,728.97
3895,7074,5/05/2024,cancelled,121.89
11562,9423,10/02/2025,shipped,223.82
10664,9090,10/10/2025,completed,1172.24
19882,1626,20/05/2024,returned,123.35
15681,6583,7/06/2025,cancelled,1587.76
8098,6442,4/03/2025,processing,1108.89
12931,3206,19/11/2024,shipped,3753.9
18843,7969,10/10/2024,cancelled,311.12
12040,9260,7/09/2025,cancelled,580
13066,1490,23/06/2025,processing,372.8
44,8621,6/11/2025,shipped,158.28
8958,3887,11/07/2024,completed,1082.15
14945,7254,19/01/2025,processing,1195.81
7172,1014,7/07/2025,returned,114.51
14034,2776,12/04/2024,cancelled,207.26
581,5710,3/08/2024,processing,1040.96
17456,3227,6/08/2025,processing,182.41
8391,6708,16/03/2024,processing,118.38
10734,5726,7/07/2024,shipped,58.41
9896,6467,26/01/2024,cancelled,529.12
14675,2047,31/08/2024,completed,347.92
4944,4294,5/12/2024,completed,697.07
7047,6387,5/12/2024,shipped,112.28
11113,6927,21/09/2025,cancelled,63.31
12875,5246,14/04/2025,processing,406.79
5043,358,21/04/2025,completed,22.47
14877,6547,23/09/2024,returned,117.92
13282,1205,19/05/2025,completed,59.97
5779,6610,5/11/2025,returned,19.41
10699,2806,24/09/2025,returned,24.35
712,7195,9/09/2025,completed,54.01
10727,5708,26/04/2025,completed,113.84
8249,23,2/01/2024,processing,835.9
17740,7889,13/02/2025,returned,336.64
8355,5635,3/10/2025,cancelled,228.1
814,218,20/08/2024,completed,1197.06
14905,4579,17/06/2025,completed,277.19
19484,9903,31/03/2024,returned,326.75
13528,9653,31/03/2025,processing,403.64
12766,7613,17/10/2025,returned,90.37
9984,517,21/07/2025,cancelled,116.8
13887,3867,30/05/2024,returned,339.58
10862,713,1/08/2024,completed,216.24
18990,6346,8/11/2025,completed,494.84
14401,8229,29/11/2024,cancelled,155.82
9194,6602,5/03/2025,shipped,311.33
15589,6131,7/11/2024,shipped,101.29
7914,9541,29/10/2025,returned,250.14
1949,4717,30/08/2025,processing,2002.77
14623,2826,17/04/2025,processing,511.21
8870,4014,11/05/2024,processing,27.19
9544,4353,14/05/2024,returned,105.95
16367,3032,15/03/2024,cancelled,1319.06
9921,9415,19/04/2025,returned,853.46
11232,6269,2/05/2024,cancelled,99.52
8063,3331,16/05/2024,completed,1904.31
4479,3796,29/09/2025,returned,807.77
16470,2958,10/09/2024,completed,376.12
7241,7530,14/09/2025,processing,120
7053,3084,6/07/2025,processing,84.37
11213,4457,19/06/2024,completed,1511.11
9459,1833,28/12/2024,returned,90.27
19909,1387,25/10/2024,shipped,85.61
4260,2279,17/09/2025,completed,1081.57
7472,6176,12/06/2024,returned,496.78
474,5682,3/11/2024,cancelled,70.28
7638,2719,9/09/2025,cancelled,94.29
13045,6517,10/02/2025,processing,18.65
3720,4141,28/12/2024,returned,1003.65
19800,7229,2/07/2024,completed,334.88
2272,9242,21/05/2025,processing,228.06
4208,4975,3/09/2025,shipped,165.03
7948,4545,8/12/2024,processing,832.79
18844,5178,26/07/2025,shipped,249.36
3318,2845,18/07/2025,cancelled,356.88
11283,1242,8/08/2024,cancelled,325.91
14836,4334,27/12/2024,processing,2009.43
17170,4116,3/01/2024,returned,16.59
10146,5200,7/09/2024,completed,237.83
17152,8050,12/04/2024,completed,85.52
1311,6624,14/04/2025,cancelled,272.78
1779,6755,10/03/2025,shipped,125.28
11285,5032,26/02/2024,returned,1939.93
488,8604,24/01/2025,returned,747.8
13501,5444,29/06/2025,returned,1069.84
2780,5628,5/08/2025,cancelled,224.43
13083,1056,3/11/2024,returned,2181.05
4871,6047,19/09/2024,cancelled,101.3
2226,6759,14/01/2024,processing,231.03
15422,7745,22/05/2024,processing,226.24
9358,6165,14/10/2025,shipped,710.91
8435,2255,8/05/2025,processing,62.42
4665,8145,15/07/2025,processing,670.8
5342,649,3/07/2025,processing,2954.9
11614,3858,21/09/2024,processing,527.7
14152,3748,17/01/2025,cancelled,664.92
6808,4783,29/04/2024,cancelled,1063.06
3772,8082,24/09/2025,completed,52.35
8200,3167,4/01/2024,cancelled,1439.84
19301,119,25/04/2025,processing,805.15
3947,5901,14/04/2024,shipped,57.47
6942,6477,26/05/2025,cancelled,900.98
18174,7717,12/04/2025,processing,182.1
6301,3367,10/06/2025,shipped,361.53
14425,6492,26/09/2025,returned,244.16
10658,5350,25/06/2025,returned,174.51
7447,1850,9/07/2025,cancelled,1350.84
18274,4672,11/07/2024,processing,598.63
1414,1219,4/10/2025,shipped,3227.9
2186,993,26/02/2024,processing,327.86
19158,8949,25/07/2024,returned,589.47
12700,5229,18/03/2025,returned,807.76
17139,1717,31/03/2024,returned,141.21
16668,8121,17/05/2024,processing,2373.89
14482,5302,2/05/2025,completed,90.37
8691,4630,12/07/2024,shipped,264.79
19113,3443,12/06/2024,shipped,566.53
2488,1795,9/03/2024,returned,148.66
18121,7842,23/11/2024,cancelled,259.69
15245,3046,29/09/2025,completed,17.75
3744,7559,23/02/2025,returned,207.01
5160,7769,6/07/2024,returned,794.37
2481,2635,3/12/2024,cancelled,550.48
16085,669,22/04/2025,completed,165.03
281,988,19/06/2024,returned,1032.53
10148,8048,22/08/2025,returned,20.31
13247,6926,24/04/2024,shipped,40.71
9965,8142,18/02/2024,processing,162.56
7545,6742,22/06/2025,completed,797.64
8399,4993,20/12/2024,returned,2703.56
8916,3351,24/05/2024,cancelled,163.78
4254,827,3/07/2025,completed,1062.32
4128,4780,25/10/2025,processing,265.99
10741,4723,9/04/2025,shipped,638.51
12826,3247,6/04/2024,processing,3397.59
14801,3142,19/04/2024,processing,63.45
6423,4179,6/06/2025,completed,29.15
19354,7421,15/08/2025,shipped,152.24
8951,5096,20/10/2025,completed,474.22
18746,8763,3/01/2024,returned,312.52
12544,782,28/08/2025,processing,203.58
1047,8892,21/05/2024,processing,19.56
8421,2200,19/12/2024,shipped,893.85
15926,4450,21/03/2025,cancelled,57.65
2405,6937,7/10/2025,shipped,690.36
14888,6423,3/02/2024,shipped,1162.56
15295,1824,12/11/2025,completed,126.99
9401,4529,15/02/2025,cancelled,18.51
16829,2918,7/03/2025,cancelled,235.06
2578,3412,28/11/2024,shipped,168.25
1327,391,20/03/2024,returned,576.97
8993,5138,28/02/2025,shipped,379.58
6904,6909,16/05/2025,completed,866.49
3186,3550,12/10/2024,returned,87.48
7874,4836,5/06/2025,processing,2758.41
8723,172,28/08/2025,completed,68.37
8095,784,29/05/2025,returned,469.91
5511,8784,3/10/2025,returned,239.53
9987,5488,24/02/2024,processing,244.31
12127,1494,11/02/2025,processing,154.67
10911,9560,25/09/2025,returned,54.16
2996,8424,7/10/2025,processing,55.76
14520,6156,12/05/2025,shipped,65
14209,7151,12/03/2024,cancelled,877.58
17233,2092,28/01/2024,processing,569.21
10910,2831,4/07/2024,returned,83.6
2168,6641,26/07/2024,processing,512.88
11726,2142,17/06/2024,shipped,2084.73
16882,4031,4/07/2025,shipped,1194.94
7644,2149,14/10/2025,completed,96.75
16342,5707,5/07/2024,returned,2728.5
3154,902,8/03/2024,shipped,62.97
14303,3637,20/06/2025,completed,1930.3
6582,8664,6/08/2024,returned,2557.84
12155,3343,3/02/2024,returned,238.36
7649,6608,10/04/2024,shipped,235.46
2470,8901,18/11/2024,cancelled,420.69
16898,4389,20/02/2024,processing,354.49
13752,3217,3/06/2025,processing,363.58
11953,6473,18/03/2024,processing,293.19
5859,5072,28/03/2025,completed,1903.68
16606,7818,4/09/2024,completed,147.11
10864,7470,1/05/2024,returned,1049.3
12853,921,4/04/2024,processing,47.74
11274,3904,12/08/2024,returned,72.32
4964,3643,9/06/2025,shipped,134.16
7500,5040,5/07/2025,returned,562.84
5008,6800,29/03/2025,shipped,737.64
2511,7593,27/07/2024,shipped,38.18
10455,4923,29/09/2025,shipped,837.56
3066,4111,12/09/2025,cancelled,855.42
16131,171,19/04/2024,cancelled,550.74
12937,5087,6/03/2025,returned,159.54
13310,8188,10/06/2024,cancelled,1057.74
6195,7977,22/07/2024,returned,22.24
8007,6659,15/12/2024,returned,728.58
19347,8960,8/03/2025,processing,1311.34
10300,9634,31/07/2024,processing,3595.1
17791,6090,6/03/2024,processing,155.78
17838,6143,23/07/2025,processing,59.93
4222,3694,5/09/2025,completed,60.58
6731,1052,20/08/2025,completed,520.59
2582,2404,30/01/2024,shipped,157.51
2430,4821,2/07/2025,returned,227.36
2310,7761,1/07/2025,cancelled,949.73
13101,6438,24/02/2025,shipped,22.15
18429,1341,15/10/2024,processing,619.66
15771,2344,27/08/2025,shipped,486.86
11364,7992,9/05/2024,processing,819.38
306,2575,24/06/2025,shipped,756.87
17422,7112,12/04/2024,shipped,519.1
1810,624,29/01/2025,returned,34.59
8747,7959,8/02/2025,shipped,133.71
14682,2499,21/10/2025,completed,268.91
855,4723,13/04/2025,shipped,36.92
920,6869,31/08/2024,shipped,40.7
12060,4337,23/12/2024,completed,966.16
1044,1216,7/12/2024,returned,328.55
3439,4814,13/06/2025,cancelled,731.75
4182,5907,12/04/2024,processing,455.39
5317,1193,18/07/2025,processing,1262.89
5823,3726,22/08/2025,cancelled,113.44
1248,2609,13/05/2025,returned,1351.78
17558,9826,16/02/2024,cancelled,41.49
845,2033,9/04/2024,shipped,20.93
18145,2363,4/10/2024,shipped,2619.06
12771,1014,22/02/2025,returned,879.02
16859,2110,8/08/2024,processing,71.4
1469,6333,4/04/2025,processing,16.94
18502,1194,26/05/2024,shipped,1804.51
1955,2847,22/03/2024,processing,249.07
14982,8751,31/05/2025,shipped,943.05
19717,2599,28/08/2024,cancelled,108.39
18944,7193,9/04/2025,shipped,420.5
2929,4671,14/02/2025,returned,992.56
10316,3414,10/07/2024,shipped,280.36
17773,1525,4/03/2025,completed,72.4
15625,4404,25/10/2024,returned,1699.06
2125,4664,4/10/2024,completed,60.63
14909,21,18/04/2024,returned,42.64
13107,8276,17/04/2024,completed,482.45
13139,1857,19/09/2025,completed,819.76
4395,9483,31/12/2024,returned,1294.05
11173,7231,27/01/2025,processing,71.04
10361,7364,31/10/2024,completed,108.18
4678,362,27/01/2024,shipped,933.96
15475,2385,13/03/2024,cancelled,166.68
11521,6777,15/01/2025,returned,11.71
6046,9414,24/01/2024,returned,2022.33
6457,2701,12/11/2025,cancelled,175.06
11778,481,5/11/2024,processing,1428.84
12119,8113,4/08/2024,completed,1240.26
13559,8714,6/01/2025,processing,210.85
5119,4576,8/03/2025,shipped,203.57
8491,1380,12/06/2024,cancelled,10.83
4629,5879,31/05/2025,cancelled,703.4
8211,1568,18/03/2025,completed,25.32
6419,289,22/05/2024,returned,169.54
3520,4810,5/06/2025,processing,26.31
5402,8013,19/03/2025,processing,688.52
7901,2185,21/05/2025,processing,93.07
2360,9454,14/04/2024,shipped,140.56
18942,7903,18/11/2024,completed,23.38
2127,8190,18/08/2024,cancelled,521.26
11163,878,25/04/2024,shipped,109.53
9078,9482,17/07/2024,completed,66.33
4296,5877,10/01/2024,completed,84.8
12194,5062,16/08/2025,processing,848.79
4404,5269,16/01/2024,cancelled,495.22
12579,222,30/10/2025,processing,24.97
6237,452,30/12/2024,cancelled,541.77
1871,564,8/11/2024,shipped,223.32
3111,4083,15/11/2024,returned,418.93
4024,14,25/03/2025,processing,223.9
15564,8368,5/03/2025,processing,605.05
12934,3755,30/08/2025,completed,1859.46
15506,8562,16/04/2024,processing,203.44
19605,401,5/03/2025,shipped,1421.77
5966,7223,29/08/2025,returned,208.34
18154,1340,1/09/2024,shipped,373.9
13499,9505,7/07/2024,completed,284.34
4829,5109,24/04/2025,shipped,89.67
1369,3422,4/11/2024,processing,756.79
18096,3276,13/08/2025,completed,23.34
15167,5148,12/03/2024,shipped,687.66
2608,2462,25/12/2024,processing,919.54
4739,1829,1/01/2024,processing,117.09
14181,610,3/04/2025,returned,1463.12
4224,2465,11/07/2024,shipped,773.97
8427,5499,21/07/2025,completed,65.37
18814,7415,24/10/2024,returned,96.75
18866,5505,8/11/2024,returned,1866.82
11861,6190,6/06/2025,cancelled,263.51
1002,9034,25/11/2024,processing,9.28
13651,9368,11/03/2025,shipped,283.2
259,4075,26/09/2025,returned,134.2
10679,1363,29/09/2025,completed,311.96
18124,4595,9/08/2024,cancelled,759.56
6960,3721,10/03/2024,returned,299.93
13610,9873,28/09/2024,processing,2951.72
18820,8979,25/08/2024,completed,47.75
14183,1277,23/11/2024,processing,110.58
3739,9207,24/03/2025,shipped,492.64
9721,3995,6/01/2024,completed,231.49
17276,4262,8/10/2024,cancelled,983.01
5870,5787,27/06/2025,completed,74.96
3450,568,5/05/2024,completed,238.3
108,3853,31/07/2025,cancelled,973.82
2478,7067,2/08/2024,returned,45.74
1296,1092,22/07/2024,processing,136.16
10013,1360,23/11/2024,returned,42.47
18083,3654,2/03/2025,cancelled,216.91
10284,1781,9/02/2024,processing,100.66
8798,7799,11/07/2024,shipped,15.22
4381,6445,17/02/2024,returned,40.38
7292,5854,6/05/2024,processing,103.38
6776,9464,20/09/2024,completed,218.81
15441,1451,15/01/2024,completed,180.32
995,3307,5/04/2024,shipped,4043.84
14567,6196,15/06/2025,returned,408.79
8,7661,3/03/2024,completed,15.21
2769,9529,15/06/2024,completed,576.97
5143,4017,9/05/2025,cancelled,46.4
5874,5835,4/04/2025,completed,84.48
8467,7483,10/10/2025,shipped,3611.16
4901,5072,26/02/2025,cancelled,284.87
5773,631,21/08/2025,cancelled,505.25
13086,5300,23/08/2025,returned,676.98
13317,2630,24/07/2024,processing,427.34
10251,9219,25/11/2024,completed,358.92
14602,8868,2/02/2024,returned,1539.96
7943,7383,1/05/2024,cancelled,110.42
1066,927,9/03/2025,processing,40
17930,8577,21/12/2024,shipped,159.86
17010,8004,27/10/2024,returned,327.68
17341,3885,11/01/2025,shipped,517.03
1679,849,25/07/2025,processing,625.02
17657,5452,27/08/2025,processing,178.96
7692,804,31/07/2025,shipped,47.96
12371,1252,30/07/2025,shipped,857.27
12715,9556,21/04/2025,shipped,27.14
3544,6621,5/05/2025,cancelled,70.16
1659,9979,7/09/2025,processing,104.88
9205,3437,16/08/2025,shipped,283.77
19,4785,26/11/2024,returned,135.38
771,8051,10/09/2024,returned,530.56
11300,7096,3/05/2024,returned,739.68
13626,751,11/05/2025,processing,473.7
2444,8091,7/11/2024,returned,550.11
5326,9010,29/12/2024,cancelled,460.7
14822,4154,17/01/2024,completed,2314.93
17137,3064,13/09/2024,shipped,1700.35
676,8828,22/11/2024,returned,358.32
8079,8753,15/08/2024,returned,412.67
7288,4182,27/05/2024,cancelled,152.74
11674,6557,15/07/2025,processing,1587.73
9423,3516,6/06/2025,returned,114.63
6103,301,29/09/2024,shipped,155.73
17031,917,15/05/2024,cancelled,48.09
2276,5556,4/05/2025,returned,296.51
956,418,22/07/2025,returned,2365.61
9296,6403,27/11/2024,completed,1693.57
9138,1174,26/03/2024,returned,26.74
1712,8829,4/03/2025,returned,218.2
6167,2267,8/10/2024,shipped,32.46
8001,9812,23/06/2024,cancelled,68.49
13104,2376,1/07/2024,processing,238.05
14993,2279,25/03/2024,shipped,447.2
14998,2370,25/03/2025,completed,392.25
4728,1813,27/10/2024,cancelled,344.65
4568,6627,17/03/2024,returned,2050.6
811,8366,16/01/2025,shipped,83.76
8445,3491,5/03/2024,returned,549.81
2260,9587,20/02/2024,cancelled,371.77
7414,3008,20/03/2024,returned,317.38
11885,9687,13/11/2025,shipped,576
8701,8614,4/03/2025,completed,1484.43
17605,8759,19/08/2025,completed,81.69
2583,5758,2/10/2024,processing,71.29
11348,1223,11/07/2024,shipped,1736.98
3317,5860,8/07/2024,returned,71.29
2022,88,3/09/2024,processing,718.69
19706,5114,2/05/2025,returned,30.59
9199,8697,7/08/2024,returned,312.62
4604,9408,18/02/2025,cancelled,1910.48
3888,6217,25/10/2024,cancelled,475.53
17221,9913,18/04/2025,processing,154.46
19621,4223,8/05/2024,processing,1411.57
7769,1932,5/06/2025,returned,571.23
10789,4367,2/05/2024,processing,216.31
15590,5575,15/01/2024,shipped,2548.48
6689,3178,9/05/2025,processing,32.16
11198,2328,1/04/2025,shipped,458.59
917,36,27/02/2025,processing,327.19
8370,2719,29/08/2025,processing,308.65
5293,1322,1/08/2024,cancelled,11.93
14984,97,9/12/2024,completed,991.62
669,3718,3/08/2024,returned,3395.7
15129,9249,17/06/2025,shipped,739.26
17761,1330,13/05/2025,returned,96.07
16768,3435,20/02/2025,shipped,1796.35
19311,2780,12/10/2025,processing,694.8
3928,5021,7/07/2025,shipped,724.29
5385,4513,26/07/2025,shipped,76.4
3827,3644,21/07/2024,completed,165.03
18955,3288,25/03/2024,completed,100.08
5055,6699,20/04/2025,processing,24.94
758,2527,4/12/2024,shipped,266.88
235,8662,29/12/2024,returned,38.82
1736,3256,10/09/2025,returned,168.02
635,2432,12/05/2024,cancelled,133.58
11959,3996,31/10/2025,processing,1799.5
3219,4497,10/05/2024,shipped,431.07
16330,5160,21/11/2024,shipped,53.73
11326,4225,20/04/2025,processing,133.71
19795,421,1/09/2024,processing,216.66
6220,768,8/10/2025,shipped,887.72
15727,3570,8/02/2025,returned,158.72
18636,217,20/05/2025,completed,2862.77
10433,5149,14/02/2024,returned,210.15
304,2381,14/03/2024,cancelled,445.99
6697,1798,19/11/2024,completed,316
17409,8581,6/02/2025,processing,114.54
18757,1666,14/09/2025,returned,934.71
12568,3282,21/10/2024,shipped,360.8
11592,918,28/01/2025,cancelled,912.72
198,5404,7/07/2025,cancelled,409.49
6928,1768,17/07/2024,processing,118.68
11744,627,25/09/2025,returned,44.1
15823,279,7/08/2024,returned,470.62
981,7291,2/09/2024,completed,163.08
550,890,31/05/2024,shipped,324.82
7233,6830,12/11/2024,returned,66.5
18485,4463,23/04/2024,returned,545.87
17395,3712,7/11/2025,processing,160.23
13605,5820,28/10/2024,shipped,886.37
2086,2438,22/02/2024,shipped,664.74
9727,7449,18/06/2024,processing,317.71
13469,2233,22/04/2024,cancelled,3553.06
10143,9600,8/09/2024,returned,115.63
18165,9475,9/07/2025,returned,415.65
10685,9004,9/11/2025,returned,137.15
6534,3827,8/11/2024,cancelled,798.36
1276,4013,28/05/2024,processing,1370.08
5979,8256,4/09/2025,shipped,206.87
15214,2618,28/10/2025,completed,150.58
5401,987,1/05/2024,cancelled,1279.86
10008,8608,9/10/2025,completed,7.85
17300,9648,23/12/2024,cancelled,99.16
5232,7981,11/10/2025,processing,119.19
2525,5551,26/11/2024,returned,637.43
12747,3632,9/07/2025,processing,232.08
12980,564,22/09/2024,shipped,5717.67
13254,2388,28/08/2025,completed,5.11
19163,2313,13/10/2025,completed,872.48
2023,9132,8/02/2024,processing,1680.02
16747,3509,10/07/2024,shipped,10.62
3299,1949,14/11/2024,returned,16.1
12841,8749,26/04/2024,returned,409.2
15209,7111,14/08/2025,shipped,21.46
13598,6456,23/01/2025,returned,1119.86
6489,5819,6/02/2025,completed,687.51
12199,4732,30/03/2024,completed,1600.58
10585,3906,8/12/2024,cancelled,45.3
15461,4784,29/05/2024,returned,297.76
7157,1279,19/12/2024,returned,33.22
3989,6959,6/11/2025,completed,133.99
1255,9766,26/03/2024,processing,184.74
18414,6835,2/02/2025,processing,551.17
1762,4208,12/12/2024,cancelled,494.94
2463,6583,7/04/2024,completed,196.76
9755,3256,21/10/2025,cancelled,47.16
16321,379,22/09/2024,shipped,342.72
2325,765,29/07/2025,completed,268.79
6297,7111,20/08/2025,completed,140.52
17675,6154,12/08/2024,processing,955.71
9661,9212,21/05/2024,shipped,1605.98
561,9940,13/10/2024,shipped,2.48
1662,5776,20/05/2024,shipped,983.22
17327,77,7/08/2024,completed,123.27
14100,6304,14/02/2024,cancelled,77.34
523,754,24/05/2025,processing,305.12
19673,573,27/07/2025,processing,124.68
15659,3944,28/02/2024,returned,27.97
13858,253,11/09/2025,cancelled,698.45
17027,5886,14/02/2024,completed,402.43
1804,759,4/06/2025,shipped,1273.88
2207,3260,15/07/2025,shipped,94.06
8120,6247,26/01/2024,cancelled,1382.8
1839,1966,21/10/2025,cancelled,723.04
17592,2997,25/11/2024,shipped,311.52
361,7884,28/05/2024,completed,654.1
1551,2012,30/01/2024,processing,333.88
4837,7645,29/09/2024,returned,206.78
384,7191,11/07/2024,processing,35.56
15369,8776,7/04/2025,cancelled,6.52
14192,7982,18/04/2024,shipped,56.08
5595,2840,14/02/2024,returned,555.49
18585,5732,12/04/2025,cancelled,73.04
19095,6410,10/03/2025,completed,25.05
13409,8357,11/04/2025,returned,463.83
4017,1676,6/12/2024,shipped,1047.18
8567,9393,3/10/2025,shipped,443.67
19510,9570,16/01/2025,cancelled,484.83
16921,3475,3/08/2024,returned,777.12
1753,6073,13/01/2024,cancelled,136.4
16612,2168,30/09/2025,cancelled,386.17
1835,3177,21/06/2025,processing,381.12
13375,7663,6/04/2025,shipped,11.67
19107,8371,21/02/2025,cancelled,249.82
2418,7230,27/05/2025,returned,4264.37
7691,6515,30/06/2024,returned,264.08
9598,9587,31/03/2025,processing,318.63
9028,7452,9/07/2025,processing,116.26
8528,6079,1/09/2024,processing,44.14
10510,7909,16/10/2024,returned,195.48
15716,1863,8/10/2025,processing,861.69
8809,3384,16/01/2024,completed,982.1
18036,4919,7/10/2025,completed,189.09
12983,4802,22/10/2024,cancelled,1560.63
13933,7316,24/09/2025,shipped,542.77
18260,895,5/09/2024,returned,247.43
1070,7603,2/05/2025,processing,678.61
19295,4030,11/05/2025,shipped,2100.38
1922,106,19/01/2024,completed,71.72
16918,7828,27/06/2025,cancelled,242.13
4312,4761,26/09/2025,processing,295.31
3791,6510,13/09/2025,cancelled,121.1
2711,2183,10/05/2024,returned,98.79
15721,3016,30/09/2024,shipped,78.35
12716,4430,19/08/2025,returned,61.9
13673,1413,17/03/2025,processing,5.74
1501,2230,25/03/2024,completed,217.47
2188,8646,17/08/2024,cancelled,209.29
16872,5590,1/02/2025,cancelled,1212.17
1085,9771,30/09/2024,cancelled,65.21
12220,5153,31/07/2024,completed,3441.2
5507,3125,13/01/2024,returned,4.51
10398,9626,18/06/2025,cancelled,957.88
13484,9989,1/11/2024,shipped,268.2
14462,9789,20/05/2024,processing,1285.09
4524,8381,1/03/2024,completed,563.27
686,5702,16/09/2024,returned,951.8
9301,6344,15/10/2025,returned,157.06
1592,9403,12/07/2024,cancelled,479.76
18273,1063,30/01/2024,cancelled,2105.73
4229,8142,17/02/2024,processing,1312.74
11954,2669,6/03/2024,processing,21.11
13635,3316,5/07/2025,completed,365.83
16663,2250,3/03/2025,cancelled,286.85
7311,4891,14/06/2024,processing,452.15
10764,8403,30/05/2025,completed,458.24
13370,2435,8/01/2025,processing,88.66
9362,4152,7/11/2024,returned,352.3
11411,5132,25/10/2024,processing,694.64
17325,2859,25/04/2025,returned,747.55
7906,6777,14/07/2025,returned,223.8
15820,5810,7/03/2024,returned,791.4
18238,2346,4/07/2025,completed,340.09
19011,5952,6/04/2024,processing,40.92
11465,2167,16/01/2025,shipped,521.8
2549,1643,20/12/2024,returned,168.32
12540,9071,6/08/2024,processing,462.76
16837,438,9/05/2024,shipped,233.7
6706,7163,2/02/2024,completed,541.84
18440,6667,10/08/2024,completed,9.53
8733,5687,25/11/2024,processing,2573.05
8973,7664,4/06/2025,shipped,96.12
12493,2468,11/07/2024,shipped,97.46
7616,7723,4/03/2024,returned,2.83
18457,4597,7/11/2024,shipped,113.75
6044,4513,29/03/2025,shipped,96.63
13682,4805,29/07/2024,cancelled,1023.37
19916,6180,31/05/2025,shipped,297.11
4422,7941,11/03/2024,completed,514.26
13,3631,3/01/2025,processing,15.87
8293,6578,21/06/2025,processing,251.94
4662,9827,9/01/2024,completed,571.5
8956,2711,18/12/2024,completed,774.94
437,5848,4/07/2024,shipped,397.65
546,7291,27/10/2025,cancelled,1833.62
6377,1080,19/01/2024,cancelled,1389.57
10641,8686,21/02/2024,processing,576.03
3627,6614,15/02/2024,processing,368.82
9647,9638,13/08/2024,processing,157.89
18365,7827,12/06/2025,completed,38.7
14445,9971,11/06/2024,returned,98.53
16623,8548,2/04/2024,returned,815.01
13009,4375,8/08/2025,shipped,33.29
8905,1588,12/10/2024,cancelled,416.1
12274,4350,26/01/2025,completed,1218.91
4557,9685,27/01/2024,returned,77.21
16468,4348,7/01/2024,processing,818.7
9687,3103,28/08/2025,completed,153.34
10708,9789,20/08/2025,processing,99.23
14420,8420,9/04/2025,completed,2059.41
7536,6336,19/05/2024,processing,549.76
19028,1895,30/01/2024,returned,137.9
10682,6604,28/06/2024,processing,260.1
2294,9637,5/12/2024,returned,341.64
19211,8354,27/10/2024,cancelled,323.92
11546,1011,8/03/2024,completed,2209.02
14546,5374,11/03/2024,completed,251.12
3965,3551,18/06/2025,cancelled,111.42
18208,4695,1/04/2024,cancelled,327.15
6836,434,14/09/2025,shipped,81.54
73,383,18/01/2025,returned,48.09
8373,5103,27/05/2024,returned,128.2
15797,1797,16/10/2024,processing,413.36
9694,3571,11/12/2024,shipped,261.58
2947,5955,3/05/2024,completed,23.92
8062,264,11/07/2025,completed,96.56
8179,5022,13/02/2025,cancelled,479.04
9911,5821,16/05/2024,shipped,563.96
6468,1036,5/02/2025,processing,166.57
10439,6324,19/03/2025,completed,210.58
4121,4102,23/07/2025,returned,1197.26
18748,2264,20/08/2025,shipped,224.38
4082,8729,23/02/2024,processing,167.07
15505,4255,23/04/2025,processing,31.44
3162,4734,27/03/2025,returned,386.33
2739,8483,29/04/2024,processing,450.44
6790,9896,25/05/2025,processing,529.17
11309,4505,4/12/2024,shipped,686.14
13002,7030,24/03/2024,shipped,2009.56
14079,7681,2/03/2024,shipped,97.69
14714,7874,5/08/2025,shipped,2084.65
14290,7394,11/04/2025,returned,18.98
11103,3287,27/07/2024,processing,185.5
15692,6212,3/07/2024,shipped,271.71
1121,2918,26/08/2024,completed,560.94
5845,7671,1/07/2025,cancelled,1653.07
13552,717,2/11/2024,processing,115.46
858,8200,27/12/2024,shipped,2202
13150,7089,31/10/2025,shipped,56.32
6219,4806,20/11/2024,cancelled,209.31
16406,7197,21/06/2025,shipped,439.38
1850,4475,24/08/2024,processing,873.3
18156,6924,3/03/2024,processing,825.36
19664,6080,26/01/2024,cancelled,142.27
11111,3761,24/01/2025,completed,111.42
1822,5496,30/10/2024,processing,1170.05
560,1308,4/07/2025,shipped,425.58
9571,3636,2/10/2025,processing,985.75
10889,2753,10/01/2024,returned,645.1
270,3564,12/02/2024,returned,846.61
8979,9860,11/05/2025,returned,790.24
14262,7887,25/05/2025,shipped,381.24
18373,966,13/09/2024,processing,430.47
10551,1458,28/09/2025,shipped,586.84
15514,4318,5/09/2025,cancelled,638.51
6951,1332,24/07/2025,processing,173.25
328,7930,12/01/2025,returned,45.67
6694,5916,27/06/2024,returned,44.71
16573,3808,11/07/2025,completed,1964.28
16950,2412,12/10/2025,cancelled,138.89
3826,400,24/11/2024,shipped,529.71
11152,53,1/04/2025,processing,357.87
19308,708,13/03/2024,cancelled,419.65
189,1604,14/01/2025,processing,1184.86
11918,2465,8/08/2025,completed,802.45
18212,8472,13/11/2025,cancelled,572.62
9197,1280,2/03/2024,completed,1839.84
17205,7862,13/03/2024,cancelled,87.3
13975,7907,18/07/2024,completed,189.9
11847,8867,18/06/2025,processing,484.18
9169,7498,14/11/2024,shipped,206.86
9640,2570,1/09/2025,returned,1253.52
2134,9168,19/07/2025,cancelled,194.72
4324,9229,17/09/2025,returned,297.47
126,2931,6/02/2025,processing,840.44
10863,6720,16/04/2024,shipped,545.64
8437,4136,5/07/2024,returned,94.6
15246,6798,13/06/2024,returned,299.62
5626,9049,12/02/2025,shipped,165.58
4565,7254,16/03/2025,cancelled,1061.4
17941,3532,25/07/2024,shipped,64.95
13116,1859,13/02/2024,cancelled,3.45
16485,3509,3/01/2024,processing,1308.09
7132,4792,18/10/2025,shipped,104.54
12623,9122,28/08/2024,shipped,538.87
6743,1973,6/05/2025,completed,54.86
14389,9942,22/03/2025,cancelled,827.59
13753,5742,8/01/2025,completed,139.77
14784,5092,19/09/2025,completed,261.74
7964,8278,14/08/2025,cancelled,207.87
17745,2022,2/01/2025,processing,3005.01
3597,8189,2/01/2024,shipped,157.95
13198,5832,8/04/2024,shipped,249.53
19345,4147,5/04/2024,completed,143.9
4547,39,6/11/2025,returned,133.71
17410,9203,6/09/2024,cancelled,289.67
5558,671,12/10/2024,completed,208.7
1071,2866,4/10/2025,cancelled,346.93
5876,2535,7/05/2024,cancelled,360.29
5100,1449,26/04/2025,returned,111.12
13189,2628,9/05/2024,shipped,1613.8
9626,1195,5/01/2025,shipped,1076.6
14683,3102,20/09/2024,cancelled,131.55
4433,6894,30/09/2024,completed,61.9
16498,713,7/07/2024,shipped,195.81
396,8571,14/07/2025,returned,1706.08
1591,433,28/08/2024,cancelled,1874.73
17933,4814,27/03/2025,processing,2510.4
12500,5304,19/06/2025,cancelled,1631.07
9481,6355,28/06/2024,returned,603.12
18755,5838,27/06/2025,returned,1900.19
18588,7949,26/03/2024,cancelled,1583.29
8123,5856,10/07/2025,completed,73.43
15151,5805,7/03/2025,cancelled,290.17
19091,3932,18/12/2024,returned,168.32
19928,9136,21/12/2024,processing,1975.5
15916,1850,21/03/2025,shipped,457.79
2836,5989,15/06/2025,returned,526.05
11827,6674,20/10/2024,returned,85.73
18281,8356,9/06/2024,completed,511.34
3513,3787,6/12/2024,returned,758.75
6329,498,12/07/2024,cancelled,231.62
15240,1452,9/02/2024,processing,253.83
9893,844,9/11/2024,shipped,46.64
8861,3120,10/11/2025,cancelled,6.69
19190,1211,19/03/2024,completed,104.5
2153,1098,16/11/2024,processing,918.76
9622,9903,13/10/2024,shipped,2379.84
10937,8044,2/10/2025,completed,643.14
17478,146,17/08/2024,processing,22.48
17208,688,18/02/2025,returned,233.54
17552,338,4/10/2025,completed,232.48
652,4162,8/08/2025,returned,29.9
4309,2682,30/03/2024,returned,2065.13
16232,730,7/01/2024,shipped,1993.95
9832,1628,30/04/2025,returned,264.04
8572,5036,19/07/2024,completed,427.63
11565,6383,1/10/2025,processing,1458.53
1365,4066,30/04/2024,returned,1761.12
2861,3387,6/01/2025,cancelled,112.47
19108,3089,16/07/2024,processing,1744.46
17383,3361,13/05/2024,completed,367.18
17150,8715,15/08/2024,cancelled,108.67
10329,6396,19/08/2024,shipped,420.43
18753,6140,29/07/2025,processing,746.51
1081,2822,2/09/2025,completed,1405.44
17226,4732,7/03/2025,completed,24.37
6996,7046,29/07/2025,returned,33.05
16733,6829,17/02/2024,shipped,565.78
3475,2660,7/02/2025,completed,1832.16
11620,7239,27/03/2024,cancelled,273.92
12824,6555,27/07/2024,completed,366.24
8853,565,21/05/2024,cancelled,54.41
17865,7838,27/07/2024,cancelled,1030.9
16990,4684,1/09/2025,processing,417.56
1471,1381,12/05/2024,completed,18.76
5896,8848,26/07/2025,completed,670.01
418,3487,6/09/2025,completed,2660.31
4881,286,27/01/2025,completed,179.14
16634,6905,2/06/2024,returned,251.96
19374,3210,23/03/2024,returned,1570.95
4105,6754,26/11/2024,completed,1067.26
17687,9760,20/05/2025,cancelled,13.54
5139,4632,18/03/2024,shipped,26.13
6795,8109,6/09/2024,processing,153.71
13061,3277,11/06/2025,completed,830.55
17291,1810,30/11/2024,completed,552.59
14406,4986,27/06/2025,processing,93.72
16789,1180,24/10/2025,completed,204.78
9117,7437,1/02/2024,returned,627.57
694,6903,14/09/2024,cancelled,9.98
14348,1293,16/06/2025,completed,24.6
16715,9995,16/02/2024,completed,631.36
13019,1856,28/07/2024,returned,43.11
8333,3683,9/04/2025,cancelled,91.48
5191,6066,25/02/2025,shipped,21.02
7127,7171,17/02/2024,processing,460.66
76,6851,15/08/2025,completed,357.16
1905,562,12/03/2025,completed,168.05
1089,8929,28/01/2024,returned,700.04
14160,8593,31/05/2025,cancelled,754.78
15496,6652,19/06/2024,processing,1832.31
15864,4160,17/10/2024,processing,97.46
12819,3513,24/05/2024,cancelled,26.13
3878,1549,11/12/2024,processing,94.62
575,5722,5/01/2025,shipped,161.07
10625,6649,27/06/2024,shipped,74.77
18424,4817,13/03/2025,shipped,1122.82
13830,9562,13/06/2024,cancelled,746.97
2618,3196,24/06/2024,processing,206.86
6769,4238,27/04/2025,returned,1670.75
6294,4876,9/12/2024,processing,49.59
8867,4934,13/09/2025,cancelled,56.77
15038,6152,25/04/2025,shipped,2158.97
8487,55,24/03/2025,returned,484.5
17612,4076,4/08/2025,returned,176.48
3084,9071,21/09/2024,completed,1205.86
17873,6186,22/10/2025,returned,239.5
4552,8124,2/10/2024,processing,584.06
4452,8185,23/11/2024,shipped,1813.76
12265,3458,1/02/2025,processing,3527.91
3114,9200,9/07/2024,cancelled,209.33
5683,4474,14/04/2024,cancelled,979.95
6766,6228,25/01/2024,processing,386.14
15238,3741,4/08/2025,processing,1611.34
16463,4936,28/03/2024,processing,34.13
16624,1074,15/08/2024,processing,538.42
4249,9005,25/06/2025,shipped,84.38
11393,7374,12/04/2024,shipped,293.24
6805,8455,23/03/2024,cancelled,235.44
2753,2054,20/11/2024,cancelled,143.52
3377,5696,25/03/2025,shipped,2811.77
9208,2522,16/06/2024,cancelled,487.58
8876,5716,3/12/2024,shipped,113.58
19416,6237,22/05/2025,shipped,312.28
19577,5566,25/03/2024,returned,10.87
13436,6908,20/11/2024,returned,1017.65
15204,7888,19/11/2024,processing,67.41
15560,4525,25/06/2024,processing,1252.44
18423,9759,27/01/2024,processing,121.74
5245,5858,2/08/2025,completed,1760.43
4177,3755,30/04/2024,cancelled,338.57
7528,225,16/04/2024,completed,199.04
10163,9150,27/07/2025,cancelled,233.85
10746,7030,28/03/2025,processing,474.82
13325,2888,26/05/2025,cancelled,104.66
14513,3214,23/05/2024,processing,738.18
18449,1345,21/01/2024,returned,694.67
14122,5482,13/02/2025,shipped,642
17932,827,30/04/2024,shipped,121.26
2710,3810,14/09/2025,completed,100.76
4419,1051,3/02/2025,returned,99.88
13903,4421,28/09/2024,returned,355.83
17893,8295,30/08/2024,shipped,300.69
6465,9639,14/07/2024,cancelled,123.77
4798,7753,6/07/2025,completed,40.77
5208,3427,12/02/2024,cancelled,1756.76
11560,8883,11/01/2024,shipped,143.24
11877,8722,29/06/2025,completed,313.83
18459,4144,9/08/2025,shipped,178.26
645,2200,30/06/2025,returned,14.99
1578,9177,2/07/2024,processing,843.64
12304,4757,26/07/2024,cancelled,5.79
6885,2100,6/08/2024,processing,1472.24
14250,6302,12/11/2024,completed,782.61
7818,3216,1/05/2024,cancelled,259.72
684,2419,12/02/2025,processing,70.44
5926,5968,1/10/2024,cancelled,1284.63
18710,4439,15/03/2025,cancelled,1233.97
19903,8971,24/11/2024,cancelled,86.41
9719,4944,7/02/2024,processing,613.5
15279,4751,8/09/2025,returned,162.35
16462,4394,12/04/2024,returned,149.11
15253,5724,1/08/2025,shipped,610.84
2258,5314,7/03/2025,processing,576.14
7599,8511,2/07/2024,completed,327.15
17621,204,8/04/2024,completed,61.9
10111,9826,10/04/2025,completed,860.41
3336,1339,8/04/2025,returned,287.88
4721,1897,10/02/2024,shipped,1050.94
3600,261,6/02/2024,returned,42.15
4091,8527,12/04/2024,processing,1875.14
17637,5109,10/10/2025,shipped,728.31
6063,5412,15/03/2025,completed,114.03
3945,736,13/05/2024,returned,1099.64
19671,1665,15/07/2024,cancelled,644.91
16836,2946,3/04/2025,completed,281.03
3120,7077,8/10/2024,completed,52
4681,817,30/09/2025,completed,96.55
2706,8580,2/11/2024,returned,769.58
9463,7311,1/10/2025,completed,22.16
11045,7700,20/01/2024,returned,28.77
15536,3437,1/01/2024,returned,127.76
7920,9800,2/12/2024,processing,146.04
14344,3648,23/01/2024,processing,59
5580,5309,15/09/2025,completed,1146.15
7949,7391,18/08/2024,processing,221.48
8046,9598,20/02/2024,shipped,353.21
9276,7073,2/01/2025,completed,195.21
6282,2460,22/06/2024,processing,195.26
7609,336,28/02/2024,returned,18.79
13414,8347,1/01/2024,shipped,212.76
4293,7940,14/02/2024,completed,420.63
2513,1928,7/03/2025,returned,63.96
19471,2376,11/04/2025,cancelled,348.63
6363,4793,8/05/2025,processing,704.58
1383,8853,6/03/2025,shipped,123.89
18657,6015,20/09/2025,completed,159.71
1150,9930,13/05/2024,returned,649.45
11092,1879,13/01/2025,processing,17.03
3172,331,22/05/2025,processing,395.99
9948,4017,5/11/2024,shipped,1038.73
12154,8757,15/08/2024,shipped,218.74
9956,3957,16/06/2024,processing,101.26
3786,7597,18/11/2024,returned,1714.15
11264,3411,2/09/2025,cancelled,462.62
13614,6147,7/09/2024,cancelled,367.67
3209,5494,24/03/2024,processing,983.65
11510,396,6/12/2024,shipped,225.23
5023,9445,17/03/2024,returned,94.58
19036,8762,14/08/2025,cancelled,222.84
67,1740,6/04/2024,completed,197.83
15219,8600,6/04/2025,processing,2.41
3891,8331,18/12/2024,shipped,114.32
3331,4894,15/02/2024,processing,301.06
5547,1023,17/02/2025,cancelled,91.39
4876,1965,30/09/2024,shipped,942.91
18290,9147,27/04/2024,cancelled,710.35
18319,8744,10/08/2025,processing,257.15
2921,9910,10/02/2024,shipped,206.81
10259,7909,5/08/2024,shipped,898.96
10840,6844,30/09/2025,shipped,4513.75
12195,8960,28/06/2024,shipped,77.11
485,5342,12/08/2024,completed,45.1
15613,9940,10/12/2024,returned,109.79
12836,4037,14/11/2025,processing,476.36
19851,5900,17/07/2024,shipped,117.72
1768,4865,26/01/2024,returned,1129.44
11731,2188,25/04/2025,returned,1260.68
6102,6514,31/12/2024,processing,172.38
14031,3395,1/04/2025,processing,327.97
13000,444,28/08/2025,returned,967.83
8404,9338,11/08/2024,returned,122.6
10752,6111,26/07/2024,returned,112.71
9435,6966,1/04/2025,shipped,355.33
5991,4175,20/11/2024,completed,152.1
14434,9499,29/04/2024,cancelled,363.26
9639,5742,4/04/2025,completed,1066
14375,6777,20/02/2025,shipped,1540.29
6781,3496,7/05/2025,cancelled,179.22
9773,725,2/07/2024,processing,84.8
12793,7259,18/05/2024,returned,145.39
7341,4902,1/03/2024,completed,243.96
16532,1842,13/04/2024,returned,3651.65
11216,8850,5/04/2024,shipped,300.8
5490,5635,2/02/2024,cancelled,304.87
6661,1067,20/05/2025,processing,86.49
4760,8095,24/06/2025,completed,808.88
17545,8870,12/03/2025,processing,1316.47
8730,4161,11/02/2024,shipped,2861.48
11275,363,2/04/2024,completed,403.08
9752,9499,29/08/2025,cancelled,280.6
5138,2679,4/07/2024,returned,88.08
3381,3227,8/03/2025,cancelled,446.85
5118,2898,27/10/2024,cancelled,209.65
18713,7930,3/07/2024,shipped,420.29
8589,3073,11/05/2024,completed,92.48
11655,6628,18/10/2024,completed,671.22
6099,7024,18/10/2025,cancelled,815.47
7820,1383,8/08/2024,shipped,304.71
18463,3273,24/04/2024,cancelled,209.1
13838,7741,6/09/2024,shipped,158.61
3647,7899,30/01/2024,completed,688.49
11149,4009,25/01/2025,returned,54.86
13343,2052,8/08/2025,processing,297.32
17721,2658,5/08/2024,cancelled,142.42
11010,2190,3/06/2024,processing,613.15
10097,2776,13/03/2024,completed,64.22
18789,3117,8/07/2024,cancelled,2203.72
4848,4607,27/05/2025,completed,219.1
6200,8012,4/07/2024,shipped,210.15
12477,4426,16/08/2024,completed,376.37
13860,8356,2/07/2024,returned,710.1
4441,9406,20/03/2025,processing,364.06
10739,7145,7/03/2024,completed,312.52
1645,2264,3/12/2024,returned,8.06
10036,6174,14/10/2025,returned,934.89
16686,1652,30/06/2024,shipped,39.15
9410,154,4/04/2025,returned,85.99
4970,4578,5/04/2024,cancelled,65.95
17190,7251,12/05/2025,completed,67.42
19886,548,18/07/2025,processing,513.83
6671,2149,5/03/2025,shipped,2879.77
3103,7434,1/04/2024,cancelled,1859.74
5602,1364,23/03/2024,cancelled,559.58
5955,1337,16/10/2025,cancelled,1644.84
4488,4657,29/07/2024,shipped,71.13
3176,943,1/05/2025,completed,117.69
8807,6874,15/08/2025,completed,871.03
8986,6115,3/08/2025,completed,334.11
2308,7430,6/08/2024,completed,148.89
16544,716,14/04/2025,completed,341.61
10407,9261,23/12/2024,processing,264.08
19620,4227,26/05/2025,completed,1.21
8262,8540,14/08/2025,cancelled,184.72
7160,9808,11/07/2025,completed,51.1
7170,7470,21/11/2024,completed,489.62
17829,6690,16/11/2024,completed,215.71
3321,4964,21/07/2024,processing,353.28
19072,9343,31/03/2025,completed,382.23
16628,1910,2/10/2025,returned,529.16
1461,9347,23/02/2025,cancelled,3053.51
11500,2633,13/05/2025,cancelled,2817.69
405,8444,3/10/2025,processing,7.85
3967,3476,28/06/2024,shipped,663.43
18432,4614,27/09/2025,completed,42.15
14184,303,17/10/2025,completed,33.17
16825,2500,22/08/2024,shipped,1217.83
283,5554,14/10/2025,shipped,390.19
5719,7747,7/11/2024,cancelled,2280.13
9981,5918,13/10/2024,cancelled,4354.04
3699,7569,31/01/2024,processing,183.4
11986,5511,27/07/2025,shipped,49.59
1449,6048,8/10/2025,returned,190.04
5652,3340,10/10/2025,returned,326.49
1209,6994,18/05/2025,cancelled,31.72
16023,7409,6/03/2025,processing,499.78
10843,1551,15/09/2025,completed,96.97
15946,7556,11/01/2024,returned,71.01
4170,5782,8/08/2025,shipped,1132.53
14708,130,26/03/2024,completed,229.91
2952,3195,25/10/2024,processing,248.68
2802,4170,17/09/2025,returned,1015.34
6498,9018,15/04/2024,returned,1842.42
1321,6147,25/11/2024,returned,157.95
13549,1161,29/05/2024,shipped,1495.26
12435,7370,14/06/2024,returned,99.54
13766,4226,22/09/2025,processing,123.62
13458,6091,10/05/2024,shipped,39.98
15682,3286,10/02/2025,completed,15.87
18470,8405,19/10/2024,cancelled,7.76
19516,119,26/04/2025,cancelled,1470.75
9374,5873,18/07/2024,returned,1700.35
680,5814,3/09/2024,shipped,82.69
17081,6597,28/05/2025,returned,5.2
13442,7316,23/06/2024,cancelled,257.28
16427,5761,17/07/2025,processing,72.04
1855,3282,9/02/2025,returned,959.17
7605,6036,30/11/2024,returned,809.08
10827,3819,4/09/2025,returned,61.89
4282,8118,25/06/2024,returned,118.62
16155,5466,18/09/2025,returned,108.39
7537,978,5/02/2024,shipped,216.65
3780,9798,8/01/2024,completed,96.63
6891,1776,29/11/2024,returned,282.02
10553,745,13/01/2025,completed,1017.11
10089,3190,21/01/2024,processing,1459.28
10290,6272,1/11/2025,cancelled,54.64
4045,56,2/04/2024,shipped,307.97
279,7727,1/01/2024,returned,2210.19
9333,8957,8/02/2024,returned,351.55
4821,1919,30/07/2025,completed,1021.12
13758,1374,6/05/2024,completed,2610.31
13895,5507,18/05/2024,returned,521.55
19679,8763,25/10/2024,cancelled,174.05
6123,8383,17/07/2025,returned,451.42
12000,616,20/04/2025,processing,2262.26
18911,8315,22/07/2024,processing,137.62
19000,9285,28/10/2024,shipped,191.55
18113,9127,28/03/2024,shipped,208.74
18149,6049,25/10/2024,shipped,3292.89
1940,8426,7/06/2025,cancelled,985.62
12392,4369,22/10/2025,processing,82.77
10107,9945,8/04/2024,cancelled,57.6
15722,9778,9/10/2025,completed,1184.69
2068,4810,13/10/2025,returned,632.68
7023,3533,26/02/2025,returned,1510.29
17014,3388,2/01/2025,cancelled,400.2
6675,3175,30/01/2025,shipped,963.27
13354,1458,5/08/2025,cancelled,111.48
13513,4555,7/02/2024,cancelled,2319.17
2376,9010,26/03/2024,shipped,130.49
4925,9034,7/02/2025,returned,82.24
5435,5079,12/11/2024,processing,161.84
6058,4926,27/02/2025,completed,239.05
17060,9643,14/02/2024,cancelled,209.92
55,5524,7/10/2024,processing,188.7
11662,6272,28/10/2025,returned,204.39
12066,4821,1/04/2025,shipped,272.23
5505,6405,15/01/2024,returned,885.93
234,8714,22/12/2024,returned,122.01
2916,8488,27/05/2025,returned,2601.96
11764,7406,11/10/2025,cancelled,98.25
13698,2662,17/06/2024,completed,3949.42
5210,7827,22/09/2025,cancelled,252.57
9441,7332,20/06/2025,completed,878.73
1453,3382,26/06/2025,shipped,58.11
19971,9432,30/07/2025,returned,124.87
614,8730,13/07/2024,completed,1129.23
3753,6899,25/06/2025,returned,1338.88
19770,4511,23/05/2025,shipped,120.09
11365,9399,12/03/2024,completed,571.9
4928,7502,2/10/2025,cancelled,179.19
13662,8930,6/10/2024,processing,2422.46
4132,1029,14/01/2024,cancelled,123.2
4230,752,9/04/2024,shipped,50.81
1522,3162,11/02/2024,returned,440.29
9332,1249,25/11/2024,cancelled,452.48
9855,8967,1/11/2024,returned,60.78
6005,4148,10/01/2024,completed,93.09
9059,2,19/05/2024,shipped,532.36
18972,1509,29/03/2024,shipped,353.03
5243,6019,4/03/2024,processing,344.62
1876,7231,8/09/2024,shipped,461.56
1817,3394,31/10/2024,shipped,515.64
9089,4592,7/12/2024,processing,31.94
4866,5750,5/11/2024,returned,49.15
15085,4464,13/11/2025,completed,2194.56
366,7551,11/05/2024,completed,125.92
3136,3098,18/05/2025,cancelled,569.3
4311,6038,17/05/2024,shipped,949.21
14142,2883,7/04/2025,cancelled,80.37
19008,4802,11/01/2024,cancelled,496.21
4426,3639,12/01/2025,cancelled,815.47
17165,3479,14/04/2025,processing,101.29
17810,420,4/02/2025,shipped,8.2
9477,333,19/03/2024,returned,146.49
19363,5900,7/02/2025,cancelled,21.73
10281,1332,2/01/2025,processing,3930.41
13554,2059,8/08/2025,returned,5.98
2031,7107,15/02/2024,shipped,524.78
13235,7516,14/09/2025,shipped,668.73
9803,2694,8/04/2024,cancelled,166.02
14391,7525,24/06/2025,cancelled,1046.04
13665,7096,6/01/2024,cancelled,1063.43
7984,2126,6/04/2024,shipped,527.09
11793,7172,24/08/2024,shipped,363.03
10865,7480,4/10/2024,cancelled,152.38
3171,2814,17/05/2024,returned,869.22
4005,3208,23/07/2024,completed,185.17
16016,5408,26/04/2025,shipped,652.02
8328,8809,2/02/2024,processing,1339.21
309,5284,29/11/2024,processing,837.81
3806,1196,1/09/2024,processing,43.13
14902,5690,30/11/2024,shipped,2205.7
5722,2745,29/12/2024,shipped,355.04
1582,41,16/06/2024,returned,881.41
11279,9474,28/09/2024,returned,535.69
17355,4716,26/06/2024,returned,97.36
5026,4023,16/08/2024,shipped,7.56
8620,4958,5/08/2025,completed,204
6015,4577,7/01/2024,returned,69.07
9490,9375,5/05/2025,completed,489.31
10704,8495,4/07/2025,returned,462.62
18349,4629,28/11/2024,processing,1058.69
13151,6033,7/06/2025,shipped,2638.32
4026,2895,12/06/2025,cancelled,2014.57
4379,7427,10/01/2024,processing,1382.32
8709,6257,25/07/2024,shipped,53.51
612,8652,10/04/2024,completed,1431.75
15661,5156,11/03/2024,processing,53.51
1911,6910,4/01/2025,returned,1395.52
15200,675,16/09/2025,returned,1206.17
7148,7067,11/12/2024,cancelled,77.99
18372,7688,22/04/2025,processing,2276.99
8569,7466,24/03/2025,processing,100.7
2958,6417,1/11/2025,shipped,123.68
3969,5526,15/02/2025,completed,354.58
9330,7748,3/07/2025,processing,149.83
15388,8079,16/09/2024,shipped,3913.83
7722,1129,5/04/2024,completed,8.44
11653,904,2/11/2024,processing,726.43
18947,178,13/01/2024,completed,727.13
10012,8313,15/09/2024,cancelled,20.71
9461,5209,18/04/2024,returned,611.69
3951,8171,8/03/2024,shipped,20.18
688,4942,21/02/2025,returned,369.77
13383,4172,1/02/2024,processing,5368.25
19258,3103,26/05/2025,processing,468.24
8363,9043,20/06/2024,completed,43.64
1476,6435,9/11/2025,processing,2109.02
16187,7637,29/12/2024,shipped,328.11
5894,7434,27/04/2024,completed,65.95
11248,5613,4/10/2024,completed,1055.43
16324,518,4/04/2024,processing,569.2
13989,6385,1/12/2024,completed,529.55
15587,4881,5/01/2025,completed,253.01
7617,624,29/07/2025,cancelled,47.06
9799,1170,30/11/2024,shipped,37.02
15198,6991,29/12/2024,completed,847.34
12673,2902,7/12/2024,returned,173.11
12248,4853,21/10/2024,shipped,833.84
16754,44,5/06/2025,cancelled,3346.02
4841,8789,28/11/2024,processing,735.1
14005,7910,6/09/2025,returned,1322.71
2717,5343,3/05/2024,shipped,347.98
7988,8399,5/07/2025,cancelled,1366.16
1394,7214,16/08/2024,completed,49.66
16391,4829,3/07/2024,completed,227.11
15711,6734,19/05/2025,returned,108.21
1929,8472,17/01/2024,processing,2911.1
11100,322,8/08/2024,completed,81.47
17289,2834,18/05/2024,completed,28.05
11478,3563,5/04/2024,returned,42.92
8511,496,17/10/2024,processing,1059.06
12035,1641,5/02/2025,processing,871.03
9198,4137,21/01/2025,shipped,1507.07
7562,8379,20/03/2024,returned,991.22
16197,3314,17/07/2025,completed,1728.48
14454,8384,15/07/2024,returned,412.73
1016,4357,2/09/2025,shipped,938.73
6530,5250,22/10/2024,cancelled,1084.62
1093,2534,24/10/2024,completed,1111.26
16354,24,3/07/2024,completed,148.16
7716,721,1/01/2024,returned,1499.08
12656,1269,3/10/2024,completed,78.11
15360,6795,27/07/2025,cancelled,571.93
1945,1334,23/09/2025,processing,318.28
8789,5899,17/09/2024,shipped,130.45
1745,7112,8/05/2025,completed,2583.17
2467,2011,7/07/2024,returned,163.19
19655,44,1/03/2025,shipped,421.58
9822,4947,25/11/2024,cancelled,1023.5
19975,2960,10/12/2024,cancelled,16.13
12455,9153,21/07/2025,returned,239.99
11292,2789,20/03/2024,completed,138.89
710,6722,5/03/2025,completed,2415.68
745,9562,10/09/2025,completed,400.74
7413,4121,27/06/2025,completed,115.71
7806,8940,4/10/2024,returned,264.94
6104,3197,10/06/2025,shipped,517.4
11459,2722,22/08/2024,shipped,47.02
17487,7619,3/01/2025,shipped,1385.1
9744,5466,15/10/2024,cancelled,34.12
2130,7924,31/12/2024,cancelled,734.26
18661,2389,3/09/2024,completed,1623.86
19152,8449,25/01/2024,cancelled,155.26
13995,3528,5/01/2024,shipped,571.67
17801,8171,18/03/2025,completed,157
15549,3198,16/03/2025,returned,37.59
17704,3459,31/05/2025,returned,733.74
19740,4978,13/06/2024,processing,808.42
5294,6718,15/06/2024,completed,445.1
4159,2442,31/05/2024,processing,657.09
13459,7881,30/04/2024,completed,172.88
9728,4210,5/10/2024,cancelled,209.1
12478,9896,15/10/2025,cancelled,2295.83
19009,5192,18/06/2024,completed,786.4
14731,3792,19/10/2025,shipped,598.63
404,1743,22/05/2024,cancelled,446.24
9790,6666,24/01/2025,completed,3500.02
4989,3618,7/09/2024,cancelled,273.65
18251,1620,3/02/2025,cancelled,496.59
11863,931,17/02/2025,processing,63.4
7629,4321,8/11/2024,shipped,404.49
10554,6813,17/09/2024,returned,672.06
290,2368,24/02/2024,returned,199.8
19060,5605,31/08/2024,cancelled,369.7
16193,43,10/01/2025,cancelled,679.14
13406,5777,14/11/2025,completed,1478.43
3413,34,15/10/2024,returned,436.13
9994,319,25/03/2025,cancelled,1476.54
16375,7566,24/05/2024,shipped,619.63
9742,3928,21/08/2025,returned,39.34
5705,7555,3/08/2024,processing,204.34
19485,7171,25/02/2024,processing,928.88
4735,6512,3/08/2025,shipped,1001.67
18230,1337,8/07/2025,shipped,869.34
7843,5084,1/03/2025,completed,93.49
2740,7480,2/03/2024,cancelled,385.5
4525,3439,23/02/2025,returned,285.6
19239,8002,11/03/2024,returned,86.41
1054,4508,27/06/2024,cancelled,202.98
11440,6369,7/01/2025,returned,309.41
14258,5260,14/04/2024,processing,81.44
14023,3319,24/04/2025,completed,1348.57
16737,3887,6/03/2025,returned,250.89
4364,3210,1/04/2024,processing,1944.66
6023,3290,23/08/2025,processing,42.74
9862,1036,29/08/2024,returned,86.47
12083,6445,4/09/2024,processing,411.48
4516,7906,3/10/2025,completed,86.48
3636,8639,24/08/2024,completed,29.52
15061,9391,4/04/2024,processing,81.53
19226,6177,15/05/2024,returned,763.65
7266,2484,3/05/2024,cancelled,44.48
88,1613,26/12/2024,cancelled,83.17
416,5686,8/04/2024,returned,831.31
5999,6280,15/03/2025,processing,692.3
9505,7547,2/11/2024,shipped,945.39
6741,7318,15/11/2024,returned,76.28
13774,5805,5/08/2025,processing,3368.72
16452,7785,19/02/2025,returned,53.76
1056,6445,8/09/2025,returned,113.44
18712,8585,16/07/2024,cancelled,1555.28
19739,8472,16/12/2024,shipped,262.34
8372,959,3/08/2024,returned,1197.69
2278,2773,5/01/2025,completed,1938.06
6791,8998,13/11/2024,shipped,75.93
6676,5350,31/05/2025,shipped,103.58
1337,5797,13/06/2025,shipped,6265.52
7823,3768,6/03/2025,returned,676.3
5614,8002,30/10/2024,processing,243.42
141,9725,23/08/2025,processing,515.89
12800,8288,16/09/2024,completed,229.2
2686,9218,14/01/2025,shipped,207.26
17217,9461,6/06/2024,completed,10.29
17862,8140,22/08/2025,cancelled,346.07
19177,5422,6/05/2025,processing,1390.05
7803,1524,8/06/2024,processing,519.44
3984,9484,4/04/2025,completed,115.92
7877,784,30/05/2025,completed,882.08
19675,8992,7/08/2024,shipped,441.61
11187,4324,12/03/2025,completed,330.83
10016,4245,2/04/2024,returned,59.15
6417,8922,18/03/2025,processing,472.09
6026,4167,8/12/2024,cancelled,1826.66
13914,8965,2/03/2025,returned,98.25
19306,9327,18/08/2025,returned,68.72
7342,3480,29/04/2024,returned,52.25
5416,2558,12/06/2024,cancelled,166.22
4095,6585,11/04/2024,returned,1565.66
6292,9777,15/01/2025,processing,51.84
10748,5576,22/03/2025,processing,4042.37
16616,203,3/02/2025,shipped,313.64
15148,6306,9/08/2025,processing,40.8
6139,3828,19/02/2025,returned,119.94
18490,159,12/02/2025,cancelled,332.14
10271,5884,23/07/2024,cancelled,15.04
18518,5964,11/06/2024,cancelled,811.36
4598,2676,26/06/2025,shipped,33.02
6813,3146,24/02/2025,completed,1504.31
4820,9562,21/05/2025,completed,227.32
1643,1660,14/02/2024,returned,159.43
9075,4036,23/10/2024,returned,365.13
3496,5446,25/11/2024,shipped,77.63
9523,4901,4/08/2025,completed,265.12
11084,9959,18/06/2025,completed,290.96
3631,7662,2/04/2024,cancelled,1315.38
7444,9523,1/08/2024,cancelled,86.34
2083,4636,6/08/2025,completed,422.35
12887,3588,12/04/2025,completed,105.48
659,272,22/01/2025,completed,634.95
19966,5308,20/02/2024,returned,598.63
4352,8115,19/03/2024,processing,179.06
18203,452,15/05/2024,processing,239.79
9576,8377,30/07/2024,shipped,2193.24
8470,2802,12/06/2025,returned,264.04
1795,5191,11/02/2024,cancelled,514.44
16104,1054,8/08/2025,completed,96.1
5383,6449,10/01/2025,shipped,993.38
11312,2679,30/09/2024,cancelled,96.48
19963,9435,9/07/2024,processing,102.59
4044,3464,11/11/2024,cancelled,312.02
11337,9007,20/09/2025,shipped,104.84
6870,5082,8/09/2024,processing,1254.69
7033,646,6/01/2025,shipped,120.78
15920,4999,5/01/2024,completed,38.18
13539,8642,14/05/2024,cancelled,232.8
1331,1551,3/01/2024,processing,1256.36
5759,6609,5/06/2025,cancelled,2104.08
14580,8052,30/04/2025,returned,71.29
755,9418,15/07/2024,processing,168.05
13909,897,10/02/2025,shipped,1811.86
15577,7949,20/03/2024,cancelled,219.72
9618,1700,21/03/2025,shipped,157.79
14747,7638,9/02/2024,shipped,99.4
7403,2856,28/09/2024,completed,378.23
8479,9674,13/08/2025,shipped,22.59
3411,8441,8/09/2025,completed,534.48
13054,1197,25/04/2025,shipped,1463.26
10710,3498,24/01/2024,completed,297.5
12224,7632,7/05/2025,cancelled,74.05
4732,788,18/12/2024,shipped,64.49
17438,6280,13/06/2025,completed,58.95
2976,9279,5/08/2024,cancelled,98.14
4209,3735,10/05/2024,cancelled,251.31
15135,2426,15/10/2024,returned,334.11
15962,7529,27/01/2024,returned,581.26
18692,5015,25/04/2025,returned,1008.82
17553,4444,5/08/2024,completed,120.28
1230,8805,21/04/2025,returned,132.66
5518,9184,23/01/2025,shipped,20.4
5259,4078,7/09/2024,completed,139.86
6773,3887,18/07/2024,returned,1047.6
8658,4324,5/08/2025,returned,144.55
10819,9481,28/03/2025,processing,22.44
4940,6678,26/03/2025,cancelled,65.24
12587,21,6/01/2025,returned,46.89
14488,961,13/11/2025,cancelled,1236.52
6639,6358,31/01/2024,cancelled,35.82
10286,5693,22/09/2025,shipped,97.36
15952,4385,24/12/2024,returned,767.67
1927,8188,12/07/2025,processing,521.16
17991,2575,4/08/2025,processing,130.87
2219,7083,18/07/2024,shipped,88.96
5712,6813,28/11/2024,cancelled,1339.68
5120,899,13/09/2024,completed,224.76
17854,1611,4/09/2025,returned,725.72
19846,3801,6/02/2024,shipped,130.89
17244,843,15/06/2025,processing,590.74
8791,1172,5/07/2024,completed,72.73
12165,7467,16/09/2025,completed,655.19
6999,7623,3/07/2024,shipped,1894.36
15433,6358,5/09/2024,shipped,19.06
18881,2526,6/06/2025,shipped,555.19
12421,6215,22/06/2024,completed,714.78
18643,7493,2/07/2025,processing,211.3
18090,9587,24/01/2025,shipped,1326.36
1814,5899,8/07/2024,returned,95.58
4157,6628,1/04/2024,cancelled,69.29
7715,6191,25/02/2024,cancelled,186.67
14359,8870,1/10/2025,cancelled,16.35
3168,7889,26/10/2025,processing,658.02
13729,631,29/08/2025,returned,1554.08
9105,8321,15/08/2024,processing,2.83
16258,537,20/06/2024,returned,110.56
7428,5195,1/09/2024,shipped,549.9
15106,3987,24/02/2024,returned,464.66
2677,4086,19/07/2024,completed,1385.17
19383,6857,27/07/2025,cancelled,38.18
9937,4712,17/03/2025,cancelled,474.86
4399,3339,16/04/2024,completed,1663.45
7386,11,16/06/2024,shipped,72.4
7611,3120,21/02/2025,returned,306.58
7655,7402,18/11/2024,cancelled,224.74
4531,1751,2/10/2024,completed,200.53
6354,4609,8/11/2025,returned,390.29
3243,4796,16/10/2024,completed,263.5
7985,471,2/04/2025,completed,283.05
841,3130,22/03/2025,shipped,56.03
12212,7322,1/06/2024,completed,714.6
3489,3410,23/10/2024,completed,406.46
13957,8927,16/06/2024,returned,52.62
11130,6129,20/04/2024,cancelled,538.54
19872,8533,1/04/2024,shipped,271.11
11627,4508,6/06/2025,shipped,769.71
1507,9001,12/09/2025,completed,668.28
6871,6373,25/06/2025,returned,880.13
11821,3304,19/09/2025,returned,168.44
8318,5536,22/02/2024,processing,751.37
48,5265,29/10/2024,returned,834.55
14015,7419,6/09/2024,returned,118.9
3798,2495,12/12/2024,cancelled,182.56
11641,7532,31/05/2024,shipped,714.12
1256,1546,16/09/2025,processing,831.01
9943,9780,30/03/2024,completed,675.59
10194,147,5/06/2025,processing,743.74
810,536,26/04/2024,completed,311.21
10288,7596,26/07/2025,cancelled,154.52
9022,6391,6/10/2024,cancelled,51.33
2986,6805,6/01/2024,cancelled,70.04
4110,7589,3/01/2024,returned,2136.3
8611,7035,14/06/2024,returned,42.76
15535,8147,29/07/2024,completed,153.71
19203,7267,13/07/2024,shipped,201.83
19395,7665,13/05/2025,completed,1154
13812,9754,23/05/2024,shipped,63.5
8888,7560,18/11/2024,shipped,474.84
2914,6754,4/05/2024,completed,494.84
6259,9798,16/03/2024,returned,22.11
10026,7586,21/08/2024,cancelled,1906.06
14921,6310,7/04/2025,completed,1345.41
4539,8706,8/09/2025,cancelled,78.22
4958,151,20/03/2024,processing,26.49
19688,5285,2/01/2025,processing,63.48
4680,6644,29/01/2024,shipped,177.43
15077,6099,13/01/2025,cancelled,204.49
6218,932,14/01/2024,completed,1268.92
14562,7717,6/03/2025,returned,1452.32
7539,1061,13/06/2025,completed,1433.78
7855,7399,6/12/2024,cancelled,3187.18
6141,1247,14/09/2025,shipped,232.25
16300,7260,12/10/2024,returned,52.18
18289,8540,4/02/2025,returned,1057.4
16455,9007,9/04/2024,processing,124.68
10968,4335,19/04/2025,shipped,437.38
2594,8988,26/07/2024,processing,537.55
13765,9297,6/10/2025,returned,571.69
18191,861,21/03/2024,processing,426.87
15660,4043,18/09/2025,returned,14.3
3926,4512,31/10/2024,processing,401.13
4697,3303,15/05/2024,processing,113.14
19685,6009,21/07/2024,shipped,161.17
5822,7391,2/04/2025,shipped,713.1
19340,7311,23/02/2025,processing,22.55
7478,2958,16/05/2025,shipped,318.28
1031,4102,17/03/2025,cancelled,543.25
2028,218,24/09/2024,cancelled,227.87
128,975,9/04/2024,shipped,39
7280,7442,18/03/2024,cancelled,208.02
3170,4566,14/05/2025,shipped,112.79
8454,3211,27/11/2024,shipped,465.82
17855,6048,15/03/2025,processing,1786.31
7958,1512,1/07/2025,shipped,478.92
3173,2731,17/11/2024,completed,294.66
5080,4290,8/05/2024,shipped,396.95
5583,5313,7/12/2024,shipped,792.71
8255,1999,15/03/2025,processing,295.24
2133,8276,5/09/2025,returned,636.71
19339,7856,5/11/2025,cancelled,261.12
18311,9464,28/09/2024,cancelled,136.91
19993,2624,22/09/2024,completed,2833.68
17764,1081,30/01/2025,returned,344.84
15435,1890,31/08/2024,returned,101.57
8636,4959,22/01/2025,shipped,37.4
11862,6507,16/01/2024,cancelled,2053.48
1215,131,25/08/2024,returned,89.5
10623,2704,16/01/2024,returned,718.21
11583,1984,9/03/2025,shipped,390.61
11288,8743,27/08/2025,completed,315.45
7735,8730,4/05/2024,cancelled,146.51
17368,2787,11/10/2025,processing,59.91
12542,2962,4/09/2024,returned,262.46
18322,7400,20/03/2025,returned,1170.57
3672,9727,13/09/2024,processing,145.43
14335,614,23/10/2025,shipped,619.12
11184,4880,12/02/2025,processing,1799.99
15345,5463,8/10/2024,completed,163.23
423,1646,23/10/2025,shipped,4528.73
7382,2649,12/01/2024,completed,536.28
9882,9299,20/02/2025,completed,135.24
16165,8863,21/05/2025,completed,199.38
18218,354,16/05/2025,cancelled,108.72
7450,848,4/03/2025,processing,128.31
6584,2329,26/08/2025,completed,243.96
13377,965,15/06/2025,cancelled,96.48
5266,3940,14/05/2025,processing,462.62
1113,4737,30/04/2025,shipped,756.13
19760,7164,4/07/2024,returned,163.19
14428,2099,19/05/2024,cancelled,64.63
9705,9811,6/05/2024,processing,139.02
2036,2596,9/10/2025,cancelled,1173.98
16563,5463,28/10/2024,cancelled,244.29
5024,3091,10/05/2024,shipped,188.18
2991,5517,5/01/2025,returned,329.61
14576,8816,22/02/2024,completed,256.74
790,4194,26/05/2024,returned,658.35
12730,1799,4/06/2025,cancelled,3152.3
19662,8562,14/05/2024,cancelled,32.02
2011,3395,23/09/2024,shipped,1714.74
7618,8635,20/10/2025,returned,3525.02
8166,5632,26/06/2025,returned,1636.74
14366,390,27/03/2025,completed,50.15
13093,4128,29/10/2024,completed,1217.05
7787,7796,22/06/2024,shipped,100.06
18816,3454,15/03/2025,processing,1372.2
16262,6519,8/11/2024,returned,20.77
19922,6915,29/07/2024,returned,221.16
16075,7880,7/03/2024,cancelled,982.1
13847,7474,12/03/2024,returned,763.34
16415,6124,3/10/2025,returned,234.01
441,7493,13/05/2025,returned,765.03
2613,7497,18/12/2024,cancelled,319.15
10025,1676,15/09/2024,returned,287.94
6993,8750,29/05/2024,cancelled,19.99
16583,6750,31/12/2024,cancelled,166.26
7147,8484,18/06/2025,completed,176.19
2447,9448,1/10/2025,returned,436.12
1692,817,21/01/2025,shipped,1179
9942,801,17/08/2025,completed,1662.63
2458,7548,25/06/2025,cancelled,50.96
16911,7794,29/07/2024,returned,185.24
6384,6456,3/11/2024,shipped,125.16
18840,546,16/10/2024,returned,791.37
14278,8097,10/09/2024,cancelled,593.5
9378,2530,30/08/2024,processing,98.55
2136,8227,24/04/2024,completed,1323.25
13486,8671,23/06/2024,completed,407.44
11007,1097,1/08/2025,returned,161.23
3057,84,19/08/2025,cancelled,488.3
1926,8256,5/01/2025,processing,639.96
19698,5999,18/05/2024,returned,752.7
18787,891,8/08/2024,returned,518.61
17806,4161,8/07/2024,completed,2907.28
696,7447,19/06/2024,returned,33
19988,2923,8/06/2024,shipped,95.96
17907,2386,27/08/2024,completed,173.25
5918,4056,30/04/2024,returned,572.59
6850,2358,14/12/2024,returned,4359.57
10528,5405,25/01/2025,shipped,100.17
3257,6365,4/06/2024,completed,1580.33
9577,6781,15/06/2025,cancelled,313.56
7658,6854,2/04/2025,processing,319.75
2643,1466,23/04/2024,returned,197.28
7673,5481,27/11/2024,processing,494.86
443,3237,28/03/2024,completed,105.24
9030,4375,18/08/2024,returned,544.47
10282,5092,4/10/2024,processing,580.09
16458,71,4/12/2024,shipped,235.26
5901,8913,27/05/2024,processing,21.11
2115,7783,8/05/2025,completed,32.73
9574,4674,26/05/2024,completed,15.79
9562,533,26/04/2025,returned,196.78
6116,9904,11/11/2025,processing,31.28
18849,2708,14/02/2025,processing,1200.83
3832,8031,2/01/2024,returned,150.31
4591,2659,10/02/2025,completed,129.49
15885,8653,13/10/2025,cancelled,114.69
4317,6568,24/04/2024,processing,407.77
3568,4551,1/10/2025,shipped,116.27
11673,2549,14/08/2024,cancelled,1017.35
3096,3239,18/08/2024,shipped,335.61
7184,3527,14/03/2025,returned,237.96
17587,8637,17/12/2024,cancelled,43.7
2819,858,8/01/2024,shipped,72.51
3687,6370,16/11/2024,completed,590.92
5848,8054,2/03/2024,completed,826.22
4859,2067,25/05/2024,completed,103.47
14697,3009,9/08/2024,returned,253.94
506,8162,26/05/2025,completed,119.4
17685,7364,17/09/2025,processing,489.15
9501,6414,29/10/2024,shipped,20.48
5079,8611,5/09/2024,shipped,422.43
1299,9463,8/08/2025,returned,982.95
8119,4482,28/04/2024,processing,161.29
4101,7887,2/05/2024,shipped,478.89
7095,3558,11/06/2025,returned,1458.26
19139,8207,28/03/2024,returned,725.13
19630,5071,2/10/2024,cancelled,1144.6
4077,5920,4/01/2025,cancelled,1920.96
7968,487,2/01/2024,completed,108.44
10786,6408,13/08/2025,completed,240.91
3345,5878,27/09/2025,shipped,185.82
3232,7382,21/04/2025,completed,463.81
12914,9996,27/02/2024,returned,65.21
11950,6528,10/11/2025,processing,1599.55
6832,1235,23/05/2025,shipped,276.87
6549,1420,29/09/2024,cancelled,523.57
8984,2485,24/02/2025,completed,76.59
1699,6319,28/07/2024,shipped,363.25
1470,4583,13/04/2024,cancelled,24.52
14974,9251,2/01/2024,completed,1297.98
8442,1213,6/05/2024,returned,188.82
2261,3034,12/11/2024,processing,521.75
7630,2849,12/03/2024,shipped,289.9
7771,7618,30/09/2024,returned,815
6479,7471,21/08/2025,cancelled,738.47
12219,3951,19/09/2025,shipped,379.87
17775,2029,2/11/2024,shipped,176.48
14978,7302,7/05/2024,processing,54.46
1204,6607,30/07/2024,processing,70.34
10132,7550,13/11/2024,completed,963.51
9363,620,13/02/2025,processing,865.55
10336,7664,1/08/2025,completed,148.66
16582,5946,25/07/2024,shipped,1604.92
4189,9886,17/07/2024,cancelled,113.22
2663,5310,26/03/2025,processing,40.14
16299,7043,26/06/2025,completed,5053.45
17326,7324,2/01/2025,completed,161.29
18107,1842,15/07/2024,returned,588.47
14920,9857,24/07/2025,shipped,316.44
11079,6523,1/09/2025,completed,1409.7
11781,1628,1/08/2025,returned,202.75
14153,2515,1/07/2024,processing,268.64
9440,2595,24/02/2024,returned,961.95
14899,7206,22/01/2024,shipped,1549.42
9029,8023,9/01/2024,completed,84.79
11775,2706,10/11/2025,cancelled,10.39
15734,1671,28/04/2025,cancelled,108.5
14620,9195,17/08/2025,shipped,128.46
9399,7274,19/08/2024,shipped,466.52
6878,3688,13/02/2025,shipped,15.22
11812,5405,27/04/2024,completed,385.59
15172,5185,10/09/2024,cancelled,1832.97
16471,9997,22/08/2025,shipped,802.46
19887,5332,19/08/2025,completed,66.24
2535,2011,15/07/2024,processing,1103.11
12470,1347,24/04/2024,shipped,757.5
13261,6451,10/07/2024,returned,7.92
14351,6968,24/04/2024,processing,285.18
3781,2888,31/08/2024,cancelled,738.02
3992,3233,29/06/2024,completed,1448.85
7548,8856,27/09/2024,cancelled,300.07
8231,5723,18/07/2025,completed,1236.54
13140,8431,30/09/2025,cancelled,800.95
9929,3230,11/03/2024,shipped,1895.27
13918,5489,4/01/2024,processing,715.19
15333,6995,13/03/2025,processing,188.45
11238,6246,5/04/2025,returned,1650.34
8679,1847,5/10/2025,cancelled,312.76
16714,1115,13/12/2024,processing,274.97
19879,7629,4/04/2025,returned,1373.8
1179,1102,23/11/2024,cancelled,323.94
14698,5131,9/02/2025,completed,535.58
15053,8923,9/03/2025,returned,2624.23
5611,7159,14/11/2024,processing,280.49
9898,2165,4/03/2025,processing,199.56
7194,164,2/06/2025,shipped,179.19
1543,95,6/09/2024,shipped,20.65
8603,4673,16/11/2024,shipped,708.01
12611,1537,9/06/2025,completed,1249.04
5196,1404,29/05/2025,shipped,131.24
16137,2928,12/01/2025,shipped,98.92
11297,7013,25/05/2025,completed,123.68
4600,9368,14/03/2024,shipped,793.04
14479,8872,15/04/2024,returned,110.43
17118,5833,30/06/2025,completed,54.61
7107,9440,11/01/2025,processing,501.43
454,3805,2/08/2025,processing,697.5
11075,4466,12/07/2024,processing,84.37
4435,8251,21/10/2025,shipped,26.39
17546,5191,24/05/2024,completed,453.74
1546,4146,29/10/2024,cancelled,1200.96
15743,5358,18/07/2024,cancelled,780.6
15066,4981,17/11/2024,processing,375.68
18068,5931,29/01/2024,returned,295.13
258,7831,25/01/2025,processing,759.4
13016,4124,23/04/2025,processing,21.91
15810,5163,24/02/2025,processing,140.3
3859,9687,6/06/2024,returned,695.76
19269,3137,30/01/2024,completed,11.93
15420,3143,27/08/2024,processing,189.9
11167,2775,26/12/2024,cancelled,889.14
15520,9894,14/05/2025,processing,1778.84
11537,5889,31/03/2024,shipped,494.84
3697,6849,9/07/2025,cancelled,472.45
12115,2755,12/10/2024,shipped,95.02
18896,4747,13/12/2024,shipped,1023.01
3758,1211,5/04/2024,shipped,115.62
10811,55,28/06/2025,shipped,2667.15
16443,4064,28/03/2025,completed,87.06
982,4791,18/04/2025,returned,284.85
17921,6755,4/04/2025,processing,532.5
19541,4238,10/07/2025,completed,60.54
11308,2855,11/05/2024,shipped,529.2
2754,7479,8/10/2024,cancelled,675.19
7084,4367,26/07/2025,cancelled,220.87
7783,2074,7/10/2025,cancelled,161.15
1977,3095,22/05/2024,processing,46.64
11178,8873,13/01/2024,cancelled,680.62
16372,4477,20/04/2025,shipped,752.6
8088,6110,2/01/2025,cancelled,158.42
7845,3213,17/05/2024,processing,251.84
1607,2543,12/08/2025,returned,178.31
6544,3119,7/11/2024,processing,370.37
1647,8751,5/01/2025,completed,498.53
15553,127,22/09/2025,returned,323.14
11942,3471,21/02/2024,completed,93.21
8787,7669,21/02/2025,processing,105.9
14999,9945,30/09/2024,cancelled,3111.97
5777,1694,24/07/2024,shipped,97.26
15293,3587,4/08/2024,shipped,468.98
19968,2636,17/05/2025,shipped,138.24
11518,4479,1/03/2024,returned,504.67
3134,9391,5/09/2024,processing,50.96
9113,7241,5/01/2025,shipped,352.9
4807,3547,25/10/2025,completed,1403.84
8754,7551,13/12/2024,completed,168.54
6703,4267,23/07/2025,processing,921.94
12536,3086,16/09/2024,shipped,45.93
16161,7896,2/04/2024,completed,19.24
9615,7175,14/11/2024,cancelled,283.47
4087,316,20/06/2025,processing,1101.68
14809,1771,13/04/2025,shipped,1138.24
16669,1736,21/01/2025,shipped,103.58
16647,4791,24/07/2024,returned,559.35
15947,3449,30/10/2025,shipped,125.08
12157,5212,22/10/2024,completed,147.17
6986,3013,13/10/2025,processing,196.8
409,4553,23/04/2025,processing,747.66
4676,3893,2/08/2024,processing,2262.6
15657,7365,7/07/2024,completed,149.22
4501,5084,19/02/2025,returned,555.93
18590,9631,2/01/2025,cancelled,1375.55
13117,6277,19/02/2025,cancelled,742.47
9340,2287,6/01/2024,processing,450.21
16774,4025,2/06/2024,completed,2902.76
10153,213,8/01/2025,returned,442.28
777,2342,14/09/2025,cancelled,2689.64
1060,4712,19/08/2025,shipped,915.9
5361,6616,19/01/2024,returned,51.65
9092,1508,18/02/2025,shipped,1021.04
11397,6548,15/04/2025,completed,1162.12
4645,6466,22/03/2025,returned,51.45
1323,8842,22/05/2024,processing,651.37
4079,3329,27/01/2024,processing,6.52
11395,3505,17/02/2025,shipped,314.95
17929,906,23/07/2025,cancelled,1187.64
7614,1383,30/03/2024,shipped,178.31
8545,6244,21/02/2024,returned,153.07
13226,9048,24/11/2024,cancelled,108.65
2723,5560,2/02/2025,processing,9.58
17064,9144,18/06/2025,returned,351.45
9013,6853,13/07/2025,cancelled,109.3
1069,6862,7/01/2024,shipped,207.3
18335,4732,8/07/2025,processing,1317.77
14300,7148,16/04/2025,completed,253.6
5164,4572,10/11/2024,cancelled,390.42
4163,1868,24/08/2025,shipped,507.8
10500,9957,30/10/2025,completed,2805.83
18240,2516,14/10/2024,cancelled,802.73
18025,8954,6/11/2025,processing,670.7
6587,377,30/05/2025,processing,52.29
112,2203,16/12/2024,shipped,1226.59
12827,3524,11/11/2024,returned,208.02
7505,8740,23/06/2024,processing,1310.13
4886,8159,1/09/2024,returned,437.81
9816,5952,15/09/2024,cancelled,186.4
1719,657,14/06/2025,cancelled,130.95
18556,5788,12/07/2024,processing,987.52
11931,7651,30/06/2024,shipped,86.34
15107,9621,31/07/2024,processing,1718.35
12330,2518,8/04/2024,shipped,564.41
16329,3125,12/06/2025,shipped,2055.48
2536,5859,17/12/2024,shipped,238.04
308,6604,3/10/2024,completed,3.57
16267,7514,25/12/2024,cancelled,1279.05
10599,8178,4/07/2024,processing,470.59
12719,2659,8/05/2024,returned,618.99
5091,820,18/09/2024,processing,369.87
10471,5526,20/06/2024,completed,207.74
3424,8949,13/05/2025,shipped,806.28
11069,7465,1/07/2025,completed,1011.71
11982,5742,29/06/2025,cancelled,838.72
4310,7554,25/06/2025,cancelled,304.33
15740,1999,18/10/2024,returned,282.28
18786,5364,18/05/2024,returned,78.64
8462,2482,7/07/2025,cancelled,316.15
15672,2065,9/10/2024,processing,865.55
4389,6159,26/07/2025,shipped,114.57
8902,1604,19/10/2025,completed,902.41
231,6547,27/04/2025,returned,369.79
5219,5675,1/07/2024,processing,714.75
13040,2671,18/06/2024,shipped,110.71
7755,9177,18/07/2025,returned,1006.84
16543,8481,25/01/2024,returned,2302.94
8583,8987,19/05/2025,cancelled,1194.94
4080,6712,21/04/2025,returned,624
19950,165,3/03/2024,cancelled,96.63
1584,3530,17/03/2024,completed,97.57
6516,4221,31/05/2024,shipped,337.39
17502,321,10/09/2024,shipped,1462.77
579,2556,31/10/2025,processing,308.41
14467,9740,5/07/2024,processing,894.53
16833,6865,29/11/2024,processing,350.37
7051,3809,27/07/2025,shipped,5.98
9381,6032,24/08/2024,shipped,225.49
5230,1196,21/06/2024,processing,362.91
14976,8088,27/10/2024,completed,399.7
18686,9229,1/03/2024,returned,297.05
8221,8354,2/11/2024,shipped,351.79
18659,1951,11/04/2024,returned,45.66
16868,4400,22/06/2025,shipped,32.07
18879,6888,14/01/2024,returned,168.63
9223,8501,5/01/2025,shipped,151.25
11071,9216,26/07/2025,cancelled,273.91
8317,2446,4/11/2025,completed,2842.51
1622,6365,30/06/2024,returned,354.14
10104,7788,7/08/2025,returned,7950.74
11345,6140,22/12/2024,cancelled,166.22
18,792,10/11/2024,cancelled,601.16
1615,4108,13/03/2025,completed,1143.19
1751,7092,7/03/2024,processing,223.08
12999,4177,28/03/2025,shipped,236.37
1596,722,3/11/2024,returned,253.94
15855,9361,18/06/2024,cancelled,2254.5
17503,7649,3/04/2024,cancelled,1049.28
5163,6005,20/05/2025,shipped,1180.33
18728,231,19/07/2024,cancelled,756.54
12901,8546,8/09/2024,shipped,117.2
16889,952,11/04/2024,processing,142.94
4321,8877,9/10/2025,completed,465.02
18259,9232,27/12/2024,shipped,11.31
18978,5791,17/03/2024,processing,463.92
13775,8699,24/05/2024,completed,344.26
16794,5927,3/06/2024,shipped,484.84
10075,3948,12/09/2024,returned,1339.68
9819,5721,17/07/2025,processing,957.33
1117,7083,1/02/2025,cancelled,132.13
5154,5919,16/03/2024,processing,718.65
16928,2559,17/05/2024,shipped,1066.51
5585,9197,12/11/2025,cancelled,150.71
8879,2154,11/10/2025,cancelled,57.18
5349,4282,11/11/2024,shipped,557.92
6715,793,9/03/2025,shipped,360.76
9147,4109,11/03/2024,returned,27.65
6555,7458,1/03/2024,returned,3800.7
6577,3795,23/09/2024,processing,2011.23
16648,1492,14/07/2025,completed,22.21
15784,9648,7/01/2024,cancelled,721.35
12264,8222,10/08/2025,processing,56.37
7268,3100,10/11/2024,completed,61.11
8067,3943,22/12/2024,completed,2063.86
10624,860,21/12/2024,returned,1267.89
18013,7207,14/10/2025,cancelled,2990.38
1984,8401,4/01/2025,completed,884.41
6290,5710,21/01/2024,returned,586.18
19796,7495,8/11/2025,cancelled,194.1
1786,7405,23/10/2024,shipped,1012.02
13253,767,10/03/2025,completed,20.94
11002,4716,26/03/2024,processing,48.35
14185,9574,10/07/2025,processing,921.37
19468,645,18/02/2025,processing,20.93
6843,3174,1/01/2024,shipped,283.17
1051,3911,10/10/2024,returned,279.42
15930,8760,20/10/2025,returned,1280.91
18541,7260,13/02/2024,processing,23.28
12504,505,19/01/2024,shipped,1628.6
3994,5117,14/04/2025,processing,887.69
6040,9806,5/07/2024,shipped,526.25
19743,7952,8/01/2024,processing,474.63
9494,3073,5/10/2024,returned,223.69
7067,1031,24/05/2025,processing,203.3
18703,7833,5/09/2025,cancelled,56.88
7332,5707,19/07/2024,shipped,2025.5
18736,4392,6/03/2024,processing,531.53
8433,3249,13/10/2024,returned,9.28
5172,4903,29/11/2024,returned,203.11
3801,6831,29/07/2025,returned,97.42
4927,1713,13/07/2025,completed,135.85
5255,6879,29/05/2024,returned,64.26
11386,124,1/11/2024,returned,248.41
12666,724,28/06/2024,returned,27.24
6456,6438,10/01/2025,cancelled,867.01
1943,7019,14/05/2024,shipped,333.2
11054,2867,7/10/2025,shipped,541.01
7709,2320,7/01/2024,returned,102.71
19895,1205,6/01/2025,cancelled,215.79
17864,4281,18/08/2024,processing,38.16
13373,467,25/04/2024,returned,187.75
15212,8749,18/10/2024,completed,158.22
14661,3822,8/06/2025,returned,1047.18
13165,3796,27/04/2025,shipped,568.42
7503,631,29/05/2025,returned,330.02
6137,4919,27/08/2025,cancelled,2764.5
12102,4420,4/08/2025,cancelled,46.89
5810,4061,8/06/2024,processing,301.63
12245,368,20/02/2024,processing,30.72
12406,5458,15/10/2025,processing,61.14
3504,7337,2/03/2025,shipped,352.54
15168,3242,19/01/2025,completed,118.33
8151,7754,6/08/2025,processing,40.26
3340,6555,28/02/2024,processing,1898.34
5564,6247,21/06/2025,processing,271.21
13656,114,15/11/2024,shipped,566.53
4905,1967,7/09/2025,processing,43.4
9260,9081,21/05/2024,processing,278.82
837,1756,12/04/2025,cancelled,853.82
18722,2168,20/08/2024,cancelled,297.32
19986,3690,21/03/2024,processing,2408
11625,3711,20/08/2025,completed,44.57
17927,1024,9/10/2024,completed,354.49
1866,1385,28/02/2024,processing,85
2853,327,11/08/2025,returned,196.18
5541,7672,26/05/2024,returned,105.48
6256,8431,23/01/2025,returned,84.38
19386,1662,13/05/2024,returned,175.27
19904,4125,21/03/2025,returned,77.88
12327,2573,31/05/2024,cancelled,442.77
2107,157,12/04/2025,shipped,9.97
17615,545,21/01/2025,completed,104.02
6966,959,13/02/2025,cancelled,165.96
18989,3005,25/08/2025,cancelled,2717.17
15319,7033,22/05/2025,completed,113.91
3573,6966,2/03/2024,processing,303.68
19278,8297,18/10/2024,shipped,305.16
4410,5284,27/06/2025,cancelled,1092.25
19425,926,20/07/2025,processing,27
4922,8693,27/06/2025,completed,473.62
8066,1283,2/09/2025,cancelled,139.76
14677,2518,16/08/2025,cancelled,943.92
6802,815,24/08/2025,completed,26.68
998,197,14/01/2025,returned,876.69
5127,4393,12/08/2024,processing,1387.66
3531,8610,30/03/2024,processing,304.56
17705,1492,25/07/2025,completed,1479.56
5895,2228,19/08/2024,completed,180.71
16417,4271,18/08/2024,processing,4240.23
17698,6599,25/03/2024,completed,288.73
10613,7235,7/05/2024,shipped,661.75
14963,5985,28/07/2025,completed,368.11
8911,561,25/08/2024,cancelled,438.93
11298,8207,1/12/2024,processing,189.24
15693,5423,3/11/2024,returned,462.87
6654,6749,7/02/2024,cancelled,226.88
18023,5832,14/08/2024,cancelled,1051.57
15542,3100,27/04/2025,processing,41.51
19650,2853,19/04/2024,processing,397.65
13715,4833,9/06/2024,shipped,999.18
2283,2227,27/08/2025,shipped,180.7
7980,6252,2/09/2024,shipped,2644.07
19710,9563,16/02/2025,completed,15.29
4020,1167,29/05/2025,processing,808.25
2928,1009,2/04/2024,processing,254.74
19603,1876,25/03/2025,cancelled,562.55
6060,7780,11/03/2025,completed,1325.06
457,8973,21/08/2025,returned,372.04
4168,4452,12/06/2024,completed,258.9
17601,1406,9/07/2024,completed,1261.37
15897,1176,19/01/2025,shipped,126.93
8795,5575,12/09/2025,processing,30.76
1567,8078,18/05/2024,completed,119.52
2019,2908,2/11/2024,returned,18.61
17462,1581,25/08/2024,processing,2561.17
8662,9276,13/04/2024,cancelled,471.47
12307,5189,22/03/2025,cancelled,2058.99
436,6954,14/07/2024,processing,97.78
4687,1741,16/07/2025,completed,1607.69
12942,3950,30/08/2025,shipped,1466.77
5841,7639,18/01/2025,returned,4048.39
12786,4483,1/11/2024,completed,513.6
16308,7278,7/06/2024,processing,926.15
8593,6034,21/08/2025,shipped,255.21
8910,3574,28/06/2024,returned,2652.96
2408,3239,1/04/2025,cancelled,957.45
565,3183,3/05/2025,returned,1658.65
14952,1610,15/01/2025,cancelled,477.43
10179,3055,11/01/2024,completed,55.44
12432,3230,24/04/2025,completed,671.71
11522,8410,1/10/2024,returned,122.3
9470,5798,10/03/2025,completed,143.04
4777,4594,18/05/2025,completed,115.61
3363,3882,9/07/2024,cancelled,196.96
12323,8691,27/10/2025,processing,238.04
9961,878,29/06/2024,completed,441.06
16174,6122,19/10/2024,completed,563.14
12503,8230,14/04/2024,returned,196.8
18475,8906,21/08/2024,cancelled,287.8
2807,747,26/08/2024,cancelled,283.11
1886,3572,17/10/2024,processing,1105.67
4595,8806,30/11/2024,shipped,301.98
4934,9871,30/08/2024,returned,160.91
15251,3765,2/03/2025,processing,200.07
16798,8109,3/10/2025,processing,479.52
12273,5594,23/08/2024,shipped,2643.46
13112,7785,1/12/2024,returned,2331.22
549,1936,10/08/2025,cancelled,31.94
17625,1951,20/09/2024,cancelled,2566.71
15715,7909,17/10/2024,processing,328.76
4581,714,25/09/2025,shipped,138.5
870,5752,18/05/2024,completed,1286.28
6569,149,30/10/2024,shipped,241.62
7957,5896,20/01/2025,completed,731.8
19493,1742,30/09/2025,returned,47.73
2617,6318,28/11/2024,shipped,686.56
13963,4707,2/10/2025,returned,408.71
15843,890,1/01/2024,completed,1386.99
8779,2961,18/03/2025,shipped,135.38
19481,7958,10/07/2024,completed,481.13
19629,985,25/03/2025,completed,52.33
13404,446,16/01/2024,returned,1110.32
2811,8784,2/11/2025,completed,3237.12
8304,8018,22/08/2025,cancelled,1764.29
10674,2741,19/05/2025,processing,235.11
10514,2337,29/02/2024,completed,64.46
13570,4108,16/01/2025,processing,377.51
1438,9956,30/12/2024,completed,222.94
3879,8035,9/11/2025,shipped,1852.3
7408,1083,19/07/2025,shipped,271.73
9395,8907,23/12/2024,processing,209.1
3669,6751,16/10/2024,returned,383.13
17767,5776,25/09/2025,cancelled,595.64
10791,9632,26/10/2024,processing,2939.45
6306,3266,15/08/2024,returned,724.19
15474,955,9/02/2024,returned,131.75
66,3806,24/02/2025,cancelled,1493.59
15678,9597,3/09/2024,shipped,600.14
15194,4008,14/03/2024,returned,1839.38
15047,5868,28/05/2025,returned,148.89
2887,7483,8/11/2025,completed,2768.16
4750,1261,15/10/2024,returned,156.02
15400,119,15/01/2024,shipped,268.39
8805,9089,18/02/2024,returned,871.03
5016,2771,31/10/2025,returned,381.36
17750,4901,18/01/2025,returned,326.55
12913,8079,5/08/2025,returned,513.32
18974,538,11/07/2024,returned,680.86
4190,8507,24/10/2025,cancelled,4075.8
4187,6050,10/01/2025,cancelled,1345.37
1309,2556,2/01/2025,shipped,417.49
35,7158,19/02/2024,processing,55.44
18269,180,26/03/2024,processing,241.64
10017,4219,13/10/2024,completed,263.84
8149,8346,8/03/2024,shipped,168.83
475,5941,2/11/2024,completed,1290.86
13003,3700,1/10/2024,completed,700.04
17969,9267,12/06/2025,completed,108.5
19665,5503,26/09/2025,cancelled,295.59
11671,9955,25/06/2024,shipped,12.72
224,6811,9/11/2025,completed,160.9
13689,9799,28/04/2024,completed,88.96
5755,1152,1/11/2024,processing,240.79
10573,6865,15/04/2024,completed,39.02
6725,2422,27/11/2024,returned,49.32
16392,6284,29/10/2025,returned,1086.16
11175,6937,16/07/2024,shipped,181.12
16404,9244,25/11/2024,returned,156.52
19212,8719,15/08/2025,processing,69.23
53,1555,18/06/2024,returned,593.67
1442,4550,2/11/2025,completed,2849.19
6404,2788,3/01/2024,shipped,1564.01
18085,2868,18/07/2024,shipped,854.24
18731,4125,21/10/2024,returned,184.48
19069,9798,20/07/2024,completed,247.43
4873,3197,3/07/2025,shipped,734.99
9847,1582,26/07/2025,cancelled,379.66
14793,923,25/01/2024,returned,1210.45
14790,1939,6/04/2024,completed,881.86
19579,8430,8/06/2025,processing,233.7
7895,9229,21/06/2024,completed,188.01
410,2684,15/05/2024,cancelled,1842.85
7270,9410,1/10/2024,completed,380.35
15108,2859,17/08/2024,completed,319.76
17274,6048,23/12/2024,completed,314.27
13457,116,5/03/2024,returned,96.9
11809,6018,18/08/2025,cancelled,55.35
9474,9183,5/02/2025,processing,49.7
14103,3731,2/11/2025,shipped,844.02
5608,2845,27/04/2025,completed,62.96
13842,389,22/01/2024,cancelled,230.92
2805,6100,8/02/2025,shipped,34.58
9141,8608,8/05/2025,shipped,62.05
3211,1273,1/04/2025,cancelled,1497.3
2555,6916,27/09/2024,completed,228.34
7990,6446,11/05/2024,cancelled,685.14
7440,3595,19/09/2024,processing,54.55
6020,5549,29/07/2024,cancelled,1900.11
17635,845,23/05/2025,cancelled,145.72
15645,2870,11/07/2025,cancelled,141.71
9754,2189,19/01/2024,completed,161.15
5974,7660,7/03/2024,cancelled,163.14
3481,4989,2/02/2025,shipped,319.44
17189,5660,17/01/2024,cancelled,158.95
17457,1871,22/04/2025,returned,382.67
14610,6121,28/07/2024,shipped,1685.35
7827,4184,30/11/2024,returned,274.81
16504,5492,13/07/2024,returned,536.37
9046,1508,24/07/2025,returned,103.67
17904,6989,6/01/2025,processing,16.48
1479,3161,19/06/2024,shipped,1319.64
11846,8765,24/09/2025,completed,1093.37
17184,3763,28/04/2025,cancelled,1531.86
19818,7598,18/08/2025,completed,109.76
10156,90,23/09/2025,processing,43.35
8089,5478,9/06/2024,cancelled,254.91
13463,3076,26/02/2025,processing,1594.21
19116,5273,9/10/2025,completed,3938.88
616,1076,27/03/2024,shipped,281.73
8122,5863,15/02/2024,shipped,225
18207,8488,29/06/2024,cancelled,524.72
5308,1296,20/09/2025,processing,182.33
8316,5542,8/06/2025,processing,26
3351,9331,23/02/2025,completed,1196.58
13803,2843,1/09/2024,processing,253.22
14352,8913,2/04/2025,cancelled,28.38
12345,1054,3/11/2024,returned,233.58
13296,6325,18/03/2024,processing,593.58
12343,1602,3/07/2024,shipped,716.39
14346,6256,26/05/2025,cancelled,25.97
87,2432,7/10/2025,cancelled,168.44
1895,4476,13/11/2025,shipped,1533.86
2119,9677,21/11/2024,shipped,21.3
17846,9744,16/09/2025,shipped,427.84
1277,5226,3/03/2024,completed,3759.72
1027,8928,4/10/2024,processing,693.04
12830,633,30/09/2024,processing,1568.51
16272,4508,6/06/2024,completed,54.01
7660,2826,9/12/2024,returned,2000.67
3621,6403,29/09/2025,processing,187.99
2464,5659,15/02/2024,completed,1007.03
19995,5603,20/04/2025,shipped,1006.74
494,9350,17/07/2024,cancelled,84.48
9572,7237,13/05/2024,processing,108.38
3972,7919,1/03/2024,returned,1156.34
10670,1420,5/10/2025,processing,2988.09
13234,5841,25/12/2024,completed,864.94
3537,3270,11/12/2024,shipped,312.87
11438,9666,3/03/2025,shipped,191.15
14612,2554,26/04/2025,shipped,749.2
7271,6874,6/09/2025,shipped,214.62
6376,2286,26/07/2024,cancelled,490.59
5803,8573,8/08/2024,processing,431.47
19032,7403,22/01/2024,shipped,157.02
6718,4413,16/04/2025,returned,118.17
10239,1676,13/04/2025,cancelled,977.97
15157,8221,28/05/2025,processing,177.88
11509,3940,27/07/2025,completed,591.49
8725,4195,9/10/2025,cancelled,631.38
15919,9797,12/05/2025,completed,176.19
9322,1578,22/04/2025,returned,891.46
12664,1529,1/08/2025,cancelled,48.87
12080,7731,9/12/2024,shipped,787.77
5449,2393,15/06/2024,completed,673.25
7653,4045,1/08/2025,cancelled,317.34
894,9903,19/08/2025,shipped,3316.87
5281,4215,25/06/2024,returned,47.52
3820,4472,9/02/2024,returned,159.47
8133,9859,17/06/2025,processing,26.34
14254,9440,7/12/2024,processing,19.48
12594,364,26/03/2024,shipped,201.33
146,4487,16/12/2024,processing,654.76
15234,2012,15/07/2025,cancelled,572.62
17608,862,15/04/2024,completed,2368.55
11196,1006,11/11/2024,returned,778.48
14407,9511,31/05/2025,completed,3164.15
15984,628,4/08/2025,completed,996.18
12767,1848,28/01/2025,returned,159.87
1854,4598,25/07/2024,completed,526.8
13732,2394,15/07/2024,completed,432.92
19208,3770,18/06/2024,processing,106.52
12476,3530,24/01/2025,processing,13.49
3278,5112,11/01/2025,completed,269.9
17689,7093,10/01/2025,completed,285.18
7290,8941,2/10/2024,returned,511.58
18334,9689,13/06/2024,completed,1281.98
7376,7306,11/09/2024,shipped,126.55
3244,6513,9/08/2024,returned,313.89
4220,6099,12/02/2024,completed,616.98
6064,4032,6/05/2025,returned,140.78
6487,1556,4/01/2024,returned,1402.65
10532,5587,7/06/2024,cancelled,282.35
7460,3005,7/04/2024,shipped,30.81
15669,7383,11/01/2024,completed,384.44
15170,8281,28/07/2024,returned,151.35
14241,894,14/06/2025,cancelled,110.88
18312,4438,20/04/2024,cancelled,352.09
8485,6031,16/02/2024,processing,118.54
7967,9079,4/05/2024,cancelled,1195.61
19151,9990,7/03/2025,cancelled,246.43
6524,2424,30/05/2025,processing,4555.1
4279,4741,8/01/2024,returned,169.05
4635,4101,9/03/2025,returned,384.34
2891,5341,17/02/2024,cancelled,78.42
7456,8162,12/02/2025,cancelled,81.57
13905,8352,10/03/2025,completed,255.97
18694,8176,11/07/2024,completed,719.07
5836,5920,2/02/2024,processing,11.83
3757,1445,28/01/2024,shipped,83.52
10896,8733,1/03/2025,processing,1660.14
8516,5922,27/06/2024,processing,2205.08
13642,5176,27/01/2024,returned,103.35
7103,7651,7/01/2025,processing,111.24
11503,7937,14/05/2025,returned,93.1
2274,202,28/06/2025,processing,505.82
19453,6389,27/08/2025,processing,487.88
99,6836,3/06/2025,completed,256.9
9068,5132,26/06/2025,returned,177.94
14001,6702,30/10/2025,completed,120.02
9351,4069,19/09/2024,processing,475.42
14939,1521,12/10/2024,completed,445.66
1366,1292,19/07/2024,completed,937.85
10926,6673,20/07/2025,completed,299.44
19102,3708,24/02/2024,returned,392.38
9343,3265,1/02/2024,processing,333.72
14121,2107,8/10/2024,completed,13.34
13600,4985,27/02/2024,returned,178.96
12370,7610,17/01/2024,processing,478.97
9775,7605,18/06/2024,processing,262.2
7648,2114,6/02/2025,returned,101.9
11836,2542,17/02/2024,cancelled,632.85
4563,3195,13/03/2025,processing,111.6
9934,4923,22/09/2025,shipped,96.63
15396,2003,27/08/2025,returned,834.19
6035,9465,9/11/2025,shipped,28.37
15321,1015,5/07/2025,shipped,138.24
9192,9847,14/07/2025,completed,1245.6
9015,5413,13/12/2024,shipped,113.75
14849,317,23/12/2024,completed,265.83
11659,6122,24/10/2024,returned,150.94
15567,6168,27/09/2025,shipped,3308.02
9149,9764,14/08/2025,shipped,899.17
596,7239,28/02/2024,processing,1013.96
6299,9894,12/12/2024,processing,480.16
9646,5965,18/12/2024,processing,797.74
971,4800,9/11/2024,processing,252.09
131,130,24/01/2025,cancelled,36.54
14429,2982,7/07/2025,returned,155.78
2121,2852,13/10/2024,cancelled,67.52
11074,9192,16/10/2025,processing,320.77
18860,6948,26/08/2024,shipped,43.13
14065,9406,9/09/2025,returned,53.68
14859,3220,5/04/2025,shipped,82.68
7767,4463,16/08/2025,returned,306.39
14975,7073,31/08/2024,returned,315.64
6772,9238,12/06/2025,completed,2042.32
7396,7394,16/07/2024,cancelled,944.56
2942,4759,22/11/2024,processing,173.42
18040,1139,17/05/2024,shipped,3549.91
6049,5840,4/08/2025,shipped,37.4
8387,508,3/03/2025,shipped,1326.95
4425,5376,18/04/2024,completed,2448.69
19041,2008,7/04/2024,completed,19.41
10011,4887,26/07/2025,completed,231.06
12574,6277,15/10/2024,cancelled,370.83
4984,1560,24/02/2024,processing,439.51
10249,7634,8/08/2024,processing,486.68
1521,6527,29/03/2024,returned,6.58
14879,2040,27/07/2024,processing,45.35
16405,4953,11/02/2025,processing,71.55
10341,1047,28/10/2024,shipped,168.44
7193,4487,18/11/2024,completed,3542.54
10114,7132,23/01/2025,shipped,698.45
11451,2015,9/09/2024,completed,53.26
4267,7878,29/08/2025,processing,17.5
16930,125,27/02/2024,processing,938.61
486,8797,15/08/2025,cancelled,11.71
7672,4619,5/02/2025,shipped,809.66
6845,9427,1/08/2024,returned,934.67
325,9808,29/05/2024,completed,9.1
14298,9990,21/05/2025,cancelled,121.66
12275,6868,4/04/2025,processing,205.74
14421,1099,2/12/2024,processing,135.94
4336,1048,30/05/2024,returned,300.24
3812,2508,24/09/2025,returned,798.6
10365,9552,13/03/2024,shipped,215.21
19341,5612,28/02/2025,returned,483.04
12854,508,16/09/2024,processing,213.59
8996,215,27/03/2025,completed,70.68
19550,8466,10/06/2024,processing,902.04
17541,435,14/08/2024,cancelled,864.06
10045,9856,30/06/2024,completed,376.99
940,93,10/03/2024,returned,163.07
9305,5439,15/03/2024,completed,245.8
6345,1267,16/03/2024,returned,134.65
16141,3546,23/02/2024,returned,359.81
14071,7217,6/01/2025,shipped,210.15
10823,4695,13/02/2024,returned,1268.44
9065,8459,7/09/2025,returned,602.85
17847,1221,15/11/2024,cancelled,307.81
16546,6096,2/11/2024,returned,1776.27
15439,5094,12/01/2025,shipped,1442.81
13274,9999,11/12/2024,shipped,376.38
16110,6637,28/07/2025,cancelled,47.08
15430,9271,2/07/2024,cancelled,469.76
17461,6363,1/05/2024,shipped,463.75
14165,391,19/02/2024,returned,1493.61
1456,6588,18/03/2025,shipped,991.35
81,280,19/04/2024,processing,777.99
11146,6753,13/12/2024,completed,61.86
2329,5226,5/08/2024,returned,121.08
6543,1131,15/08/2024,processing,62.58
7898,6936,18/09/2025,processing,495.1
10552,6284,26/04/2024,shipped,1385.83
4639,9709,3/10/2025,completed,158.84
4567,1096,7/05/2025,processing,147.44
4840,9402,11/06/2024,processing,661.52
13630,2942,17/10/2024,returned,727.72
12512,4717,21/05/2024,shipped,688.52
17812,533,16/03/2025,processing,105.75
6571,8830,20/09/2025,cancelled,3522
16577,2372,16/09/2024,shipped,51.52
7124,1453,14/02/2024,completed,508.74
11635,596,4/02/2025,processing,236.77
1106,3941,19/06/2025,cancelled,526.9
10939,5705,16/01/2025,shipped,2179.64
4378,391,8/08/2025,cancelled,74.8
13018,31,25/04/2024,completed,1104.67
4401,6601,17/02/2024,cancelled,1883.89
17413,1186,27/08/2024,returned,5.67
2629,6328,2/12/2024,processing,201.43
5239,7930,28/12/2024,processing,1675.92
7089,1318,18/01/2025,shipped,34.02
18741,9545,25/08/2025,processing,128.09
13889,5076,16/06/2025,completed,36.16
14216,7584,10/11/2024,returned,516.13
12436,3914,21/10/2024,shipped,253.12
18271,9924,7/07/2024,completed,95.81
18966,1681,10/08/2025,cancelled,988.62
18065,269,24/07/2024,returned,167.49
8354,6357,30/09/2024,processing,242.34
12779,8552,1/10/2025,processing,46.77
13429,3744,18/06/2024,completed,377.31
1448,197,20/01/2024,cancelled,163.23
9710,6515,7/11/2024,shipped,20.25
17489,5608,20/03/2025,completed,696.72
5174,2863,26/10/2024,cancelled,165.38
5619,2705,10/06/2024,processing,1194.94
8157,5666,31/12/2024,completed,538.38
16466,1759,30/05/2024,completed,157.73
7635,3180,13/12/2024,returned,1871.26
18266,8678,23/10/2025,returned,19.97
9990,9680,23/03/2025,shipped,34.71
449,7270,11/11/2024,completed,1507.35
15399,2788,31/08/2025,completed,861.62
2227,4143,13/04/2025,cancelled,84.2
823,9782,24/09/2024,cancelled,291.13
17207,9809,18/07/2025,cancelled,136.78
16482,1225,14/09/2024,processing,1402.93
19414,5267,26/03/2024,processing,297.74
15629,4746,28/01/2024,shipped,551.73
7711,6950,24/09/2024,processing,316.12
2762,6302,13/06/2024,shipped,71.52
2834,2497,16/07/2024,completed,7.76
6254,307,25/08/2025,completed,534.09
13114,3710,6/03/2024,completed,637.52
13348,7634,16/11/2024,cancelled,781.11
1033,8666,23/06/2025,cancelled,245.2
13155,9406,5/07/2025,cancelled,113.12
16128,4042,16/01/2025,completed,41.42
607,8430,26/03/2025,cancelled,531.53
1710,5951,22/11/2024,shipped,192.22
4098,6836,27/07/2025,processing,512.48
18448,892,11/02/2024,shipped,19.06
18987,1541,22/07/2024,shipped,51.61
4127,4767,11/01/2025,returned,281.11
19683,1176,3/01/2025,processing,265.17
4553,98,22/03/2024,shipped,165.36
7851,7245,9/08/2024,completed,742.25
10948,2001,7/02/2025,completed,1271.03
5717,7991,9/08/2024,completed,306.88
18336,9095,8/02/2024,cancelled,75.28
6018,2728,17/02/2025,returned,455.4
7110,985,12/09/2024,returned,1342.27
3268,8280,24/05/2024,processing,165.54
16048,3682,12/07/2025,completed,130.56
6399,3188,25/04/2024,shipped,75.6
18684,8484,30/12/2024,returned,72.16
14825,4008,6/08/2025,shipped,525.97
12288,387,14/11/2024,shipped,87.38
6310,9376,17/01/2025,completed,226.88
18012,1928,22/05/2025,returned,22.44
2662,8133,10/06/2025,processing,70.23
16100,1919,27/08/2024,returned,47.96
817,9931,8/10/2024,shipped,59.97
18287,2320,12/11/2025,shipped,200.38
11186,5373,18/03/2024,completed,1073.33
5992,4483,4/09/2025,cancelled,77.46
12011,5128,30/10/2025,cancelled,44.03
17995,6550,21/01/2025,processing,1663.76
7200,2712,6/05/2024,cancelled,191.07
6939,4415,25/04/2025,processing,114.47
10927,6577,9/12/2024,processing,18.84
18095,5891,2/03/2024,returned,470.21
646,7981,19/06/2025,processing,649.96
2960,8540,20/07/2024,shipped,229.38
19829,5960,7/10/2025,shipped,453.84
2421,9022,16/08/2024,completed,147.71
3912,3684,7/11/2025,completed,376.36
16014,8605,9/03/2024,completed,78.36
19065,6541,21/09/2024,cancelled,329.66
15904,1048,21/07/2025,shipped,182.83
14805,5757,26/04/2025,cancelled,389.01
11371,9323,8/07/2025,completed,45.1
4590,845,31/01/2025,shipped,508.37
6213,6878,2/10/2025,returned,283.17
16839,4179,19/09/2025,returned,344.93
2674,2495,15/06/2024,shipped,581.06
3632,71,6/05/2025,cancelled,111.65
6355,8938,12/08/2024,processing,1159.4
12589,2334,11/03/2025,shipped,54.16
3639,9901,3/01/2024,returned,1093.8
19811,6455,15/06/2024,cancelled,2014.06
6975,5146,29/07/2025,shipped,169.79
217,8,30/12/2024,returned,1459.03
1986,7865,12/04/2025,processing,6.75
17038,2553,16/05/2025,completed,707.89
17136,2115,20/01/2025,shipped,329
5488,7264,19/12/2024,processing,143.04
13419,165,14/09/2024,processing,92.61
17428,3816,7/05/2025,returned,4331.22
18286,7116,26/03/2025,cancelled,918.39
11205,9601,2/04/2024,processing,577.72
17201,6035,2/05/2024,completed,515.98
1752,2628,28/01/2025,completed,105.36
9376,2487,10/04/2024,completed,939.82
9772,5510,19/07/2025,completed,110.55
11090,9071,4/03/2024,completed,15.29
19431,5529,30/07/2025,completed,39.96
1605,8745,12/04/2024,processing,83.11
