userid,username,useremail,usergender,usercity,usersigndate
3262,Elizabeth Gonzalez,david39@example.org,Other,East Beth,8/02/2025
3644,Denise Walker,perezcody@example.net,Other,South Robertfurt,22/06/2024
1836,Kathryn Crawford,ashley97@example.com,Male,South Lisafurt,7/01/2025
8226,Melissa Smith,garmstrong@example.net,Other,Port Crystal,7/10/2025
2389,Scott Hughes,nchen@example.com,Female,East Edward,9/04/2025
6336,Cory Burch,smithjonathan@example.net,Male,New Edward,15/07/2025
4938,Tina Hernandez,olsonchad@example.org,Female,West Leslie,2/01/2024
3008,Karen Alvarez,megan27@example.com,Other,New Alan,1/11/2025
6498,Jason Smith,xthomas@example.net,Male,Bridgesburgh,28/10/2024
5815,Jacob Hurley,michaelbeard@example.net,Other,West Jeffreyland,15/02/2024
5722,Mary Gay,wobrien@example.com,Other,North Daniel,1/04/2024
1066,Joy Graham,ugraves@example.org,Female,East Paulashire,7/03/2025
825,Wayne Rodriguez,jacobbrown@example.org,Male,West Tonya,28/11/2024
3419,Amy Shaffer,jennifer86@example.net,Female,Carlosside,6/07/2025
7632,Summer Cordova,ssummers@example.org,Female,Hernandezport,16/02/2024
3362,Lauren Munoz,jennifer57@example.net,Male,East Shaneborough,17/08/2024
8008,Brandon Morales,jhoward@example.com,Male,Tiffanyton,3/09/2025
8582,Anthony Vance,rebecca26@example.net,Male,North Lisaland,1/11/2025
2990,Kayla Shannon,nharrington@example.com,Male,Port Karen,24/05/2024
6926,Ann Martin,pam28@example.com,Other,Port Amandaside,18/11/2024
531,Matthew Wallace,anthonyberger@example.org,Other,South Brianchester,23/02/2025
6474,Erica Hill,ericperkins@example.com,Other,Moralesville,24/08/2025
6586,Angela Odonnell,cweaver@example.org,Female,South Duanestad,19/05/2025
6744,Scott Yang,jessemccarthy@example.net,Male,Russellbury,3/10/2025
4048,Sarah Patterson,tanner72@example.com,Other,Lake Ethanmouth,19/09/2025
8411,David Gordon,cassandraclark@example.net,Male,Port Sarahport,1/04/2024
4457,Michael Preston,james10@example.net,Other,West Emmachester,23/11/2024
3432,Erica Park,sheilaanderson@example.com,Female,Sotobury,28/04/2024
4306,Mary Anderson,wattsjonathan@example.org,Female,New Veronicaborough,4/07/2024
3059,Tristan Lewis,ambertate@example.org,Male,Davidshire,23/06/2024
4997,Allison Parker,anthony73@example.net,Male,Hernandezchester,27/07/2024
3502,James Obrien,katie48@example.com,Other,Derekmouth,31/03/2025
9452,Jonathan Smith,becky68@example.com,Other,Mcmillanport,24/07/2025
4003,Michelle Sherman,qgarza@example.net,Male,Shermanfort,30/07/2024
4988,Donald Foster,xherrera@example.com,Male,Elizabethbury,10/10/2024
5097,Robert Daniel,david52@example.com,Other,New Michael,18/04/2024
5985,Priscilla Lopez,jonathanestrada@example.com,Male,Andersonville,25/10/2025
8265,Jason Daniels,qvazquez@example.net,Male,Port Heatherton,6/06/2025
4183,Shawna Washington,johnsmichael@example.org,Other,Craigbury,5/07/2024
5172,Anthony Phillips,terrivelasquez@example.org,Female,Cartermouth,28/09/2025
1483,Shannon Barker,mary64@example.org,Other,Walkerberg,16/03/2025
834,Molly Walter,andersonlaura@example.com,Other,Jacksonmouth,1/05/2025
1907,Beth Franklin,thenderson@example.org,Male,Andrewsfurt,29/08/2025
1564,William Caldwell,taylorpayne@example.com,Female,Martinezborough,11/06/2024
8485,Brenda Hawkins,davisdiana@example.net,Female,Craigland,27/08/2025
9097,Joshua Mcdonald,pamelaconner@example.net,Male,West Paulahaven,23/09/2024
9241,April Jackson,oparker@example.net,Male,Jamesstad,18/05/2025
9400,Greg Wilson,lukeknight@example.org,Other,Lake Jamieport,17/06/2024
7773,Ronald Chapman,banksjames@example.com,Other,East Bethanyfort,18/04/2025
3688,Gregory Hoffman,kara42@example.com,Other,Lake Joseph,21/05/2025
4127,Amber Collins,kchavez@example.net,Female,West Kimberly,28/05/2025
1417,Kevin Sanchez,lesterrebecca@example.com,Male,Rossmouth,19/03/2025
9522,Mark Marsh,katherine49@example.org,Male,Priceborough,19/08/2024
7341,Karl Lucas,rodriguezdanielle@example.com,Other,Wardmouth,28/04/2025
2766,Jessica Davis,sarah90@example.com,Female,Lake Brittanymouth,29/04/2025
4139,Paul Garcia,mcohen@example.com,Male,North Robert,18/08/2025
8343,Kimberly Fowler,gabriella14@example.org,Female,Parkermouth,9/05/2025
8476,Patrick Hughes,alvaradojohn@example.net,Male,Craigbury,10/07/2024
9098,Jonathan Watson,hernandezjeffrey@example.com,Other,Brandonstad,11/04/2025
5979,Chad Neal,hamiltonmatthew@example.org,Male,Patrickville,16/09/2025
7756,Robert Martin,sperez@example.net,Female,South Waynemouth,29/10/2024
759,Christine Morgan,gibsonmark@example.org,Female,North Alexanderland,24/08/2025
8687,Misty Reid,katherinezuniga@example.com,Other,New Brianna,8/06/2024
3180,Brenda Parrish,gordonjack@example.com,Other,Deborahchester,5/08/2025
5447,Christopher Gonzalez,eugenekaufman@example.com,Female,Morganview,16/05/2025
4287,Lauren Anderson,nturner@example.com,Female,Sandersview,7/04/2024
5425,Sean Little,heather77@example.com,Other,Wrightville,13/02/2024
795,Miguel Campos,murraycharles@example.net,Male,Jamesfurt,23/03/2024
6783,Joshua Stanley,gharris@example.net,Other,East Eddietown,1/08/2025
8713,Amy Gilmore,figueroarachel@example.com,Other,Chadland,16/01/2024
3342,Joseph Daniel,michaeljames@example.net,Female,Phillipsmouth,3/06/2025
6596,Craig Hull,wbarnes@example.org,Male,Clarkville,10/06/2025
3548,Christina Shaffer,james11@example.org,Female,South Claudia,10/12/2024
3564,David Jennings,cruzjoseph@example.com,Male,Meganfort,5/02/2025
4869,Stephanie Henson,michaelhorton@example.net,Female,North Robinview,6/06/2024
720,Vanessa Cunningham,michaelmitchell@example.net,Female,Lake Nicholas,4/07/2025
8435,Amber Jennings,carlsonbryan@example.org,Female,New Chris,22/09/2024
5142,Sara Schultz,randy61@example.com,Male,New Audreyville,21/02/2025
8599,Rebecca Carpenter,douglas52@example.net,Other,Port Justin,23/12/2024
4797,Clarence Larson,manningjamie@example.net,Female,North Ericberg,18/07/2025
6815,Darlene Mcintyre,masseyalisha@example.net,Female,Prattton,15/04/2025
7171,Michele Andrews,jessica15@example.net,Other,Lake Melissa,16/05/2024
7545,Kim Watson,gregorybishop@example.net,Other,Sheltonville,30/08/2024
1276,Alejandro Colon,mramirez@example.com,Male,Carolfurt,6/10/2024
2132,Katie Hicks,chambersashley@example.net,Male,South David,1/02/2025
4209,Betty Moore,landrade@example.net,Male,New Ryan,22/10/2025
4245,Kenneth Garcia,benjaminhoffman@example.com,Female,West Amy,1/01/2024
2874,Steven Obrien,ucox@example.com,Other,Lake Tyler,21/05/2025
3581,Amber Mcdaniel,rvincent@example.net,Male,Williamchester,25/07/2025
2748,Justin Davidson,moralestrevor@example.org,Other,Lake Ryanstad,3/05/2025
1602,Susan Anderson,lloydmiranda@example.org,Female,North Mario,7/06/2024
3405,Alexis Hale,lewistara@example.net,Other,West Jenniferhaven,21/06/2025
463,Benjamin Mann,amy73@example.net,Male,New Michael,20/06/2024
5285,Barry Wilcox,gregory10@example.net,Other,Katrinaborough,26/04/2024
4565,Veronica Wu,fisherapril@example.org,Male,West Patriciaborough,8/09/2025
1486,Katherine Barnett,courtneymadden@example.org,Other,North Mark,7/07/2025
6914,Tracy Miller,smithjacob@example.org,Other,Tonyashire,5/02/2025
5312,Victoria Jacobs,fernandezmark@example.net,Other,Robertsview,4/07/2025
4451,Oscar Cox,qduncan@example.org,Female,Richardtown,14/10/2025
2639,Linda Sawyer,hilllaura@example.org,Male,Angelaland,15/10/2025
442,Danielle Mcfarland,kwelch@example.com,Female,North Fernandobury,16/08/2025
2359,Sara Martin,sandrasmith@example.com,Female,Davidstad,7/10/2025
139,Brett Castillo,angela18@example.org,Male,Christopherburgh,20/08/2025
6145,Michael Gonzales,gregorymurillo@example.org,Other,Lake Jasminehaven,4/09/2024
5607,Kathleen Adams,hicksamanda@example.com,Female,Johnmouth,3/03/2025
9123,Robin Quinn,ystanton@example.org,Male,Porterhaven,6/04/2025
9623,Casey Glass,cmartinez@example.com,Male,Port Shelby,17/11/2024
8770,Joseph Patterson,dbryan@example.net,Other,Port Amberland,14/03/2025
7694,Katherine Rivera,anthony54@example.org,Female,Hatfieldborough,18/04/2025
150,Lisa Kennedy,mullinsjames@example.com,Other,Port Dianaview,29/09/2024
3538,Ann Malone,ashley12@example.com,Male,South Anne,1/01/2024
2515,Patrick Frank,shelbywatson@example.com,Other,South Corey,7/06/2025
4162,Erica Bender,moonryan@example.net,Other,New Carol,21/02/2024
9225,William Marshall,rknapp@example.com,Female,Smithview,8/10/2024
8306,Jerry Garrett,rhinton@example.com,Female,Hooverchester,13/10/2024
9739,Tim Miller,kerry91@example.com,Male,Lake Mary,23/05/2025
7648,Lacey Mcdonald,ochandler@example.com,Female,Youngport,9/11/2025
132,Deborah Jones,grantpaul@example.com,Other,West Christopher,23/06/2025
344,Ryan Jordan,ysanford@example.org,Male,New Jamesstad,29/03/2024
8465,Trevor Schwartz,lori51@example.net,Male,Gregton,2/03/2025
9732,Gregory Rodriguez,xwilson@example.org,Female,Mitchellhaven,13/05/2025
371,Diane Obrien,william66@example.net,Other,West Raymond,11/03/2024
8516,Luke Crane,qmckenzie@example.net,Male,Port Saraland,26/03/2025
4255,Evan Carter,maryromero@example.net,Female,West Jasonview,22/05/2024
6006,Brenda Rodriguez,reginaldcollins@example.com,Male,Martinville,2/03/2025
7627,Gabrielle Rivera,patrick42@example.org,Other,East William,4/05/2024
2299,Nicholas Stevenson,brookstimothy@example.net,Female,East Michael,4/09/2024
155,Kara Moore,thomascathy@example.com,Female,East Carlosstad,16/12/2024
2311,Anthony Woodward,jeffersondaniel@example.org,Male,Amandaborough,5/04/2024
4679,James Gilbert,newmanpamela@example.net,Male,Edwardsside,26/04/2024
3896,Lucas Brown,qmitchell@example.com,Male,Port Sara,16/10/2024
9040,Taylor Baker,gonzalezjared@example.net,Male,Port Julie,13/03/2025
6641,David Phelps,zavalajulie@example.com,Male,Marchaven,15/09/2024
9431,Scott Pierce,myerskenneth@example.com,Male,Port Donaldton,17/06/2024
8102,Christopher Everett,erinmoran@example.org,Female,Lake Pamelastad,22/10/2025
9999,Michelle Parker,savannah49@example.net,Female,Wellsfurt,15/03/2025
7337,Ashley Leach,tmcneil@example.org,Other,South Tyler,31/10/2025
5880,John Crawford,dberry@example.org,Other,Stephanietown,31/01/2025
8350,Danielle Adams,qhill@example.net,Female,Garciachester,3/06/2024
9004,Karen Rivera,anamcmillan@example.com,Female,West Shellyfort,11/05/2024
6594,Michelle Peters,janetblake@example.org,Male,Port Michelleland,27/08/2024
3859,Patricia Nixon,benderkimberly@example.com,Male,South Davidton,17/08/2025
1510,Justin Boyd,hernandezmadison@example.com,Other,West Nicolaston,4/01/2025
3248,Carlos Ramirez,olsencarlos@example.com,Other,North Monicaberg,5/02/2025
2601,Colton Robinson,kelleyjennifer@example.org,Female,East Susanland,6/10/2025
6163,Pamela Fuentes,amycooper@example.org,Other,Alexisfurt,4/04/2025
4066,Carol Wolfe,megan52@example.com,Other,Elizabethport,5/04/2024
2458,Carrie Mcclain,fordbeverly@example.org,Female,Arianaville,19/09/2025
1316,Lisa Miller,floreskelsey@example.com,Other,New Josemouth,27/02/2025
1504,Nicole Allen,morganamanda@example.com,Female,Martinberg,19/02/2025
6084,Cameron Martin,hgolden@example.net,Female,East Larrymouth,30/04/2024
2654,Jeremy Roberts,john14@example.net,Female,Andersonstad,7/11/2024
7594,Angel Pruitt,samantha67@example.net,Other,Katrinaville,21/02/2025
220,Cole Hernandez,christineking@example.com,Male,Lauraland,14/03/2024
2903,Richard Ball,cscott@example.org,Male,West Jamesfort,10/04/2024
4477,Timothy Patel,zgarrett@example.com,Male,Analand,17/03/2025
6956,Monica Edwards,jeremyjones@example.com,Other,Matthewsberg,9/06/2024
6043,Kyle Gibson,john02@example.org,Female,South Lisafort,20/04/2025
5955,Ryan Johnson,mooredana@example.net,Other,Port Angelaville,27/02/2024
3732,Linda Harrison,rebeccamartinez@example.org,Other,Tammyfort,10/06/2024
8736,Nichole Allison,myerswhitney@example.org,Other,Robertchester,27/06/2025
2610,Christopher Brown,ernestwright@example.net,Female,South Amandachester,16/04/2025
9953,Brian Gordon,ncohen@example.org,Male,Turnertown,30/09/2025
7907,Elizabeth Bauer,lewisjames@example.com,Other,Louisville,7/10/2024
1303,Patricia Butler,michaelking@example.net,Male,Tinatown,11/01/2024
5177,Elizabeth Martin,tracysmith@example.net,Male,Jimenezstad,4/05/2025
461,Vincent Parks,sarah00@example.com,Male,Lake Amanda,19/06/2024
3344,Mary Santana,anthonysmith@example.org,Male,Lake Richard,18/03/2024
9836,Richard Wells,lambertandrea@example.net,Male,North Ginamouth,7/06/2024
2093,Emma Graves,garzajill@example.org,Female,Kelseyfort,5/03/2025
2101,Gregory Smith,jacobsdiana@example.com,Male,Port Heather,24/01/2025
5951,Troy Howard,jstone@example.org,Male,Ramirezside,31/03/2024
7327,Todd Lopez,stephenwillis@example.org,Other,Lake Georgechester,11/08/2025
4926,Jessica Hill,nvelasquez@example.com,Other,Christopherfurt,29/03/2025
7941,Maria Thomas,lespinoza@example.net,Male,Lauraborough,21/09/2024
2625,Christopher Moss,dlewis@example.net,Male,Jessicaberg,2/09/2024
7578,Alex Decker,geraldfrederick@example.net,Male,West Robert,9/08/2024
3840,Jaime Kelley,seanwheeler@example.com,Other,West Rachel,15/01/2024
9863,Deborah West,levinemonica@example.com,Other,Port Oliviaburgh,6/09/2024
9142,Robert Horton,hayala@example.net,Male,West Ryanmouth,6/04/2024
674,Ricky Thomas,theresa39@example.com,Other,West Brandi,13/10/2024
3547,Stephanie Bennett,michael59@example.org,Female,West Rachel,21/08/2024
3555,Jeremy Salinas,william37@example.com,Female,East Nicholasburgh,23/01/2024
1168,Scott Cobb,thomasjose@example.net,Female,Lake Garychester,6/03/2025
3944,Pamela Johnson,jennifer45@example.com,Female,Cruzborough,10/01/2024
4762,Austin Benitez,francojoanne@example.com,Other,West Jasmine,23/05/2024
5074,Robert Wong,bcarr@example.com,Female,Peterburgh,22/09/2024
2956,Lawrence Pittman,susan64@example.org,Male,Gutierrezside,28/06/2024
7633,Christopher Hayes,tracymccormick@example.org,Other,Medinaborough,19/11/2024
5928,Andrew Mathis,estone@example.com,Male,Odonnellshire,28/08/2025
4917,Jennifer Woods,kendra38@example.com,Female,Rossberg,22/04/2024
1704,Ronald Petersen,lorikoch@example.net,Male,South Carrieborough,27/06/2024
7711,Rhonda Cortez,jennifer74@example.org,Male,New Sheena,28/05/2024
2149,Diane Brooks,lcarlson@example.org,Female,East Stephen,23/07/2024
7137,Ann King,youngbreanna@example.org,Other,Port Kyle,29/05/2024
6308,Rebecca Williams,jane09@example.net,Female,North Cathymouth,15/08/2024
1040,Desiree Rose,luis88@example.org,Male,West Rachelfort,19/07/2024
7527,Ricky Thomas,nicholskatie@example.com,Female,Lake Raymond,3/06/2025
8423,Patricia Martin,vasquezangela@example.com,Other,Kennethstad,7/10/2025
5822,Jennifer Reyes,hugheshannah@example.org,Male,Brownberg,25/04/2025
9342,Barbara Fleming,griffinmisty@example.com,Other,West Deniseburgh,18/03/2024
2701,Kimberly Silva,lisa47@example.com,Female,North Danielfort,7/11/2024
5935,Kimberly Gonzalez,tamara68@example.org,Male,Matthewsstad,5/03/2024
8093,Robert Robinson,mmiles@example.net,Male,East Matthewmouth,11/10/2024
7244,Kyle Clarke,evansalicia@example.com,Male,Gonzalezport,19/07/2024
7794,Cathy Moyer,boydhayley@example.com,Other,Christinetown,14/02/2025
4107,Priscilla Brown,nlee@example.net,Female,West Rachelfort,4/06/2024
691,Kevin Wright,dphillips@example.net,Female,North Williamhaven,13/04/2025
4943,Benjamin Stokes,timothyproctor@example.org,Female,Deanshire,19/06/2024
3311,Stephanie Wilson,scottstewart@example.net,Male,Sanchezfort,23/08/2025
1971,Adrian Chang,smithjasmine@example.com,Other,Coryborough,11/11/2024
9214,David Andrews,gallegossteven@example.com,Male,Jesseside,8/02/2024
6012,Frank Boyer,riosfrank@example.org,Other,Hartmanburgh,29/01/2024
3740,Jacob Fitzpatrick,douglas53@example.net,Other,New David,16/03/2025
5290,Timothy Ferguson,jweaver@example.com,Male,Smithhaven,9/01/2024
1193,Valerie Willis,garciadanielle@example.com,Female,Samuelport,19/06/2024
9552,Jennifer Allen,ismith@example.com,Male,Shawmouth,3/10/2024
690,Jennifer Arias,robertssamuel@example.com,Male,Edgarberg,18/03/2025
2636,Jennifer Mcintyre,knightjamie@example.net,Female,North Mary,11/06/2024
8716,Ryan Cooper,russellmartin@example.org,Male,North Michael,23/10/2025
2699,Joseph Oneill,chankevin@example.com,Female,New Kevinmouth,4/09/2025
4750,Ryan Smith,tylermartinez@example.org,Male,Lake Jeremiah,13/02/2025
7957,Brittney Silva,pearsonjillian@example.net,Female,Smithfort,20/03/2024
5355,Jeffrey Mccormick,nelsonrebecca@example.org,Female,Powellport,24/11/2024
9444,Crystal Baker,scarey@example.org,Female,Sweeneyville,11/05/2025
8765,Lori Jennings,margaret62@example.com,Female,Lake Linda,16/02/2024
9955,Jacob Davis,mcmahoncathy@example.net,Male,Myersburgh,13/01/2024
2930,Shelia Rivera,mark47@example.com,Male,East Joshuaville,24/12/2024
177,Zachary Murphy,francisco94@example.net,Other,Williamhaven,18/02/2025
2112,Thomas Garrison,huntscott@example.org,Male,Harveyshire,7/07/2025
2780,Christina Montgomery,valerievasquez@example.net,Female,Danielshire,2/08/2024
8463,Robert Cantrell,millersarah@example.net,Male,New Kaitlyn,12/02/2024
9226,Kenneth Simpson,mendozarobert@example.com,Male,Davidfurt,5/11/2025
9900,Steven Moody,gregknox@example.com,Other,Smithbury,2/07/2024
2679,Sophia Green,jamesmorris@example.org,Female,North Jackburgh,23/04/2024
8307,Mitchell Burton,marvinmartinez@example.net,Male,South Jacqueline,19/05/2024
434,David Holmes,hannah03@example.com,Other,West Michaelview,8/11/2024
1940,Robert Boyd,george46@example.com,Other,Christinemouth,4/01/2025
8116,Stephanie Patel,vickie80@example.net,Female,Briannashire,11/03/2025
6779,George Kirk,monicajackson@example.org,Other,Allenland,2/03/2024
4001,Jacqueline Hill,mbarajas@example.com,Male,Williamsmouth,30/06/2025
3665,Allison Preston,rose86@example.com,Female,Websterfort,31/08/2024
7254,Megan Wolfe,andrew76@example.com,Male,East Kevinmouth,16/02/2024
5755,Gary Hicks,thompsonamber@example.com,Female,Townsendville,3/09/2025
532,Janet Vance,tjensen@example.com,Female,Lake Katherine,25/09/2024
4979,Joseph Jones,jacob32@example.org,Male,North Lisashire,12/09/2025
8763,Gregory Glass,hopkinsmatthew@example.org,Male,Clarkestad,19/05/2025
9458,Felicia Stewart,kennethperez@example.com,Female,North Tracyton,15/06/2024
1444,Lisa Ford,ubowers@example.com,Female,Port Mark,23/09/2024
1705,Kristen Rodriguez,john91@example.org,Other,Hornehaven,4/11/2024
2423,Timothy Hansen,maldonadoamber@example.com,Male,Pattersonfort,15/06/2025
9969,Maria Sanchez,carrillojade@example.org,Other,East Deniseshire,11/06/2024
6027,Joe Davis,chapmanjoseph@example.net,Other,Scotttown,20/01/2024
7940,Eric Brown,brittneyoconnor@example.com,Other,Danielleside,30/07/2024
5720,Patrick Weber,davidstrong@example.org,Female,South William,15/08/2024
9039,John Russo,paul02@example.net,Female,Graytown,10/04/2025
3866,Christina Brown,stevenpatel@example.com,Male,East Caitlin,30/07/2025
4927,Timothy Hill,bmaxwell@example.org,Female,South William,25/09/2024
9749,Matthew Flores,kaitlin24@example.org,Other,Johnsonville,25/06/2024
9202,Jennifer Patton,brandonbrown@example.org,Male,Lake James,25/12/2024
1961,Derek Baird,bakertommy@example.org,Female,Taylorhaven,9/01/2025
1102,Victoria Smith,jamesdavis@example.com,Male,Codymouth,17/11/2024
3181,Krista Stanley,rogersmatthew@example.org,Male,North Sharon,13/06/2025
2268,Kimberly Lawrence,paullawson@example.org,Male,West Rebecca,30/05/2024
654,Debbie Scott,richardwilson@example.org,Male,East Lauraport,17/07/2025
8294,David White,donna18@example.net,Other,East Joshua,16/05/2024
1107,Douglas Alvarez,morrispaula@example.org,Female,New Lindsay,24/02/2025
2865,Kimberly Harris,gbrown@example.org,Other,Stephenland,4/05/2024
5382,Ann Kirk,galvanwilliam@example.net,Male,West Kelseytown,20/11/2024
5878,Amy Martinez,joe88@example.com,Other,Crosschester,16/07/2024
6104,Amber King,sylvia53@example.com,Female,Knightborough,25/07/2025
7100,Philip Austin,ehunt@example.com,Male,New Calvin,20/08/2024
6611,Dustin Thompson,terri97@example.org,Male,West Brandon,26/11/2024
2164,Lisa Simpson,rachelbridges@example.com,Female,North Brittany,19/05/2024
5170,Shawn Stewart,katherine62@example.com,Female,Lake Jaketon,1/11/2025
5208,William Lane,brian69@example.net,Other,Stuartbury,16/10/2025
2733,Michael Miller,heatherthompson@example.net,Male,Lunabury,20/09/2024
8864,Kelly Coleman,benjaminrodriguez@example.net,Male,West Meghanborough,21/10/2024
6060,Whitney Mendoza,davidbrooks@example.com,Female,Reyesfort,9/02/2025
8099,Amy Martinez,anthony61@example.net,Male,Rileychester,28/07/2025
5121,Crystal Stokes,uwhite@example.com,Other,West Steven,16/10/2024
5717,Brittany Thomas,jamiemarshall@example.com,Other,Kristinton,18/05/2024
9347,James Liu,awood@example.net,Male,North Tiffanyview,4/05/2025
3135,Tracy Sullivan,michelle01@example.org,Other,East Chelseamouth,9/04/2025
2403,Steven Riggs,ihodge@example.com,Female,Port Aprilton,2/09/2025
1065,Heidi Allen,mcknightbrandon@example.net,Male,Stephaniechester,28/03/2024
4036,Michael Clark,wileycynthia@example.org,Other,West Kaitlynport,10/01/2024
4006,Richard Rojas,ujefferson@example.org,Other,Josephport,15/01/2025
956,Samuel Garcia,williamwelch@example.com,Male,Maryburgh,19/12/2024
2501,Louis Smith,adamparsons@example.com,Female,New Troy,22/06/2024
3664,Ashley Holt,qmartinez@example.net,Male,North Jamesview,17/04/2025
9062,Joseph Martinez,avaldez@example.com,Male,South Ann,30/08/2025
6349,David Long,aliciastevens@example.org,Male,West Ashley,13/03/2024
8534,Timothy Kane,mgonzalez@example.org,Male,Port Keith,11/03/2024
5571,Jennifer Cooper,badams@example.com,Other,Chrisland,14/04/2025
94,Victoria Phillips,khill@example.net,Other,New Julieport,28/01/2025
173,Nicole Pena,amitchell@example.org,Male,Andersonview,4/12/2024
6365,Brad Williams,josephsanchez@example.net,Female,Littlefurt,18/09/2024
8877,Stephanie Patterson,michelle74@example.net,Other,Lake Richard,27/11/2024
5492,Randall Foster,bennettkeith@example.net,Other,East Alyssa,13/11/2024
3567,Mark Houston,amiller@example.com,Other,Tinashire,16/03/2024
3610,Laura Thompson,garciatammy@example.net,Female,East Katelynport,22/06/2024
117,Alyssa Bennett,xpeterson@example.com,Female,Kimberlyshire,3/03/2024
4734,Lisa Hoffman,beverlypowers@example.com,Other,Hollyfurt,7/06/2025
5897,Alex Durham,noahherrera@example.com,Other,Port Danielbury,25/01/2024
4002,Wayne Macdonald,ehernandez@example.com,Female,Port Joshuaburgh,24/06/2024
9422,Timothy Gordon,millerjessica@example.com,Female,East Brian,15/11/2024
259,Jennifer Poole,kburns@example.net,Female,Courtneyfurt,19/06/2024
7223,Brian Yu,kristinefox@example.org,Other,New Tinastad,17/05/2024
7476,Richard Newman,bob85@example.com,Other,North Brandonside,3/10/2025
3095,Mike Moore,rreese@example.com,Female,East Bryanstad,26/03/2024
99,Krystal Smith,gibsonemily@example.net,Female,Brendastad,7/09/2024
1854,Stephen White,gclark@example.org,Other,Jessemouth,13/05/2024
1668,Alexander Hoffman,cruzernest@example.com,Female,Port Crystal,14/02/2024
1969,Robin Mcmahon,james60@example.org,Other,South Dean,9/01/2024
7782,Ronnie Smith,yrogers@example.com,Other,Jenniferburgh,17/08/2024
2332,Mark Greene,garciapeter@example.org,Other,Kristenshire,2/06/2024
6568,Brian Delgado,lisa05@example.net,Other,Lake Jeffrey,30/03/2025
8362,Zachary Martinez,jpatterson@example.net,Other,Lake Mackenzie,12/05/2024
4910,Michael Mason,wharvey@example.com,Female,Millerport,6/11/2025
1452,Billy Crane,aallen@example.com,Male,North Leahview,29/12/2024
4994,Frank Hunter,tlopez@example.com,Female,South George,5/09/2025
6168,Andrew Walsh,gguzman@example.net,Other,East David,13/07/2025
7746,Amber Stevens,anne67@example.org,Male,Elizabethmouth,23/03/2024
2881,Donald Anderson,timothy14@example.com,Other,Oliviashire,6/02/2024
8186,Daniel Golden,johnpaul@example.net,Other,New Jeremymouth,5/04/2025
425,Michael Richmond,jeremy37@example.com,Male,West Gregoryhaven,17/09/2025
8228,Amber Chung,davisbrittany@example.org,Male,Lake Robert,7/01/2024
5423,Catherine Morales,amber99@example.com,Other,East Jose,31/01/2024
6924,Jonathan Kelley,stacydavis@example.org,Other,East Teresastad,28/10/2025
4251,Devin Lynch,william61@example.net,Female,South Kelly,4/09/2024
1478,Jason Rodriguez,gutierrezmatthew@example.com,Other,East Jennifer,2/01/2024
7739,John Perez,taraharris@example.com,Other,Bryanland,5/04/2024
8823,Craig Hurst,lawrence13@example.org,Female,New Elizabeth,19/09/2024
850,Richard Johnson,randyturner@example.net,Other,Lake Julie,4/03/2025
8827,Tara Price,hamiltonchristina@example.org,Other,Lake Deanburgh,24/01/2024
6887,Cheryl Webb,eharris@example.org,Other,New Jamesville,12/11/2024
9514,Eric Clark,owensterri@example.org,Other,Laurenfort,4/04/2024
9485,Donald Smith,morgan25@example.com,Female,West Kevin,2/03/2024
5272,Amanda Bishop,chrissantos@example.com,Male,Paulburgh,11/01/2025
1753,Justin Blanchard,cgarcia@example.net,Female,Port David,22/01/2024
4439,Robin Gonzalez,brianacarter@example.net,Female,Zimmermanmouth,25/05/2025
1878,Ernest Rich,robert42@example.com,Male,Wellsburgh,26/03/2025
3297,Elizabeth Schmidt,brittneywashington@example.com,Other,New Andrea,24/05/2025
663,Joel Ramos,browningphillip@example.com,Other,Christopherbury,31/12/2024
3450,Emily Howard,robin65@example.com,Male,North Kristenbury,27/09/2024
3776,Brittany Hogan,kennedyelizabeth@example.com,Female,Angelaburgh,13/02/2024
5818,Susan Higgins,jatkins@example.com,Male,North Pamela,20/08/2024
2938,Melanie Grant,zryan@example.org,Female,Butlermouth,2/12/2024
5494,Andrew Walker,hbaker@example.com,Other,Albertside,30/07/2024
757,Bryan Lang,turnerconnie@example.org,Female,Lake Brianton,19/06/2025
4383,Kimberly Romero,hillmelissa@example.net,Other,Port Chadville,13/11/2024
3477,Tammy Escobar,brian93@example.net,Other,Port Mollyborough,6/04/2024
8077,Sarah Garcia,wilsonderrick@example.com,Other,New Madeline,17/03/2025
7682,Madison Guerrero,ganderson@example.net,Female,East Aaronville,18/10/2025
1289,Robert Hobbs,vanessamartinez@example.net,Other,Jaredfurt,30/01/2024
1195,John Armstrong,angela40@example.org,Other,Port Kristimouth,1/03/2024
3619,Luis Kim,howardclaudia@example.org,Female,Lake Mary,8/11/2025
1116,Melissa Rios,cookemily@example.com,Female,New Jennifer,8/07/2024
8004,Ashley Davenport,jillwatson@example.com,Male,Lake Donna,20/03/2025
7345,Claudia Salinas,shumphrey@example.net,Other,South Robin,29/03/2024
3500,Victor Good,christinewalter@example.org,Other,Lake Jenny,29/04/2025
4587,Michele Duncan,cooperchristina@example.org,Female,Evanland,5/04/2025
6760,Eric Best,wbenitez@example.com,Female,Sarahfurt,6/09/2024
6796,Jessica Dixon,danielmorse@example.net,Male,Port Kimberly,11/11/2025
3074,Samuel Shaw,ajones@example.net,Other,Lake Larryberg,8/10/2024
1598,Brandy Perry,rryan@example.com,Female,East Trevor,13/08/2025
2579,Shelley Combs,devon53@example.com,Female,Cobbtown,20/03/2025
6527,Brett Sandoval,moralescharles@example.com,Female,Michellestad,15/02/2025
1621,Angela Obrien,gstone@example.net,Female,Baileyborough,30/06/2024
3725,Walter Leonard,groberts@example.com,Female,Michaelhaven,9/06/2024
1912,Valerie Martin,susanwilliams@example.com,Male,Angelaton,25/07/2025
1366,Carl Chavez,hendersonmichael@example.com,Other,Lake Carlamouth,10/04/2025
5962,Elizabeth Frazier,juanhernandez@example.net,Other,West Duaneland,3/03/2025
4998,Tony Russell,kwashington@example.org,Male,Martinezbury,12/03/2024
4543,Megan Davis,april95@example.com,Other,West Stephen,11/03/2024
1432,Lisa Moore,vgood@example.com,Female,West Joefort,24/10/2024
8448,Justin Smith,jamesandersen@example.net,Male,Michaelshire,22/07/2025
4369,Renee King,sandovalanthony@example.net,Other,East Ashlee,29/11/2024
198,Tracy Nolan,dstokes@example.org,Female,Bryantton,5/05/2025
9798,Rebecca Blanchard,teresamullins@example.net,Other,Lake Nicholeshire,27/01/2024
541,Lisa Clay,shermandonna@example.com,Other,Petershire,2/03/2024
8317,Robert Nelson,jennasnyder@example.org,Female,South Eileenton,22/07/2024
9782,Albert Hill,robinsondavid@example.net,Female,Heatherville,3/10/2025
9516,Pamela Martin,rosstammy@example.com,Other,North Laurashire,11/11/2024
6954,John Decker,scottbarnes@example.com,Other,Hollandland,14/04/2024
8472,Brittany Tapia,cookjennifer@example.org,Male,Campbellborough,2/11/2024
4553,Cynthia Collier,jennifer98@example.org,Female,Lake Richardborough,9/06/2024
859,Donald Chase,susanguzman@example.org,Other,Joshuachester,26/01/2024
5001,Ronald Mejia,hking@example.com,Other,Markbury,15/02/2024
2802,Sarah Smith,scott86@example.com,Female,Nancyfurt,26/01/2024
222,Brian Smith,christopherbruce@example.net,Other,Arielville,13/01/2025
1846,Jeffery Johnston,cory21@example.org,Male,Andersonburgh,9/05/2025
4984,Jennifer Solomon,samantha38@example.org,Other,Taylorstad,22/01/2024
6598,Cody Riddle,wcampbell@example.net,Other,Jonestown,22/03/2025
9850,Ryan Watson,lisawatts@example.com,Male,Walkerport,3/09/2025
3193,John Roberts,cindy55@example.com,Other,North Roger,18/08/2024
4012,Debra Mcdonald,rmclaughlin@example.org,Other,Johnmouth,11/02/2025
5144,Jessica Larson,alishareed@example.net,Other,Nathanieltown,31/10/2025
3293,Cynthia Guerrero,bbowman@example.net,Male,Kentport,21/03/2025
6468,Sarah Miller,cfernandez@example.com,Other,East Ruth,30/07/2025
902,Chad Jones,spencerbrewer@example.com,Other,Lake Alisontown,19/02/2025
6556,Christopher Williams,rthompson@example.org,Female,Jessicachester,1/03/2024
8122,Jonathan Pierce,yvonneshields@example.net,Male,South Heather,15/01/2024
130,Susan Hayes,toni18@example.net,Other,North John,8/12/2024
5243,Courtney Fox,birdtonya@example.net,Female,New Diane,24/04/2024
645,Deborah Watkins,meltondanny@example.org,Other,New Markmouth,18/06/2024
1721,Abigail Reid,kennedywanda@example.net,Other,Harringtonland,16/01/2025
6553,Jose Ferguson,robertgordon@example.org,Male,Michaelside,23/02/2024
9217,Aaron Little,martinchristina@example.net,Male,Stuartborough,13/09/2025
4768,Haley Riggs,anthony29@example.org,Male,Williamshire,5/01/2025
7156,Phillip Hall,deandavid@example.net,Male,Williamshaven,24/02/2024
7896,Christina Howe,millerjennifer@example.net,Other,Lopezville,1/11/2025
7242,John Fisher,harperkeith@example.com,Other,West Tracymouth,22/10/2025
153,Mark Phillips,bmorrison@example.org,Female,Bellton,11/03/2024
5193,Ebony Dawson,robert39@example.com,Male,East Charlesland,30/05/2024
258,Erin Davis,rsellers@example.net,Other,Lake Michelle,5/11/2025
8346,Monica Payne,jessica39@example.com,Male,Mooreland,29/12/2024
3633,Jaime Martinez,haroldarmstrong@example.com,Other,Port Lauraburgh,8/11/2025
590,George Cooper,cassandra92@example.net,Female,North Robert,9/11/2024
8830,Andrew Brady,hallpaul@example.org,Female,Carolview,5/10/2025
1356,Jacqueline Conner,mitchellchristopher@example.com,Female,Hooverside,17/01/2025
9768,Justin Bishop,vperez@example.com,Other,North Christina,31/08/2025
2469,Kathryn Torres,rachel74@example.org,Female,Danielsfort,5/07/2025
7917,Christina Ramsey,christopher40@example.org,Other,New Christine,9/08/2025
4265,Henry Smith,joewarren@example.org,Male,Cathyshire,13/06/2025
938,Caleb Peterson,vlewis@example.com,Male,West Shawnside,1/10/2024
3356,Michael Pearson,denise60@example.net,Other,East Davidview,13/11/2025
8739,Erica Smith,kevinjones@example.net,Male,North Alexishaven,29/04/2024
8483,Susan Spence,garrisontimothy@example.net,Female,Wagnershire,21/01/2024
766,John Navarro,lindsay63@example.com,Female,Port Veronica,2/03/2025
4795,Lisa Davis,laurie58@example.org,Other,Perezton,26/10/2025
3031,Victoria Perez,davidpaul@example.net,Other,Michaelstad,28/09/2024
5668,Kenneth Jackson,xballard@example.org,Other,Port Mary,21/12/2024
6109,Melissa Thompson,andrew44@example.org,Female,Smithview,22/12/2024
4062,Jessica Gonzalez,campbellgary@example.org,Other,Barnettfurt,9/06/2024
9099,Jacqueline Ward,megan62@example.org,Female,Thomashaven,9/09/2025
8075,Shawn Hammond,gabrielsimon@example.org,Female,West Amy,18/07/2025
6452,Christine Hull,pturner@example.com,Other,Lake Kyleside,24/05/2025
8437,Diana Myers,abigailbradley@example.org,Other,Port Craig,9/07/2025
5070,Heather Buchanan,morrisblake@example.com,Male,Tinahaven,14/05/2024
6727,Jennifer Barton,tylersmith@example.org,Male,Sarahton,25/04/2025
3102,Lauren Gonzalez,eliu@example.net,Male,Lake Morgan,20/04/2025
240,Deanna Lucas,tammy61@example.org,Other,West Jeffreyhaven,20/01/2025
4528,Michael Li,lmaynard@example.net,Female,Lake Nicholas,13/10/2024
9719,David Smith,alawrence@example.org,Male,New Lisa,23/10/2024
7305,Brooke Wheeler,jeremy18@example.net,Female,North Monica,7/11/2025
1332,Lori Smith,james40@example.org,Other,Millermouth,16/10/2024
5397,Michael Adams,robertroberts@example.com,Female,Gregoryport,16/03/2025
148,Lisa Thompson,epollard@example.net,Other,Port Dennis,8/01/2025
4201,Edward Gonzalez,gonzalesdaniel@example.org,Female,Smithburgh,29/10/2024
6814,Jonathan Haynes,coxjames@example.org,Other,Matthewland,25/02/2025
6847,David Adams,jamescarroll@example.com,Male,Howardbury,24/07/2025
2854,Adam Meyers,tgilbert@example.com,Other,Lake Jenniferborough,22/03/2024
9152,Holly Williams,adam42@example.org,Female,Tiffanyberg,27/01/2025
29,Eric Campbell,jenniferharris@example.net,Other,Williamview,22/05/2025
2050,Lisa Murray,jessicasmith@example.com,Female,Ryanstad,5/06/2025
4008,Bruce Reed,brownlori@example.org,Male,Caldwellchester,28/12/2024
5283,April Silva,russellbailey@example.net,Female,North Marcus,22/04/2024
8797,Alexis Taylor,martinscott@example.org,Male,Shannonbury,9/12/2024
8868,Elizabeth Smith,michael42@example.com,Male,Kaylahaven,9/03/2025
8686,Sarah Johnson,parkbradley@example.net,Other,Dawnburgh,6/08/2025
5068,Ashley Joseph,ckelly@example.com,Male,Andreabury,5/06/2025
8676,Matthew Chapman,angelawilson@example.net,Male,Martinhaven,2/11/2024
7378,Natalie Lee,arich@example.net,Other,North Dana,27/09/2025
6250,Angela Oconnor,ocampbell@example.org,Female,Debbieton,15/08/2024
4944,Anthony Mcmahon,sandra96@example.org,Male,East Sarah,16/02/2025
598,Deborah Bush,devonrogers@example.net,Other,Lake Timothyshire,7/09/2024
5050,Bradley Nelson,stewartlauren@example.com,Male,West Aaronton,14/03/2024
1226,Kimberly Hart,mcbridemichael@example.org,Male,West Erik,25/12/2024
1955,Theresa Bray,fwade@example.net,Male,Michellefurt,7/01/2025
8415,Douglas Galloway,scott12@example.com,Male,Biancafort,18/09/2025
4043,Heather Miller,rachel59@example.com,Male,Stephanieside,27/08/2024
9728,Michelle Maxwell,peter42@example.net,Male,Pachecoton,23/10/2024
4999,Jose Murphy,huntercarla@example.com,Other,Lawrenceshire,21/05/2025
7871,Linda Howell,meadowsdavid@example.org,Other,North Eric,24/06/2024
8566,Luis Cook,muellerchristopher@example.org,Female,South Melissashire,3/10/2024
4225,Sara Jackson,dharris@example.net,Male,Blackwellbury,11/11/2024
8123,Carolyn Love,nicholegibson@example.com,Female,Michaelhaven,25/02/2025
689,Roberto Richardson,ryansimmons@example.org,Female,Teresabury,2/03/2024
256,Michelle Bishop,imartin@example.org,Male,Port Brian,16/04/2025
8333,Jose Richard,byrddaniel@example.com,Female,West Megan,29/11/2024
6734,Dustin Johnson,kathleen62@example.net,Female,Lake Meghanburgh,18/06/2024
8149,Emily Frye,veronicacunningham@example.org,Female,Lake Rebeccaton,30/03/2025
6373,Mary Oconnor,jamesjohns@example.com,Other,Lake Amber,17/01/2024
2081,Justin Hogan,perezrichard@example.net,Male,Heatherborough,7/11/2025
9326,Henry Bradley,jeremy27@example.org,Female,West Rachelborough,2/03/2025
9433,Anna Carter,xchung@example.net,Female,New Aaronville,10/09/2024
5811,Travis Lopez,daniel86@example.com,Other,Lake Johnhaven,17/08/2025
8997,Stephen West,allenrodney@example.org,Male,Hutchinsonstad,28/11/2024
175,Shannon Pierce,andersoncolin@example.com,Other,Angelastad,21/09/2024
7676,Amanda Townsend,howellbilly@example.com,Female,Robertstad,5/11/2025
3597,Kimberly Powers,hjohnson@example.com,Male,South Derekberg,13/03/2024
4402,Michael Jensen,anne22@example.net,Other,Lake Jamesberg,8/08/2025
8444,Megan Mason,christineclark@example.org,Other,Smithton,4/01/2025
6221,Erik Gordon,cperez@example.net,Female,South Brooketon,29/09/2024
8771,Ryan Greer,james07@example.net,Male,Lake Madison,6/05/2024
875,Michael Smith,richardsmith@example.com,Other,Gonzalezhaven,12/08/2024
9543,Nancy Hughes,brandonlawrence@example.org,Other,Fisherport,27/03/2025
1816,David Wagner,mariagonzalez@example.org,Male,North Travisberg,22/06/2025
5461,Heather Brown,williamssteven@example.org,Other,Zimmermanfort,2/08/2025
4509,Richard Smith,grusso@example.net,Female,Shawburgh,18/10/2024
2088,William Hardin,patrick20@example.net,Female,Martinezbury,1/04/2025
791,Makayla Jacobs,aliciakent@example.com,Male,Fordton,31/10/2024
1450,Latoya Wells,mhickman@example.net,Male,West Mary,4/03/2025
5588,Blake May,baxterashley@example.org,Other,South Jessica,23/02/2025
6424,Samantha Richardson,whitestephanie@example.com,Other,Wolfechester,20/01/2025
9081,Jessica Jones,robertshaw@example.com,Female,New Nicoleland,24/09/2025
936,Melissa Roberts,ashleynash@example.org,Male,Sawyerland,6/01/2024
2499,Scott Shelton,hstrickland@example.org,Female,Derrickhaven,22/06/2025
2551,Austin Frye,timothydawson@example.com,Male,Greeneburgh,8/11/2025
608,Richard Porter,staciereilly@example.org,Female,Lake Amyhaven,21/09/2025
3565,Deborah Robbins,mistywolf@example.com,Other,Mcdanielhaven,24/08/2024
762,Dylan Parker,kelly08@example.net,Female,North John,14/06/2025
495,Gabriella Harris,kylethornton@example.net,Other,South Wendy,1/02/2025
9582,Justin Roberts,parkeranna@example.net,Other,Schmidttown,6/07/2025
5227,Larry Gibson,daniel91@example.net,Other,Danielletown,15/02/2024
52,Roy Camacho,brentgray@example.org,Female,Murphyfurt,27/02/2024
3645,Traci Maddox,michael54@example.org,Female,Karenside,22/10/2024
848,Albert Barber,gregoryvanessa@example.org,Other,Clementschester,17/05/2025
5378,Alexis Johnson,shelia28@example.com,Other,Stephanieborough,30/01/2025
334,Cindy Silva,hunteileen@example.com,Female,Kennethville,22/12/2024
1897,Victoria Clark,nnunez@example.org,Female,Russellland,31/07/2025
6628,Daniel Jimenez,johnsonshaun@example.net,Male,Darleneton,5/04/2025
625,Michael Montoya,gerald40@example.net,Male,East Davidberg,1/08/2024
4157,Vanessa Huerta,bsmith@example.net,Male,Johnburgh,2/03/2024
6261,Robert Day,dpatton@example.org,Female,Maddoxmouth,8/09/2024
3544,Juan Rice,john60@example.net,Female,Lake Allen,12/09/2024
5559,Daniel Dixon,catherine77@example.org,Other,Ericaview,26/06/2024
2761,Patricia Moran,lesliesmith@example.org,Male,Grahamland,25/03/2025
4220,Theresa Bradshaw,bryan34@example.org,Female,South Randybury,12/04/2025
1773,Hannah James,fletcherkaren@example.com,Male,South Amanda,24/04/2024
9688,Troy Ryan,zbrown@example.net,Other,Anthonyburgh,5/04/2025
543,Valerie Powell,melissabrown@example.net,Male,North Jacquelinestad,6/01/2024
5032,Daniel Baker,rebekahrodriguez@example.net,Other,West Marcfurt,25/05/2025
8114,Lori Love,timothyrussell@example.net,Female,New Thomas,22/10/2024
92,Albert Ballard,erica21@example.com,Other,Vanessaport,23/06/2024
4244,Barbara Cruz,cooleyjoshua@example.org,Male,New Paige,14/02/2024
7218,Bryan Edwards,natasha16@example.net,Other,Freemanview,23/03/2025
4754,Aaron Hoffman,sotoeileen@example.net,Other,North Jenniferbury,6/12/2024
6515,Vincent Ramirez,kevin51@example.org,Female,South Danielfurt,18/07/2025
7164,Patricia Velez,pricelindsay@example.org,Male,Lake Jessetown,31/10/2024
9283,Dennis Garcia,josephwilcox@example.com,Female,Sherrybury,29/05/2025
9379,Marie Lopez,qwhitaker@example.com,Male,North Antonio,21/02/2024
8308,Alisha Johnson,xfoster@example.org,Other,Riddleport,28/06/2024
2506,Amy Moore,garciaamanda@example.net,Male,West Laura,11/02/2024
8013,Tony Mcmillan,kristen46@example.org,Other,Grantstad,29/12/2024
8367,Debbie Palmer,anna15@example.net,Male,Wheelerside,27/07/2024
2370,Eugene Salazar,tphillips@example.com,Female,Heathburgh,25/02/2025
9558,Julia Coleman,xgordon@example.com,Female,Nelsonshire,9/08/2025
4432,Sarah Evans,josewheeler@example.org,Male,Johnberg,11/03/2025
7500,Juan Holmes,smithmelissa@example.com,Male,Larsonborough,17/08/2025
9290,Jennifer Joyce,meadowsthomas@example.com,Other,Aguirreland,7/01/2025
892,Gary Hill,keithsosa@example.org,Male,Lake Lisa,24/06/2025
3963,Virginia Nelson,linda70@example.org,Male,Wendytown,19/09/2025
4176,Maurice Glenn,nancydavis@example.net,Male,North Baileybury,20/03/2024
3197,Brandon Hurley,monicabarnett@example.com,Other,New Barbarahaven,19/09/2024
1719,Christine Williams,richardsonanna@example.org,Other,Barnesborough,2/07/2024
3275,Cindy Dominguez,elizabethhudson@example.org,Male,Copelandland,26/06/2025
1947,Paige Johnson,marthagriffin@example.net,Other,West Leslieside,29/01/2025
5412,Kevin Webster,lwilson@example.net,Other,Millerhaven,4/10/2025
5261,Joshua Meza,mhurley@example.org,Female,Danafurt,24/07/2025
4960,Erica Wilson,eblack@example.org,Male,South Matthewtown,19/03/2025
5602,Emily Jones,nicole61@example.net,Male,Amandahaven,13/07/2024
1182,Scott Day,qgay@example.com,Female,Travisburgh,7/05/2025
8723,Robert Lewis,wellsrichard@example.net,Other,New Thomastown,24/05/2024
8999,Andrea Barr,qking@example.com,Female,East David,28/02/2024
867,John Franklin,wwhite@example.com,Male,Joshuachester,28/04/2025
3778,Kristen Hernandez,amykane@example.org,Other,Port Joe,13/05/2024
4661,Stephen Mclaughlin,xbanks@example.com,Female,New Nicholaschester,25/10/2025
8609,Christopher Hutchinson,kallen@example.org,Female,Ingramburgh,31/08/2025
2937,Fernando Evans,robert11@example.org,Female,East Amytown,10/03/2025
9483,Stephanie Perez,troystafford@example.org,Other,Amandatown,15/06/2024
3535,George Hahn,robert90@example.org,Female,Trujilloburgh,13/08/2024
5373,Kenneth Johnson,adamsgregory@example.org,Female,New Jessicamouth,18/09/2025
7850,Brittney Matthews,shawn51@example.org,Female,Lake Teresa,21/05/2024
2244,Jason Day,thompsonlaura@example.com,Male,New Cherylside,15/04/2024
6283,Shawn Martin,ssweeney@example.net,Male,Jamesberg,14/11/2024
6096,Bryan Black,mccoycatherine@example.com,Other,East Andrewhaven,22/03/2025
4755,Chelsea Rich,jareddavis@example.org,Female,West Christopher,28/06/2025
3513,Michael Dickerson,marshalllisa@example.com,Male,Tinaland,9/07/2025
3576,Paul Fisher,glennsmith@example.org,Female,Robertborough,3/06/2024
4057,Andrea Williams,phyllis83@example.org,Male,Robertmouth,5/11/2025
4010,Elizabeth Wilson,morganmcintosh@example.com,Female,Kellerland,11/05/2025
2181,Katie Rodgers,allennathan@example.net,Female,Cohenview,9/06/2025
169,Matthew Thomas,jessica56@example.org,Female,Zacharyville,13/11/2024
3631,John Butler,stephaniebright@example.net,Other,Johnsonside,17/10/2025
8649,Nicole Orr,charlesfleming@example.org,Male,Alvarezland,1/06/2024
9381,Eddie Hartman,kpowers@example.com,Male,Wilkinsberg,16/07/2025
8231,Latasha Munoz,barbarathomas@example.net,Male,Port Teresafort,11/07/2025
3444,Steven Williams,udorsey@example.net,Female,Rodriguezborough,6/08/2024
6817,Oscar Fleming,chad40@example.net,Female,Robertston,14/11/2024
2926,Jennifer Thomas,nashlinda@example.com,Male,Chelseaside,14/08/2025
4552,Nathan Ballard,kristengolden@example.net,Male,South Vincent,13/08/2024
90,Brandon Flynn,michael62@example.org,Male,Knightburgh,9/09/2025
8514,Brian Paul,mitchell31@example.net,Male,New Suzanne,26/11/2024
8169,James Lee,annaconley@example.org,Female,Jenniferburgh,10/04/2024
171,Sarah Griffith,kathrynjimenez@example.net,Male,Jimenezport,10/07/2025
8680,Natasha Monroe,sdiaz@example.org,Female,Jasminehaven,21/09/2024
3216,Michael Andrade,gregory04@example.org,Male,Lake Williammouth,20/10/2025
4331,Sarah Rowland,cardenaskathleen@example.net,Other,Lake Makayla,9/06/2025
9349,Christina Meza,deansheila@example.com,Female,Sarahland,4/08/2024
3081,Jerry Frazier,jameswhite@example.com,Other,Carpenterberg,17/03/2025
7142,Tony Carpenter,joseph00@example.org,Other,West Ryanshire,14/05/2024
954,April Figueroa,matthew96@example.org,Male,Leefurt,29/07/2025
184,Ashley Daniels,xcardenas@example.org,Other,Bobbyland,15/07/2024
1852,Kenneth Green,randy31@example.org,Female,New Andrea,3/09/2024
7634,Jesus Brown,michael97@example.com,Male,East Michaelberg,9/07/2025
660,Jonathan Lawrence,sferguson@example.org,Female,Amyfort,27/10/2024
1557,Crystal Jones,brian62@example.net,Male,Port Brandi,24/02/2024
5597,David Wall,christinebarron@example.org,Female,East Scott,2/05/2024
9154,Ryan King,aaronwest@example.com,Other,Port Marc,18/07/2024
5321,Ashley Winters,wallercarl@example.net,Male,Anthonyshire,13/02/2024
1166,Wendy Atkins,logansusan@example.net,Other,Lake Kimberlyside,16/08/2025
5106,Angela Lopez,shellylewis@example.net,Male,Lake Kennethhaven,8/11/2025
3750,Roberto Morales,williamcasey@example.com,Other,Kellyshire,29/11/2024
5206,Samuel Williams,johnsonpaige@example.net,Other,Port Vanessahaven,14/11/2025
4292,Jacob Floyd,dean40@example.com,Male,West Danamouth,22/08/2025
5108,Brianna Thomas,anna34@example.net,Female,Port Andrewland,30/12/2024
8491,Curtis Wilson,xschmidt@example.org,Female,Allisonside,25/02/2025
7550,Nancy Cross,jhatfield@example.com,Other,Herreraborough,28/02/2025
7040,James Jones,aburns@example.net,Male,East Wesley,9/04/2025
5737,Kristina Smith,michellejackson@example.com,Male,East Cynthiaport,9/03/2025
9729,Jerome Manning,jenniferclark@example.net,Female,North Carmenside,8/09/2025
6155,Todd Allen,wheelerdiana@example.org,Other,West Joshuaborough,17/08/2025
3504,Robert Gibson,kristinamoore@example.org,Other,Teresabury,16/05/2025
459,Paige Boyer,teresayoung@example.com,Male,Alexisview,15/05/2024
2443,Jessica Barrett,payneelizabeth@example.org,Female,Elizabethfurt,16/04/2025
3100,Edward Hernandez,smithchristopher@example.org,Male,Sabrinabury,16/07/2024
4751,Diane Johnson,michael96@example.net,Female,West Stephaniefort,10/07/2025
430,Stacey Vega,victorgonzalez@example.net,Other,Port Joseph,3/07/2024
1150,Renee Gregory,adam30@example.com,Other,West Joseph,17/02/2025
1479,Misty Nguyen,hgray@example.net,Other,Scottborough,21/06/2025
3449,Mason Owens,wharris@example.org,Other,Danielfort,17/05/2025
3690,Madison Morris,sean58@example.com,Male,Lake Todd,5/10/2024
5286,Erika Henry,lewisjessica@example.com,Male,New Meghan,10/03/2025
8985,Melinda Little,henryford@example.net,Other,Brandyport,3/02/2024
5699,Kevin Guzman,anthony92@example.com,Female,New Sarah,30/05/2024
3617,Kyle Miller,david31@example.org,Female,Hickston,26/08/2024
6854,Brenda Garrison,grossdanielle@example.net,Female,Rhodesborough,24/06/2024
914,Lori Cruz,xrose@example.net,Male,Lake Christopher,30/12/2024
290,Eric Martin,hedwards@example.net,Male,Tamiborough,3/02/2025
1198,Ariel Forbes,kristy74@example.net,Male,Cynthialand,12/09/2024
9667,Christopher Peterson,roydavid@example.com,Female,South Morganstad,18/06/2025
8653,Tammy Hernandez,loribates@example.org,Female,Crystalfort,4/07/2024
340,Olivia Watson,steven17@example.org,Male,South Pamelahaven,14/10/2024
2866,William Lane,adrianmcneil@example.com,Other,Peterville,29/03/2024
8032,Theresa Valencia,schwartzwilliam@example.org,Other,Woodston,14/05/2024
9187,Victor Owens,jphillips@example.org,Female,West Margaretstad,25/05/2024
1054,Mark Watson,bjones@example.com,Male,North Mark,11/06/2024
4642,Andrea Rivera,ylevy@example.org,Male,Sullivanfort,24/06/2024
108,Daniel Gordon,acostaregina@example.net,Male,Stephentown,17/12/2024
4712,Francisco Aguirre,jessepark@example.net,Other,North Jeremiah,24/04/2025
4160,Sara Moore,ericweaver@example.net,Other,Port Juan,4/03/2025
3661,Danielle Nicholson,angela32@example.net,Female,New Luistown,23/12/2024
8971,Jon Scott,khudson@example.com,Female,Rossview,16/10/2024
1068,Zachary Fox,ymitchell@example.com,Other,East Bobby,3/02/2024
7043,Charles Roberson,ohowell@example.org,Female,New Lynn,1/09/2024
1330,Mallory Olson,kristenfrye@example.com,Female,Cassandraside,11/08/2024
3604,David Horn,jason12@example.net,Male,South Mary,20/10/2024
4316,Brian Riley,beckaustin@example.com,Female,North Johnny,16/07/2025
8918,David Miller,andrea30@example.net,Female,Newtonfort,2/03/2025
9805,Matthew Ryan,jeffrey65@example.org,Other,West Danielburgh,28/03/2024
6874,Diane Gordon,emily47@example.com,Male,Port Kristin,12/01/2025
5380,Andrew Little,tbarr@example.org,Male,North Nancystad,22/03/2025
5611,Julie Hernandez,drew05@example.net,Other,Harriston,20/01/2024
6864,Scott Barber,pgriffin@example.com,Other,North Coryhaven,18/01/2024
1419,Paul Valdez,smiller@example.com,Other,Williamsfort,14/11/2024
1162,Thomas Davis,andrew96@example.net,Male,Port Robin,24/01/2025
8678,Ryan Rios,margaret38@example.com,Male,Fritzfurt,16/07/2024
6417,Donald Anderson,regina22@example.com,Other,Charlesville,2/11/2025
474,Anna Lewis,michael77@example.com,Female,Lake Austinport,20/02/2025
189,Benjamin Huff,vlopez@example.com,Male,North Kennethville,30/09/2025
1580,Omar Miller,ballelizabeth@example.com,Other,Bishopfort,5/11/2024
7467,Thomas Sheppard,mmontes@example.net,Female,Cohenburgh,22/07/2024
2145,Rodney Vargas,ballnicole@example.com,Female,East Laurenfurt,4/01/2025
3615,Cory Gonzalez,eugeneavila@example.net,Female,Lake Cindy,15/01/2024
4855,Heather Garcia,john07@example.com,Other,Port Candice,18/05/2025
7609,Alexander Roberson,samantha20@example.org,Female,North Edward,24/08/2024
3371,Patricia Sims,khuber@example.net,Female,Matamouth,25/06/2024
4677,Robin Brooks,lindathompson@example.com,Other,Melissafurt,18/02/2025
3969,Joseph Mays,jillbrewer@example.com,Female,Johnsonchester,1/02/2025
7248,Kyle Rivera,leecraig@example.org,Other,Patriciashire,16/01/2024
2287,Anthony Davies,amandaroberts@example.net,Female,East Kelli,3/11/2024
9262,Stephanie Mckenzie,ryan33@example.net,Other,Tarastad,25/08/2025
3563,Melissa Williams,danieldavis@example.net,Other,Alexanderfort,3/07/2024
807,Jesse Jensen,parkerjoann@example.org,Male,North Devinfort,7/11/2025
7356,Amy Taylor,sarahhunter@example.org,Other,East Carlosborough,23/12/2024
9593,Lindsay Alvarez,rmelendez@example.org,Female,Port Kimberly,6/03/2025
4351,Danielle Lewis,joshuabradley@example.com,Male,West Ryan,6/10/2025
4491,Mary Davis,sramirez@example.org,Male,Port Timothymouth,11/06/2024
658,David Beck,tyler13@example.net,Female,Port Lindsaymouth,8/12/2024
257,Juan Ryan,tiffany44@example.net,Female,Stephaniehaven,27/08/2024
633,Stephen Fitzgerald,aperez@example.com,Female,Lopezland,20/09/2024
8056,Maria Curtis,rsanders@example.net,Female,Flowersville,25/06/2024
8907,Shannon Koch,rachel81@example.com,Female,Mcdowellmouth,15/08/2025
949,Patrick Bruce,swalters@example.net,Other,North Lindaville,6/01/2025
3147,Jonathon Aguilar,teresa15@example.com,Other,West Melissa,20/09/2024
1458,Daniel Hayes,masonmary@example.net,Female,Dixonfort,22/10/2025
7848,Amanda Quinn,emilykelley@example.net,Female,West Kathleen,3/02/2025
3511,Ricky Goodwin,rachelguerrero@example.com,Male,New Caitlyn,31/10/2025
8100,Donna Oneill,andrew08@example.net,Other,West Theodore,19/06/2024
8396,Amy Tapia,douglas57@example.com,Other,Carlsonmouth,3/01/2025
2659,Kristin Little,bsmith@example.com,Other,West Richardshire,18/05/2025
8825,Melissa Jimenez,cynthia14@example.net,Other,Gayberg,8/07/2025
5661,Vanessa Lopez,igutierrez@example.net,Female,Jacquelineview,17/03/2025
7869,Dustin Hall,brian14@example.org,Female,South Dennishaven,6/06/2025
2684,Evan Kirk,laura49@example.com,Female,Evansshire,19/07/2025
1822,John Prince,plin@example.org,Female,New Brianfurt,7/09/2025
3551,Douglas Wright,ytaylor@example.com,Female,South Scottville,13/11/2024
126,Charles Bean,kmarshall@example.net,Male,Maldonadoshire,3/06/2025
2391,Rhonda Miller,megan94@example.org,Male,North Anthonybury,10/10/2024
764,Tina Greene,melissa95@example.net,Female,Robertburgh,20/04/2025
5281,Julia Barnett,buckrodney@example.com,Female,North Janiceburgh,20/06/2025
8845,Kaitlyn Dunn,priscillabauer@example.com,Female,South Marcia,28/06/2024
3704,Tammy Johnson,shawn21@example.org,Male,Parsonsmouth,12/06/2024
6813,Christopher Bradley,kevin57@example.org,Male,South Kimberlyport,30/09/2024
900,Randall Griffin,erichardson@example.org,Other,Whiteburgh,10/08/2025
8741,Dawn White,patrickdavenport@example.net,Other,Ronaldshire,19/01/2025
6963,Linda Rice,zoconnell@example.org,Male,Lake Robert,17/01/2025
6623,Teresa Miller,blackwelljoshua@example.net,Other,Westborough,19/02/2024
2861,Heather Phillips,caitlyn20@example.com,Other,Annamouth,12/08/2024
146,Amy Hartman,myerstheodore@example.net,Other,Zavalaview,14/10/2025
1849,Caleb Cummings,ashleymorrow@example.org,Female,Danielville,17/09/2024
5664,Jerry Roberts,nathanielgould@example.com,Other,East Coreyfurt,16/04/2025
5816,Jeanette Jackson,nicholas05@example.org,Male,North Alison,27/06/2025
2194,Sarah Williams,bobfoster@example.com,Female,West Bradleyhaven,3/02/2024
4365,Deanna Lane,johnsoncory@example.net,Other,Linshire,8/03/2024
8775,Jeanne Morrison,brenthernandez@example.net,Other,West Dennis,12/06/2025
6660,Christine Friedman,vzimmerman@example.net,Female,Brownmouth,7/07/2024
1555,Elizabeth Palmer,ysolomon@example.org,Male,North Marthafurt,1/01/2024
4578,Tanya Robertson,kevin12@example.net,Other,Lake John,2/01/2024
2790,Riley Reyes,bakersarah@example.org,Male,Port Curtisshire,2/04/2025
5666,Philip Hernandez,williamsrichard@example.net,Other,Sherrifort,23/09/2025
3819,Mark Bryan,johnsonamber@example.com,Other,Allisonberg,27/01/2024
9774,Rebecca Rhodes,kendramiller@example.org,Other,South Marymouth,29/02/2024
916,Douglas Castaneda,osanchez@example.org,Other,North Suzanne,20/07/2024
3702,Marcus Douglas,jimmy24@example.org,Other,Lake Michelleshire,4/10/2024
5800,Cassandra Ryan,russellrobert@example.net,Female,Port Jeffreychester,5/07/2025
4061,David Moss,fjohnson@example.com,Female,Tommyville,27/10/2024
6497,Jennifer Schneider,jford@example.net,Other,Nelsonfurt,27/06/2025
3624,Ryan Barry,amycooper@example.com,Female,Pattersonchester,3/08/2024
3918,Thomas Lopez,thompsonjorge@example.net,Male,Stephanieport,14/03/2024
6540,Darren Jones,lorettajames@example.com,Other,Timothyland,17/07/2025
1148,Ryan Wilson,ashleycooley@example.net,Other,Lake Lauren,26/07/2025
4252,Ariana Martin,ijohnson@example.com,Male,Markburgh,5/01/2025
6669,Michael Franco,michael30@example.net,Male,Andrewview,25/01/2024
6086,Laura Santos,sguzman@example.com,Other,Perezmouth,21/09/2024
486,Nathaniel Todd,rodriguezbrian@example.net,Male,Port Marissa,16/05/2024
8240,Jerry Warner,joshua56@example.org,Other,North Shawnbury,12/07/2024
7953,Cindy Schneider,caitlyn55@example.org,Female,Port Joshuaton,6/10/2025
2886,Paul Campbell,john04@example.com,Female,Mariomouth,19/01/2024
7026,Kelly Salazar,matthew21@example.com,Male,Markfort,10/11/2025
7498,Tamara Foster,patriciamiranda@example.net,Male,Garnerchester,14/03/2025
1468,Lucas Martinez,brandimiller@example.org,Other,Larryside,9/06/2025
6607,Troy Rich,qwagner@example.com,Other,West Brian,26/08/2025
1144,Sean Evans,larsonmichael@example.org,Male,Wrightland,12/10/2024
8962,Michael Gray,bpowell@example.org,Other,South Katietown,18/09/2024
275,Rodney Morales,joshuacollins@example.net,Female,Port Eric,8/06/2025
254,Katherine Wolf,bpayne@example.org,Male,West Nancy,5/01/2025
5178,Brian Williams,ericswanson@example.org,Male,Allenmouth,22/02/2024
7430,Cesar Booth,haleygeorge@example.org,Male,East Annaland,28/06/2024
5863,Linda Watkins,waltondaniel@example.org,Other,Dennisfort,6/07/2025
7208,Candace York,fwallace@example.org,Male,Martinstad,10/04/2025
8898,Amanda Ramirez,larry27@example.net,Male,North Michael,18/10/2025
5232,Haley Gardner,jamiesanders@example.com,Other,Collinston,12/09/2024
8347,Jennifer Smith,jmcclain@example.com,Male,Nicoleburgh,23/05/2025
1254,Michael Blevins,ashley09@example.com,Male,Padillaberg,13/02/2024
8074,Robert Taylor,kevin76@example.com,Other,New Edwardberg,10/11/2025
3236,Jeffrey Butler,adamolson@example.com,Other,Jameston,9/05/2025
9313,Anthony West,xsawyer@example.org,Female,North Jesusshire,4/01/2024
1976,Cory James,wellsedward@example.com,Male,Bensonburgh,25/12/2024
9619,Austin Kennedy,devonmckenzie@example.net,Male,Gutierrezview,23/09/2025
5110,Christopher Soto,anthonyparsons@example.com,Other,South Adamville,2/03/2024
9779,Christopher Carrillo,yrice@example.net,Female,New Kylestad,25/02/2024
9288,Carolyn Brown,aimeephillips@example.org,Other,Kathrynchester,28/06/2024
6505,Kimberly Spears,changdaniel@example.com,Other,Garciafort,15/07/2024
7389,Kathryn Morrow,rbaker@example.com,Other,West Kristenfurt,4/11/2025
144,Laura Bryant,copelandvincent@example.net,Male,Lake Zacharybury,14/10/2024
9595,Michael Lee,mark56@example.net,Male,West Madison,18/06/2025
7079,Angelica Waller,peter74@example.net,Other,South Juliehaven,10/06/2024
9653,Mariah Patel,hlane@example.org,Female,South Markside,24/01/2024
3660,Jason Silva,eric85@example.net,Male,East Jeffreytown,30/08/2024
9581,Andrea Gibson,tchristian@example.com,Male,North Joelville,12/11/2024
6049,Rachel Fox,chadpeterson@example.org,Other,Lindaburgh,1/10/2024
871,Julie Klein,john89@example.org,Male,Oconnellhaven,15/09/2025
6944,Brittany Wallace,staffordrebekah@example.net,Male,Dominguezport,27/08/2024
7376,Raymond Kelley,vmiller@example.net,Male,North Danielmouth,2/02/2025
8378,Roger Ramirez,nielsenjoshua@example.org,Female,Lake Jesusbury,27/04/2024
1749,Valerie Smith,linda76@example.org,Other,East Cynthia,5/03/2024
2650,Nicholas Flores,olsonmichael@example.com,Female,Deborahborough,24/10/2024
3522,Jacqueline Kelley,nathanjefferson@example.net,Female,Hinesmouth,29/06/2024
7576,Jacqueline Cox,lesliemullins@example.net,Male,Martinezmouth,7/07/2025
229,Levi Rodriguez,hahnsean@example.com,Other,East Christopherchester,20/05/2025
4227,William Murphy,richardhall@example.net,Female,North Amyhaven,16/06/2025
5421,Kaitlin Rocha,kimberly05@example.com,Other,Erikamouth,28/09/2025
1974,Sarah Russell,gregorymiller@example.com,Other,Lauraburgh,23/06/2024
7322,Lisa Barker,ywilliams@example.com,Male,Skinnerfort,18/06/2025
5446,John Matthews,dshelton@example.org,Female,East Louis,21/11/2024
3234,Courtney Sutton,berrydouglas@example.org,Other,Caseyland,20/06/2025
8242,Trevor Nichols,jacob33@example.com,Male,Port Patriciatown,3/08/2024
3385,Nancy Green,sarahjacobs@example.org,Female,Danielfurt,13/03/2024
3526,Karen Burns,brittanyjohnson@example.com,Other,Woodsfort,25/05/2024
3172,Deborah Nolan,ojames@example.org,Other,East Michael,24/07/2025
1938,Nicholas Leon,teresa50@example.net,Female,Lake Benjaminton,24/06/2024
3650,Jeffrey Carey,jordanbrian@example.org,Female,Ericborough,20/08/2025
9033,William Morris,dylan98@example.net,Other,Beasleyshire,9/06/2024
50,Adam Bell,acastaneda@example.net,Female,South Jeffrey,17/09/2024
7595,Lisa Mendez,harriscrystal@example.org,Male,New Jimmy,13/06/2025
688,Cody Richardson,tracymcclure@example.com,Other,Annachester,2/09/2024
7818,Elizabeth Herrera,terri83@example.org,Female,Smithfurt,31/07/2024
6821,Marc Evans,christy33@example.com,Male,Biancaborough,28/06/2025
9295,James Wood,droberson@example.net,Other,Port Troymouth,14/07/2024
8189,Andre Eaton,marvin88@example.org,Female,East Sabrina,22/05/2025
5048,Jonathan Martin,greenjoshua@example.com,Male,Lake Craig,23/07/2024
2924,Katherine Dyer,dianebarnes@example.org,Male,Christinafort,6/01/2024
6016,Gavin Moore,colson@example.org,Male,Crystalside,17/04/2024
8028,Michael Jackson,xpalmer@example.net,Female,East Scottland,2/08/2025
9583,Stephen Sanders,blairjoseph@example.net,Male,South Lesliebury,18/10/2024
3142,David Maldonado,erica17@example.net,Female,Harrisburgh,15/11/2024
2492,Debra Brown,cathy36@example.com,Other,Brandonberg,25/03/2025
8976,Edward Dorsey,ginalynch@example.com,Other,Sarahshire,17/03/2025
8461,Roger Taylor,heatherdouglas@example.org,Male,Goodwinmouth,7/04/2025
5357,Jennifer Osborne,scottcombs@example.org,Other,Bauermouth,5/09/2025
265,Michael Miller,brettgarrett@example.net,Other,South Diana,4/03/2024
1220,Cynthia Conley,fernandomorris@example.net,Other,Webbstad,10/01/2024
1831,Patricia Hall,davidpearson@example.net,Female,South Susanshire,18/10/2024
9345,Jordan Shea,lparrish@example.net,Male,Reginaland,24/05/2025
4530,Tara Wright,wward@example.com,Female,South Diane,1/06/2025
2765,Terri Myers,cruzjohn@example.net,Male,South Tammyfort,11/07/2024
1123,Michael Cox,rgallegos@example.org,Female,Port Brendaberg,4/03/2024
6919,Anthony Anderson,feliciaperkins@example.net,Female,Maytown,1/01/2024
9710,Sarah Miller,nelsonadam@example.net,Other,Stevenburgh,19/01/2025
2884,Daniel Elliott,fryedylan@example.net,Female,Port Roberttown,7/06/2025
596,Chad Barry,alyssa46@example.com,Male,Port Gail,11/08/2025
2032,Justin Spence,vunderwood@example.com,Female,Lake Davidborough,1/02/2025
2452,Judith Smith,mcrawford@example.net,Female,Montgomeryport,6/04/2025
8409,Richard Green,shanelyons@example.org,Female,Stephaniemouth,14/10/2024
547,Dawn Perry,senglish@example.net,Female,Hansonmouth,27/02/2024
6381,Autumn Barajas,keithkent@example.net,Other,West Daniel,6/05/2025
6014,Christine Rivera,swalters@example.com,Male,Edwardton,5/11/2025
8547,Kristi Kennedy,emilymays@example.com,Female,Hillshire,23/11/2024
4460,Courtney Booth,owensdonna@example.org,Other,Warrenton,12/12/2024
705,Travis Leon,ntorres@example.net,Female,North Michaelview,16/04/2024
9362,David Schneider,ronaldshea@example.com,Male,South Brandiburgh,10/04/2024
2742,Tara Smith,waltersaimee@example.org,Female,East Tiffany,15/10/2024
8417,Haley Stone,paulaevans@example.com,Male,Lake Lori,8/10/2025
4871,James Martinez,saundersaaron@example.net,Other,New Robert,5/04/2025
5066,Kevin Keith,markburgess@example.com,Male,Garyhaven,21/05/2024
1103,Carl Fields,michaelsmith@example.org,Female,Justinchester,10/02/2025
327,Robert Brewer,scottmcintyre@example.com,Other,Malonestad,3/07/2024
2476,Brian Vang,carlsonamanda@example.com,Male,Martintown,6/08/2024
8393,Rachael Henderson,griffithmichele@example.net,Other,Bellmouth,6/10/2024
7180,Michael Williams,joshuabrown@example.net,Other,Lake Erikaport,20/02/2024
8568,Danielle Barnes,jlee@example.net,Other,Peterville,27/05/2024
8826,Bryan Henderson,dramirez@example.com,Female,South Marie,2/10/2025
4489,Robert Long,alexander29@example.net,Male,South Raymondshire,27/06/2024
4885,Joseph Rodriguez,caleb40@example.net,Male,Jameschester,23/06/2024
3255,David Rodriguez,cbaker@example.com,Other,Hayesbury,23/03/2024
5561,Tiffany Hebert,oolson@example.net,Other,Theresatown,29/08/2024
8297,Tina Boyd,eballard@example.net,Male,Lake Stacyside,27/03/2024
484,Marcus Glass,rodriguezrobert@example.com,Other,Jamesstad,15/06/2025
2408,Jennifer Holmes,david48@example.org,Other,Port Jason,1/09/2025
9831,Brandon Torres,joshuaharper@example.com,Female,South Elizabethport,12/07/2025
9009,Autumn Bailey,eric68@example.com,Other,Moodyfurt,6/01/2025
3214,Anna Smith,matthew26@example.net,Male,Pearsonview,9/12/2024
775,Jamie Jacobson,zroy@example.org,Male,Ronaldfurt,20/03/2025
9200,Jessica Cisneros,thomasholly@example.org,Other,Richardton,12/04/2024
8380,Casey Diaz,xparrish@example.net,Other,West Ralphshire,25/11/2024
6358,Allen Patrick,carrillodawn@example.org,Male,Anthonybury,2/05/2024
1664,Brianna Perez,greenkrystal@example.net,Other,Rodriguezchester,1/07/2024
3359,Stephanie Ward,mannkenneth@example.org,Female,Ayalaborough,8/04/2024
6756,Paul Cuevas,michael38@example.org,Female,Perezville,23/02/2025
8952,Richard Johnson,efuller@example.com,Female,Kingmouth,31/07/2024
8757,Henry Garcia,larryjordan@example.net,Female,Sergioside,31/08/2025
6507,Rebecca Snyder,owensjessica@example.org,Male,Millerbury,2/09/2024
7386,George Roth,henryamanda@example.net,Male,West Willie,22/03/2024
9592,Jennifer Smith,kimberlyjohnson@example.com,Male,North Lindsey,18/02/2025
4868,Christopher Patterson,larry87@example.net,Female,Jonesland,26/03/2024
723,Monica Silva,sbarajas@example.com,Female,Colonberg,16/06/2025
777,Christine Simmons,xreynolds@example.com,Other,Joshuatown,14/11/2024
3735,Shawn Waters,joshuamcknight@example.net,Other,Heatherland,14/07/2024
9682,Angela Sutton,james47@example.net,Other,Davisland,25/12/2024
5406,Zachary Smith,smithdana@example.net,Other,Herrerachester,19/06/2024
3369,Wanda Bryant,jennifermeyer@example.org,Female,Carrilloshire,14/07/2025
7110,Albert Smith,adam43@example.com,Other,Port Justinville,30/11/2024
1884,Jeffrey Foley,fuenteschristopher@example.org,Other,Port Geraldland,5/08/2025
9135,Tyler Palmer,bryantstephanie@example.com,Other,Lake Elizabethfurt,20/01/2024
1426,Kristin Robinson,sandysnyder@example.org,Female,Cainmouth,12/05/2025
557,Gary Lane,brian41@example.org,Other,South Raymond,11/05/2025
568,Chad Luna,fsmith@example.org,Male,North Elizabethview,24/01/2024
9168,John Lopez,vcarter@example.org,Male,New Sierramouth,1/01/2025
3020,Zoe Caldwell,anita77@example.org,Other,South Annville,13/06/2024
1443,Diana Diaz,elee@example.org,Male,Port Melissaview,4/09/2025
1901,Paula Snyder,curtisroberto@example.net,Male,Margaretburgh,4/10/2024
4299,Kevin Williams,janicedixon@example.net,Female,West Erinmouth,24/10/2024
9074,Margaret Hernandez,elopez@example.com,Female,Port Erinchester,10/06/2025
9002,Tamara Garner,jlawrence@example.com,Female,Lewisport,12/01/2024
6048,Renee Brown,charles10@example.net,Other,Michaelberg,27/10/2025
3097,Matthew Newton,smithmanuel@example.net,Other,Carolineland,20/08/2024
421,Jose Wood,ramseysarah@example.com,Male,Jenniferton,1/03/2024
9960,Kevin Warner,graykyle@example.org,Male,Christopherside,1/01/2025
6724,Jennifer Marks,kmartin@example.net,Other,Port Jenniferbury,8/01/2025
8455,Eileen Lane,mooremike@example.com,Male,Petersonhaven,5/03/2024
8039,Rebecca Black,adkinschristine@example.org,Other,Port Ruthmouth,7/10/2025
7041,Amanda Sullivan,frenchjasmine@example.org,Female,East Austinborough,19/10/2024
8394,Bryan Wilson,colin88@example.net,Other,Thompsonport,24/08/2025
5970,Selena Brock,robinsonjacqueline@example.org,Other,Starkview,14/09/2024
3550,Natasha Harris,collinsdiana@example.com,Male,Julietown,22/03/2025
5963,Angel Douglas,boyertammy@example.net,Male,Nicholsonberg,8/03/2024
1428,Joshua Wheeler,jeremyjohnson@example.com,Female,Markhaven,21/12/2024
5079,Edward Johnson,lrobertson@example.org,Female,Knightfurt,28/10/2025
9139,Cindy Lee,nelsonandrea@example.org,Male,Jeremyfort,2/12/2024
5706,Marvin Ball,jason42@example.net,Female,Davidsonton,23/05/2025
5419,Kathleen Best,bonnie77@example.org,Other,Taylorbury,18/09/2024
194,David Parker,tparks@example.com,Female,Lake Sabrinaport,12/02/2024
6255,Kevin Williams,burkekevin@example.com,Male,Port Tammietown,27/09/2024
5837,Kristine Scott,robert31@example.com,Female,Port Tanyastad,24/01/2025
2401,Jesse Flores,austinbreanna@example.org,Male,Gailview,12/02/2025
7935,Casey Lopez,fischerdonna@example.org,Female,Martinhaven,21/08/2025
6490,Alec Estrada,andrea66@example.net,Male,Saraburgh,4/11/2024
3801,Jessica Wilson,hhendricks@example.com,Other,Gallaghermouth,10/12/2024
252,Mary Burns,cunninghamlaura@example.org,Male,Antoniobury,11/10/2024
7152,Christopher Winters,douglas98@example.net,Male,East Bruce,27/08/2025
5847,Michael Robinson,abigailsmith@example.org,Female,Tonyfurt,27/09/2025
3273,Jacob Ellis,fbrown@example.com,Male,Mckenzieburgh,26/01/2024
4872,Jennifer Alvarez,eric77@example.com,Other,West Jeffreymouth,30/12/2024
6433,Tammy Taylor,ortegatheresa@example.net,Female,Morrisfurt,4/07/2024
5161,Jessica Guerrero,gedwards@example.net,Male,Samuelchester,27/05/2025
2495,John Andrade,jeffrey10@example.net,Female,Lake Tina,18/03/2025
218,Jesse Mann,robinsonstephen@example.org,Other,Hopkinstown,30/07/2025
1164,Becky Stevens,yfritz@example.org,Other,Porterville,22/01/2024
2415,Diamond Hill,thomasellis@example.com,Other,East Bobbytown,23/12/2024
167,Michelle Miller,debra96@example.net,Female,South Pamelaside,29/01/2024
8794,Christopher Carter,bridgesmichael@example.net,Female,Williamsmouth,25/11/2024
8595,Debra Jones,santosdarryl@example.com,Male,New Jennifermouth,11/02/2025
8545,Nicholas Reynolds,uwright@example.net,Female,Burkestad,27/08/2024
124,Richard Miller,julie35@example.org,Male,New Cynthiahaven,25/10/2024
6416,Angela Martinez,sarahhall@example.com,Other,Taylorview,17/07/2025
1456,Robert Bullock,jessicaward@example.com,Female,Whitneyside,4/04/2025
7303,George Hudson,zmassey@example.net,Female,West Todd,21/11/2024
1099,Kaitlyn Payne,hsmith@example.com,Female,Jenniferview,29/11/2024
7546,Steven Baker,wilsonkatherine@example.org,Male,South Samueltown,28/01/2024
3482,Ryan Leblanc,mdoyle@example.org,Other,West Cody,18/03/2024
8621,Joseph Bean,david04@example.org,Other,Lake Alan,19/02/2025
6302,William Smith,mcollins@example.net,Female,Port Natalie,8/05/2025
7884,Kayla Williams,hamiltonsusan@example.org,Female,New Ricky,24/08/2025
39,Samantha Hanson,cortezkevin@example.com,Female,Nguyenport,11/10/2025
3978,Kevin Santana,wrightvicki@example.net,Male,New Steven,26/01/2025
2382,Meagan Bennett,holly18@example.net,Male,Michaelport,10/04/2024
1036,Matthew Hull,jessechapman@example.org,Other,Burgessside,28/08/2024
187,Derrick Oconnell,richarddonovan@example.com,Male,Santosport,10/04/2025
3496,Anthony Webb,kristycole@example.com,Other,Charlesfort,29/09/2024
7054,David Robinson,sheltonjack@example.org,Other,South Jennifer,13/02/2025
1354,Teresa Ray,douglassusan@example.com,Female,Jenniferborough,9/10/2024
6732,Todd Johnson,paulamiller@example.com,Other,South Lisafort,14/07/2024
8304,Hannah Barber,vanessalawson@example.org,Other,Jonesfurt,13/07/2025
6488,Chelsea Ramos,thomaswallace@example.org,Other,Alexandraland,15/10/2025
6778,Ricardo Peterson,jennifer01@example.net,Female,Lewisland,23/09/2025
659,Jo Shaffer,selenarobinson@example.org,Male,East Tara,23/07/2025
7301,Bradley Jackson,mdixon@example.org,Other,Lindahaven,12/12/2024
4940,Timothy Sanchez,katelynsalazar@example.org,Female,New James,23/09/2024
8832,Lisa Clark,danielleadams@example.org,Other,South Lauraton,2/11/2024
6186,Sarah Perez,james92@example.net,Other,Christopherchester,15/03/2025
4329,Jessica Saunders,steven65@example.net,Other,Shawnstad,7/11/2024
4375,Kathryn Duncan,sheilaharris@example.net,Other,Grayfurt,12/02/2024
9207,Nicholas Mclaughlin,kevincole@example.com,Other,Burtonborough,13/01/2025
1184,Scott Rowland,tonyflores@example.net,Other,Simpsonburgh,30/07/2024
1848,Thomas Richards,benjaminsmith@example.com,Female,Ashleyport,10/09/2024
2454,Michael Johnson,sullivantodd@example.com,Male,New Tylerfurt,16/05/2025
3874,Brandon Edwards,davischristine@example.org,Female,West Jacob,13/01/2024
5557,Evan Price,monica28@example.org,Male,New Deborahhaven,18/06/2024
2122,Lisa Francis,maysedward@example.com,Other,New Megan,21/12/2024
2522,Christian Cooper,juliethomas@example.net,Female,Lake Dawnfort,17/04/2025
4165,Cynthia Ward,denise62@example.com,Male,Lake Bonnieport,21/03/2025
9066,Laura Rogers,mwalsh@example.org,Other,Matthewfort,9/01/2024
3817,Raymond Castillo,anne73@example.net,Female,Kellytown,1/02/2024
3308,Travis Crawford,donaldgreen@example.com,Other,Bridgesmouth,21/06/2024
4715,Jason Stone,ucruz@example.org,Other,Amberton,3/06/2024
32,Angela Jordan,parkerrachel@example.org,Male,Jasonbury,9/09/2024
2966,Paul Dean,steven08@example.net,Male,West Stephanie,19/11/2024
5578,Ryan Ramos,adamserica@example.org,Other,Margaretmouth,6/01/2024
9617,James Jordan,tchristensen@example.org,Male,East Bonnieborough,6/03/2025
9228,Tina Hayes,derrick18@example.com,Male,Hinesberg,3/12/2024
4069,Sarah Hawkins,veronicajensen@example.org,Female,Taylorstad,5/05/2025
7518,Kenneth Burns,normanbrian@example.net,Female,New Krystal,10/01/2025
6206,Melissa Jackson,walterjones@example.org,Other,South Ashley,18/06/2025
2577,Olivia Thompson,yzamora@example.org,Female,Wallacemouth,11/11/2024
9201,Jennifer Perkins,brian54@example.org,Female,North Paul,22/07/2024
7878,David Davis,walkerlaura@example.net,Other,Tomton,22/12/2024
7740,Crystal Hill,alexander55@example.org,Male,Mccallberg,25/08/2025
8648,William Parsons,danielle76@example.net,Other,West Kevin,26/01/2024
685,Jessica Navarro,jasonwilliams@example.net,Female,Marcuston,10/08/2024
6087,Stephanie Manning,dawn08@example.net,Female,Mitchellton,8/09/2024
8938,David Powell,juliecooper@example.net,Other,Jacquelineburgh,3/09/2024
5023,Shawn Clark,millerdavid@example.org,Male,East Dawn,25/08/2024
2337,Sandra English,hernandezanna@example.com,Other,Frostfurt,24/03/2025
5685,Jessica Herrera,hmartinez@example.org,Female,Robertland,25/03/2025
3343,Devin Davis,jamiejones@example.com,Male,Danielland,23/05/2024
7505,Jared Holden,william80@example.org,Other,South Lauren,30/08/2024
1252,Cassandra Cortez,stevenandrews@example.org,Male,Montgomeryfort,6/07/2025
8055,Kimberly Green,ebony82@example.com,Male,Lake Candice,22/05/2025
5753,Paul Norris,kimberly31@example.org,Other,Shermanborough,26/09/2024
6957,Julie Mullen,ellisbarry@example.org,Other,Leonfurt,5/06/2025
9569,Sara Gray,kimsparks@example.org,Male,Mariochester,20/02/2025
4496,April Jackson,wgardner@example.net,Female,East Travisland,5/12/2024
1710,Samantha Moore,tonyaholmes@example.net,Other,Lake Belindaborough,21/01/2024
2111,Karen Henderson,kristymunoz@example.org,Female,Port Joshuachester,3/09/2025
3995,Jason Bass,qshepherd@example.org,Female,Port Nicoletown,25/05/2024
828,Abigail Hayden,sarah75@example.net,Other,Rogersmouth,13/09/2024
9260,Terri Nichols,bbooker@example.com,Female,East Mary,24/08/2024
8538,Nicolas Carter,jasongriffith@example.com,Male,Maldonadochester,5/02/2024
6295,Valerie Brown,jason39@example.net,Other,New Amanda,8/08/2024
9051,David Washington,fuenteskelly@example.net,Other,Port Waynetown,24/08/2024
8744,Jennifer Marshall,guerrerosharon@example.org,Female,Beardstad,14/10/2025
9817,Denise Patterson,ericachan@example.com,Other,Griffinbury,12/05/2025
3384,Laura Ellison,kathy50@example.net,Male,Rebeccaberg,27/01/2024
2159,Stephanie Kelley,maliktran@example.com,Other,Hawkinsmouth,16/02/2025
2547,Carolyn Gonzales,jacqueline11@example.net,Female,Sandovalmouth,6/01/2024
1088,Kevin Hall,arthurbrady@example.com,Female,Andersonview,17/04/2024
7787,Nathan Parker,kennethharris@example.org,Other,West Matthew,25/04/2025
1563,Jamie Ferrell,erikamiller@example.org,Male,South Danielchester,13/11/2024
8880,Jonathan Coffey,danamitchell@example.net,Other,Lake Julianshire,14/03/2025
8229,Kari Stewart,isaac59@example.org,Other,West Laura,11/06/2024
2898,Kelly Perry,ldiaz@example.com,Male,Lake Nicole,6/02/2024
7963,Stephanie Mcbride,jenniferparker@example.org,Other,South Sara,31/07/2025
5104,Angela Pitts,imullen@example.org,Male,Port Stephanie,8/03/2025
7070,Maria Riddle,christopherhernandez@example.net,Male,New Robertstad,20/04/2025
7280,Daniel Woodward,donglenn@example.org,Male,Charleston,10/06/2024
3374,Melissa Conway,haascheryl@example.org,Male,Shellyport,15/11/2024
8363,Samantha Ramirez,ewatson@example.org,Female,Trantown,20/09/2025
934,Christine Becker,nrichardson@example.com,Male,Christopherchester,6/10/2024
2776,Emily Smith,thomaselizabeth@example.org,Female,Stephanieport,9/01/2025
3949,Gabriela Castillo,xhumphrey@example.org,Male,Lake Sydneybury,8/03/2025
3050,Cassandra Gilbert,adrian89@example.com,Female,Kristinport,4/06/2024
5702,Shawn Greene,perrybarbara@example.net,Female,New Ashleebury,1/03/2025
2034,Kimberly George,espinozataylor@example.com,Other,South Anthonyhaven,18/11/2024
6902,Katie Thomas,michaelbeck@example.org,Other,West Chelsea,7/02/2025
1587,Erin Murphy,jennifer72@example.com,Female,Jacksonshire,24/02/2024
8184,Zachary Clark,kaitlyn77@example.com,Male,Edwardmouth,21/07/2024
2467,Stephanie Fowler,shepardlisa@example.org,Other,Curtischester,10/01/2024
8813,Anita Brooks,bridgetdominguez@example.net,Other,North Davidview,30/06/2025
2859,Sean Schmidt,montesandrew@example.com,Other,Lake Katherinefort,26/02/2024
7128,Terri Jacobs,sherry56@example.net,Other,North Deborahview,20/08/2024
7154,Benjamin Barnes,kayla67@example.org,Other,Dixonfort,2/06/2025
9488,Monica Castillo,martincarr@example.com,Other,North Joshua,15/01/2024
6409,John Bonilla,morrisonkyle@example.org,Male,New Jessicaview,3/04/2025
3733,Lori Maxwell,martinsuzanne@example.org,Other,North Michellefort,25/07/2025
9766,Christopher Wallace,jeremy17@example.org,Female,Port Bradleymouth,13/06/2024
6600,April Rios,melinda93@example.com,Other,East Nancy,7/10/2024
3560,Wayne Harrison,wgeorge@example.org,Male,Lake Kevinmouth,22/06/2025
5440,Joseph Mitchell,robertgonzales@example.com,Other,Andersonmouth,23/03/2024
4445,Heidi Bailey,robert29@example.net,Female,East Dawn,11/09/2025
8278,Brian Jordan,veronicawashington@example.com,Male,Lake Peterchester,29/02/2024
5523,Carlos Henry,james73@example.net,Other,Robertamouth,5/06/2024
9305,Marcus Dillon,charlesphillips@example.net,Other,Lake Danielleville,16/04/2024
5090,Jacqueline Thomas,meganpalmer@example.org,Other,North Katherine,5/02/2025
5546,Katherine Hawkins,perryjennifer@example.com,Other,Port Jessica,6/01/2024
9692,Gary Solomon,christie33@example.org,Other,Port Jerrymouth,31/01/2024
1180,Kathleen Woods,herrerakimberly@example.com,Female,East Timothymouth,15/06/2024
135,Katie Lee,ericphillips@example.org,Other,Lake Matthewberg,21/08/2024
428,Kristina Robinson,laurengutierrez@example.com,Other,Lake Marilynbury,18/09/2024
5230,Michelle Hobbs,stevenvasquez@example.org,Other,Keithmouth,11/03/2025
9755,Patricia Thompson,medinajoseph@example.org,Other,Aguilarfort,31/08/2024
8714,Katrina Moore,patriciachaney@example.net,Other,Richardchester,14/11/2024
6209,Laura Wallace,mariarichardson@example.net,Female,Colemanchester,23/04/2025
987,Ryan Cook,gnelson@example.org,Female,Dennischester,28/09/2024
3976,Jason Townsend,jesse69@example.net,Female,Port Kimberly,13/01/2024
2262,Chris Cardenas,cameronkaitlyn@example.com,Male,West Brandymouth,9/02/2025
7437,Brandon Booker,allenfields@example.org,Male,Griffithberg,5/09/2025
1279,Nicole Harris,peterstyler@example.org,Male,South Timothyville,27/09/2024
1146,Rebecca Randolph,uwilliams@example.com,Other,East Chelseaville,20/09/2025
6946,Jose Wallace,csaunders@example.net,Male,East Mary,27/07/2025
1603,Aimee Schultz,lpeters@example.net,Female,West Kevinhaven,24/11/2024
3871,Matthew Sanchez,award@example.net,Male,Adkinston,22/07/2025
7680,Jennifer Vazquez,amber07@example.org,Male,East Sherryport,28/06/2024
8801,Christine Salas,osmith@example.net,Other,West Julie,17/07/2024
2754,Charles Williams,lorrainemurphy@example.org,Male,Ericksonstad,9/08/2024
1454,Betty Ferguson,kimberly36@example.net,Female,Gregoryborough,5/12/2024
7257,Grace Hudson,joneswilliam@example.com,Other,Brownland,28/05/2024
270,Patrick Richmond,kylie34@example.net,Male,East Angelaport,7/02/2025
7308,Nicole Hayes,michelle24@example.net,Male,New Stephenstad,10/03/2024
8592,Jorge Ramsey,swelch@example.net,Male,Frankfurt,6/11/2025
7454,Elizabeth Moore,samanthagarner@example.org,Female,Anaborough,2/03/2024
894,Adam Armstrong,suarezkrystal@example.com,Male,Kevinbury,21/05/2024
5426,Robert Baldwin,jorge99@example.net,Other,Port Jennaville,30/01/2024
4908,Susan Brown,becksamuel@example.com,Female,Rachelstad,2/04/2024
4639,Anthony Sullivan,ldennis@example.org,Male,Washingtonland,4/02/2025
7805,Stephanie Peters,ibarajas@example.net,Female,South Brianmouth,25/03/2025
6748,Donald Barnett,mccoyrichard@example.com,Other,Port Jasminechester,25/02/2025
9091,Linda Williams,berrymark@example.org,Other,South Jaime,28/07/2025
8451,Darrell Hughes,hernandezpeter@example.org,Female,North William,5/09/2025
4665,Erin Anderson,patricklaura@example.com,Other,New Christopher,9/08/2025
68,Crystal Brown,lisaavery@example.org,Male,North Angela,20/02/2024
1187,Eric Moore,kfloyd@example.net,Female,West Sue,25/01/2025
8103,Michael Walker,dcrawford@example.com,Female,West Nathanton,23/06/2025
3658,Hailey Jackson,harmongary@example.com,Male,Cervantesbury,13/07/2025
2751,James Wilcox,mcclainjohn@example.com,Other,West Matthew,16/08/2024
4311,Charles Lane,christopher88@example.net,Other,Kathleenside,16/07/2024
8841,Roger Martinez,troy48@example.net,Female,New Bradleyshire,20/07/2024
7150,Jennifer Mendoza,lauraalvarado@example.org,Other,Elizabethville,9/08/2025
8824,Anthony Johnson,manderson@example.com,Female,Salasstad,17/06/2025
4493,Sean Newman,patriciaoliver@example.org,Other,Port Angelica,15/08/2024
6829,Jody Berry,esimpson@example.net,Male,Saraview,14/10/2025
5344,Carl Stewart,scottkirk@example.net,Other,Lake Brian,19/09/2025
4585,Amy Holland,paulparker@example.com,Male,West Juan,7/05/2024
8105,Erin Zimmerman,morganrebecca@example.org,Other,Katherinefort,19/10/2024
9492,John Richmond,teresabrown@example.org,Other,Tiffanyton,28/11/2024
1954,William Greene,jasonallen@example.net,Female,Lake Adrianmouth,17/04/2025
8724,Danielle Davis,ochoasusan@example.net,Other,Lake Markfort,17/03/2024
998,Stephanie Fowler,natalie87@example.net,Male,West Renee,12/05/2024
5936,Tammy Li,steven01@example.com,Other,Michaelberg,11/11/2024
8792,Kathleen Kim,elizabethhuffman@example.net,Male,East Barbaraside,16/06/2025
2312,Craig Perez,michaelholmes@example.org,Male,East John,1/06/2024
4210,Abigail Fuller,kingallison@example.org,Male,Francesberg,6/01/2024
7072,Michael Arellano,ryanhale@example.com,Female,Port Kevin,1/01/2024
7120,Brooke Alvarado,patriciamartin@example.org,Male,Amberville,27/05/2025
629,Bethany Bell,williamjones@example.net,Female,New Jayborough,8/07/2024
6281,Stephen Cunningham,vpotter@example.org,Male,Hermantown,13/07/2025
3964,Michael Estes,christine09@example.net,Other,Stephenmouth,21/04/2025
668,Katrina Banks,melaniejennings@example.com,Other,Mendozaberg,3/05/2025
3532,Michael Carter,toni93@example.com,Male,Brooksmouth,7/08/2025
5353,Joshua Mccormick,amanda85@example.net,Female,Osborneport,30/06/2025
7182,Jay Gray,greenlori@example.com,Other,North Donna,30/07/2025
1216,Diana Diaz,woodskaitlyn@example.net,Female,East Jeffrey,28/03/2024
6915,Barbara Bell,jnash@example.net,Female,Crystalview,16/06/2025
6107,Sarah Brown,thomas07@example.org,Female,Wilsonview,1/04/2025
5428,Tiffany Smith,jeffreymartinez@example.net,Other,Trujilloville,14/05/2025
8192,Luke Wright,martinheather@example.com,Male,Robertshire,11/11/2025
6673,Amy Silva,kayla34@example.net,Female,Shellyfort,7/07/2025
3005,Karen Valentine,joshuarose@example.com,Female,Jacobfort,8/08/2025
5189,Wesley Alvarez,llee@example.net,Male,Bellburgh,9/04/2025
7420,Danielle Mccullough,lisathompson@example.net,Other,New Jordanmouth,21/04/2025
3869,Kristin Ward,shawn00@example.com,Male,Lake Toni,2/01/2025
2682,Robert Webb,fieldsjacob@example.org,Other,Thomasport,2/01/2024
5064,James Richardson,andresgilmore@example.net,Male,East Dawnport,24/03/2025
3305,Nathan Cook,gonzalezmeghan@example.org,Female,Lake Markland,21/04/2024
1214,Brandon Bennett,ericsmith@example.org,Female,South Vanessaville,16/09/2025
7698,Julie Lynch,brewerdeborah@example.com,Female,Davisbury,21/01/2024
657,Richard Cox,sandersmary@example.org,Male,North Ashley,7/09/2025
1238,Daniel Massey,johnstondavid@example.org,Other,Bettychester,29/01/2024
9628,Dennis Sharp,srich@example.org,Male,East Olivia,19/08/2024
2474,Rachel Roberts,kendrasantos@example.net,Female,Lake Maria,24/09/2025
5014,Laura Juarez,susanelliott@example.org,Other,Meganville,5/02/2024
7299,Dylan Casey,bennetttimothy@example.net,Other,Port Jasmin,26/03/2024
2328,James Tate,usanders@example.net,Female,Maryshire,29/09/2024
8876,Kathleen Gibbs,osborncristian@example.org,Male,Feliciaport,16/08/2024
8871,Kenneth Valdez,michelle13@example.org,Male,South Christopher,27/10/2025
5552,Courtney Moore,johnsonkevin@example.net,Female,East Dorothy,12/04/2025
5127,Michael Kelley,chamberslisa@example.net,Male,New Markton,11/04/2024
7803,Adam Newton,mortonmichael@example.com,Female,Silvamouth,13/11/2025
4975,Brian Foster,michele60@example.com,Male,West Christinahaven,19/09/2025
5173,Amanda Knight,rthompson@example.com,Other,Paulbury,9/12/2024
8748,Jason Stokes,heidigalvan@example.org,Other,Wadefort,20/02/2024
9966,Jason Branch,aaronramos@example.org,Male,Kristinside,22/12/2024
1837,Ronald Ewing,michaela00@example.com,Male,West Leroy,1/09/2025
1594,Stephanie Davis,uwest@example.org,Other,New Josephberg,12/05/2025
4962,Michelle Delacruz,luis65@example.org,Male,East David,28/03/2025
472,Jacqueline Simmons,jacksonhenry@example.com,Female,Dianeside,6/04/2025
9827,Kathryn Rodriguez,hensleykevin@example.org,Other,West Jenniferbury,11/09/2024
9279,Darius Smith,owilliams@example.net,Female,West Sherriside,7/07/2025
2120,Jessica Miller,wbridges@example.com,Other,Paulamouth,5/02/2024
8597,Douglas Wilkins,nleonard@example.net,Other,West Michaeltown,18/09/2025
6713,Christopher French,angela96@example.org,Female,Robertton,29/07/2024
9015,Maria Hamilton,dhunt@example.com,Female,West Mark,14/07/2025
827,Brenda Woods,smithjoseph@example.org,Female,North Jasontown,22/08/2024
978,Christopher Ramsey,lisa80@example.net,Female,West Nicoleton,3/06/2024
8162,Andrew Harrell,erandall@example.net,Other,East Mark,8/06/2025
3772,Matthew Evans,wellsvalerie@example.net,Female,Lynchville,21/04/2025
6150,Teresa Cain,ashleywalsh@example.org,Other,Sarahaven,18/04/2024
1352,Sarah Thompson,millerjimmy@example.net,Female,Josephshire,25/08/2025
4177,Brad Beltran,stevensdonna@example.org,Male,Calebfurt,7/03/2024
4547,Anthony Bryant,mhester@example.org,Male,East Coltonfurt,4/11/2024
5464,Erica Hudson,sarah03@example.net,Male,South Barbaraside,25/08/2025
9510,Joshua Neal,dennishicks@example.org,Other,Joannton,21/06/2024
5622,Andrew Thompson,elizabeth57@example.org,Male,East William,10/08/2025
9409,Jennifer West,michael56@example.com,Other,West Veronicafurt,17/10/2024
8475,Nicholas Gordon,brandonsantiago@example.org,Male,Harmonchester,8/06/2025
5154,Elizabeth Henry,markmiller@example.com,Female,Morenobury,8/04/2024
2566,Tiffany House,katherine05@example.com,Male,Vincentshire,13/01/2024
1804,Eric Cox,jocelyn26@example.net,Other,Greenfort,11/07/2024
6073,Alexa Yu,fbeltran@example.net,Other,Jenniferton,31/08/2025
6031,Danny Middleton,brookelee@example.org,Male,Walshmouth,12/01/2025
2326,Brian Vazquez,hahnjoshua@example.net,Other,Olsenside,30/03/2024
4384,Evan Ramirez,amanda74@example.net,Female,Bradton,19/11/2024
779,Charles Johnson,matthewleonard@example.com,Female,Julieview,8/03/2024
2730,Melissa Molina,william91@example.com,Male,Robinville,28/01/2025
419,Melissa Hopkins,seanlyons@example.org,Male,East Williammouth,18/05/2025
6192,Nicole Anderson,jsullivan@example.com,Male,New Tammyberg,28/03/2025
3392,Kimberly Choi,terrenceclark@example.com,Female,Wilsonstad,26/10/2025
711,Joseph Espinoza,qward@example.org,Male,Port Karen,27/04/2024
8929,Jonathan Fox,daniel67@example.org,Female,North Johnfort,15/06/2025
225,John Davenport,irhodes@example.com,Other,Camposberg,21/04/2024
4049,William Barnes,gharris@example.org,Other,Jamiefort,22/11/2024
104,Joshua Donaldson,ndavis@example.net,Male,North Kristinbury,11/02/2024
773,Norma Clark,muellerkrystal@example.net,Male,East Williamhaven,24/10/2025
9917,Steven Smith,suzannekelley@example.org,Female,New Sharontown,2/01/2025
165,Jenna Reed,meghan43@example.net,Female,Davidport,8/08/2024
6100,James Cooper,rnelson@example.org,Female,Lake Kendra,18/04/2024
2580,Kristen Alvarez,ebarnes@example.com,Other,West Monicatown,20/10/2025
5976,Brandon Howard,brian35@example.com,Other,Danielchester,12/01/2024
2705,Brittany Harper,hjones@example.org,Male,Caseyfort,16/09/2024
6340,Jennifer Erickson,bridget23@example.org,Other,Danieltown,2/11/2024
5390,Carlos Lucero,davisrichard@example.net,Female,Brianastad,10/06/2024
1622,Jennifer Johns,jack86@example.org,Female,East Andreport,19/04/2025
5361,Danielle Morris,coxpeter@example.org,Female,Cliffordland,26/07/2024
7855,Cassandra Davis,collinskathryn@example.net,Other,South Anneview,11/04/2024
6426,Shannon Hansen,billyrodriguez@example.com,Male,Huntstad,20/07/2024
5388,Dillon Suarez,dhenry@example.com,Female,South Matthewmouth,8/12/2024
6759,Marissa Herrera,thompsonkaren@example.org,Male,West Frank,24/11/2024
3034,James Wolf,brownlauren@example.org,Other,Cummingschester,29/04/2025
4140,Brendan Costa,joy58@example.org,Female,Yolandatown,14/08/2025
3985,Kevin Schroeder,hannahthomas@example.net,Male,Farmerfort,23/03/2025
6370,David Long,cwright@example.com,Other,Peterhaven,26/01/2024
4568,Julie Ho,linkevin@example.net,Other,Williamschester,22/10/2025
4435,Teresa Wilson,lbright@example.net,Female,Patriciahaven,17/02/2025
2602,Michelle Lopez,jadehendrix@example.org,Female,Robinville,14/07/2025
9876,Brenda Miller,ronaldclark@example.org,Other,Carolshire,21/01/2025
3279,Matthew Jones,whiteheadmatthew@example.com,Other,New Jessicamouth,13/03/2024
8913,Jill Mullins,vanessa74@example.com,Female,West Christina,18/01/2025
2680,Rhonda Smith,romeronatalie@example.com,Female,Taylorfort,5/01/2025
8244,Nicholas Miller,andreaparker@example.net,Male,Meyerhaven,13/06/2025
1706,Morgan Moss,hmcneil@example.net,Other,Port Hannah,28/03/2025
1418,Jamie Anderson,sanchezdustin@example.net,Male,West Nathanielstad,11/09/2024
7757,John Diaz,lisajones@example.com,Male,West Amanda,24/01/2025
3159,James Young,simmonsjoseph@example.org,Female,Sergiostad,18/05/2024
9519,Zoe French,bkelley@example.org,Other,East Ryanhaven,20/07/2025
4307,Michael Buckley,pcastro@example.org,Female,Gabrielleshire,14/03/2024
805,Tina Horton,martinreid@example.net,Other,Tiffanyfort,14/02/2025
5829,Jillian Obrien,xmoreno@example.org,Other,Johnshire,22/08/2025
9972,Christopher Hale,robertsims@example.net,Female,North Jason,16/04/2024
9084,Ann Nguyen,richard76@example.org,Female,New Patriciahaven,22/02/2024
7647,Logan Diaz,myoung@example.com,Female,Jonesmouth,9/10/2025
2109,Christopher Graham,sheilabaldwin@example.com,Other,Joshuaport,12/07/2024
5536,Debbie Ramirez,eclark@example.org,Female,Gillmouth,19/05/2025
9403,John Kennedy,munozchristopher@example.com,Male,Jamesfort,19/04/2025
6569,Laura Monroe,john74@example.com,Male,Brianborough,30/09/2025
5926,Lindsey Smith,kayla07@example.net,Other,Steeleshire,20/12/2024
2330,Brianna Lam,lewislori@example.com,Male,Lake Danielchester,11/08/2025
2868,Savannah Gaines,jasonrhodes@example.net,Other,Nicoleberg,21/04/2025
4682,Jessica Arias,perezmorgan@example.org,Other,Woodsport,5/01/2025
1645,James Morales,padillaangel@example.net,Male,Whiteside,2/12/2024
6238,Dale Porter,xhines@example.net,Other,North Markchester,12/02/2024
4172,Susan Jones,kramirez@example.net,Male,Lake Stephaniebury,15/01/2025
6619,Crystal Clark,jasminehanson@example.net,Other,Aliciachester,12/06/2025
4995,Kayla Oneal,olsonomar@example.net,Female,Grantburgh,30/04/2024
8778,Jennifer Wilson,anthonywaters@example.com,Female,New Jeffreyfurt,14/11/2024
1041,James Taylor,kevintran@example.org,Male,Jennyberg,10/07/2024
6890,Matthew Martin,randerson@example.net,Other,Reedborough,26/06/2024
8927,Cheryl Kim,michaeljennings@example.net,Other,Parkschester,25/10/2024
9150,Brandon Wilson,karenperkins@example.org,Other,Melissahaven,18/03/2025
7404,Vanessa Hawkins,timothy01@example.com,Female,Kennedyshire,19/06/2024
8555,Brett Hutchinson,nwright@example.org,Male,Pacefort,26/11/2024
3808,David Ellis,james87@example.org,Other,Lauriemouth,17/10/2024
9034,Jonathan Byrd,eric81@example.org,Female,Lake Jacob,30/11/2024
9301,Bernard Ross,nicoleerickson@example.net,Female,New David,7/09/2025
6088,Tanya Rogers,julie37@example.com,Other,Breannaland,23/11/2024
5271,Jennifer Osborn,andrewsdale@example.com,Female,Davischester,11/06/2025
4370,Richard Clayton,vnguyen@example.com,Female,East Heatherbury,31/01/2024
1533,Lindsey Pitts,daniel43@example.org,Male,Morenomouth,16/02/2025
7056,David Murphy,tiffanydougherty@example.org,Male,New Timothy,17/04/2024
9546,Joseph Estrada,newmanbrian@example.net,Other,Lake Marcusborough,17/02/2024
2062,Michelle Allen,dylan27@example.org,Male,Bradyberg,5/02/2025
2387,Deborah Malone,martinezkristen@example.org,Male,Port Isabellamouth,26/03/2025
5534,David Dodson,cindy21@example.org,Female,Port Austin,18/06/2025
8020,Robin Sanchez,whitehannah@example.org,Male,South Justinchester,23/08/2025
4939,Jennifer Rhodes,onelson@example.com,Other,New Carrie,12/06/2025
2360,Angela Williams,bwarren@example.org,Other,Port Charlesport,16/10/2025
6675,Adam Melton,bradleylisa@example.net,Other,Robinsonbury,13/11/2024
8755,Paula Barker,christinapeck@example.org,Male,Josephborough,19/11/2024
9186,Frederick Mcmahon,jeromesmith@example.com,Male,South Melissa,18/06/2025
9101,Philip Harrington,popebrenda@example.com,Other,Brookebury,17/06/2024
826,Scott Durham,oneillgabriel@example.com,Other,South Davidland,19/08/2025
7712,Andrew Guerrero,thomashenson@example.org,Male,Jonathonmouth,15/01/2025
1256,Leonard Smith,josephmichael@example.org,Other,New Brycechester,11/04/2025
8094,Stephanie Miller,patricia32@example.net,Male,Daveview,11/09/2024
3577,Michael Gibson,soliver@example.org,Male,Laurentown,14/03/2025
3036,Erik Potts,stevenwoodard@example.org,Other,Craigburgh,21/04/2025
7456,Joseph Hernandez,sandra66@example.org,Female,Toddview,26/05/2024
6931,Michael Baker,jessicajones@example.net,Female,South Andreabury,1/04/2025
9970,Casey Johnson,scox@example.com,Other,Hooperhaven,8/10/2025
3154,Zachary Booth,bwelch@example.org,Other,West Sandra,5/10/2024
5171,Jordan Evans,michael89@example.net,Other,New Bryanfurt,3/03/2025
3319,Daniel Martinez,michael79@example.com,Female,North Jennifer,6/03/2025
3710,Matthew Jones,shawngonzalez@example.com,Other,Alyssatown,20/06/2024
852,David Miller,gmay@example.org,Female,New Ashleyshire,8/09/2024
8785,Timothy Collins,qhodge@example.com,Female,Julietown,18/05/2025
4150,Lauren Olson,bnguyen@example.org,Female,South Jamesbury,24/01/2025
8216,Sandra Jordan,rebeccasmith@example.org,Male,Port Kimberlystad,2/05/2024
3395,Kristen Dickerson,sabrina83@example.com,Female,Lake Stephanietown,31/01/2025
243,Michael Davis,tflores@example.org,Other,North Melindaville,22/12/2024
6934,David Ramirez,stanley92@example.com,Female,West Bethview,29/10/2025
1972,Nathan Norman,browntimothy@example.net,Other,Coreyberg,19/04/2024
6136,Nicole Luna,duanenewman@example.net,Female,Andrewport,8/10/2024
2150,Ian Blankenship,tsullivan@example.org,Female,New Nicholas,19/06/2024
1151,Theresa Flores,jeffreyfletcher@example.org,Female,New Keithmouth,13/02/2025
8737,Bryan Nelson,mgallagher@example.com,Other,Mcfarlandmouth,13/07/2024
3360,Brian Bryan,john98@example.net,Male,Stacieberg,31/03/2024
2433,Jennifer Gray,jamesmaxwell@example.org,Male,New Jenniferberg,19/02/2025
8218,Lawrence Raymond,froberts@example.com,Female,Floresport,12/05/2025
8663,Robert Morales,andrew85@example.net,Female,West Traceyside,19/12/2024
2472,Jeremy Case,diana62@example.com,Male,Lewisfurt,22/05/2025
2201,Megan Gill,kbaird@example.org,Other,Edwardfort,29/08/2025
4537,Penny Scott,tonyparker@example.com,Other,North Michaelside,16/05/2024
6519,Joseph Wilson,millerjessica@example.net,Other,Jonestown,11/09/2025
5725,Carlos Nelson,andreasantiago@example.net,Female,West Shannon,29/07/2025
5004,Jennifer Davis,charles78@example.org,Female,New Adamville,3/07/2024
3993,Heather Ramsey,benitezheather@example.com,Female,North Rebecca,22/11/2024
133,Sabrina Collins,tanderson@example.org,Other,Angelicamouth,29/03/2025
6877,Ebony Johnston,hernandezdonna@example.org,Male,Woodardberg,23/06/2024
5518,Heather Skinner,larry29@example.org,Other,Snydertown,17/08/2024
4542,Terri Soto,jonathansullivan@example.net,Female,Gonzalesmouth,13/11/2024
6879,Kenneth Hernandez,mcmillanryan@example.org,Male,Hughesstad,25/05/2024
5182,Joshua Peterson,igardner@example.com,Female,North Rhonda,28/08/2025
7397,Ernest Richards,tanyajenkins@example.org,Male,Scottfort,1/01/2025
9829,Frances Chase,kathleen26@example.com,Female,Ashleyfurt,18/10/2024
7961,Andrew Archer,isabel50@example.net,Other,South Benjaminport,9/08/2025
9046,Katherine Mccarthy,upowers@example.org,Male,Nataliefurt,22/11/2024
945,Jennifer Mcneil,cynthiafowler@example.net,Other,North Jefferyborough,28/06/2024
602,Chase Martin,terrytyler@example.org,Female,West Robertside,17/10/2025
6251,Sarah Hicks,kimberly84@example.org,Female,West Cherylstad,5/08/2025
1540,Isaac Armstrong,fsims@example.com,Male,New Jason,14/12/2024
1882,Jennifer Beck,bradbennett@example.com,Other,Cindytown,19/07/2025
8578,Timothy Guerra,ksmith@example.net,Female,Boydhaven,29/08/2025
1482,Nicole Taylor,gregory07@example.net,Female,New Shawnport,9/10/2024
1916,Richard Vargas,deanna05@example.com,Other,Coltonview,3/06/2025
1513,Vicki Wood,diazlorraine@example.net,Other,Blairside,15/12/2024
1236,Jessica Conway,robert45@example.org,Female,North Jenniferfort,30/07/2025
1350,Colton Richardson,tashaharmon@example.com,Female,West Roberttown,19/10/2025
5639,Zachary Green,rosereed@example.net,Male,Lake Marychester,3/11/2025
3075,James Martin,andre19@example.com,Other,East Sydneybury,12/02/2025
4188,John Martinez,ycox@example.org,Male,New Jonathan,21/10/2024
66,David Williams,tranheidi@example.org,Male,Garciatown,29/04/2025
5929,David Abbott,hendersonluke@example.com,Male,Lake Barbarachester,28/09/2025
7747,Deanna Mendoza,whitney16@example.net,Other,Stevenmouth,16/08/2025
7523,Nicole Mitchell,loribarker@example.com,Female,Baileyside,30/07/2024
9205,David Porter,rebeccakline@example.org,Other,Michaelfurt,23/10/2025
4075,Melissa Anderson,wacosta@example.net,Other,Port Lynn,17/08/2025
4498,Richard Harper,raymichael@example.net,Other,Danielfurt,9/07/2025
9303,Samantha Carter,montgomerynicole@example.org,Other,Troyview,22/10/2025
6851,Victor Tucker,patellarry@example.org,Male,Rebeccamouth,11/09/2025
5918,Marissa Miller,mariaramirez@example.org,Male,Lopezhaven,8/02/2024
1672,Danielle Martin,jenniferrodriguez@example.org,Other,Corteztown,6/11/2025
1304,Rebecca Williams,jackiebaker@example.com,Male,Billymouth,30/11/2024
7832,Thomas Henry,monicajohnson@example.org,Female,Jonesstad,27/05/2024
540,Stephanie Jones,jenningscandace@example.com,Female,Troyton,30/04/2024
1266,Donald Horne,zlopez@example.org,Male,Brianfort,17/06/2024
8173,Katherine Webb,john45@example.com,Male,Floydview,11/02/2024
3237,Lori Yoder,sullivanvicki@example.org,Other,Hickmanton,2/01/2024
2518,Stephanie Rodriguez,gbutler@example.net,Female,Grantville,1/01/2024
2459,Matthew Woods,uhernandez@example.net,Other,Jamestown,2/04/2024
1326,Rachel Alvarez,angela95@example.net,Female,East Tammy,9/03/2025
5709,Arthur Costa,ydiaz@example.org,Other,East Jordan,29/09/2025
729,Mark Marsh,zhughes@example.com,Other,Lake Pamelaview,15/08/2025
5313,Michael Patel,christopherdiaz@example.net,Other,Cruzmouth,30/08/2024
646,Roberto Robertson,odomnicholas@example.com,Male,Ashleyfort,25/03/2025
8562,Nicole Levy,ashleyjohnson@example.org,Female,South Carolside,21/03/2024
2736,April Rhodes,conleychristina@example.net,Female,Port Lindaview,1/06/2024
6328,Brian Maxwell,brandon09@example.net,Female,Port Robertburgh,9/02/2024
7607,Ariel Hutchinson,cody31@example.org,Other,West Michaelfort,17/07/2024
1900,Emily Sweeney,michaellopez@example.net,Other,New Thomastown,14/04/2024
8466,Robert Lawson,robert45@example.net,Male,Torresville,11/06/2024
6617,Steven Gonzalez,dbooth@example.net,Other,South Sylvia,16/04/2025
6442,Anna Hernandez,donaldnguyen@example.com,Female,Beasleyville,20/02/2025
2738,Albert Jones,timothy76@example.org,Female,Natashafurt,23/01/2025
6098,Tracey Wright,william80@example.com,Female,Tuckershire,15/10/2024
6631,James Fleming,robertsalinas@example.org,Male,North Tyler,6/08/2025
9599,David Caldwell,danabradshaw@example.net,Male,Donnaview,15/08/2025
1025,Allison Tyler,perkinscrystal@example.net,Other,East Arthurberg,23/10/2024
1128,Heather Simon,qflowers@example.net,Female,Carolynfort,10/02/2025
1370,Jennifer Baldwin,gibsonkaitlyn@example.org,Male,Johnsonport,26/02/2024
5405,Tracy Jacobs,bshannon@example.com,Other,New Kaylaberg,9/06/2024
1810,Samantha Hines,snyderfrank@example.org,Male,North James,25/03/2024
443,Denise Page,cnelson@example.com,Female,Gutierrezburgh,2/08/2024
4562,Renee Cooper,christine92@example.net,Female,Port Francesville,14/03/2024
6343,Kimberly Mercado,lindaflowers@example.org,Female,Jonesmouth,28/02/2024
6769,Ashley Tanner,dmiles@example.net,Female,Patrickhaven,9/05/2025
6751,Tanya Lee,uwarren@example.org,Female,Lisaburgh,4/08/2024
5196,Allison Carter,cjones@example.org,Female,Port Christopherfort,27/12/2024
2250,Debra Stokes,solistara@example.com,Other,West Abigail,3/07/2024
4475,Brenda Stanley,zacharywest@example.com,Other,West Jenniferview,10/11/2025
905,Timothy Hart,tochoa@example.com,Other,Mooreton,18/05/2024
915,James Jefferson,angela21@example.org,Female,Michaelberg,4/09/2024
6777,Kristin Wong,jennysanchez@example.net,Female,South Tracy,25/04/2025
1359,Marvin Howard,ihayes@example.net,Female,North Matthew,28/08/2025
6187,Alison Kidd,scott41@example.com,Female,East Holly,6/05/2024
372,Kelly Ballard,robertgraves@example.net,Other,Meganside,22/08/2024
2700,Jeff Wilson,ewingpaul@example.com,Other,Franciston,11/05/2025
5309,Amanda Robinson,christopherruiz@example.org,Female,Lloydport,4/03/2024
6282,Kimberly Edwards,matthew94@example.org,Other,Hensleybury,7/07/2024
5383,Michelle Jackson,angela78@example.com,Male,West Danielport,21/05/2025
9867,Marie Sims,curryrachel@example.com,Male,Port Dawnland,7/04/2024
7774,Janice Hampton,karengarrett@example.com,Male,Williamsstad,20/05/2025
7667,Norman Stewart,calderonheather@example.net,Other,West Caitlinhaven,28/02/2024
6869,Jacob Brown,bgarner@example.net,Male,Stewartmouth,15/03/2025
5831,Emily Rogers,popemichael@example.com,Other,Lake Jeffrey,20/06/2024
9639,Kaitlin Young,nancybrown@example.com,Other,Freemanhaven,1/10/2025
5096,Alexis Mccullough,timothy41@example.org,Other,South Robert,13/05/2024
4748,Melanie Edwards,brianna58@example.org,Male,Fordton,20/05/2024
3073,Michael Martinez,powersjodi@example.net,Female,Port Sarah,25/01/2024
9874,Jackie Larson,richardcampbell@example.com,Other,Ronnieborough,17/05/2025
9386,Thomas Melendez,jasonhughes@example.com,Female,Robertburgh,3/09/2025
1149,Thomas Hodges,shill@example.org,Female,Walterton,12/09/2024
9559,Thomas Hood,debra42@example.net,Female,Rebeccaport,30/01/2024
2727,Elizabeth Peterson,oliversteven@example.org,Female,Bradleyville,2/07/2024
8646,Lisa Rivera,joseph30@example.org,Other,Huntville,30/07/2024
6342,Brian Barker,hcoleman@example.com,Female,Wardhaven,11/09/2025
9321,Justin Reyes,ghogan@example.com,Other,Lake Melissafort,2/12/2024
1844,Shirley Green,kmitchell@example.com,Other,Bakerhaven,24/07/2025
692,Cody Guerrero,michael91@example.net,Female,North Joymouth,17/10/2024
1089,Charles Wagner,vsmith@example.net,Other,North Jill,12/08/2025
6761,Jennifer Smith,wilkinscory@example.org,Male,New Stephenborough,7/12/2024
3377,David Silva,michael39@example.net,Male,Ashleyton,7/10/2025
8381,Patricia Fry,louis26@example.net,Female,Grahamview,6/08/2024
7224,Shawn Phillips,jessicasmith@example.org,Other,Chenmouth,11/06/2025
2749,Joseph Duncan,kevinhall@example.net,Other,Matthewsview,9/07/2025
5073,Gary Cantu,lopezmorgan@example.com,Male,Shelleyborough,1/10/2025
9489,Sandra Valencia,frank19@example.com,Male,Barkermouth,3/05/2024
9567,Christina Leach,vanessafranklin@example.com,Male,Rebekahhaven,29/06/2025
5018,Brandon Davidson,helenglass@example.org,Male,Williamschester,31/07/2024
3781,Gabrielle Prince,curtissmith@example.org,Other,Jessicaton,24/01/2024
2107,Michael Smith,jeremy23@example.com,Male,Davischester,2/05/2025
7162,Shane Smith,lisa00@example.net,Female,Ericksonport,14/05/2024
2129,Leslie Gamble,melanie49@example.org,Male,Port David,22/05/2025
8786,Carl Osborn,mathew68@example.com,Male,Angelaland,21/06/2025
6827,Peter Matthews,allison33@example.net,Male,South Karen,1/04/2025
9124,Matthew Richmond,ohall@example.net,Male,West Donnabury,19/01/2024
6509,Tina May,fhart@example.org,Female,East Anthonybury,15/03/2025
6091,Jill Hernandez,allison61@example.org,Female,Lake James,29/05/2025
2671,Megan Castro,peterjohnson@example.org,Female,Howardchester,6/03/2025
946,Amy Martin,nrobinson@example.org,Female,West Lisatown,14/10/2024
8878,Dustin Carroll,gmclean@example.net,Other,New Maryfurt,1/04/2024
3141,Christine Harrison,michael79@example.org,Male,Port Nancy,15/09/2025
6427,Michelle Arellano,youngdavid@example.com,Other,Port Brandon,25/09/2025
8684,Julie Murphy,bowmanmegan@example.net,Other,West Kimberlybury,14/07/2025
9082,Thomas Fields,lauriegreen@example.net,Female,South Juliaside,16/05/2025
5756,Jill Thomas,mooremary@example.net,Female,Westshire,1/04/2024
9384,Alex Morris,hodgesnicole@example.com,Female,Danielview,4/12/2024
6612,Donald Richardson,randyparker@example.com,Male,Nortonmouth,13/04/2024
7603,Donna Smith,sandra11@example.com,Other,Carlsonland,26/10/2024
9915,Janice White,anthonygates@example.com,Female,Victoriaport,30/06/2025
9725,Joseph Thompson,qhodges@example.org,Female,Margaretport,11/10/2025
1855,Robert Figueroa,iharrington@example.org,Other,New Laceymouth,3/05/2025
9103,Tracey Pearson,prattronnie@example.com,Female,Thomasmouth,14/05/2024
9121,Nathaniel Jackson,patrickwhite@example.com,Male,North Crystalton,19/03/2025
4389,Matthew Valdez,andersonjason@example.org,Male,Janeport,1/01/2024
3919,Natalie Jackson,mackenziemartinez@example.org,Male,North Angela,1/05/2025
7015,Lisa Robertson,hgibbs@example.com,Other,Lake Kelly,5/04/2024
95,Jerry Pham,danaoliver@example.net,Other,Lake Colton,14/06/2025
2418,Debbie Harris,grahamdaniel@example.net,Female,Colemanhaven,19/04/2025
812,Marie Frederick,williamsimmons@example.com,Male,Frankborough,9/02/2025
8428,Christopher Garcia,stephaniewright@example.com,Male,North Richardborough,7/09/2025
1818,Elizabeth Wilkinson,wleblanc@example.com,Female,Kimberlyfort,10/08/2025
1422,Laurie Richards,bblake@example.net,Female,Lake Kimberlyshire,8/09/2024
8416,Tyler Hogan,ryanhoward@example.com,Male,Mackenzietown,26/11/2024
6254,Kristopher Miller,juliaharris@example.org,Other,Port Glen,29/03/2024
4912,Leah Davis,stacygill@example.net,Female,Longchester,5/05/2025
8494,David Bryant,kevin51@example.net,Female,Ayalaton,20/01/2024
8693,Brian Hartman,leemicheal@example.org,Other,Buchananview,1/06/2024
7745,Tony Lutz,maddensuzanne@example.com,Male,Jeremiahberg,9/04/2025
100,Jesus Johnson,rose31@example.net,Female,Blankenshipport,15/03/2024
3829,Amy Doyle,uchen@example.org,Female,Alejandroshire,16/08/2025
3773,Jane White,qsmith@example.org,Male,East Kimberly,10/08/2024
8672,Kristina Black,bwilliams@example.org,Male,Leonardstad,5/04/2025
5773,Tammy Brown,sarah68@example.net,Female,South Samanthafurt,24/10/2024
1904,Tyler Navarro,ewinglynn@example.org,Male,Bennettfurt,27/08/2024
3666,Joshua Gray,cdougherty@example.org,Female,South Nicholas,19/07/2024
6396,Alicia Perkins,alicialee@example.org,Female,East Sarah,26/02/2025
6848,Scott Daniels,willie45@example.com,Other,Lake Amyfort,24/05/2024
5495,Samantha Davis,susanwalker@example.com,Male,West Carmen,3/06/2025
2439,Jennifer Howard,greenedaniel@example.net,Female,Kennedyland,13/12/2024
5649,Angela Glass,hallstephen@example.org,Female,Gabrielleside,10/03/2025
9208,Rachel Kelley,dkane@example.com,Female,Tinashire,9/08/2025
3455,David Harvey,michaeltodd@example.com,Female,New Eric,17/01/2025
7513,Robert Palmer,elizabethmills@example.com,Other,Port Jonathanfurt,2/03/2024
3277,Brent Williams,sarafox@example.org,Other,South Belindastad,7/05/2025
8439,Daniel Phelps,walkerdustin@example.net,Female,Chanville,18/02/2025
9291,Amber Coleman,wellschristopher@example.org,Male,Youngstad,8/03/2025
883,Jasmine Patrick,jacobbond@example.net,Male,East David,15/05/2024
542,Jamie Rich,ashley46@example.net,Other,Veronicashire,1/11/2024
3179,Christopher Moore,michelelopez@example.net,Male,South Sarah,13/09/2024
1994,Robert Hill,earlfoley@example.org,Male,East Jamesfort,22/10/2025
7167,Randall Sanford,johnsilva@example.com,Female,East Stephanie,25/02/2024
7708,Ryan Jones,hrollins@example.org,Female,Brittanyfurt,14/11/2024
4789,Ryan Greene,williamskevin@example.org,Female,South Kathy,6/10/2025
1234,Patricia Rodriguez,ksimmons@example.net,Female,Blakebury,17/09/2024
6185,Roberto Colon,mduncan@example.org,Female,West Patricia,27/02/2024
7020,Lori Brown,michaelrandall@example.net,Male,East Dana,3/10/2025
214,Leah Bowen,robin55@example.com,Other,New Michelleberg,14/11/2024
3413,Joshua Brown,ataylor@example.com,Female,New Benjamin,21/06/2025
3678,Danielle Zamora,wellsjennifer@example.org,Female,Lake Wesleyhaven,20/10/2024
2440,Patrick Waller,ymercer@example.com,Female,Port Eric,13/07/2025
580,Christopher Smith,mannbrittney@example.com,Male,Steelefort,24/08/2025
8205,Benjamin Acosta,alyssa82@example.org,Other,Matthewsborough,7/12/2024
5718,Whitney Ortiz,crawfordchristine@example.org,Other,South Donaldmouth,28/05/2024
5338,Paige Lee,bondchristian@example.net,Other,New Rachelview,10/05/2024
9714,Morgan Doyle,ashley20@example.com,Male,Port Nathaniel,22/06/2024
2366,Maxwell Vasquez,brittany40@example.net,Female,Jacobtown,9/08/2024
2626,Phillip Smith,michelle86@example.net,Female,Davenportmouth,25/03/2025
7213,Jorge Reed,aevans@example.net,Female,Lake Lisa,30/10/2024
2411,Robert Carroll,wilsonjacob@example.com,Other,Kathrynland,10/09/2024
2785,Jenna Owen,jeffmartinez@example.net,Other,Kelseyfort,22/10/2024
1117,Alexis Beck,qmonroe@example.org,Female,East Mandyhaven,7/09/2024
2100,Kathleen Gilmore,davissonya@example.org,Female,West Christopher,9/05/2024
7742,Robert Murray,randy87@example.net,Male,North Thomas,28/01/2025
4494,James Aguilar,rogercarter@example.com,Male,Jeffersonfurt,25/01/2024
4796,Daniel Vargas,herrerajames@example.org,Other,Stantonmouth,25/09/2025
9918,Jeremy Walker,allenkayla@example.net,Male,South David,15/01/2024
8624,Denise Collins,robinmorgan@example.net,Other,New Carolinemouth,24/11/2024
468,Mary Barrett,brandon39@example.net,Female,North Sarahborough,25/01/2025
855,Lori Pearson,tammymerritt@example.org,Other,North Angela,3/01/2025
1178,John Robles,hannahcurtis@example.org,Other,Lake Jennifer,23/12/2024
7374,Cameron Quinn,amy57@example.net,Female,Port Carrie,19/05/2025
5255,Kari Reese,baileyrobert@example.org,Other,Lake Jamesborough,26/06/2025
5898,Marcus Diaz,brandon18@example.org,Other,Charlesfurt,13/12/2024
3233,Daniel Rice,hernandezgregory@example.net,Female,Roberthaven,9/04/2024
8764,Jason Phillips,carloshill@example.com,Male,Carterhaven,8/04/2024
9231,Erica Garcia,opatel@example.com,Male,West Jacobview,5/12/2024
5952,Kristine Butler,jgreen@example.org,Male,East Krystal,9/04/2025
7659,Daniel Young,smithlauren@example.net,Other,Davischester,20/06/2024
8644,Sandra Phillips,campbellscott@example.net,Other,Travisview,12/10/2024
8459,Terri Carey,ujohnson@example.org,Female,New Scott,27/10/2024
1046,Sarah Mitchell,ucoleman@example.net,Female,Franciscofurt,13/10/2025
8161,Anthony Black,ibrewer@example.org,Male,Robertsview,25/02/2024
199,Emily Parker,fosterlisa@example.net,Female,New Charles,17/01/2025
5109,Robert Cortez,johnward@example.org,Male,Daltonstad,8/02/2025
9005,Brian Cain,jonathanknox@example.org,Female,East Christopher,21/10/2024
1087,Shelby Johnson,fischeralisha@example.net,Other,Moodyton,16/05/2025
5475,Jennifer Jacobs,wendy85@example.org,Other,Garzafort,26/12/2024
7728,Derrick Jones,uedwards@example.org,Female,Kathleenport,28/08/2025
4870,Kelsey Gamble,ryan73@example.net,Female,Hartmanborough,3/01/2025
4256,Eric Carr,huntnicholas@example.com,Other,North Alexandriaville,2/03/2024
4163,Benjamin Cruz,aprilhernandez@example.org,Other,South Dustinshire,20/08/2024
8330,Fernando Evans,daniel73@example.com,Female,Rodriguezside,8/11/2025
223,Samantha Hall,enelson@example.net,Other,Rachelshire,4/09/2025
172,Christopher Long,nlevy@example.net,Female,Brandonport,6/12/2024
8507,Jesus Riggs,stacyjones@example.com,Female,Lake Patricia,19/01/2025
8789,Donald Goodman,lgibson@example.com,Male,Johnsonhaven,31/07/2025
4266,Brianna Bennett,paynekimberly@example.net,Male,New Stevenmouth,13/10/2025
994,Ashley Mooney,aliciajackson@example.org,Male,North Kevinmouth,14/07/2025
1722,Nathan Garza,michaelanthony@example.net,Other,Mosleytown,6/09/2024
6674,Christian Davenport,brian38@example.com,Male,Port Michealhaven,20/04/2025
7185,James Gordon,lucasdeborah@example.org,Male,East Cameron,20/06/2024
5676,Bonnie Jones,qfischer@example.net,Male,Michellebury,12/05/2025
9517,Stephanie Barnes,brian39@example.net,Other,West Noahborough,26/08/2025
7306,Yolanda Wright,lisabarnett@example.net,Female,South Victorville,12/11/2025
284,James Elliott,jodi37@example.com,Male,Cuevasborough,6/01/2024
8690,Tyler Garcia,dsmith@example.org,Female,Jamestown,30/08/2024
5596,Martha Carroll,jodysoto@example.net,Male,Carlaland,12/06/2025
1941,Samuel Hoffman,madison75@example.net,Other,Karenberg,2/02/2025
5978,Vicki Garcia,wardrenee@example.com,Male,Ashleyburgh,7/10/2025
1367,Jared Patterson,lreid@example.org,Other,Rowlandfort,22/09/2024
3472,John Dunn,cwebb@example.org,Other,New Michael,1/02/2024
8517,Amanda Duncan,coxamber@example.net,Other,Lake Melissa,18/03/2024
7326,Mark Johnson,reidmatthew@example.com,Female,North Juliantown,5/10/2025
2552,Jesus Medina,carrollchristopher@example.org,Male,New Erica,24/01/2025
3703,Matthew Haynes,dmcintyre@example.net,Other,West Angelaland,8/07/2024
44,John Douglas,staffordmichelle@example.org,Female,Robinsonhaven,4/12/2024
6324,Madison Ferguson,jacobsloan@example.net,Female,Stacymouth,14/03/2024
9432,Mark Sanchez,scampbell@example.org,Male,Wilkinsfurt,28/01/2024
3536,Melissa Chapman,christinehart@example.com,Female,Natalieborough,5/08/2025
9486,Jack Padilla,lhendricks@example.org,Male,South Breannashire,17/06/2025
136,Eric White,jenniferwilliams@example.com,Female,South Cheryl,12/02/2025
9649,Ashley Lee,denisebrown@example.org,Male,Lake Lisa,25/01/2024
2669,Jennifer Acosta,ealexander@example.net,Female,Abigailtown,2/08/2024
5071,Nicole Chavez,alexis63@example.org,Male,Waltersborough,19/05/2024
2460,Jacob Hawkins,stewartsandra@example.net,Female,Davidmouth,10/01/2025
9222,Austin Oconnor,lunasarah@example.com,Male,Taylorport,6/08/2025
8397,George Hudson,kevin80@example.net,Other,Alyssaborough,11/01/2025
5413,Katie Ross,sharonmeadows@example.org,Other,South Sharon,28/04/2025
9881,Shannon Snyder,martingilbert@example.org,Other,Wardton,8/08/2025
2996,Jason Gray,jonesamber@example.org,Other,West Paultown,1/08/2024
1531,John Bennett,fwalsh@example.com,Male,Mackenzieville,24/09/2025
5324,Renee Williams,zmyers@example.com,Male,Jacquelineview,28/08/2025
8313,Christina Moore,william02@example.org,Other,North Sally,2/03/2024
1599,Matthew Yang,amber59@example.com,Female,Lauramouth,19/08/2024
9073,Eric Shelton,johnjones@example.org,Female,South Isaiahfurt,3/11/2024
4643,Elizabeth Roy,mary83@example.com,Other,Smithshire,20/04/2024
8479,Matthew Nichols,imurray@example.net,Other,Chavezstad,26/05/2024
3185,Marvin Dixon,romerojennifer@example.net,Female,South Samuel,8/09/2024
9006,Nicole Brown,smithanna@example.com,Male,East Kyleport,21/04/2024
5833,Wendy Mcclain,uhill@example.org,Female,West Carolynchester,30/10/2024
2269,Sarah Kim,catherine70@example.org,Male,Bradleyfort,15/12/2024
9931,Meagan Case,davidjohnson@example.org,Female,Lake Alyssamouth,1/12/2024
1221,Molly Arellano,nhayes@example.com,Female,Amyville,8/05/2024
6682,Chelsea Munoz,rebecca47@example.com,Other,East Cynthia,6/09/2025
3779,Amy Gonzales,ugarcia@example.org,Other,Leahchester,12/10/2025
6883,Michael Miller,nataliewilliams@example.org,Male,West Jennifer,20/09/2025
5395,Joshua Anderson,lopezcarlos@example.com,Female,Lindaside,17/08/2025
6105,Gerald Butler,jorgefleming@example.org,Female,North Sandrastad,21/03/2025
6070,Marie Saunders,awatkins@example.org,Other,Lake Tylerhaven,18/01/2024
4174,Tracy Wilson,parkerjacqueline@example.org,Female,Chasehaven,31/03/2024
767,Charles Johnson,thomasscott@example.net,Female,Bradleytown,5/09/2024
2470,Michael Torres,jeffery51@example.com,Male,Riosside,23/06/2025
8961,Austin Larsen,yatesjessica@example.net,Male,North Crystal,20/05/2025
8698,Joshua Christensen,gregory19@example.net,Female,West Jamesstad,13/06/2024
4393,Mathew Anderson,duffycody@example.net,Male,North Jenniferchester,29/12/2024
8088,Kenneth Garza,jasonwarner@example.com,Other,Piercefort,22/10/2024
1225,Teresa White,donaldbecker@example.org,Other,Lake Julie,22/10/2025
4524,Travis Scott,larsonkristopher@example.net,Female,North Mandyshire,21/01/2024
2113,Kevin White,justinrobinson@example.com,Male,Kelseyland,9/05/2024
2665,Lisa Young,rwallace@example.org,Male,Whitneychester,6/09/2024
618,Dana Martinez,robert73@example.org,Female,Port Joshualand,14/03/2025
2385,Keith Sanchez,pattondavid@example.com,Male,Jamesville,28/10/2024
8395,Danielle Palmer,lloydlaurie@example.net,Female,West Calvintown,25/05/2024
2757,Austin Tucker,willismegan@example.net,Male,Rebeccastad,1/07/2025
8865,Sherry Lopez,catherine16@example.org,Male,Anthonytown,13/03/2024
3887,Richard Morris,diamond85@example.com,Male,East Jonathanville,11/04/2025
5455,Cory Jackson,brianbaker@example.org,Other,New Tinaside,10/05/2025
626,Kyle Clark,colemankathryn@example.org,Male,North Kimchester,15/04/2025
30,Meghan Davis,ccalderon@example.org,Other,Kellieview,11/09/2025
664,Michele Martin,zwelch@example.net,Other,Mccormickview,22/07/2024
6425,Karen Holder,martincarter@example.com,Other,Grayport,24/02/2025
9539,Michael Weeks,cindy87@example.net,Female,New Audreychester,10/08/2025
5883,Michael Dalton,reneebrown@example.org,Female,West Kyle,20/02/2025
496,Dustin Fitzpatrick,lonniegrant@example.net,Other,East Lonnieberg,29/10/2025
5139,Alexander Torres,kyle84@example.org,Male,Port Bryan,28/03/2025
831,Christine Hopkins,qrobertson@example.org,Other,Lake Susanmouth,9/09/2024
2022,Dana Bridges,frank49@example.org,Male,South Donnaview,18/08/2024
5375,Sharon Mclaughlin,natasha55@example.org,Female,South Madison,8/07/2025
3646,Shawn Mcintyre,khernandez@example.com,Female,Port Marytown,10/03/2025
9472,Marc Tran,stonebrandon@example.org,Female,East Scott,24/03/2024
6467,Brett Mullins,dylanduncan@example.com,Other,North Darinburgh,4/02/2025
2265,Raymond Rodriguez,wallskristie@example.net,Female,Lake Melissaland,11/06/2024
5560,Daniel Glass,nicole65@example.net,Male,Vanessafurt,1/04/2025
8882,Frank Hernandez,kristina06@example.com,Female,North Lance,13/07/2024
7284,Christine Guerrero,oross@example.net,Other,South Anthonymouth,19/02/2025
9878,Annette Craig,macktiffany@example.net,Other,Davismouth,19/06/2024
4387,Diane Gamble,jmorris@example.net,Male,West Maurice,21/10/2025
2324,Dylan Cunningham,christinagoodwin@example.net,Other,South Colebury,14/05/2025
1939,Angela Castillo,schmidtjesus@example.net,Female,Frankland,30/12/2024
5669,Joseph Bautista,michaeloliver@example.com,Other,Martinville,4/02/2025
7942,Gabriel Chen,john68@example.net,Male,Tristanport,25/03/2024
9348,Ralph Rivera,snash@example.org,Male,Churchtown,14/05/2024
8631,Christina Kennedy,ffischer@example.net,Male,North Brendachester,11/05/2024
4332,Justin Moran,nedwards@example.org,Other,West Leslieborough,26/11/2024
8846,Kyle Smith,hhenderson@example.net,Female,Ramirezhaven,30/12/2024
7982,Jeffrey Smith,jasonhuang@example.org,Other,Smithfurt,24/11/2024
1863,Jay Moran,brandonfernandez@example.com,Male,Port Bonnietown,9/06/2024
7861,Susan King,carlos56@example.org,Male,West Michelle,13/03/2025
3863,Jeremy Duke,foxterri@example.org,Other,Karenshire,29/10/2024
5452,Tonya Thompson,benderrachel@example.org,Female,Laurenside,30/04/2024
7034,Lauren Mcguire,cindyrichards@example.com,Male,Sherriville,29/01/2025
983,Dan Clark,kathleen47@example.net,Female,Port William,8/05/2024
2578,William Winters,qcervantes@example.com,Other,Christinaport,21/04/2025
2745,Gabriel Hammond,judymarshall@example.org,Other,Nguyenton,24/06/2025
8187,Paige Tate,reginald31@example.com,Other,East Johnfort,9/04/2024
5443,Kimberly Larson,sdavis@example.com,Other,Kramerberg,14/10/2025
9209,Samantha Mendoza,qpeters@example.org,Female,Bellshire,12/06/2025
2437,Jacqueline Williams,jfletcher@example.com,Female,North Williamberg,26/01/2024
8404,Sue Warner,sylvia96@example.com,Other,New Kelly,3/12/2024
2871,Larry Sutton,molly44@example.org,Other,South Richardburgh,18/06/2025
6123,Nathan Gross,wwalsh@example.org,Female,Vickifort,22/10/2024
8700,Jay Lawson,billy61@example.net,Other,Port Andrew,16/03/2025
4055,Justin Wade,cholder@example.org,Female,North Blake,17/04/2024
9998,Susan Randolph,bvasquez@example.com,Male,New Kristin,17/04/2024
6440,Patrick Reynolds,rogersbrittany@example.org,Female,New Bethshire,2/07/2024
1490,Charles Cunningham,jessedelacruz@example.org,Other,Gutierrezland,12/01/2024
147,Michael Jones,jessicafuller@example.net,Male,Dennisstad,26/05/2025
1547,Donald Costa,delliott@example.com,Male,New Thomasfurt,20/07/2024
7240,Kyle Schneider,hilljamie@example.org,Other,East Gary,31/05/2024
3476,Trevor Graham,wilsontiffany@example.org,Female,Smithfort,13/07/2024
5966,Kathleen Fisher,brandon04@example.net,Female,Lynnview,30/06/2025
8932,Matthew Reeves,moonjoshua@example.org,Female,Elizabethfurt,6/10/2024
2292,Robert Howard,davismichelle@example.net,Male,West Edwardport,30/05/2024
8915,George Roberts,rpierce@example.org,Other,Rodrigueztown,19/02/2024
1212,Judy Patrick,michaelbuckley@example.org,Female,South Jamesfurt,22/10/2025
6071,Wayne Gonzales,joshuatapia@example.com,Male,Jimmyside,25/08/2025
5519,Jason Lara,jeansummers@example.com,Male,Devinburgh,29/02/2024
1069,Nicole Simon,kstone@example.net,Other,Coryport,8/10/2025
8185,Carolyn Pitts,jeremy20@example.org,Female,Orozcoville,31/01/2025
5253,Kenneth Mays,qnolan@example.org,Other,Rickeystad,19/11/2024
7247,Kimberly Evans,ruizdaniel@example.com,Other,North Jennifer,10/05/2025
3804,Anthony Porter,ugordon@example.com,Other,Port Natashaton,20/09/2024
3925,Cody Mcguire,qbrown@example.net,Female,Randallport,6/01/2025
8005,Courtney Fernandez,turnerphillip@example.com,Male,Robertport,1/02/2025
9811,Thomas Cummings,christopherwhite@example.org,Other,Lake Amanda,1/08/2024
8749,Matthew Williams,allenallison@example.com,Female,Candiceton,11/11/2024
4195,Angela Tucker,claytonpatrick@example.net,Female,Jeremyfort,25/10/2025
1724,Mariah Lopez,turnerchristian@example.org,Male,Sarahland,29/01/2025
5432,Devin Thompson,nancycastillo@example.org,Female,New Joe,12/11/2024
7382,Manuel Bailey,urodriguez@example.net,Female,Port Tyler,4/12/2024
4865,Michelle White,richard37@example.com,Female,North Gregory,10/02/2025
8424,Brandon Morales,angelaellison@example.net,Male,South Johnmouth,14/07/2025
7188,Joshua Mcmillan,taylordaniel@example.org,Female,East Edwin,14/12/2024
1832,Amanda Alvarez,ogomez@example.org,Female,Jamesland,21/10/2025
478,Margaret Norris,larsonkevin@example.net,Other,Millerton,28/04/2024
1575,Ashley Novak,grantamanda@example.net,Male,Joeside,4/04/2024
1147,Tina Miller,roberto02@example.net,Female,Jenniferland,18/09/2024
8759,Edward Valdez,lynn28@example.net,Other,Randallland,4/04/2025
6629,Brenda King,teresa30@example.com,Male,Markberg,20/05/2025
7297,Samuel Bond,georgemason@example.com,Male,Fischershire,13/04/2025
7468,Tyrone Carter,jamesklein@example.net,Female,Loriberg,22/12/2024
810,Jamie Brown,lauriehorton@example.org,Male,Boydburgh,22/08/2024
3523,Jose Johnson,hollandjustin@example.com,Female,Derekfurt,11/12/2024
9974,Jacqueline Schultz,czimmerman@example.net,Male,New Yvonneborough,6/10/2024
1196,Michael Mejia,jackmcdonald@example.com,Other,Masonview,16/10/2025
73,Gabriel Parker,scott74@example.net,Male,Benderhaven,18/02/2024
5107,Crystal Foley,joann04@example.com,Male,Patrickmouth,28/04/2024
8207,Brian Gallegos,mperez@example.org,Male,Lake Christopherberg,12/11/2024
5194,Nicole Huerta,csmith@example.org,Male,New Monicaburgh,12/08/2025
3276,John Phillips,paul09@example.com,Male,Thomaston,28/05/2025
8183,Rebecca Martinez,jasminemartinez@example.com,Female,Thomasland,22/11/2024
8928,Jessica Perry,wwise@example.net,Male,North Andrewburgh,6/07/2025
9993,Kelly Torres,wardnathan@example.net,Other,Katiefort,17/07/2024
6312,Cody Jacobs,trevorbarry@example.org,Female,North Joshuaville,25/02/2025
8715,William Matthews,mdixon@example.com,Other,Jamesland,16/04/2024
3200,Jay Duncan,vincentwilliams@example.org,Male,New Ann,11/06/2024
6541,Glenn Romero,rtucker@example.com,Other,Kylefort,26/04/2024
1553,Gina Thomas,lindsayedwards@example.com,Female,West Meganview,4/04/2025
2232,Pamela Walsh,raymond78@example.net,Other,Brownhaven,28/04/2024
3064,Gregory Rodriguez,parkspaul@example.org,Male,Brownhaven,10/02/2025
5940,Jennifer Pierce,james72@example.com,Other,Port Teresa,9/08/2025
7853,Beverly Mills,welchthomas@example.net,Female,Nixonview,31/05/2024
7423,Christina Kirby,zunigadanielle@example.net,Other,Langland,28/09/2024
7974,Stephanie Lee,brittneywheeler@example.net,Other,Taylorfort,12/11/2025
6927,Mia Hunter,gnunez@example.org,Male,Lake Amy,6/06/2025
8014,Michael Parker,dmoore@example.com,Other,Petersonfort,26/09/2025
7499,Christopher Lee,zthomas@example.net,Female,West Michaeltown,7/04/2024
7402,Jennifer Park,wesleylawrence@example.com,Female,North Teresa,9/03/2024
5844,Isaac Perry,michaelmartinez@example.net,Other,Arnoldborough,1/04/2024
792,Keith Ibarra,treed@example.com,Male,Austinburgh,19/05/2025
996,Kim Vincent,rrodriguez@example.net,Other,East Tiffanybury,1/09/2025
6589,Scott Phillips,kimberly50@example.org,Other,West Timothy,31/05/2024
6290,Elizabeth Frank,valerie50@example.net,Female,Kristenmouth,16/01/2024
8469,Nicole White,whitecrystal@example.net,Other,West Jesse,15/05/2024
3032,Jeffrey Smith,duartesteven@example.com,Other,Lake Patrickmouth,13/10/2025
5442,Scott Mosley,austinlaura@example.org,Female,Hannahside,12/03/2025
2770,Stephanie Meyer,dakota45@example.com,Female,South Steven,16/02/2025
3117,Jessica Mills,masseythomas@example.com,Male,Lake Wendyberg,4/03/2025
8365,Kimberly Robinson,camerontorres@example.com,Male,Pettyfort,21/05/2024
6259,Victoria Fuller,monicagomez@example.org,Female,Kellymouth,14/04/2024
1861,Michael Cabrera,jchase@example.com,Male,Karenmouth,19/06/2025
8914,David Gutierrez,allison40@example.org,Female,Douglasberg,11/10/2024
4452,Mason Anderson,leah41@example.org,Other,Port Morganstad,25/05/2025
7197,Stacey Kelly,daniel70@example.net,Female,North Allisonborough,29/09/2024
9611,Robert Johnson,ktorres@example.com,Male,Port Keith,21/01/2025
793,Hayden Williamson,qellis@example.org,Female,South Hollyton,10/10/2024
7895,Misty Moyer,johnathangarcia@example.com,Other,New Jason,16/11/2024
9319,Daniel Munoz,stephengutierrez@example.net,Female,Smithchester,21/04/2025
9169,Cynthia Owens,jweeks@example.net,Male,South Carolynfurt,23/02/2025
212,Kevin Stout,sharonhayden@example.org,Other,Rochaborough,12/09/2025
4063,Joseph Wheeler,tammy43@example.org,Male,South Theresaburgh,2/11/2025
9901,Jennifer Rodriguez,rogersdawn@example.net,Other,Christopherborough,12/10/2025
5548,John Clark,ariana72@example.com,Female,Meyerhaven,10/11/2024
6097,Anne Sandoval,gardnerjoseph@example.org,Other,Sandrahaven,14/04/2024
2550,Lydia Jones,lucasflores@example.com,Female,Lake Becky,1/04/2025
8064,John Taylor,smithdiane@example.net,Other,North Jacksonland,1/07/2024
841,Daniel Smith,sstewart@example.org,Female,Frazierberg,8/02/2025
185,Scott Scott,ilewis@example.com,Other,Derrickshire,24/08/2024
1902,Rachel Medina,chaselisa@example.org,Male,New Davidmouth,5/01/2024
1796,Michael Allen,anne46@example.com,Other,Riversland,9/10/2025
2162,David Smith,princekeith@example.org,Other,Spearsberg,15/04/2024
687,Richard Holland,davidhenry@example.com,Male,Rebeccaberg,22/09/2024
4011,Alex Patterson,wintersjeffrey@example.com,Female,Moorebury,27/10/2024
3357,Eric Ward,jessica96@example.org,Other,Port Ryanshire,17/01/2024
4887,Paul Robinson,vargasjennifer@example.net,Male,South Christopher,29/11/2024
4929,Kristin Vasquez,smithgeorge@example.com,Male,Hamptonview,19/08/2025
9783,Jennifer Nelson,jeremyclayton@example.net,Other,Jacobchester,17/09/2024
3802,William Heath,kimberlybuchanan@example.org,Female,Christianchester,8/03/2025
2667,Amanda Nelson,rasmussenjerry@example.com,Female,Port Jamestown,31/03/2024
2319,Richard Perkins,erik74@example.com,Male,Cortezbury,29/05/2024
2444,Luis Lawrence,joshua27@example.org,Female,Bestborough,24/06/2025
2935,Johnny Johnson,tammy16@example.org,Female,Lake David,17/08/2024
332,Denise Palmer,wellsdavid@example.org,Male,East Johnnyport,21/05/2024
2208,Amanda Graham,melanie69@example.org,Other,Riveraville,11/03/2025
487,Matthew Brock,shannon05@example.org,Male,East Amy,15/07/2024
937,Taylor Nichols,lrodriguez@example.net,Female,South Kaylaborough,26/08/2024
1008,Donald Meadows,bettywatson@example.net,Female,Brianfurt,1/03/2024
4680,Jonathan Oconnell,onealnicole@example.net,Other,Lake Michael,20/09/2024
2997,Natalie Jones,reginaldgoodman@example.com,Male,Matthewview,11/08/2025
8052,Ronnie Morrison,pjennings@example.com,Other,New Gregory,11/03/2025
7618,Amanda Weber,oholloway@example.com,Female,Darrenchester,8/06/2024
7077,Robert Rodriguez,ryanlynch@example.org,Male,Stricklandside,23/01/2024
3148,Michelle Holland,jonhampton@example.org,Other,Simpsontown,12/09/2025
9240,Douglas Fritz,dawn30@example.net,Other,Lake Douglas,19/01/2024
7851,Troy May,alexa82@example.net,Female,Micheleton,17/07/2025
1364,William Rodriguez,ruthneal@example.com,Other,Port Richard,26/06/2025
2288,Edward Nixon,tanya09@example.net,Female,Mannburgh,20/01/2024
8548,Antonio Mcdonald,josephholt@example.com,Male,South Kristinaland,9/02/2025
2576,Robert Woods,westjeffrey@example.org,Other,Turnerstad,27/10/2024
4221,Barbara Hunter,jcochran@example.org,Female,Johnsonstad,12/04/2024
4340,Melissa Wiggins,omccullough@example.com,Female,North Matthew,21/10/2025
1394,Thomas Hughes,taylordavid@example.org,Male,Port Chadville,11/02/2025
2957,Jamie Miller,perezstephanie@example.net,Female,Lake Davidhaven,10/02/2025
3217,Jennifer Grimes,brentnguyen@example.net,Male,New Tashastad,20/06/2024
7029,Marie Lynch,brian98@example.net,Female,Lloydfurt,25/12/2024
7501,Shannon Mayer,brandonsweeney@example.com,Male,Shawberg,9/02/2024
2862,Tyler Lawson,rodriguezjacob@example.com,Other,North Jeanne,7/08/2024
5711,Michele Tucker,jacquelinemiller@example.net,Male,Danielchester,16/11/2024
4522,William Hammond,susanbaker@example.org,Female,Turnermouth,14/03/2025
5624,Daniel Goodwin,marysummers@example.net,Other,Shaunport,4/02/2025
4040,Mike Rosales,bennettbrett@example.com,Other,South Lisa,13/04/2024
5981,James Jones,joseph91@example.com,Other,Port Chad,17/05/2024
599,Jacqueline Mullins,lukehurst@example.net,Other,Ramirezland,18/08/2025
109,Timothy Morales,henryrenee@example.org,Male,West Charleneland,11/02/2024
4907,Jill Rogers,thomassutton@example.com,Other,Lake Jessica,25/01/2024
2241,Eric Snow,jordan89@example.net,Female,Fitzpatricktown,10/08/2024
2189,Thomas Smith,xcrane@example.net,Female,Kennethton,14/02/2025
170,Steven Adams,donaldwilliams@example.com,Female,Wrightburgh,6/08/2024
7340,William Jackson,pbuchanan@example.com,Other,New Mark,30/06/2024
3748,Jennifer Deleon,tiffany92@example.net,Female,North Jennifermouth,10/08/2024
6609,James Knight,jgiles@example.net,Female,East Rileyville,6/03/2025
4314,Erin Carter,wallkaren@example.com,Male,Mooremouth,9/08/2025
7209,Harold Haas,teresahansen@example.org,Other,New Thomasshire,18/05/2024
6920,Kayla Kelly,smithheather@example.com,Female,Philipborough,26/04/2024
918,Michael Miller,smithmariah@example.com,Female,Port Ian,21/01/2024
3844,Alan Estrada,sarah52@example.com,Male,Adamfurt,19/02/2024
8326,Amanda Pierce,billygonzales@example.com,Female,North Albertville,16/03/2024
5948,Jason Powell,lisa09@example.org,Male,Mackenzieview,15/01/2024
529,Luis Alexander,nelsoneric@example.org,Female,New Anitaville,8/07/2024
4480,Brian Lynch,cynthiamiller@example.net,Male,East Julia,20/06/2024
5273,Colin Lee,carlasmith@example.net,Male,Castanedaport,9/07/2025
5099,Joshua Mendoza,georgelozano@example.org,Female,Port Brianburgh,16/07/2025
1480,Dustin Price,mollyhodge@example.net,Other,South Tracy,9/08/2025
2916,Jason Carter,christopher33@example.com,Male,Port Sean,16/06/2025
5754,Tim James,trevorluna@example.org,Other,Kelseyburgh,12/11/2024
6601,John Mendez,paulayala@example.net,Other,Josephport,14/06/2024
134,Elizabeth Calderon,lucasrodney@example.com,Female,West Kyleborough,10/07/2025
1145,David Thomas,rjordan@example.com,Male,Barkerbury,31/12/2024
7776,Cody Mcguire,fallen@example.net,Female,Brandonview,20/06/2024
8289,Edward Kelley,bwang@example.org,Male,Danielland,13/09/2025
7452,Ethan Richardson,lindseymonique@example.com,Male,Lake Juan,1/02/2025
2791,Christina Gross,rhuber@example.net,Male,West Jessica,4/07/2025
4913,Donna Obrien,dustin03@example.org,Male,Crosbymouth,5/01/2025
5626,Jacqueline Kelley,masonmichael@example.net,Male,Joeltown,30/07/2025
2455,David Schmidt,robertyoung@example.net,Female,Angelfurt,17/08/2025
5080,Kimberly Mullins,rreyes@example.com,Female,New Nicole,18/02/2024
7836,Ricky Meyer,jonathangreene@example.org,Other,Lake Christopher,27/02/2025
4653,Jennifer Kim,kimberly52@example.org,Male,Howardview,7/06/2024
7245,Lisa Jordan,rodriguezmaria@example.com,Female,North Suzannechester,30/11/2024
8659,Corey Johnson,dawsondavid@example.net,Female,Port Jaketon,21/02/2024
3595,Brooke Cortez,jrobertson@example.org,Other,Susanshire,22/04/2025
9219,Cynthia Smith,vbraun@example.org,Other,South Mary,26/05/2024
1126,Nicholas Chapman,morrisdaniel@example.com,Female,East Robertmouth,11/09/2024
1610,Joseph Taylor,michellemcmahon@example.com,Other,New Christopher,19/01/2025
881,Gabrielle Williams,russell90@example.com,Male,Robertsfort,10/01/2024
1044,Donna Patel,anthony50@example.net,Female,Sandraview,16/09/2024
9775,Alex Graves,meganbeck@example.org,Other,Jefferyview,7/02/2025
7328,Jeremy Gill,cherylmurphy@example.org,Female,South Anthonychester,23/04/2025
950,Allen Randolph,crawfordkaren@example.net,Other,Lake Seanshire,2/03/2024
7431,Crystal Berry,eduardorose@example.net,Male,South Aaron,8/10/2024
2755,Mark Villarreal,brockstephanie@example.com,Male,West Edwinport,9/10/2025
6065,Chad Jones,jacobjohnson@example.com,Other,Davidfort,4/11/2025
2263,Brian Carpenter,william96@example.org,Other,Serranoborough,3/12/2024
127,Valerie Morris,edward17@example.com,Male,Laurashire,15/03/2025
8412,Shannon Ball,taylor69@example.net,Male,Port Donald,17/01/2025
6082,James Patterson,tayala@example.com,Other,Lake Chaseland,21/10/2024
9636,Cassandra Gray,vfoster@example.com,Male,Port James,27/05/2024
2855,Mary Erickson,ernest32@example.org,Other,West Wesleyside,24/03/2024
7295,Michael Shaffer,hjimenez@example.com,Other,East Michaelchester,14/03/2025
8434,Lisa Mckee,fnelson@example.org,Male,Brendastad,26/01/2024
6918,Natalie Hall,hensondeborah@example.com,Other,New Mark,11/06/2025
3386,Tanya Alexander,velliott@example.net,Female,Amandamouth,3/11/2024
4856,Nichole Alvarez,hilljoseph@example.org,Other,Griffithport,14/08/2025
9010,Joseph Ross,donaldsonnatasha@example.org,Other,East Taylorton,8/09/2024
4284,Mary Conrad,tholt@example.net,Female,Olsenland,10/10/2025
9712,Diane Green,shawntaylor@example.com,Female,Brandonborough,6/08/2025
8618,Audrey Rogers,john41@example.org,Female,West Anthony,13/08/2025
741,Omar Bell,brendadixon@example.org,Other,Lake Amanda,28/07/2025
3098,Daniel Sosa,morganedward@example.net,Other,Rebekahbury,5/11/2024
2279,Tyrone Chavez,carolynwarner@example.org,Female,Hallhaven,2/02/2025
2020,Theresa Rodriguez,vincent74@example.org,Male,East Lawrence,25/01/2024
3322,Thomas Kim,michelle38@example.com,Other,Douglasberg,1/12/2024
5957,Ann Harrison,moorenoah@example.org,Male,Carloston,4/03/2024
8033,Deanna Brown,qferguson@example.org,Other,New Christinaport,9/08/2025
1538,James Myers,meyerskathryn@example.com,Male,Lake Stanley,21/12/2024
5087,Lorraine Sanchez,waltersjennifer@example.org,Male,New Kaylee,6/10/2025
9518,Jamie Arias,cochrandavid@example.com,Male,East Brittanyberg,11/08/2025
2160,Shannon Lopez,hsmith@example.org,Other,Aliciaton,30/04/2025
3767,Sabrina Cook,jonathan90@example.net,Other,Brycemouth,11/08/2025
9965,Micheal Randolph,rdixon@example.com,Female,West Angela,9/10/2024
2724,Jerry Griffith,olsonrebekah@example.com,Male,Jessicaborough,18/07/2025
2633,Christopher Jennings,tara62@example.com,Female,Morrisville,22/10/2025
1736,Ashley Gonzalez,fordlisa@example.net,Other,Erintown,6/02/2024
1840,Jennifer White,daniel82@example.com,Male,Craigchester,9/02/2025
7856,Susan Rich,chrisbates@example.com,Male,Farmerville,26/01/2024
8560,Ashley Shaw,lewismiranda@example.org,Male,Lake Tristan,10/09/2025
3155,Deborah Adams,vshields@example.org,Female,East Melissa,15/11/2024
4253,Melanie Crawford,moorevalerie@example.net,Male,New Marvin,28/08/2024
2544,George Jackson,clifford98@example.net,Male,Port Lisa,31/03/2024
3483,Randy Scott,ryanhall@example.org,Other,East Billy,9/05/2024
6081,Julia Vincent,ndavis@example.org,Female,New Heather,26/01/2025
5436,Joshua Brown,christopher15@example.com,Other,South Kimberly,5/07/2024
4710,Elizabeth Kelly,john56@example.com,Female,Donnaland,29/06/2025
5950,Stephen Turner,nicolerandolph@example.net,Female,Michaelside,21/01/2024
9671,Anthony Martin,andersonapril@example.com,Other,Kellyburgh,12/02/2024
2400,Michele Thomas,clinekatie@example.com,Female,Dawsonburgh,27/09/2025
799,Jennifer Stafford,scottwilliams@example.net,Other,South Hannahmouth,1/05/2024
4166,Jason Jackson,byrdsherry@example.net,Male,Farmerhaven,20/02/2024
5185,Marie Warner,meaganevans@example.net,Female,Kevinfort,8/11/2024
4168,William Cook,jose43@example.com,Male,Port Daniel,15/12/2024
5634,Melissa Alexander,kylelawson@example.net,Female,Harrisville,14/06/2025
9571,Aaron Mendez,amberevans@example.com,Female,West Seanmouth,2/06/2024
6052,Tami Cohen,pittmanjoshua@example.org,Male,Justinside,23/06/2025
8679,Ashley Jackson,ejordan@example.org,Male,North Jennifer,28/10/2025
4697,Stephanie Russell,jessica41@example.net,Other,South Brendanberg,5/06/2024
5008,Mia Reeves,denisejohnson@example.net,Other,South Sarahport,28/12/2024
9041,Patricia Johnson,levipotts@example.com,Female,Jenniferfurt,23/10/2024
53,Stephanie Fisher,ruizkaitlyn@example.org,Male,Jeffreyland,9/07/2024
4794,Karen Bailey,john73@example.net,Female,Miamouth,11/08/2025
145,Kelly Smith,john62@example.net,Male,New Theresaland,6/05/2025
7238,Amy Anthony,elizabethjackson@example.com,Other,Santiagoshire,7/04/2025
7551,Sean Henderson,rbrown@example.com,Other,Lake Renee,10/02/2024
7521,Stephen Knight,peteradams@example.org,Female,Lake John,31/01/2025
2058,Zachary Mayer,ogarza@example.org,Male,Lake Matthewstad,29/06/2025
7366,George Castillo,kim05@example.com,Female,Holtside,15/10/2024
342,Rebecca Ellis,michelle21@example.com,Female,Crystalburgh,24/01/2025
1530,Wendy Johnson,cookrobert@example.net,Other,Port Carla,15/07/2025
3257,Terry Martinez,duane01@example.net,Other,North Heidi,30/01/2025
291,Steven Phelps,mooregina@example.net,Male,East Marymouth,5/11/2024
3189,Joseph Cortez,grahamdavid@example.net,Other,Kristinfort,11/11/2024
5174,Jessica Sutton,gracewilliams@example.org,Male,Torresbury,26/02/2024
8537,Kevin Krause,kyliechandler@example.net,Male,New Christophermouth,12/03/2025
5462,Michelle Oneal,qfloyd@example.net,Female,Brandonburgh,22/04/2024
642,Daniel Leonard,kalvarez@example.net,Male,South Joseshire,29/11/2024
1535,John Hill,robert14@example.org,Other,Davidside,11/04/2024
9224,Tracy Castro,ericyoung@example.com,Male,Kennethfort,1/01/2025
6825,Rodney Rios,daltonjennings@example.org,Male,Hernandezport,13/10/2024
3082,Kristin Walker,lisa59@example.com,Other,Port Andrewshire,10/02/2024
1959,Janet Gutierrez,barrycindy@example.net,Female,Haleymouth,16/02/2024
8000,Scott Day,cassidy85@example.org,Other,North April,30/08/2024
530,Michael Flores,sherrybrock@example.net,Male,East Charles,21/05/2024
2743,Traci Nelson,frank98@example.net,Female,Port Laura,21/02/2025
7051,Daniel Baker,douglas40@example.net,Female,Michaelview,27/02/2024
5857,Audrey Wright,charles27@example.org,Male,West Rachelhaven,17/10/2025
7854,James Thompson,jacobwade@example.com,Male,Franciscoborough,15/07/2024
5481,Thomas Williams,ariasmax@example.com,Female,South Richard,5/09/2024
9824,Angela West,kimberly21@example.net,Male,East Jessica,8/09/2024
5517,Adrienne Turner,michaelatkinson@example.com,Male,Millsmouth,12/09/2024
476,William Duncan,clintonstevens@example.org,Other,West Michael,20/09/2025
3861,Anne Carr,ivan68@example.com,Other,Cantuton,13/02/2024
7885,Eric Mcguire,redwards@example.com,Female,East Tiffanyview,31/03/2024
5157,Robert Brown,gcontreras@example.net,Female,Kimport,23/01/2025
3562,Heidi Brown,elizabeth77@example.net,Female,Port Cynthiabury,12/09/2025
5965,Tracy Butler,elizabeth92@example.org,Male,West Heather,7/04/2024
8610,Samuel Hamilton,walterbruce@example.net,Male,Port Elizabeth,12/09/2024
1889,Jennifer Robinson,danielthomas@example.com,Other,East Charles,11/02/2025
9754,Joseph Graves,gmccoy@example.org,Male,North Shannonside,16/10/2024
6449,Nicole Spence,hendersonelizabeth@example.net,Other,East Mauriceton,23/03/2025
5923,Pamela Castillo,torrestimothy@example.org,Male,Port Emma,23/10/2024
9335,Jessica Lewis,vincent77@example.com,Female,Leeville,28/09/2025
760,Mary Strong,danascott@example.com,Male,Hardymouth,9/02/2025
706,Eric Clayton,romanmatthew@example.org,Female,North Anna,1/09/2024
71,Aaron Hayes,ocarter@example.com,Male,Jacquelinemouth,21/02/2024
5862,Lisa Hernandez,whitney25@example.org,Other,North Reginahaven,1/04/2025
8154,Frank Nguyen,jacobjones@example.net,Male,Riceport,21/09/2025
8677,Glenda Patton,morgancrystal@example.net,Other,New Stephanie,24/08/2024
5801,Gary Moyer,danielsmichelle@example.net,Female,East Craigtown,25/04/2025
3486,Robert Burns,halltyler@example.com,Male,Hayesfort,9/01/2025
5503,Samantha Ballard,johnsonrichard@example.com,Other,Gomezland,6/04/2024
8697,Melody Cook,rachel91@example.org,Other,Grayfort,9/11/2024
917,Nicholas Johnson,swatson@example.org,Other,South Maryburgh,26/04/2025
9693,David Thompson,emacias@example.com,Other,Stevenstown,9/10/2025
8522,Mckenzie Wolf,francochristopher@example.net,Female,East Michael,3/10/2025
5244,Kimberly Harrell,wsanders@example.org,Other,New Alexandraborough,25/08/2024
5674,Heather Taylor,rhernandez@example.org,Male,Barrettton,13/02/2025
3376,Aaron Brown,geraldcastro@example.net,Other,Millerburgh,4/05/2025
9647,John Brown,timothy97@example.net,Female,New Timothy,6/11/2025
6457,Joshua Gross,rebekahjennings@example.org,Male,Lake Danaberg,15/01/2024
2139,Wayne Pennington,pwalters@example.com,Other,Lake Daniel,10/10/2024
7195,Alicia Roberts,mariobaker@example.net,Female,Lake Robertafort,28/01/2025
8353,Anita Gomez,michaelbecker@example.com,Female,Smithview,22/05/2024
5526,Jeffery Johnson,jennifermullins@example.com,Male,West Elizabethport,24/01/2025
7440,Barry Hickman,robert32@example.net,Male,South Kristinemouth,30/05/2025
9337,Scott Johnson,christopher10@example.com,Male,East Michellemouth,30/11/2024
8717,Steven Guzman,brownbrenda@example.net,Other,Kristenchester,23/03/2024
2206,Ashley Brown,uschmitt@example.net,Female,Jasonmouth,29/07/2024
5202,Kerri Randolph,alan00@example.net,Male,East Kathleenmouth,15/11/2024
3552,Yvette Francis,kevin87@example.com,Other,North Sarah,6/08/2024
7387,Ashley Ball,seth16@example.com,Male,Ashleyland,23/12/2024
671,Christine Burke,christopherrichardson@example.net,Other,North Jenniferchester,4/02/2024
5533,Christopher Navarro,elizabeththompson@example.net,Other,North Sheliafort,30/04/2025
4540,Ashley Bridges,xcoleman@example.net,Other,South Genefurt,11/09/2025
9780,Jade Reynolds,velasquezkevin@example.com,Female,Lake Christieburgh,27/06/2025
7834,John Brooks,timothyevans@example.org,Female,Williamsburgh,19/06/2025
8335,Vanessa Hammond,erin86@example.net,Male,Lake Coreyland,11/01/2024
1433,Randy Lewis,satkinson@example.org,Other,West Erik,26/09/2025
4844,Melissa Hanna,michael38@example.net,Female,East Derek,11/08/2024
1430,Jeffery Blanchard,gstein@example.net,Male,Robertfurt,31/07/2025
4863,Scott Harvey,icruz@example.net,Female,Wheelerborough,8/05/2025
9956,Adam Hall,kathleen01@example.net,Male,South Jesus,15/09/2025
5572,Melissa Willis,jennifer98@example.net,Female,Dianeville,2/02/2025
1420,Mark Collins,alexgarcia@example.net,Other,Brianhaven,16/02/2024
5703,Thomas Brown,beth71@example.net,Other,East Donnaview,23/06/2025
5507,Karen Houston,ymayo@example.com,Female,Thomasbury,16/03/2025
9767,Heidi Blair,matthew80@example.net,Female,Evansland,13/02/2024
8776,Nicholas Wade,patrick67@example.org,Other,West Crystalside,13/12/2024
1217,Sheri Perez,pauljennifer@example.com,Female,East Jeremyburgh,29/03/2024
506,Harold Garza,nicoledavis@example.com,Male,Lake Jessica,4/11/2024
6303,Jerry Reed,geoffreyjordan@example.net,Female,Lake Kristenmouth,17/01/2025
2681,Ashley Esparza,igraham@example.org,Other,Bennettstad,1/02/2024
2416,Richard Velazquez,hcampbell@example.com,Other,Dunnton,11/03/2024
3662,Brian Gallegos,vguerrero@example.net,Female,Port Leslieside,15/08/2024
6780,Elizabeth Sims,whitneycarroll@example.net,Other,Sanchezview,30/11/2024
9332,Audrey Curry,dcox@example.net,Other,South Theresa,13/06/2024
9206,Juan Hayes,austin61@example.net,Female,Adrianaville,15/11/2024
2146,Alexis Johnson,maryallen@example.org,Female,Brownburgh,25/09/2024
3021,Matthew Thompson,moorekaren@example.net,Other,New Tanyaburgh,8/03/2025
3284,Javier Palmer,heather69@example.net,Other,New David,28/05/2025
3487,Adam Pena,wendysantos@example.com,Female,Donnaton,3/02/2024
4550,Shannon Hammond,carterbrianna@example.net,Female,Melindamouth,22/04/2025
3462,Tony Chen,jennifer68@example.net,Female,South Susan,11/07/2025
8486,Amanda Christensen,michaellopez@example.com,Other,West Meganfort,10/03/2025
4187,Alexander Pope,curtis26@example.com,Other,Bradleyport,14/01/2024
8817,Jason Taylor,dawn72@example.com,Male,Jonathanborough,21/09/2024
3862,Jason Tran,zhawkins@example.net,Male,North Kelly,1/11/2025
4904,Kathy Avery,mcdowelllisa@example.net,Male,Port Joelbury,7/09/2024
3765,Haley Delgado,lisa64@example.net,Other,Curryland,30/04/2024
7438,Frederick Frazier,vmartin@example.com,Male,New Alicia,8/11/2024
4143,Deanna Garcia,wendyjones@example.net,Female,North Alejandrofurt,13/10/2024
3430,John White,wyattdanielle@example.net,Male,Johnsonview,19/05/2025
3447,Gabriel Barrett,ppena@example.com,Male,Lindaborough,23/03/2024
6642,Angel Armstrong,schwartzkristin@example.com,Male,Davidville,7/05/2024
2320,Ann Hale,omartinez@example.net,Other,Julieberg,19/08/2024
2468,Jacqueline Andrews,john40@example.net,Male,Troyland,5/04/2024
6299,Julia Gonzalez,johnsonmelanie@example.org,Male,East Andrew,21/06/2024
8703,Megan Green,velezlaura@example.org,Male,Lake Natashaberg,26/04/2024
6741,Stephen Johnson,mario02@example.com,Other,Thomasberg,13/11/2024
2383,Shannon Bright,jeremymitchell@example.com,Male,East Julia,2/01/2024
5137,Selena Collins,peter47@example.net,Male,Mcdanielborough,27/09/2025
558,Julie Goodwin,noahthornton@example.com,Other,Dustinchester,25/07/2024
2496,David Day,alfred29@example.org,Female,Jacobsfurt,26/11/2024
7095,Samantha Mccormick,wblack@example.com,Other,Jonathanberg,9/03/2025
9297,Jeffrey Silva,crystalbutler@example.net,Male,New Aaron,5/09/2024
5496,Dakota Burns,littlemary@example.net,Male,South Michael,15/09/2024
8047,Michelle Monroe,gmeyers@example.com,Other,New Ashley,18/07/2024
5964,Alejandro Brown,melindacarter@example.com,Male,Port Julieview,18/07/2025
2148,Matthew Boyd,fyoder@example.org,Other,Lake Julieberg,15/03/2025
2453,Cody Richards,burgessdonald@example.com,Female,South Yolanda,31/10/2025
1199,Terri Norman,laurenmathis@example.org,Male,Bishopborough,21/01/2025
195,Jeffrey Bernard,vhernandez@example.net,Female,Robertside,8/09/2024
3433,Michael Scott,ibrown@example.com,Female,Thomasbury,30/11/2024
7251,David Heath,losborn@example.com,Male,East Tarabury,7/04/2025
5287,Gary Miller,poperobin@example.org,Male,Harperberg,31/01/2025
2548,Joshua Salazar,dakota75@example.org,Female,East Taylormouth,11/10/2024
4601,Nicole Kramer,aolsen@example.net,Male,Douglasstad,15/02/2024
1341,Paul Walters,wsmith@example.com,Other,Johnsonchester,6/08/2024
6461,Sarah Rodriguez,sandrarobinson@example.org,Female,Savannahbury,7/10/2025
1393,Shawn Ewing,william63@example.com,Other,South Courtneyfort,26/09/2025
724,Todd Ellis,bensonstanley@example.org,Female,New Mike,11/12/2024
7506,Kyle Elliott,ygreen@example.org,Other,West Gregoryview,14/07/2025
8247,Carolyn James,hamiltonkevin@example.org,Female,South Josephshire,21/04/2024
7004,Mario Ford,mercerandrew@example.org,Male,East Shawnbury,15/12/2024
8040,William Thomas,suzanne34@example.org,Other,Port Jenniferchester,19/02/2025
5971,Jason Turner,evanhenderson@example.net,Other,Juliaborough,14/09/2025
7736,Michelle Thomas,zflowers@example.com,Other,Lake Williamview,17/07/2025
9721,Kaitlyn Perez,dellis@example.com,Male,Griffithshire,5/05/2025
8811,James Stewart,paul95@example.org,Female,South Tyler,14/09/2024
9058,Thomas Cannon,jeremyscott@example.org,Other,Jessicabury,16/01/2024
1515,Kimberly Benton,davidbrown@example.org,Male,Port Peterhaven,12/06/2025
5301,Caleb Torres,rodriguezrachel@example.net,Male,Cherylville,13/09/2024
357,Joseph Cruz,pmarsh@example.org,Other,East Heatherton,20/10/2025
4366,Erin Miller,mariahunter@example.net,Other,Port Lawrence,14/03/2025
5932,Kristen Grant,garciaangela@example.org,Female,South Erikafort,29/09/2024
2793,Daniel Hodge,collinsstacy@example.com,Female,Lake Janeburgh,18/12/2024
3118,Ashley Hernandez,jeff63@example.net,Other,South Rebecca,20/03/2024
9292,Aaron Scott,kkelly@example.org,Female,Holmesside,2/06/2024
8527,Melissa Parker,alec47@example.com,Male,North Benjaminmouth,21/08/2024
2188,Diana Johnson,rlindsey@example.org,Female,North Lawrence,17/03/2024
6983,Matthew Romero,tgomez@example.net,Female,South Steven,29/03/2024
5823,Christian Floyd,bmartin@example.net,Other,North Andrea,14/05/2025
5363,Emily Hutchinson,kylemeyers@example.org,Other,Josephstad,25/09/2025
5125,Margaret Smith,ramirezbrandon@example.com,Female,Cooperport,7/01/2025
6671,Gregory Jackson,john23@example.net,Male,New Brittany,22/03/2025
9820,Shannon Finley,lauracook@example.net,Male,Teresamouth,14/01/2024
758,Patrick Davis,mhall@example.net,Male,South Patrickchester,20/07/2024
3295,Megan Williams,marissahale@example.com,Other,North Haileyfort,26/06/2025
2009,Martin Dunn,omays@example.org,Male,Michaeltown,12/01/2025
3503,Angela Flores,wflynn@example.org,Other,New Chris,18/06/2024
4461,Jessica Rodriguez,yvonne48@example.org,Female,Peterport,15/05/2025
5429,Jasmine Tyler,brianlarsen@example.net,Other,East Karenview,17/06/2025
997,Donald Jimenez,beckydominguez@example.com,Female,Jamieland,27/03/2025
5861,Melanie Clark,sharonwilliams@example.net,Other,West Stephenfurt,22/10/2025
808,Edward Harris,youngjessica@example.com,Male,Dennismouth,21/07/2024
3175,Mark Johnson,jamesbeck@example.net,Female,Lake Benjamin,29/10/2025
2691,Linda York,qcollins@example.com,Female,Port Hannah,12/06/2024
5316,Bill Ochoa,henrykimberly@example.org,Other,Rodgersberg,13/02/2025
422,Lori Bowman,qsmith@example.net,Male,Jameshaven,8/10/2025
1903,Darryl Hull,gomezbrittney@example.net,Female,New Heather,16/10/2025
2061,Brian Wells,vporter@example.com,Female,Erikland,8/10/2024
6298,Scott Steele,maria86@example.net,Other,South Leviside,5/02/2024
8574,Kimberly Hoffman,raymond98@example.org,Male,Holtshire,5/07/2025
9556,Colton Hunt,anna93@example.com,Other,Williamsstad,4/06/2024
5141,Elizabeth Brown,aknight@example.net,Other,Lake Monicashire,2/07/2025
4374,Kristi Rios,brentcampos@example.org,Male,South Chadside,6/03/2025
255,Jose Atkins,gonzalesvictoria@example.org,Other,Port Joan,23/01/2024
7645,Michelle Horne,elizabethwalker@example.net,Other,South Joshuahaven,14/12/2024
4429,Hannah Andrews,serranomelissa@example.com,Female,Lake Melaniefurt,30/09/2024
1657,Daniel Jenkins,donnahopkins@example.net,Male,Codyside,31/07/2025
5155,Courtney Hill,cortega@example.com,Female,Everettborough,26/06/2024
40,James Ortega,lbyrd@example.net,Female,Richardtown,14/01/2025
2523,Patrick George,caleb40@example.com,Female,New Clinton,1/10/2025
9985,Monique Williams,robertbest@example.com,Other,Joshuaberg,6/01/2025
4873,Brandon Lawrence,barry66@example.net,Other,Lake Sarahberg,24/06/2025
1286,Kathleen Johnson,smithmadison@example.com,Female,Campbellfurt,9/08/2025
7715,Michele Harris,sarahwatson@example.com,Other,South Robert,7/01/2024
1577,Amy Proctor,william42@example.com,Female,Meghanhaven,29/03/2025
7983,Brent Olson,melissa14@example.org,Female,Stewartburgh,24/04/2024
3681,Robin Everett,emurphy@example.net,Female,New Marie,3/11/2024
1026,Michael Russell,petersonfaith@example.net,Male,Leeborough,3/09/2025
4514,James Mendoza,zmcclain@example.org,Other,Port Kellyhaven,29/03/2025
4455,Lorraine Jackson,megan53@example.net,Male,North Russell,17/05/2024
649,Belinda Vargas,carlos87@example.com,Male,West Laura,5/05/2025
7490,Jose Ramirez,jacquelinegonzalez@example.org,Male,West Robert,7/05/2024
9926,William Boyle,erica13@example.org,Male,Port Amy,25/08/2024
1692,Timothy Simpson,jamesmiller@example.net,Female,Scotttown,2/11/2025
6522,Lisa Cowan,ryanperry@example.com,Male,Lewisland,30/05/2025
2346,Justin Williams,christopherrogers@example.com,Other,South Candicechester,22/03/2024
8144,Matthew Spencer,janice23@example.net,Male,West Christinatown,30/06/2025
939,Theodore Bowman,ashley96@example.org,Other,Kristinefort,16/04/2024
6459,Tiffany Reed,carlos36@example.net,Female,South Crystal,21/02/2025
2512,Breanna Miller,lauren45@example.com,Other,Robertfort,26/08/2025
5033,Michelle Snyder,cannonsusan@example.net,Female,Lake Michaelville,30/11/2024
7071,Victoria Lewis,tamara85@example.com,Male,Sellersland,17/01/2024
4295,Andrew Arnold,perrymargaret@example.net,Other,New Maureen,10/09/2025
1042,Joe Alexander,bbenton@example.com,Female,West Joshuafurt,25/01/2024
935,Jose Hutchinson,oliverdawn@example.net,Other,Lake Lori,12/12/2024
5558,Daniel Clements,thall@example.org,Male,New Christophermouth,25/03/2025
5233,Crystal Garza,zachary19@example.org,Other,Port Williambury,28/09/2025
7421,Rachel Young,jeffery39@example.net,Other,Jonesbury,18/04/2025
7591,Donald Parker,dodsonjessica@example.net,Other,Duncanmouth,31/01/2025
4072,Michael Holland,williamschris@example.com,Female,Hensleyfurt,7/06/2024
3877,Christopher Cole,leslie40@example.com,Other,New Elizabethshire,13/02/2024
4293,Joseph Solis,ahenderson@example.org,Other,South Shane,17/12/2024
9875,Loretta Gonzales,amanda18@example.net,Male,Port David,6/07/2024
7157,Eric Baker,theresakim@example.com,Female,Yatesbury,25/05/2024
7318,Laura Martin,stephaniefitzgerald@example.com,Other,Lake Juan,2/02/2025
745,Heather Burns,ymedina@example.net,Female,New Anthonymouth,15/01/2025
6581,Kevin Anderson,ambermiller@example.com,Female,Brianberg,14/11/2025
9275,Debra Jordan,david04@example.net,Female,Jenkinsbury,27/04/2025
5524,Jeff Marks,iflores@example.com,Male,South Nicole,20/03/2025
9785,Chad Martinez,kgates@example.net,Female,North Alexview,17/09/2025
5190,Chad Moore,jack02@example.org,Male,Olsenhaven,1/12/2024
3714,Jennifer Jones,bradley89@example.net,Other,Johnport,24/04/2024
1318,Michael Marshall,ynguyen@example.com,Female,Meltonmouth,30/01/2024
7547,Amy Pierce,baldwineric@example.org,Female,Tamaraville,10/05/2025
9750,Arthur Ramos,blake60@example.org,Female,Cynthiamouth,10/03/2024
9212,David Smith,callen@example.com,Other,Lake Kelly,11/06/2024
8493,Thomas Cruz,ehenry@example.com,Female,North Megan,18/02/2024
6094,Judith Wood,jodyhernandez@example.org,Male,North Zacharytown,8/10/2025
9220,Barbara Young,samantha24@example.net,Male,East Brianside,30/09/2024
976,Michael Miller,troy06@example.com,Female,Snyderville,4/08/2024
1838,James Chapman,kproctor@example.com,Male,South Scott,30/05/2024
328,Zachary Moore,jenna62@example.net,Other,East Jamesborough,15/07/2025
9547,Andrew Williams,bowerssteven@example.net,Male,West Brian,27/01/2025
9133,Julie Byrd,pcole@example.net,Other,Martinezberg,26/03/2024
3736,Jay Dodson,wilcoxryan@example.net,Other,Burchshire,21/01/2024
4641,Bonnie Sullivan,sherry22@example.net,Other,West John,28/06/2025
829,Lisa Everett,dgray@example.com,Other,Lindatown,14/11/2025
2357,Jessica Spencer,hjacobs@example.org,Other,Pamelaville,4/03/2024
273,Sarah Anderson,rdiaz@example.org,Other,Bestland,6/11/2025
1628,Emily Wilson,ipowell@example.org,Other,North Christinaton,11/06/2025
2914,Desiree Dalton,danielle96@example.com,Male,Goodmanview,6/04/2025
4222,Courtney Aguilar,jacob36@example.net,Male,South John,8/07/2025
8884,Steven Brown,rlee@example.net,Female,Jamesville,28/05/2024
6057,Marissa Schaefer,garciatanya@example.org,Female,Port Sarahton,1/03/2025
4890,Scott Wilkinson,davidanderson@example.net,Female,West Davidhaven,21/10/2024
7604,Michael Roberts,duane42@example.com,Female,Stanleyshire,29/02/2024
8324,Jason Cordova,rogergomez@example.net,Female,Armstrongton,2/09/2025
5930,Lisa Payne,david68@example.org,Male,East Tammystad,21/10/2024
1608,Robert Burns,jenniferford@example.org,Other,Port Thomas,21/12/2024
3625,Benjamin Richardson,ipotter@example.org,Other,New Jill,4/12/2024
1624,Mikayla Johnson,dawnjackson@example.net,Male,Elizabethland,6/09/2025
2477,James Jackson,ashleyterry@example.com,Male,Lake Tracy,4/02/2024
4350,Jennifer Daniel,ybrown@example.org,Male,New Amandastad,29/02/2024
9236,Joseph Gentry,sara93@example.net,Other,Brianshire,29/01/2024
76,Ryan Olsen,harrisonricky@example.com,Female,Port Eugenechester,12/11/2025
6045,Yolanda Romero,nortiz@example.org,Female,New Charlesside,28/07/2025
1691,John Robles,aholder@example.net,Male,North Thomashaven,11/07/2025
2995,Dale Curry,johnny15@example.com,Male,New Daniel,4/01/2024
979,Stacey Jones,hailey64@example.net,Female,East Brandy,16/03/2024
7936,Dawn Hill,vrobertson@example.org,Male,Bellmouth,11/09/2025
3931,Rebecca Davis,higginsheidi@example.org,Female,Matthewbury,25/05/2024
9254,Grace Oconnor,george69@example.com,Male,Lake Nataliechester,17/10/2024
4141,Deborah Washington,jacqueline24@example.org,Female,East Brianland,23/06/2024
5848,Nathan Adams,aaron68@example.net,Female,Edwardborough,24/07/2024
5305,Michael Baker,christopher89@example.net,Female,Lake Bethhaven,18/04/2024
5806,Emma Jefferson,fpatrick@example.org,Other,East Leah,19/03/2024
7215,Allen Alvarez,martinezregina@example.com,Other,West Michaelton,10/09/2024
5911,Brandon Nielsen,gwilliams@example.org,Other,Maureenshire,13/05/2024
6019,Erica Mcdaniel,ojohnson@example.com,Other,East Jamie,21/03/2025
686,Amy Guzman,rossgregory@example.com,Female,North Melissaburgh,23/05/2025
5735,Willie Bell,ericaavila@example.net,Female,North Erikaland,18/03/2025
4889,Melanie Friedman,dmclaughlin@example.com,Female,North Williamhaven,2/01/2024
492,Gabrielle Kelly,joel84@example.org,Other,Natashatown,13/01/2024
7398,Tonya Smith,anthonyrichardson@example.com,Female,Christopherside,9/01/2025
6832,Derek Harper,dennisford@example.net,Male,Leeton,21/10/2025
7005,Michael Williams,danielle34@example.org,Male,South Joshuamouth,28/09/2025
4731,Victor Howard,gloverkevin@example.com,Female,Combsfurt,16/10/2025
5982,Charles Flowers,baxtercory@example.com,Female,Tranburgh,13/10/2024
6985,Kent Brown,nancyfernandez@example.org,Male,Melissaland,7/05/2025
4105,Douglas Lang,hartmangeorge@example.net,Female,Parkershire,7/03/2025
8859,Anna Blake,tina94@example.net,Male,East Christian,9/10/2025
271,Hannah Abbott,jamie98@example.org,Male,Phillipston,16/06/2025
7461,Amy Palmer,christopher47@example.net,Other,New Jill,30/04/2024
4371,Johnathan Martinez,jbowman@example.com,Female,New Alexis,13/11/2024
9973,Christopher Melton,haleyperez@example.org,Female,Chaseport,6/08/2024
7938,Robert Mcdonald,thompsontheresa@example.net,Male,Castroside,21/12/2024
4615,Crystal Brooks,anthonysmith@example.com,Male,North Kimberly,23/07/2025
6643,Kyle Russell,kristasmith@example.org,Male,Lake William,6/11/2025
5367,Audrey Williamson,andrewknight@example.org,Female,East Jennifer,8/02/2024
8468,Brandy Smith,sancheznatalie@example.org,Other,East Juanborough,18/07/2024
1294,Ashley Jackson,danielleandrews@example.org,Female,South Leslie,21/05/2024
7395,Tracy Kirby,shaun31@example.com,Female,Johnfurt,24/04/2024
6403,Savannah Lopez,harrisvalerie@example.net,Male,Sancheztown,28/07/2024
9273,Catherine Rodriguez,hernandezamanda@example.net,Female,New Dwayneborough,1/11/2024
999,Mark Lawrence,kyle09@example.net,Male,Maryville,26/08/2024
5105,Victor Villanueva,baileychristopher@example.net,Female,Thomastown,6/06/2024
8066,Teresa Patton,jackrice@example.org,Female,East Janiceberg,10/01/2024
669,Grace Serrano,james65@example.org,Other,Waltershire,27/06/2024
355,Melissa Ward,ronald11@example.org,Other,Port Devonburgh,20/08/2025
4249,Jeffrey Barron,phuynh@example.net,Other,South Judith,20/06/2024
6151,Justin Lopez,loganjackson@example.org,Other,Kimberlyland,3/09/2025
4590,Brittany Robbins,gary64@example.org,Male,Donaldville,12/01/2025
6200,Robert Webb,james30@example.net,Other,Christopherside,26/09/2024
69,Caitlin Montgomery,chayes@example.com,Male,Torreston,11/10/2024
5855,Michael Mathews,lorrainehall@example.com,Male,Port Nancybury,26/12/2024
9640,Claudia Vargas,iromero@example.com,Other,Kaitlinside,19/04/2025
7916,Shawn Huff,reyeselizabeth@example.com,Other,Williamsfurt,10/08/2025
6195,Charles Green,sjenkins@example.net,Male,Fullerchester,1/11/2024
7537,Kenneth Higgins,millerangela@example.org,Other,West Jamesshire,25/07/2024
7796,Gregory Hughes,roger20@example.net,Other,Yvetteport,11/02/2024
1814,Maria Harrington,kimberlyperez@example.org,Female,Simmonshaven,17/04/2025
8821,David Chan,blove@example.net,Other,Jonathanview,21/09/2024
2481,Karen Oliver,jacob11@example.org,Other,Lake Michael,17/07/2025
6296,Kristy Murray,williamsspencer@example.org,Other,Arnoldberg,20/09/2024
4301,Veronica Miller,kimberlyduarte@example.com,Female,Popeland,5/12/2024
7480,Edwin Warner,jharvey@example.org,Other,Brandymouth,23/10/2024
8237,Samantha Brown,michaelli@example.com,Female,Gibbsberg,5/08/2025
7249,Isabella Berry,cherylbrown@example.net,Male,South Seanstad,6/03/2025
7287,Paul Strickland,deanna81@example.net,Male,Sanchezberg,27/07/2024
8688,Brendan Carr,mburton@example.net,Other,Petersonfort,8/03/2025
7689,Stephanie Campbell,scott97@example.net,Female,South Holly,3/12/2024
1037,Vicki Smith,lisajones@example.org,Other,Whiteton,23/01/2025
5327,Jeffrey Williams,dmoss@example.org,Other,East Stephen,8/06/2024
1190,Linda Proctor,andrew33@example.net,Female,Kennethstad,29/08/2024
6819,Kimberly Taylor,laura89@example.net,Female,North Meganchester,10/11/2025
8124,Randy Lewis,jodyrodriguez@example.org,Male,Jonesmouth,23/10/2025
331,Haley Mitchell,kwilliams@example.org,Female,Lake Jeffrey,27/05/2025
2752,Mary Clark,valeriehenderson@example.org,Other,East Kelly,6/03/2025
8484,Edwin Johns,bgrant@example.com,Other,West Sarahland,27/09/2025
9524,Christy Jones,igonzales@example.org,Other,North Ronald,27/03/2025
2248,Hayley Evans,berrytyrone@example.net,Female,New John,15/09/2024
4759,Nicole Willis,wrodriguez@example.org,Male,Teresamouth,8/03/2024
5692,Melanie Price,lindsay96@example.com,Male,Rachelville,23/10/2024
238,Kristina Jones,iaguilar@example.net,Female,Stephensstad,4/05/2025
437,Oscar Thomas,thomassmith@example.com,Female,Taylorhaven,22/10/2024
7710,Joel Martinez,padams@example.org,Other,South Jesse,3/12/2024
1502,Heather Lester,jillianferguson@example.org,Female,Fostershire,19/03/2024
7177,Christine Parker,marydavis@example.net,Male,East Matthew,20/05/2025
5591,Andrea Morris,bryantstephanie@example.org,Male,North John,15/11/2024
4185,Clarence Kirby,ashley66@example.com,Other,East Anna,22/11/2024
9423,Jennifer Lewis,zyates@example.com,Other,East Robertamouth,18/10/2024
7388,Jonathan Smith,haroldgonzalez@example.org,Other,Cynthiashire,12/07/2024
3227,Melissa Thompson,richardstrong@example.com,Female,Williamchester,28/08/2024
868,Jennifer Bradshaw,kevinhodge@example.com,Male,Townsendland,22/12/2024
594,Kenneth Holland,smithelizabeth@example.org,Female,Hodgeshire,31/03/2024
6636,Linda Morton,martinmegan@example.org,Male,Mcclainside,10/11/2025
3718,Patricia Morgan,matthewmay@example.net,Other,Patrickshire,20/04/2025
4790,Kelly Hanson,yvonnealexander@example.net,Female,West Douglasside,12/11/2025
7962,Michael Shah,sean63@example.com,Male,Davidville,24/05/2024
6166,Scott Brown,xturner@example.com,Male,Port Timothyshire,7/05/2024
465,Dana Gray,nicoleharvey@example.com,Other,West Jennifer,1/01/2024
4070,Johnny Banks,alopez@example.com,Female,North Jeremyfurt,18/03/2025
5146,Shane Moore,ryan20@example.org,Female,South Luisshire,13/09/2024
7181,Colin Castillo,ortegachristina@example.org,Female,South Thomas,2/11/2025
3741,Michael Duran,lhayes@example.com,Male,Kingmouth,29/06/2024
2056,Douglas Dougherty,sherryclark@example.net,Male,Alvarezberg,12/04/2025
8180,Nicole Shaw,glenn22@example.com,Female,Jamesshire,13/08/2024
8664,Brandon Williams,jstanley@example.net,Female,North Brandonburgh,17/09/2024
9023,Calvin Miller,amy26@example.com,Other,Christopherside,21/07/2025
8897,Katherine Lowery,michael20@example.com,Male,Tatehaven,4/02/2024
4095,Edwin Stanton,floresjose@example.com,Female,Port Steven,30/07/2024
7302,Scott Moore,david95@example.com,Other,Lake Michaelland,27/09/2024
4343,Cynthia Carter,matthewstewart@example.com,Female,Ryanshire,17/08/2024
498,Jack Farmer,catherine93@example.net,Female,East Grace,14/03/2024
2023,Dawn Miller,garciajennifer@example.com,Female,New Andrea,1/07/2025
4335,Dalton Nash,loriwalters@example.org,Other,Port Lisa,21/08/2024
6517,Michele Franklin,katherinekent@example.com,Male,Lake Dustinstad,26/12/2024
2110,Kaitlyn Stevens,yharrison@example.net,Other,Thomaschester,20/03/2024
9989,Amanda Silva,andrea85@example.com,Other,Trevorport,10/07/2025
4492,Andrew Steele,ramirezmargaret@example.com,Male,Lake Nancy,15/08/2024
6774,Heather Walker,nicholasthompson@example.com,Female,Lake Robin,23/12/2024
8021,Nancy Ellis,elizabethmiddleton@example.org,Male,Benjaminville,3/03/2025
1188,Desiree Kramer,jeremy47@example.com,Female,Dustinmouth,2/11/2025
6359,Robert Potter,lori49@example.org,Female,Castrochester,9/05/2024
9178,Chad Burns,alexismcintyre@example.org,Male,Port Wanda,7/01/2025
8738,Tasha Khan,scott06@example.com,Other,North Karenland,17/03/2025
6538,Melissa Mccullough,wukristin@example.net,Female,Port Kevinton,25/07/2024
2313,Matthew Heath,mathew34@example.org,Male,Evansport,12/02/2025
6090,Michelle Mccarthy,garypeterson@example.org,Other,Christopherbury,17/07/2024
6757,Scott Soto,samuel03@example.org,Female,South Scottborough,1/02/2024
168,Sue Webb,eevans@example.net,Male,East Scottfort,17/07/2024
1750,Christine Calhoun,lisa41@example.net,Female,North Patricia,4/10/2024
8488,Lisa Franklin,tammy91@example.com,Male,Ortizchester,24/09/2024
911,Michelle Spence,lukemyers@example.net,Male,Briggsville,23/06/2025
7175,Cassie Jackson,hharris@example.net,Other,Hicksville,15/04/2025
8657,Jessica Garner,carlathomas@example.com,Female,Janetberg,13/04/2024
4238,Kyle Mcknight,smoore@example.net,Male,Alyssaland,15/12/2024
9218,Andrew Lawson,ryanmitchell@example.org,Male,Erikton,13/08/2024
4826,Lucas Kirk,martineztammy@example.org,Male,Lake Nicholasborough,24/02/2025
6766,Gary Dennis,ashleycastillo@example.net,Female,Jamesbury,23/04/2024
1327,Ashley Pruitt,lisawright@example.net,Other,Zamoramouth,18/06/2025
5478,Danielle Mcknight,kelly74@example.com,Other,Johnsonton,27/02/2024
5128,Sally Moss,nelsonjames@example.net,Male,Port Brookeshire,7/04/2024
1992,Richard Mclaughlin,philliphayden@example.net,Other,Port James,30/01/2024
6557,Patrick Nguyen,smithkayla@example.org,Female,Scottshire,3/03/2024
6392,David Johnson,iperez@example.org,Other,Lake Russell,10/03/2025
3543,Linda Trujillo,riddlejames@example.net,Female,North William,24/11/2024
897,Stacey Henson,jennifer69@example.com,Other,Tracietown,10/08/2024
8998,Tyler Morrow,dawnmolina@example.com,Other,Lake Toddmouth,29/10/2025
9374,Anthony Bennett,christopherjenkins@example.org,Other,Ethanville,29/02/2024
1072,Mike Campbell,hdennis@example.org,Male,Phillipsville,16/07/2025
603,Thomas Fisher,carterbryan@example.org,Female,Robertmouth,29/09/2025
3070,Leslie Smith,jacksonmatthew@example.com,Male,Port April,18/12/2024
6749,Samantha Robinson,angelaaguilar@example.net,Other,East Colleenmouth,25/11/2024
631,Emily Rodriguez,tina63@example.net,Male,South Daniel,6/05/2024
6830,Michael Horton,cmiller@example.net,Male,Chavezport,12/08/2024
7323,Christopher Henderson,shernandez@example.net,Male,Jessicahaven,28/07/2024
4658,Darlene Sullivan,rebecca71@example.net,Female,New Christopherberg,31/07/2025
5038,Mark Mitchell,alexissalazar@example.net,Female,Hicksland,24/08/2025
8940,James Davis,thomaspreston@example.org,Female,New Tammyhaven,18/09/2024
4861,Michael Phillips,edward00@example.org,Other,Daisyfurt,15/07/2024
9511,Gregory Castillo,jessica94@example.org,Female,Padillaton,9/10/2025
8029,Patricia Warner,kylemendez@example.net,Other,Sheppardmouth,2/01/2024
7789,Robert Phillips,cookgina@example.org,Other,Wilsonton,13/08/2025
9544,Joann Kirk,allen76@example.com,Female,Castillobury,26/08/2025
712,Jeremy Pham,dhardin@example.net,Male,Sherrymouth,15/10/2024
6039,Morgan Cruz,markfields@example.com,Other,New Jamie,22/01/2025
3461,Thomas Lopez,jcunningham@example.org,Male,West Seth,22/04/2024
3923,Nathan Weber,schaefermegan@example.com,Other,Jenniferside,1/11/2024
9748,William Jones,michaelbeasley@example.com,Other,Port Anthony,21/06/2025
4792,Natasha Williams,joshua02@example.com,Female,Priceville,28/09/2025
9870,Corey Harris,smithgabriella@example.org,Male,Veronicaport,20/04/2025
1239,Jennifer Williams,kphelps@example.net,Other,South Lisachester,11/07/2025
1885,Kenneth Bates,dawsonamanda@example.com,Other,Nicholsfurt,11/09/2024
6784,Madison Day,chenmaria@example.net,Male,Smithborough,7/01/2024
9763,Frances Castro,wmoore@example.org,Female,Kirstenshire,30/01/2024
9473,Timothy Ortiz,kristin39@example.net,Male,East Adamshire,14/06/2025
8959,Henry Moore,allenbarbara@example.net,Female,New Karen,10/02/2024
8082,Earl Strong,owalker@example.org,Other,Lake Elizabethton,4/12/2024
7455,Jeanne Perez,hortonsavannah@example.com,Male,Larryfurt,8/10/2025
675,Christopher Harrison,terri63@example.net,Female,Ericksonview,18/03/2025
895,Joseph Wilson,brandonallen@example.org,Male,West Sara,21/07/2024
714,Darlene Orr,levinetina@example.net,Female,Robertside,27/03/2025
9907,Deanna Fleming,porterkayla@example.com,Male,New Shirleyville,29/06/2024
5133,Sean Carson,wardlaura@example.com,Other,Sarahton,22/04/2024
8982,Margaret Sanchez,ejones@example.com,Male,Matthewside,30/01/2025
1227,Cynthia Trevino,meganpotter@example.org,Other,Garrisonview,10/04/2025
3002,Gloria Vaughn,zmanning@example.org,Male,Yatesbury,12/09/2025
7767,Erin Morse,igross@example.com,Other,Davidmouth,24/09/2025
4683,Robert Chapman,perkinschristopher@example.org,Other,Sarahton,24/08/2024
3712,Edgar Graves,pcarrillo@example.org,Other,East Melanie,22/02/2024
6311,Adrienne Foster,leebrian@example.com,Other,New Alan,11/02/2024
163,Teresa Day,howens@example.com,Other,Port Kimberly,20/02/2024
6207,Elizabeth Avila,gina58@example.net,Male,West Michelemouth,6/06/2024
4674,Jessica Morgan,jayholmes@example.com,Other,Port Jeffreymouth,8/08/2024
2108,Meredith Nunez,tonyamercado@example.com,Female,North Dawnview,26/03/2025
2491,Stephanie Lewis,mariaschmidt@example.net,Female,West Wayneland,10/10/2025
713,Alejandro Drake,millerleroy@example.org,Female,Brownton,9/04/2024
8519,Ann Porter,rick47@example.net,Other,South Gary,27/09/2025
2912,Elizabeth Cunningham,ginaconrad@example.org,Male,North Christopher,11/04/2024
2021,Jason Brown,wkoch@example.com,Other,North Edward,4/07/2024
2927,Kevin Smith,brandywalls@example.org,Female,Griffithview,10/07/2024
7309,Daniel Bauer,joshuaruiz@example.net,Male,Loriton,19/12/2024
6188,Shelley Wilson,bfry@example.com,Female,Bartonton,10/10/2024
7969,Richard Williams,michellecastro@example.com,Female,South Anthonyberg,30/07/2024
3958,Shawn Henderson,bparker@example.com,Male,Colemanfurt,7/08/2025
8572,Jeremy Palmer,wbond@example.com,Male,Lake Jamiemouth,2/11/2024
8747,Barry Stewart,xwhite@example.net,Male,New John,8/07/2024
3679,Shawn Jones,kbenton@example.net,Female,South Lukemouth,8/11/2024
3471,John Mckenzie,erikacarter@example.org,Male,North Gary,26/09/2025
4093,Jessica Garza,john78@example.net,Female,Melodytown,18/02/2024
8084,Ryan Stanton,wandahernandez@example.org,Other,North Marissa,1/02/2024
806,Andres Barr,oreyes@example.net,Other,New Briana,16/02/2024
3396,Renee Jones,lydiasullivan@example.net,Female,East Brianna,18/05/2024
1097,Joe Murray,vrobertson@example.net,Male,North Ronaldland,18/10/2025
1391,Cynthia Rogers,zbrooks@example.com,Other,Sarahmouth,13/02/2025
1514,Colleen Brown,johnguzman@example.net,Other,Montgomerytown,3/05/2025
9042,Jacob Howell,jelliott@example.org,Other,New Christinatown,3/11/2024
2348,Patricia Smith,justin17@example.net,Female,Abigailstad,20/05/2025
7383,Daniel Spencer,molinabrandon@example.org,Male,Johnsonbury,3/08/2024
7123,Julie Rodriguez,cory62@example.net,Other,Maryville,14/05/2024
2729,David Hart,david32@example.net,Female,Wilkinsonview,30/03/2024
1812,Kristen Cooper,tammy53@example.org,Female,East Edward,8/08/2025
2739,Kimberly Benson,davidgreen@example.org,Female,East Robertbury,18/09/2024
1684,Nicholas Grimes,areynolds@example.org,Other,Kristinaview,14/09/2024
9832,Joel Obrien,jrussell@example.org,Male,Natalieport,22/09/2025
8449,Nancy Washington,vortega@example.com,Other,Lake Damon,24/01/2025
9794,Ricky Harris,coopertodd@example.org,Female,Josephville,14/06/2024
9215,James Mitchell,smartin@example.net,Other,Ramirezberg,2/11/2024
416,Kristine Lane,meyernicholas@example.org,Female,Robertville,30/04/2025
5670,Kelly Bush,aanderson@example.com,Other,New Amandaburgh,22/05/2025
3739,Glenn Smith,daysergio@example.net,Male,Floydstad,1/08/2025
5605,Wendy Hansen,sellerstimothy@example.org,Other,Lake Lauren,27/06/2025
6020,Charles Miller,tammy57@example.com,Other,East Caitlin,3/01/2024
5710,Carl Perez,phyllisbrown@example.com,Male,Newmanfurt,28/11/2024
6925,Christina Collins,john40@example.org,Female,New Allison,14/06/2025
5076,Ann Lang,lisagallegos@example.org,Female,Lake Stephanie,24/02/2025
6958,Andrew Moore,ejefferson@example.org,Other,New Emilyport,10/01/2024
7829,Tamara Wheeler,jacksonbrendan@example.org,Male,Pamelafurt,26/11/2024
5912,Kara Crawford,christina34@example.com,Female,Sherryfurt,8/01/2025
8279,Tiffany Francis,kimberlyreyes@example.net,Male,New Georgebury,21/12/2024
7064,Timothy Avery,butlerjeremy@example.org,Male,Andersonmouth,21/01/2025
6613,Kelly Hudson,david83@example.com,Male,New Bettyhaven,29/09/2025
3290,Amanda Jackson,keithdaniels@example.net,Female,Lake Davidview,20/07/2025
9389,Scott Hicks,bestjane@example.com,Male,Simonland,9/03/2024
9957,Troy Brennan,rcasey@example.org,Male,Hillborough,27/08/2024
6699,Amy Walker,george79@example.org,Other,North Erikaport,29/11/2024
5748,Lisa Hernandez,xking@example.org,Other,Jenniferchester,27/09/2024
5249,Kimberly Barton,qmartin@example.com,Other,North Pamelabury,7/03/2025
988,Jaime Thompson,alyssa78@example.com,Female,Lake Brendanbury,12/05/2024
9393,Matthew Garrett,lindsay12@example.net,Female,Lake Joseph,23/06/2025
5599,Christopher Perez,amandagonzalez@example.com,Other,Goodmanbury,24/09/2025
6428,Julie Perez,eric70@example.com,Other,Taylorfort,15/07/2024
2574,Robert Williams,julielewis@example.com,Female,Jasonview,21/09/2024
4247,Stephen Russell,mmccann@example.net,Other,Daniellebury,29/06/2025
5537,Denise Knight,nnichols@example.com,Female,Lake Luisport,19/08/2025
6639,Stephanie Alvarez,denise57@example.org,Other,Colemanland,13/05/2025
2932,Shawn Alvarado,travisbonnie@example.com,Other,Huanghaven,4/05/2024
7558,Mary Miller,tanyamason@example.org,Other,Port Matthewberg,1/06/2024
9504,Michael Wyatt,lisaoliver@example.net,Other,South Seanstad,8/12/2024
9061,William Anderson,damon89@example.com,Other,Rileyside,7/06/2025
3705,Katherine Gaines,vphillips@example.com,Other,South Daniel,9/08/2025
6792,Denise Suarez,ricky06@example.net,Other,South Michaelland,9/02/2025
7405,Erik Reynolds,melissasmith@example.net,Female,Lamchester,11/10/2024
4280,Debra Dunn,rebecca75@example.org,Male,New David,10/11/2024
6355,Erik Miller,kevintran@example.com,Male,Bowmanport,29/10/2025
9573,Michael Robinson,thompsonchristopher@example.com,Male,New Michelle,18/08/2025
7412,Amanda Smith,douglasmichael@example.org,Male,Randallside,8/07/2025
9076,Alexis Calhoun,wilkersonchristopher@example.net,Male,Boydland,4/05/2025
593,Amanda Mendoza,chavezjohn@example.net,Male,Lake Jessicaborough,23/01/2024
8941,Patricia Jones,dawn48@example.com,Male,Williamport,10/10/2024
908,Jennifer Valenzuela,hjackson@example.org,Male,West Michaelmouth,14/04/2025
5415,Eric Johnson,marksveronica@example.net,Male,Phamview,1/11/2024
4996,Amy Wade,doris13@example.net,Female,Heatherfort,24/08/2024
2386,Elizabeth Dickson,tcosta@example.com,Female,Brianburgh,21/09/2025
6664,Frank Glover,sandra41@example.org,Male,Jeffreytown,21/04/2025
8822,Cynthia George,aandrews@example.org,Other,Toddport,23/04/2024
8467,Tina Moreno,randallrodriguez@example.com,Male,Laurenbury,1/08/2024
4586,Gregory Wagner,mbaker@example.net,Other,West Tinahaven,1/09/2025
7187,James Sanchez,russellnicole@example.org,Other,Deborahberg,20/07/2024
2027,Jessica Wright,wilsonrichard@example.com,Other,Smithbury,26/02/2024
2900,Yvonne Thompson,jrobinson@example.com,Female,Taylorside,19/09/2025
3738,Jennifer Davis,phillipsandrea@example.net,Female,Johnmouth,28/05/2025
3835,Brian Elliott,owilson@example.net,Male,North Katherine,26/01/2024
8027,Charles Castillo,garciaerika@example.org,Other,North Janiceborough,4/03/2024
5386,Emily Parker,sbradford@example.org,Other,North Kimberly,24/12/2024
6768,Sandra Ford,jmontgomery@example.net,Other,Robertfort,20/03/2025
7536,Travis Mcdonald,reedkevin@example.com,Male,Lake Lisa,2/10/2025
4733,Michele Soto,anthonymendez@example.org,Other,Gregoryburgh,13/08/2024
6668,Michael Holt,cbautista@example.com,Male,North Franciscotown,6/04/2025
1933,Carolyn White,palmerwilliam@example.org,Female,West Laurafort,22/12/2024
6986,Sally Smith,heather35@example.net,Female,West Grace,29/08/2024
9113,Joshua Key,ebailey@example.com,Male,Jonestown,17/05/2024
730,Michelle Mann,ann18@example.org,Other,New Amber,17/03/2025
2246,Thomas Washington,rtaylor@example.com,Female,New Joseph,17/07/2025
8053,Richard Cole,christopherjohnson@example.com,Female,Webbberg,30/11/2024
1764,Cody Smith,duncandawn@example.com,Female,West Johnside,14/08/2024
4447,Claudia Simon,petersonkathryn@example.net,Other,Matthewfort,6/09/2024
9093,Denise Crawford,fsnyder@example.com,Other,Jenniferhaven,2/08/2025
9746,Anthony Jones,nathanlee@example.org,Other,Port Brianna,12/02/2024
5000,Elaine Roberts,sandra86@example.org,Male,Amytown,6/09/2025
9158,Mitchell Dominguez,duncanlisa@example.org,Male,Port Jasminemouth,2/06/2025
9375,Kathryn Coleman,williamssamantha@example.net,Female,Mullinsport,31/08/2025
2104,Christine Taylor,mary11@example.net,Female,South Melissa,17/05/2024
7535,David Greene,bradleyabbott@example.com,Other,Halebury,8/06/2025
6110,Lisa Roberts,ecortez@example.net,Other,South Justinmouth,31/12/2024
1874,Drew Bennett,rshelton@example.com,Female,Hornborough,16/07/2024
9684,Johnny Collier,rmartinez@example.net,Female,New Emilymouth,20/07/2024
5731,Rebecca Cole,donald79@example.org,Male,Jimport,21/09/2024
6521,Jacqueline Bray,obaldwin@example.com,Male,Port Eric,29/06/2025
6466,Ashley Miller,rperry@example.org,Female,Robinsontown,26/10/2024
2663,Benjamin Garcia,bentleysteve@example.net,Other,Autumnfort,26/03/2025
5953,Virginia Martin,alan64@example.com,Male,Lake Wendyfort,29/09/2024
1038,Carrie Zamora,david67@example.net,Female,Lake Chaseview,2/08/2024
4009,Nicole Jenkins,natalie70@example.com,Other,West Bryan,31/10/2025
7463,Kevin Conley,colemanjennifer@example.org,Male,Wilsonborough,21/09/2024
928,Laura Woods,robertsedward@example.com,Other,Lake Christopherbury,17/01/2024
2327,Andrew Kemp,kdennis@example.org,Other,East Tiffanyport,10/09/2025
1534,Brenda Avila,ulee@example.org,Male,New Carolyn,27/07/2025
9533,Rachel Gibson,ahunt@example.net,Female,Hayesmouth,19/10/2024
3585,Gabriella Carr,elizabethburke@example.org,Female,South Michael,17/05/2024
7593,Ernest Larsen,benjamin06@example.net,Male,North Matthew,15/02/2025
5776,Edward George,shirleyorr@example.org,Male,North Madisonchester,7/05/2025
7065,Cameron Williams,lmendoza@example.com,Other,Hamiltonview,17/12/2024
9252,Desiree Wood,madisonmcfarland@example.com,Male,Wellsland,24/04/2024
7003,Justin Williams,brownsydney@example.com,Female,Sarahmouth,6/01/2025
9620,Timothy Woodard,edwin48@example.net,Other,South Juanton,22/02/2024
2697,Albert Ramirez,mark97@example.net,Male,Port Christopher,9/08/2025
6554,Veronica Elliott,zmurphy@example.org,Female,Reedfort,22/08/2024
3389,Tammy Ramirez,natasharodriguez@example.net,Male,Michaelhaven,5/02/2024
1856,Penny Carroll,patrick90@example.org,Other,Lake Elainefort,1/05/2025
9535,Glenn Castillo,jdillon@example.org,Other,East Melinda,19/09/2025
990,Craig Gross,tyler23@example.com,Other,Janiceport,25/09/2024
6252,Sandra White,dprice@example.net,Female,Ryanmouth,5/03/2025
5589,Amber Mcfarland,ojoyce@example.com,Other,Kochport,18/06/2024
3149,Joshua Decker,oedwards@example.net,Female,Marvintown,17/01/2025
3354,Kevin Campbell,williamsalan@example.net,Female,South Kenneth,16/06/2024
6984,Andrew Curry,ahardin@example.org,Female,New Chase,10/07/2025
4211,Jacob Schaefer,krogers@example.org,Male,Port Maryhaven,8/01/2024
4548,Kenneth Sanchez,jamespreston@example.org,Male,Marcustown,8/09/2025
3393,Timothy Lopez,moorejohn@example.org,Female,Stephenhaven,23/09/2024
8295,Gerald Phillips,baileywendy@example.net,Female,West Clarenceburgh,27/04/2024
7227,James Potter,laura22@example.org,Male,Jaimeside,26/08/2024
7996,Michael Scott,vargassarah@example.net,Male,East Shannon,5/02/2025
2925,Dennis Rogers,kenneth29@example.net,Female,Morseside,29/03/2025
1339,Amy Davis,shanewilson@example.com,Other,East Brian,20/04/2025
4709,Stacy Brown,samanthahawkins@example.com,Female,Browningberg,7/01/2025
3231,Teresa Diaz,autumnhall@example.net,Other,North Crystal,8/07/2025
7300,Katie Ruiz,loriparker@example.net,Female,Masonfurt,12/09/2025
8139,Kathleen Barrera,amyholmes@example.net,Other,Reyesberg,31/12/2024
6382,Carol Zavala,lisa75@example.org,Male,New Heather,4/08/2025
7230,Grace Wallace,clarkteresa@example.net,Female,Carlchester,8/01/2025
647,Emily Rogers,garrett45@example.com,Male,South Cynthia,9/03/2024
4330,Andrew Perez,raymondmurray@example.net,Male,Cynthiaview,3/11/2024
6219,Richard Chambers,natasha63@example.org,Other,Smithland,21/09/2025
4561,Jason Allen,sextontristan@example.org,Female,North Jill,9/09/2025
6092,Alex Patterson,danielmartinez@example.net,Other,South Donald,22/03/2025
435,Jose Adams,michael76@example.org,Female,Haynesstad,8/05/2024
2334,Thomas Wade,ndouglas@example.net,Other,Amandaville,4/07/2024
1894,Amy Lopez,smithcrystal@example.com,Other,West John,18/08/2024
3438,Chad Anderson,walkersamantha@example.net,Other,East Valeriestad,23/07/2025
5757,Justin Ewing,aguilarheather@example.org,Female,Mannville,14/02/2025
9242,Peter Hurley,allendavid@example.net,Male,Christopherside,16/01/2025
913,Teresa Guzman,devon36@example.com,Other,Ryanfort,25/11/2024
5672,David Doyle,cbanks@example.com,Other,Lisaport,25/06/2025
6191,Troy Smith,melissa64@example.com,Other,East Melissaborough,23/06/2025
5017,Melissa Carter,franklinmelissa@example.net,Male,South Michael,19/03/2024
9149,Michael Weber,slee@example.org,Female,Karatown,25/10/2025
4334,Jose Reed,yballard@example.net,Female,South Jasonberg,27/08/2024
6388,Robert Reed,nneal@example.com,Male,Lozanomouth,11/08/2025
9137,Cheryl Cohen,franktimothy@example.net,Female,Port William,23/10/2024
5310,Ruth Graves,griffinaaron@example.net,Female,Lake Staceyview,12/01/2024
4241,Stephanie Davis,parmstrong@example.net,Male,Johnchester,2/11/2024
9686,Samuel Smith,rodriguezkristen@example.net,Female,Burgessport,3/05/2024
7946,Meghan Mccall,mistyarnold@example.net,Male,Williamfort,2/05/2025
1964,Michele Mays,uhubbard@example.com,Male,Port Jasminemouth,2/01/2025
9648,Richard Washington,deanjustin@example.net,Female,East Natalie,7/08/2025
4114,Robert Rivera,rbrown@example.org,Male,West Christopher,31/03/2025
3686,Julie Nelson,cwood@example.org,Male,Port Michelle,4/01/2024
1935,Ricky Decker,saradaniel@example.com,Other,North Williamville,17/04/2025
9726,Kelly Thompson,xdavis@example.org,Other,Kevinfurt,22/09/2024
2379,Karen Maddox,combsbrenda@example.net,Male,West Amandastad,14/07/2025
4479,Tyler Black,ggibson@example.org,Female,South Aaronberg,3/12/2024
4362,Zachary Wilson,davidbryant@example.org,Other,Nicholsbury,31/12/2024
4257,Brittney Hardin,delacruzmelanie@example.net,Other,New Krystal,24/02/2025
4770,Kathryn Roberts,kristin42@example.net,Male,South Marychester,26/03/2025
1917,James Gonzales,ryan90@example.net,Other,Sloantown,8/06/2025
110,Claudia Richards,oscar98@example.com,Female,Wagnerchester,27/03/2024
8818,Scott Mckenzie,henry49@example.com,Male,West Emilyview,13/12/2024
4042,Chad Walker,sprice@example.org,Other,Evanschester,7/11/2025
2516,Melissa Woods,madeline02@example.net,Male,East Grace,7/01/2025
7425,Teresa Cochran,austinbowman@example.com,Other,Gregorymouth,29/06/2024
1614,Craig Simmons,diane91@example.net,Male,Joelside,27/04/2024
5476,Sarah Combs,gdawson@example.net,Other,New Richardland,11/11/2025
1361,Robert Rodriguez,stonebarbara@example.com,Male,Lake Jeremy,25/02/2024
9577,Robert Riley,georgechambers@example.org,Female,Butlerland,2/06/2024
1584,Ashley Johnson,jacksonrachel@example.org,Female,Melissaview,13/04/2025
1215,Steven Perry,mtaylor@example.net,Other,West Thomasview,24/10/2025
8373,Scott Gutierrez,ryan62@example.net,Female,East Matthewfurt,8/03/2024
9351,Martin Lewis,curtismyers@example.com,Male,Edwardsville,22/04/2024
8579,Douglas Davis,ann85@example.org,Male,New Cynthia,7/10/2025
8023,Ruben Chang,bmiller@example.net,Female,Fostershire,10/03/2024
6153,Mark Mendoza,zoe28@example.org,Female,Sarahbury,3/03/2024
9520,Sandra Mccarthy,wrandall@example.com,Female,Port Shirleytown,25/08/2025
382,Ashley Howard,alicia28@example.org,Male,South Amy,1/12/2024
2329,Cynthia Price,maxwell63@example.org,Female,South Dillonshire,9/11/2025
3076,Donald Farmer,barbara22@example.org,Other,Blaketon,21/05/2024
693,Ian Long,butlerjanet@example.com,Female,Toddmouth,2/05/2024
9072,Larry Lindsey,lewisrichard@example.com,Male,Lake Richardshire,21/01/2024
2950,Lisa Livingston,collinsfrank@example.com,Female,Port Jessicaberg,12/07/2025
7225,Gabriela Palmer,morrowashley@example.net,Male,Davidtown,1/07/2024
2309,Andrew Bird,pcoleman@example.org,Other,East Derek,22/01/2025
2672,Jessica Pacheco,jasmine12@example.net,Female,Pattersonshire,11/06/2024
1197,Julie Johnson,mayronald@example.com,Other,Port Allisonhaven,23/06/2024
995,Jessica Fritz,elizabeth45@example.com,Male,Port Michaelmouth,5/11/2024
3183,Jeanette Phillips,brenda15@example.net,Male,New Ashleyview,11/01/2024
8866,Christopher Black,tiffanymccarthy@example.org,Male,Elizabethtown,17/06/2024
1595,Dawn Rodriguez,johnsonmichael@example.com,Other,Gilbertville,21/04/2025
4698,Donald Matthews,christopher39@example.org,Female,East Brendastad,20/01/2025
7722,Kylie Shaw,smunoz@example.com,Other,Laurachester,4/11/2024
3467,Kevin Williams,heatheryoung@example.org,Female,New Anthony,6/06/2024
3094,Alexa Nelson,mwalter@example.net,Other,Webbton,29/07/2024
4099,Troy Murphy,christinehowell@example.org,Other,Knightville,19/12/2024
7288,Katherine Clark,lucasmoyer@example.net,Other,Christopherville,13/03/2025
7696,Michelle Moore,mcintoshmartin@example.com,Other,East Toddport,20/12/2024
7621,Sara Hughes,riveratonya@example.net,Female,Amyberg,21/08/2025
4155,Mitchell Horn,xburgess@example.org,Other,Katieport,13/02/2024
4159,Maria Chavez,megan76@example.com,Male,Martinburgh,23/09/2024
7113,Theresa Wilson,jeremyfuentes@example.com,Male,Wilsonberg,8/05/2024
9865,Tina Morgan,smithrebecca@example.org,Other,West Lisafort,13/10/2025
844,Sarah Walker,leblanckimberly@example.com,Female,Evansburgh,3/08/2025
5135,Michelle Garcia,morajames@example.com,Female,South Samanthaland,4/05/2025
8634,Luis Gray,zcalhoun@example.com,Female,Robertville,18/10/2025
1213,Regina Baker,anthony05@example.org,Male,Johnsonberg,3/03/2025
4538,Timothy Hahn,petersonrichard@example.com,Other,North Joy,7/11/2024
9906,Wendy Nichols,williamgreen@example.net,Female,South Christina,2/01/2024
8286,Debra Chapman,tmayo@example.org,Female,New Michael,1/04/2025
7492,Jennifer Morris,nicole09@example.org,Other,Jermainefurt,13/02/2025
9835,Jose Holland,huangryan@example.com,Male,Port Juan,10/02/2025
9372,Alex Jenkins,jenna62@example.com,Other,West Ralphhaven,22/02/2024
1284,Lonnie Rodriguez,ortizamanda@example.net,Other,Lake Sarah,9/01/2025
1086,Eric Nichols,kellymartin@example.com,Female,Robertside,15/05/2024
5220,Richard Hopkins,deborah86@example.org,Female,Rachelview,18/12/2024
9818,Fernando Clark,conniehumphrey@example.org,Female,Colemantown,24/03/2025
1051,Troy Perez,dylanwilliamson@example.org,Other,North Diamond,26/06/2024
1020,Sara Rowe,david59@example.net,Male,Breannafurt,29/01/2025
4850,Charles Howard,zhutchinson@example.com,Male,New Kimberlyfurt,19/04/2024
6705,Corey Martinez,rodgerssara@example.org,Male,Grahammouth,28/07/2024
6147,Nathan Douglas,hbrown@example.net,Other,South Jonathan,1/01/2024
9607,Jenna Yu,robleserica@example.com,Male,Anthonyside,13/04/2025
6875,Benjamin Long,mbrown@example.com,Other,Joneschester,11/06/2024
5921,Stanley Wood,mullennathan@example.net,Female,South Peterstad,29/07/2025
6158,James Wang,deborahbarnett@example.org,Other,Andersonberg,27/04/2025
4267,Barry Rodriguez,leetina@example.com,Male,Greenville,19/12/2024
1337,Sara Taylor,millsshelby@example.org,Other,Port Michaelstad,5/12/2024
3857,Norman Brown,jjohnson@example.com,Other,Port Douglas,10/06/2024
8238,Brian Hahn,joannamccoy@example.com,Other,Oconnellland,5/04/2025
962,Shannon Martin,alejandro29@example.net,Other,North Theresastad,9/03/2025
8219,Olivia Nichols,smyers@example.com,Female,South Barryborough,9/04/2024
7184,Jacqueline Jones,davidmunoz@example.org,Male,Johnmouth,19/06/2024
3047,Stephen Mooney,fbutler@example.com,Female,Wrightside,2/10/2024
8164,Hannah Boyer,robert19@example.org,Male,North Hunterhaven,27/08/2024
6913,Sherry Cole,ljohnson@example.net,Other,Julietown,20/02/2025
8089,Matthew Pena,thomas95@example.net,Other,Santoston,15/03/2025
1405,Michael Adams,timothy23@example.net,Other,Port Barry,26/10/2024
5381,Debra Carter,tannerscott@example.net,Other,New Renee,6/02/2024
8003,Melinda Leon,josephalvarado@example.net,Female,North Brianmouth,12/11/2024
9540,Phillip Mcclain,franciscocole@example.net,Female,North Jodyfurt,16/04/2025
3263,Deanna Dixon,rebecca03@example.net,Female,Ginamouth,26/02/2024
6891,Mary Spencer,donnadavis@example.net,Other,New Gary,25/06/2025
2057,David Barry,ebowen@example.net,Female,South Paulatown,1/09/2024
9047,Cindy Singleton,christinaarnold@example.com,Female,North Wendy,30/12/2024
4031,Melinda Coleman,daniel30@example.net,Male,West Samanthaton,17/01/2024
182,Lee Thompson,amy49@example.com,Female,East Joshua,25/12/2024
6524,Charles Harmon,uthomas@example.com,Female,Grahamfort,25/09/2025
1120,Christopher Stewart,wangkristina@example.org,Male,Stevenbury,4/05/2024
627,Daniel Mcguire,harrisonrebekah@example.org,Male,West Elizabethville,30/01/2024
7900,Cody Lindsey,paulachen@example.com,Other,Goodmanborough,9/03/2024
6131,Ashley Moran,kmcdaniel@example.org,Female,South Sandra,17/02/2024
2825,Alyssa Taylor,andrewlewis@example.org,Male,Shortville,12/06/2025
6213,David Allison,chelseaharris@example.com,Male,Lopezbury,4/07/2024
9235,Kristen Mcknight,beverlycastaneda@example.org,Female,Lake Tanyafurt,19/04/2025
8508,Bill Sharp,idiaz@example.com,Female,Longfurt,7/01/2024
9441,Robert Ellis,jason14@example.org,Male,Port Angela,17/04/2024
6935,Samantha Gray,owalker@example.com,Female,South Jasmineport,24/09/2025
7214,Nicholas Ross,jennifersmith@example.com,Female,Parkermouth,9/08/2024
8325,Tina West,paulrobin@example.com,Other,Freemanside,22/08/2025
2307,Morgan Davila,renee05@example.org,Other,West Joyce,9/12/2024
9618,James Miller,antoniopetty@example.org,Other,Port Pamelastad,12/01/2024
6610,Bailey Ray,gabrielle50@example.org,Female,East Victoria,30/04/2025
4932,William Terry,hollysmith@example.net,Male,East Nicholas,15/02/2025
544,Julian Johnson,zpark@example.net,Female,Jenniferfurt,16/03/2024
8647,Jessica Parker,hrodriguez@example.com,Male,East Andrewview,23/02/2024
335,Matthew Hill,michelle44@example.org,Male,New Kathy,25/11/2024
9537,Marco Ruiz,monica76@example.net,Female,Garciaton,24/01/2025
8743,Matthew Holmes,luishahn@example.net,Male,Port James,26/10/2025
2217,Albert Chambers,lori15@example.com,Other,Davidfurt,31/08/2025
1604,Patrick Willis,sthomas@example.org,Other,Colemouth,24/12/2024
3612,Felicia Wolf,johndaniels@example.com,Female,Archerfurt,25/01/2024
5813,Hannah Nelson,anthony66@example.org,Female,Ashleyburgh,4/02/2025
6369,Kathleen Foster,ratkinson@example.com,Other,North Anna,19/02/2024
9477,Jared Taylor,pjohnson@example.net,Male,South Breannaborough,17/03/2024
2026,Corey Garcia,whiteeugene@example.com,Female,Jamesview,25/08/2024
8377,Randy Stephens,riversrandy@example.com,Other,Pierceburgh,29/11/2024
7568,Crystal Atkins,jacksonmisty@example.org,Female,Amberport,20/08/2025
3156,Rebecca Gonzalez,vbaker@example.net,Female,Port Brian,12/10/2025
3436,Sarah Garcia,maria33@example.net,Other,South Ericside,24/08/2024
7748,Andrew Richmond,riverajessica@example.com,Other,Vickistad,19/05/2025
3373,Cameron Chavez,ortegaashley@example.com,Female,South Cindybury,17/01/2025
7709,Lauren Sims,rebecca17@example.net,Other,New Angelamouth,18/03/2025
7417,Christy Sandoval,cynthia50@example.org,Other,West Andrew,12/07/2024
513,Holly Armstrong,tammycurry@example.com,Other,North Kaylamouth,28/03/2025
3024,Marcia Moreno,mackaaron@example.org,Other,Lake Victoria,2/10/2024
2442,Michele Vargas,vanessajimenez@example.org,Other,Aaronton,15/08/2024
3358,Christina Andersen,donaldchen@example.com,Other,Johnsonshire,24/07/2025
8217,Jessica Phillips,jacobmiller@example.org,Other,West Elaine,29/11/2024
3855,Joshua Mcclure,annastephens@example.org,Other,Toddview,16/03/2024
3825,Martin Banks,knappjeffrey@example.net,Male,Clarkborough,2/03/2025
2281,Wendy Perez,kevinbennett@example.net,Female,Caseystad,15/03/2025
1942,Judy Kirby,whitecharles@example.net,Other,Simonland,8/10/2025
1307,Andrea Burns,christopher71@example.net,Other,Michelleville,6/05/2025
8883,Angela Le,jaredjackson@example.net,Male,Lake Jacobhaven,15/04/2025
8440,Vanessa Hunt,tjohnson@example.com,Female,West Amandahaven,25/11/2024
9266,Aaron Braun,davisjohn@example.org,Female,West Michael,20/07/2024
1237,Troy Garza,dalton78@example.net,Female,Obrienfurt,15/06/2024
7898,Steven Jackson,elijah18@example.org,Female,Rubioshire,19/02/2025
9786,Keith Medina,michelle31@example.net,Male,West Heather,17/11/2024
9308,James Quinn,nrios@example.org,Female,Lake Samantha,7/02/2024
1928,Darrell Shaw,frichardson@example.com,Male,North Matthewton,10/03/2024
6347,Lee Kim,lawrenceperkins@example.org,Other,New Rogerhaven,15/03/2024
682,Justin Conley,anna93@example.net,Female,New Katieburgh,19/05/2024
6942,Ryan Holmes,jasonorozco@example.net,Female,Webbchester,16/01/2025
285,Amy Flynn,adamortiz@example.org,Male,Cynthiatown,16/05/2025
3889,Emily Hayes,mercedesortega@example.net,Male,South Franciscobury,18/03/2024
4525,Robert Dixon,rebeccarhodes@example.net,Female,Calderonmouth,16/04/2024
8551,April Thomas,elizabeth05@example.org,Male,Josephborough,16/02/2024
8847,Stacey Harrington,khamilton@example.org,Female,Ethanbury,1/07/2025
6337,Margaret Miller,thomastina@example.org,Other,Lindsayfurt,2/01/2025
8356,Beth Clark,larry32@example.com,Male,Escobarhaven,11/12/2024
5795,Jocelyn Williams,wmcintosh@example.net,Other,Lucasport,27/03/2024
1890,Kevin Brown,frank48@example.org,Other,West Jessicahaven,5/05/2024
3926,Lawrence Johnson,akhan@example.org,Female,Robinstad,30/07/2025
267,Robert Anderson,perezchristopher@example.org,Male,West Michaelport,6/11/2025
9590,Gene Huerta,howarderica@example.org,Other,South Mary,27/09/2025
137,Kristen Young,kylestokes@example.com,Female,West Erika,29/05/2025
3846,Jacob Parker,dianelewis@example.net,Female,Lake Kristaberg,13/04/2024
1459,Joshua Miller,gomezpaul@example.org,Male,Jessicaland,1/04/2025
5212,William Espinoza,melissa84@example.org,Female,East Stephanie,29/02/2024
6077,Steven Wright,elizabethspencer@example.net,Female,Clarkside,5/10/2025
4804,Cassandra Patel,enelson@example.org,Female,Williamsborough,7/09/2024
9936,Joseph King,wpatel@example.com,Female,Smithtown,29/02/2024
4745,Austin Brooks,cookolivia@example.net,Other,New Jamiestad,9/08/2024
4235,Jesus Chandler,pamelamartin@example.com,Other,New Charlesstad,19/05/2024
8524,Gerald Kane,johnnyli@example.net,Other,Port Timothyburgh,22/10/2024
1518,Donald Ross,jessica89@example.net,Male,Rickeyburgh,5/04/2025
947,Kurt Fuentes,lyonsdeborah@example.com,Female,Jenkinsstad,25/07/2024
1467,Richard Johnson,mark12@example.net,Male,West Danielview,20/05/2025
9981,Courtney Juarez,steve08@example.org,Female,Gabriellastad,16/02/2024
9868,Kylie Cole,browncassandra@example.org,Male,Simonmouth,9/05/2025
9096,Joseph Meyer,turnerashley@example.com,Other,South Nicholas,29/02/2024
8990,Margaret Hunt,dyerryan@example.com,Male,Crawfordtown,11/04/2025
2627,Donna Watkins,michaelalvarado@example.net,Female,Port Norma,16/09/2024
2388,Brian Bates,moorejohn@example.net,Male,South Timothyside,22/11/2024
1931,Beverly Park,sgonzalez@example.net,Female,North Mathew,22/03/2024
9117,Jacob Adams,wuisaiah@example.com,Female,Lake Geneton,20/04/2025
5241,Shane Griffin,jose60@example.net,Male,Ericmouth,12/07/2025
5860,Dawn Lindsey,mark29@example.com,Male,Richardborough,27/06/2024
9367,Kimberly Bradley,diana13@example.net,Male,Colleenstad,16/04/2025
3229,Brian Gibson,daniel05@example.net,Other,Pierceton,19/11/2024
7338,Erik Gomez,cbennett@example.com,Female,North Maryville,12/04/2024
2753,Jon Schultz,james72@example.org,Other,East Michael,21/11/2024
1712,Nicolas Williams,romerocrystal@example.net,Female,Espinozaville,11/11/2024
6632,Jim Crawford,jbuchanan@example.net,Male,Kimberlyfurt,8/08/2025
4022,Sara Montgomery,stewartpeter@example.com,Male,South Janetberg,8/09/2025
6845,Steven Lee,barry32@example.net,Male,Michaelside,12/08/2025
3218,Diane Ballard,gbrooks@example.org,Male,West Natasha,3/04/2025
5802,Michael Russo,mgreer@example.net,Female,Toddborough,30/04/2025
2163,Jennifer Acevedo,joyce30@example.com,Other,East Kevintown,28/07/2025
1670,Traci Foster,vickimullins@example.com,Male,South Andrewland,25/10/2024
6443,Jose Cooper,boydstephanie@example.org,Other,Reyesbury,28/02/2025
7790,Michael Steele,bmartinez@example.net,Female,East Donnahaven,25/10/2024
6932,Perry Cohen,jvalencia@example.com,Other,Ryanburgh,22/08/2024
9328,Juan Smith,troygilbert@example.org,Other,Alexanderville,20/04/2025
4654,Tracy Robles,jwhite@example.org,Male,Wendybury,3/04/2024
5701,James Smith,evanslisa@example.net,Male,Shelleyshire,15/07/2024
2151,Aaron Hull,john52@example.net,Female,Bobbystad,4/06/2025
5881,Aaron Patterson,abigail54@example.com,Female,Lake Malikburgh,27/12/2024
9269,Jeffrey Alvarez,padillachristina@example.org,Female,East Bruceburgh,26/03/2024
8760,Randall Turner,stevensonmichael@example.org,Other,Diazhaven,10/08/2024
1550,Phyllis Choi,jarvisrachel@example.net,Male,Petersonside,20/07/2025
6464,Brandi Wiggins,john28@example.com,Female,Meaganland,18/07/2025
1541,Joseph Brady,wilsonkevin@example.net,Male,Port Allisonmouth,24/12/2024
2102,Robert Smith,maria09@example.com,Female,Leeland,28/01/2024
9584,Cindy Copeland,lewisrebecca@example.net,Female,North Matthewmouth,6/11/2024
7348,Angela Wilson,ideleon@example.org,Male,Craigside,22/01/2024
9992,Timothy Wells,devon49@example.org,Male,Port Christineshire,15/09/2024
1548,Stephen Butler,maygordon@example.org,Male,Annabury,13/03/2025
8960,Jacob Baird,fanderson@example.com,Female,Chadville,26/06/2024
7772,Patricia Floyd,fdavis@example.org,Female,Port Nicholas,12/01/2024
8433,Michael Rios,dominguezevan@example.com,Male,Clarkville,6/02/2024
8625,John Collier,ksmith@example.com,Other,Port Stephen,29/10/2024
8386,Megan Webster,xcopeland@example.net,Female,Steinland,8/10/2024
2264,Andrea Ramos,aliciacallahan@example.org,Other,Rossberg,11/12/2024
6637,Gary Vazquez,johnrobinson@example.com,Other,Devinberg,6/10/2025
1423,Yolanda Hernandez,trivera@example.com,Other,Douglasborough,12/12/2024
1159,Steven Mckenzie,lmoore@example.com,Other,Aaronmouth,4/12/2024
5545,Sheila Joseph,sullivantracy@example.net,Other,North Jessica,28/08/2024
5845,Tyler Colon,whogan@example.org,Other,Jerryshire,25/03/2025
490,Andrew Dillon,yhall@example.net,Male,West Toddside,14/08/2025
2090,Hayley Dalton,alejandro14@example.org,Male,North Bonnie,12/02/2024
6510,Paul Yates,blawrence@example.net,Female,Warrenfurt,8/11/2025
423,Jesse Jackson,warddiana@example.org,Other,West Kimberlystad,18/12/2024
984,Jeffery Cox,gparrish@example.org,Female,Lopezview,17/09/2025
4199,Samantha Taylor,lwatts@example.com,Female,South Crystal,17/10/2024
8097,Christopher Wiggins,dnelson@example.com,Female,Kimberlyside,25/05/2025
4098,Susan Crawford,scotttravis@example.com,Male,South Cassandra,14/04/2024
5218,Jasmin Benitez,wayne43@example.com,Female,North Brenda,13/08/2025
1249,Yesenia Lee,melaniecarpenter@example.net,Male,Francisstad,15/01/2025
5625,Connie Cummings,veronicabrown@example.org,Other,North Elizabeth,21/03/2025
6189,Justin Bolton,harrissarah@example.net,Other,South Emilystad,8/09/2024
11,Tasha Valencia,frazierdanny@example.net,Other,Kaylamouth,27/12/2024
909,Sandra Gillespie,munozgregory@example.net,Male,Carolchester,21/03/2024
306,Jessica Kim,lbanks@example.net,Other,Jeffreyshire,29/10/2025
5581,Kathy Stone,charles21@example.org,Other,West Ashley,12/07/2024
7200,Charles Torres,franklindavid@example.net,Female,East Lauren,3/01/2025
6125,Spencer Mclean,liudebra@example.net,Other,South Charlesbury,6/04/2025
3366,Jesse Miller,hannamichael@example.org,Other,New Jennifer,12/01/2025
4833,Tara Smith,kellyschmitt@example.net,Other,South Jason,26/02/2025
929,Lindsey Pena,victoriamason@example.net,Female,Sethberg,27/08/2025
8034,Thomas Ellis,alisonpowell@example.com,Other,Maynardchester,5/11/2024
7840,Juan Salazar,patrick47@example.org,Male,Michaelchester,11/09/2025
3805,Kelly Ferrell,wallacedonald@example.com,Other,New Patricia,14/04/2025
5826,Christopher Chapman,ashleystone@example.org,Other,Spearsland,16/07/2025
1377,Stacy Howard,phunter@example.org,Female,North Fernandoshire,28/06/2024
9781,Susan Jackson,pwaller@example.com,Female,Patriciabury,4/11/2025
7947,Christopher Williams,hancockconnie@example.org,Female,Port Sharon,23/06/2025
5092,John Lee,wendy74@example.net,Other,Brianport,8/02/2025
4510,David Wood,iward@example.net,Other,New Lisa,27/04/2025
4341,Timothy Clayton,awilson@example.com,Other,South Amandahaven,29/09/2025
4672,Jessica Peterson,thompsonwilliam@example.com,Other,Stevenside,8/02/2025
8573,Jasmine Schneider,donbradley@example.com,Female,Lake John,23/07/2024
2758,Jeffrey Barker,sarah19@example.net,Male,Rodriguezfort,4/05/2025
3178,Nicole Matthews,josephmoran@example.net,Male,Joelville,14/02/2025
7469,Laura Hunt,ashley62@example.com,Female,West Yolanda,7/08/2024
1009,Elizabeth Ford,fcombs@example.org,Female,Mariaville,27/03/2024
4644,Jimmy Bates,palmerjessica@example.org,Other,Dixonfurt,17/01/2025
3954,Mark Andrews,rose48@example.net,Male,Andrewtown,26/05/2025
9415,Kimberly Ward,michaelthompson@example.com,Male,East Michael,11/04/2024
4845,Kristine Cook,jefferyhughes@example.net,Other,East Kim,19/06/2024
8170,Anita Williams,taylorstanley@example.com,Other,North Brandon,17/01/2024
600,Shaun Mason,harrisonamanda@example.net,Other,Shannonstad,12/09/2024
1949,Karen Marshall,mackelizabeth@example.org,Female,Lake Ralph,28/05/2025
4233,Matthew Santos,parsonsdawn@example.net,Other,West Ashley,5/01/2024
7975,Kimberly Lester,angelascott@example.net,Male,New Jean,28/04/2025
754,Mark Brown,johnsonryan@example.org,Male,Marybury,14/05/2024
1396,John Robinson,sarah53@example.org,Female,New Breannabury,13/07/2024
7760,Robert Garcia,lisawashington@example.org,Other,West Eugenefurt,23/04/2025
1498,Ryan Watts,patelgabrielle@example.com,Other,North Kathyborough,24/07/2025
9083,Joe Torres,gary62@example.net,Other,Jenniferport,18/04/2025
2616,Jacob Love,riverawendy@example.net,Female,Lake Sarahhaven,20/07/2024
8260,Emily Cooke,smithlindsay@example.com,Female,Michaelport,21/10/2024
1235,Christopher Dennis,john76@example.com,Other,Lake Danielview,23/12/2024
3911,Susan Green,joshuathompson@example.net,Other,Lopezborough,23/04/2025
292,Jennifer Schmitt,rpalmer@example.com,Male,Loriburgh,11/04/2024
7138,Tamara Wood,grayashley@example.net,Male,Lake Justinview,21/09/2024
5577,Laura Bowman,richardwiggins@example.org,Other,Brianland,28/01/2025
9908,Amy Guzman,hayden69@example.org,Other,Patrickberg,16/08/2025
6313,Jonathan Padilla,frenchlouis@example.com,Female,North Ashleeside,26/07/2024
533,Christian Livingston,fbradley@example.net,Male,Davisport,7/07/2025
5126,Samantha Douglas,rodriguezkevin@example.com,Female,Cooktown,24/07/2025
2426,Kevin Rodriguez,adamstephens@example.org,Female,New Sabrinafort,10/09/2024
439,Thomas Soto,qgarner@example.com,Male,Annview,10/07/2025
709,Rhonda Moore,jean87@example.net,Female,East Deborahmouth,18/08/2025
8673,Vanessa Colon,christopherrusso@example.org,Male,New Jerryside,28/03/2024
2398,William Chapman,fredolsen@example.net,Other,Jeanville,27/12/2024
3083,Cynthia Duncan,ddalton@example.com,Other,Anthonyburgh,26/04/2025
6990,Emily Russell,katherinepatterson@example.com,Male,West Ashley,12/04/2024
2973,Darren Wilson,mejiachristine@example.net,Male,New Christopher,14/07/2025
6544,Brenda Bradshaw,acostasarah@example.org,Other,West Kristi,15/11/2024
8426,Kaitlyn Dunlap,norrischristopher@example.org,Male,Allisonstad,30/07/2024
1748,Kyle Johnson,prestoncory@example.org,Other,South Kimberlyfurt,6/03/2025
7346,Jennifer Williams,cathyturner@example.net,Other,Deannaside,5/11/2025
2689,Donald Wilson,piercewilliam@example.com,Female,Wyattberg,28/06/2025
5134,Frank Phillips,stephensstephanie@example.net,Other,Ramosshire,8/08/2024
5592,Kevin Gray,sprice@example.com,Male,South James,10/10/2024
4818,Trevor Schmidt,hugheskimberly@example.org,Female,Lake Jessica,24/05/2024
74,Samuel George,mnavarro@example.com,Male,North Jeremyshire,4/01/2025
3186,Sergio Huff,rpeck@example.com,Female,West Justin,13/08/2024
9634,David Riley,katherinephillips@example.org,Female,East Andrew,26/05/2024
1015,James Castillo,elizabeth97@example.com,Other,Peterville,23/04/2025
8946,Jennifer Stevens,nelsonalexis@example.org,Other,Lynchview,25/09/2024
6183,Jose Garcia,bmartinez@example.com,Female,Mcdanielmouth,18/08/2025
5195,Brian Young,bradwillis@example.net,Male,Patrickton,28/03/2024
7351,Steven Martin,vmitchell@example.net,Female,Patrickborough,13/01/2025
6120,Kevin Miller,campbellsamuel@example.net,Male,Sharpville,4/06/2024
7626,Casey Lopez,fishermichael@example.com,Male,East Richardmouth,9/10/2024
4864,Matthew Allen,johnsonemily@example.org,Male,Joannaborough,11/06/2024
6776,Christopher Santiago,monicabonilla@example.org,Other,New Laurachester,28/09/2025
9509,Kathy Mitchell,erika43@example.com,Female,West Candace,14/11/2025
3176,Melissa Mahoney,lindseybrown@example.net,Male,Port Heathershire,12/11/2025
8575,Scott Davis,kblack@example.net,Male,Garrisonborough,20/02/2025
4458,Debra Johnson,john12@example.org,Male,Frankfurt,30/12/2024
1582,Virginia Johnson,erin06@example.net,Female,Lake Colleen,14/05/2024
2047,Lori Richards,hfoley@example.com,Other,Wrightmouth,1/12/2024
7189,Andrew Clark,laurahart@example.com,Female,Vincentton,16/10/2024
1500,Brooke Guerrero,stephaniecoleman@example.net,Other,Ramirezview,20/07/2025
7636,Lisa Ferguson,kimberly51@example.com,Female,Lake Brittany,24/01/2024
1611,Melissa Harmon,jyoder@example.org,Other,South Brianburgh,12/07/2025
3302,Taylor Bond,simpsonnicholas@example.net,Female,Ashleyshire,5/01/2024
4353,Jorge Padilla,ghughes@example.net,Male,Mcgeebury,9/09/2025
5211,Amanda Hill,oherrera@example.com,Female,North Elizabethside,31/03/2025
7030,Monique Rodriguez,asalas@example.com,Female,Chloeside,20/02/2024
7373,Melinda Horton,diazsandra@example.com,Female,Lake David,20/10/2025
4866,Larry Schmidt,hroman@example.org,Female,Lake Lisaland,2/09/2024
207,Adriana Gutierrez,bruce92@example.net,Female,Peterston,5/11/2025
1872,Michael Matthews,heather29@example.com,Other,South Curtisburgh,13/02/2025
2133,Jacqueline Church,kendrahall@example.org,Other,Mclaughlintown,15/04/2024
4229,Rachel Smith,wulaura@example.com,Female,New Gabrielaton,3/10/2024
9036,Alexander Bailey,pscott@example.net,Other,Nicoletown,3/08/2024
2572,Belinda Burke,rasmussencheryl@example.org,Female,Port Kellyhaven,27/10/2024
7186,Dominic Brooks,glennwhite@example.org,Male,Cynthiafort,5/10/2024
4620,Stephen Bennett,jenniferfinley@example.net,Male,Lake Joshuamouth,4/10/2024
7252,Tammy Fox,roberthenderson@example.org,Other,Wilsonton,27/06/2024
2540,Roy Stanley,nicole98@example.com,Other,Lake Joshua,21/03/2025
4240,Deborah Murphy,shellycowan@example.net,Female,Port Ivan,31/05/2024
6273,Anthony Bush,gkey@example.org,Female,New Andrewville,26/10/2024
5486,Sharon Mccoy,everettlindsay@example.com,Other,Morrisview,9/12/2024
1222,Diana Robertson,matthew24@example.com,Female,Ingrammouth,24/05/2025
1403,Rachel Gray,ryu@example.net,Other,Lake Heidi,4/05/2025
2666,John Suarez,jacqueline96@example.org,Male,Brownberg,28/11/2024
5663,Pamela Santos,wendysmith@example.com,Female,East Thomas,26/08/2024
5856,Monica Luna,jimenezaudrey@example.org,Other,North Melissaburgh,17/08/2024
1771,Kristi Boyd,rsharp@example.com,Female,South Danielville,14/09/2025
2043,Kelly Jones,smithroberta@example.net,Female,Burkeland,5/01/2025
3131,Dan Hines,slee@example.com,Female,Barbaraburgh,14/05/2024
8515,Summer Sampson,hayley88@example.com,Other,Trevormouth,23/10/2025
2024,Steven Smith,ohall@example.com,Female,Vincenthaven,29/12/2024
5379,Gregg Lewis,qgarcia@example.org,Other,Calderonbury,22/01/2024
3099,Katrina Lopez,robertsonnathan@example.com,Other,West Cheyennebury,14/08/2024
6154,Mary Joseph,gwendolyn19@example.net,Other,Acevedoside,10/03/2025
4696,Randall Rios,howelljustin@example.com,Female,Port Lauren,2/02/2025
924,Carrie Bradford,allenfrancisco@example.org,Other,East Carlaport,23/02/2024
8120,Cheryl Robinson,rhunt@example.org,Male,Brianland,15/02/2025
7994,Andrea George,bryanwilkinson@example.org,Female,New Janetmouth,29/01/2024
6144,Amanda Smith,jramirez@example.net,Male,New Stephanie,10/02/2024
5688,Michael Jimenez,evansjeffery@example.net,Female,East Karen,3/08/2025
3372,Tyler Ward,thomas10@example.com,Female,North Ann,28/05/2024
9816,Edward Wilson,jamesnorton@example.net,Female,Krausechester,31/01/2024
7285,Keith Steele,erin70@example.net,Other,West Davidstad,27/09/2024
7367,Lori Hebert,frank18@example.net,Female,Fosterland,3/11/2024
5275,Johnny Chase,shawnharrell@example.net,Female,South William,17/10/2025
7729,Gary Sanchez,elizabeth75@example.com,Other,Catherineberg,11/04/2025
5498,Monique Lee,seanlong@example.org,Female,Heatherchester,6/11/2024
3695,Barbara Mann,bgarcia@example.org,Other,Albertport,25/08/2025
333,Jenna Hill,dyork@example.com,Male,South Kevin,2/05/2025
7117,Christopher Bell,hallbrian@example.net,Female,Jennifershire,13/10/2025
4346,Michael Lucas,sheltonlaura@example.org,Male,Dawnville,26/08/2025
2806,Charles Rodriguez,ccollier@example.com,Female,East Sandraview,29/09/2025
2526,Bonnie Cole,stewartsarah@example.org,Female,South Davidview,3/09/2025
268,Kiara Mullins,darlenebyrd@example.org,Female,New Debramouth,3/04/2024
5414,Jennifer Becker,christophergreen@example.net,Other,Marciaview,18/04/2025
3387,Charles Walton,fosterlisa@example.com,Female,Davidsonchester,4/07/2024
1280,Marissa Lopez,allenchristina@example.com,Other,South Carla,5/06/2024
3104,Rachel Holmes,delgadosusan@example.net,Female,Hernandezport,14/08/2025
4430,Matthew Miller,brucetina@example.org,Female,Port Ericfurt,3/06/2025
5333,Matthew Phillips,marioperry@example.net,Male,Morganville,3/06/2025
6921,Vanessa Smith,jeffreylittle@example.org,Female,Johnfort,27/02/2024
2917,Karen Figueroa,awang@example.net,Male,Matthewland,16/10/2024
6715,Tina Keith,gfisher@example.org,Male,Davidbury,3/09/2025
6797,Barbara Barton,john42@example.net,Male,West Roberthaven,7/05/2025
7194,Lisa Kent,erin33@example.net,Male,Moniquefurt,13/11/2025
9912,Gabrielle Adkins,kentjose@example.com,Female,Ralphmouth,10/05/2024
2771,Paul Baker,acevedonicholas@example.net,Female,Coleland,24/02/2024
2573,Dylan Oneill,hstevens@example.com,Male,Williamsborough,11/08/2025
1545,Molly Douglas,amandadiaz@example.com,Other,East Mark,6/07/2025
1118,Joseph Thompson,hilljames@example.net,Female,Thompsontown,10/04/2024
6873,John Peterson,kcox@example.com,Male,New Travis,5/03/2024
4743,Emily Carter,gary04@example.org,Other,Lake Williamport,28/06/2024
876,Eric Martinez,xsmith@example.net,Female,Jeremyfurt,17/12/2024
6132,James Little,parrishjanet@example.com,Other,Lake Melissafort,5/04/2025
5234,Alexa Anderson,hbailey@example.net,Other,Nicholsshire,1/06/2024
6300,Gregory Fisher,nfreeman@example.net,Other,South Kimberly,18/07/2024
5350,Leonard Lewis,sydney28@example.net,Female,West Rodneyland,27/06/2025
6923,Alexis Fitzgerald,markellis@example.org,Female,Mckeefort,9/10/2024
1833,Patrick Parker,mckayemily@example.net,Other,Hunterville,6/03/2025
5543,Amanda Brown,evancortez@example.com,Other,East Codyton,8/07/2024
6945,Rachael Moreno,bsmith@example.org,Other,South Crystal,4/05/2025
1616,Robert Burns,fmclaughlin@example.org,Female,Port Phillip,29/07/2024
4720,Jason Smith,daniel03@example.net,Other,Andersonland,19/10/2025
3323,Catherine Miller,christinaday@example.org,Other,West Williambury,24/06/2025
4453,Gregory Turner,thomasdonna@example.com,Other,Kemphaven,20/05/2025
2291,Holly Robinson,jonesvanessa@example.net,Female,Stantonside,1/04/2024
8612,Jennifer Anderson,colemanashley@example.com,Female,Scottshire,19/06/2024
579,Mitchell Martin,sarawilliams@example.org,Other,Stricklandtown,24/04/2024
964,William Hernandez,danny30@example.com,Female,East Christopher,16/01/2024
680,Travis Dodson,isaacharrison@example.org,Female,Grahamfort,19/05/2025
5504,Bruce Mitchell,ledwards@example.com,Other,Jasminehaven,28/01/2024
3191,David Moore,travisfrazier@example.com,Other,Jamesland,13/09/2024
3528,Brenda Jacobs,stewartkelsey@example.org,Other,East Matthewchester,28/01/2024
1576,Amy Smith,davidsellers@example.com,Male,New Heatherbury,16/07/2024
2369,Douglas Perry,taylorjeffrey@example.org,Female,Jamesfurt,29/09/2024
6551,Johnny Hanson,eric05@example.net,Other,Lake Joycestad,29/04/2025
2538,Jose Scott,jenniferpeters@example.com,Other,North Lee,25/01/2025
3684,Jeremy Mccarthy,jason63@example.org,Female,Miguelfurt,14/11/2024
8559,Tina Drake,russelljoel@example.org,Male,Williamberg,9/03/2025
2971,Kimberly Harris,joyce34@example.net,Male,Thomasborough,15/10/2025
9175,Holly Hunter,igonzalez@example.com,Female,Lewisview,8/01/2025
277,Cheryl Brown,davidzimmerman@example.net,Female,East Tylerstad,20/03/2024
7039,John Lee,zstevenson@example.com,Male,Hernandezton,1/11/2025
3524,Thomas Wilkinson,johnanthony@example.com,Female,Lake Tinashire,10/01/2024
16,Debra Kim,omartinez@example.org,Female,Andrewside,11/11/2025
5339,Jenna Soto,vwoodard@example.com,Other,Hernandezborough,10/11/2025
7678,Derrick Hoover,john26@example.org,Other,Port Joshua,10/07/2025
8063,William Gomez,ygreen@example.com,Other,Lewischester,23/04/2024
1659,Briana Roberts,ochoamelissa@example.net,Other,Shannonport,10/12/2024
5972,Monica Campbell,hayley21@example.com,Other,Davistown,24/04/2025
4777,Joshua Garcia,thomas23@example.com,Other,North Sean,8/04/2025
9487,Peter Hart,dyerheather@example.net,Other,New Steve,1/04/2025
1027,Thomas Bell,lauriegonzales@example.net,Male,Sawyershire,25/01/2025
3484,Christopher Jennings,jason04@example.net,Female,West Latoyaland,27/01/2025
9298,Nathaniel Young,shill@example.net,Male,New Michelle,12/02/2024
1986,Jared White,leslie32@example.com,Male,Millermouth,26/02/2025
8549,Sean Guerra,amy87@example.org,Male,East Denise,29/04/2024
6036,Jessica Williams,hillrhonda@example.net,Female,West Jeffrey,27/03/2025
1305,Mason Johnson,navarroandrew@example.com,Other,South Norman,27/03/2025
2634,Denise Tyler,vcoleman@example.org,Other,Christiestad,27/07/2025
8327,Brenda Gamble,chasedaniel@example.net,Male,New Gregory,9/10/2024
3190,Mark Willis,rachel27@example.com,Other,Bakertown,21/03/2024
1022,Lindsey Oconnor,danielgilmore@example.net,Other,Camposchester,2/11/2025
2165,Deanna Wall,vphillips@example.net,Male,West Regina,4/01/2025
4372,Andrea Cruz,awhite@example.org,Male,New Alanshire,25/04/2024
8873,Daniel Morris,deleonteresa@example.com,Female,South Patricia,9/01/2025
8799,Alicia Jordan,mary68@example.org,Male,East Kelly,12/03/2025
9946,Damon Hogan,chris63@example.com,Male,West Mark,5/10/2024
9787,Margaret Brown,ggordon@example.org,Other,Courtneyborough,26/06/2025
6494,David Vaughn,brownashley@example.org,Male,South Margaretview,30/07/2024
2289,Pamela Perry,mstevens@example.net,Female,Fritzchester,20/03/2024
5573,Rose Roberts,imiller@example.org,Female,Collinsport,2/08/2025
9243,Jenny Wilson,dmercer@example.net,Female,Davenportshire,7/08/2025
7102,Lisa Bennett,cindycampbell@example.org,Female,South Edwardberg,28/09/2024
9435,Tara Porter,dcole@example.org,Other,Michellestad,12/04/2025
8909,David Davis,jballard@example.net,Other,Jamiemouth,28/08/2024
2045,Holly Powell,jerryparrish@example.net,Other,Jesseside,7/11/2025
1830,Christine Ford,ksullivan@example.net,Male,Lewisburgh,11/09/2025
2293,Richard Hill,jensenjason@example.com,Male,South Kevinfurt,7/07/2024
7294,Andrew Stewart,logannelson@example.org,Male,North William,13/02/2024
1335,Donald Decker,opierce@example.com,Female,Randallmouth,22/11/2024
3716,Alexis Christian,zachary99@example.org,Female,Melissahaven,6/01/2024
5158,Gregg Smith,ortegamaureen@example.com,Female,Richardberg,14/05/2025
9480,Gabrielle Serrano,rachelblackwell@example.net,Other,New Timothy,31/01/2025
2794,Darrell Russo,collinsshannon@example.net,Female,Robertshire,3/08/2024
5942,Jonathan Mcgrath,vaughankatrina@example.net,Female,North Jennifer,19/11/2024
733,Sarah Morgan,robertheath@example.com,Male,Scottville,2/12/2024
7598,Caitlin Graham,tbradley@example.net,Female,Jasonland,6/05/2024
1678,Stacey Gardner,hollyperkins@example.net,Female,Collinshaven,4/03/2025
5784,Michele Rodriguez,craigtimothy@example.org,Female,Benjaminchester,21/07/2024
1251,John Medina,colinlowery@example.net,Female,Nicholsville,5/11/2025
7192,James Stewart,vwells@example.org,Other,Pamelabury,3/10/2025
8955,Alexis Howard,richardsdiamond@example.net,Other,North Ellenport,14/06/2025
7639,Rachel Pruitt,williamsandrea@example.com,Other,Port Barbaramouth,28/09/2024
7588,Jorge Taylor,baldwinalexis@example.com,Female,New Cherylton,29/05/2025
4950,Allison Hill,mendezmadison@example.com,Female,East Donaldport,27/08/2024
5742,Nicole Roach,wattsthomas@example.org,Other,Port Kevinville,10/05/2024
9542,Lisa Wiggins,david60@example.com,Other,New Robin,17/01/2024
488,Ana Dean,heatherbarnett@example.com,Male,West Georgeport,28/05/2025
1898,Cynthia Ware,dthompson@example.org,Other,South Andrea,11/12/2024
2953,Peter Buchanan,norman04@example.com,Other,Juliechester,8/06/2024
5197,Howard Lamb,penny91@example.org,Other,Leeton,13/08/2025
1200,Katie Jordan,steven25@example.org,Female,Lake Barbara,29/05/2025
7424,Patrick Richards,josephmiller@example.com,Other,Patrickburgh,8/10/2024
2762,Keith Brown,wmason@example.net,Other,Larsonmouth,1/08/2024
4930,Isaac Wagner,stacy00@example.org,Male,Masonton,28/07/2024
7507,Lori Herrera,phillipsstephen@example.com,Other,East Annette,20/05/2025
1028,Kimberly Evans,jimenezbrett@example.net,Male,Andrewport,23/02/2024
9088,Amy Lee,kkent@example.com,Other,Davidfurt,20/10/2024
9507,Kimberly Sims,kmiller@example.net,Female,South Cathy,3/01/2024
1565,Patricia Gardner,joseph02@example.net,Other,Brandonfurt,2/11/2024
9,Anna Baker,zhurst@example.com,Other,East William,17/06/2024
1999,Amber Quinn,amy18@example.com,Other,Cookefurt,22/09/2024
3514,Jeffrey Ramirez,samanthahurst@example.org,Other,Susanside,29/06/2025
4970,Denise Brown,julie89@example.com,Male,Josephside,6/03/2024
3821,Justin Wood,wmoss@example.com,Other,North Richard,12/01/2024
2231,Vanessa Liu,reneevelasquez@example.net,Female,Sheilaport,22/05/2025
1233,David Paul,whernandez@example.net,Other,Nancyton,23/07/2024
7092,Parker Lyons,cooperjennifer@example.org,Female,New Billyshire,5/05/2024
6592,David Howard,morrisjeremy@example.com,Female,Michaelhaven,3/06/2025
8261,Victoria Steele,mikekim@example.com,Male,North Michaelport,4/10/2025
708,Sydney Campos,harringtonchelsea@example.org,Other,New Danielville,30/06/2025
2419,Daniel Carroll,yserrano@example.com,Other,Bethhaven,30/10/2025
9020,Connie Evans,jamesclark@example.net,Other,West Samuel,6/10/2024
7380,Eric Wilson,dmadden@example.org,Female,Stantonmouth,22/11/2024
1091,Tanya Johnston,fcarter@example.org,Male,Hoffmanfort,9/03/2024
8104,Sandra Calhoun,kerrcharles@example.net,Male,Thomasfort,17/09/2025
8668,Daniel Wilson,edwardmartinez@example.net,Male,Christopherstad,19/07/2025
1784,Judy Nicholson,harveyphilip@example.org,Other,Port Mistyville,30/07/2025
8944,Jay Williams,hmcmahon@example.com,Other,South Kevinville,15/04/2025
3973,Perry Duffy,bperkins@example.net,Other,Langmouth,5/02/2025
5444,Kathryn Castillo,perrysmith@example.org,Other,New Reneeland,21/01/2025
2233,Alicia Stout,jamiefox@example.net,Female,Brownside,13/06/2025
1841,Vanessa Castaneda,sabrina98@example.net,Male,Cherylstad,24/07/2024
2939,Kent Dean,snguyen@example.org,Female,East Courtneyside,21/04/2025
7655,Vincent Hardy,vincentsnyder@example.com,Other,West Kerri,15/07/2025
4214,Steven Morales,heatherpitts@example.net,Male,Lake Andretown,11/03/2025
4456,Jessica Walker,swalters@example.org,Male,Mirandaborough,4/07/2024
4315,Nicholas Mcdonald,rhondawest@example.net,Other,Kellymouth,9/04/2025
927,Terri Park,riverapeggy@example.net,Female,New Lindseyberg,11/05/2025
2989,Melissa Nguyen,ginapierce@example.com,Male,Michaelville,7/04/2024
8779,Anthony Kennedy,kyle64@example.org,Other,Port Johnhaven,25/12/2024
6028,Vanessa Munoz,simmonsstacy@example.com,Male,Port Tammyfort,31/07/2025
6271,Phillip Smith,nicole29@example.org,Male,Hughesburgh,26/10/2025
7574,Lisa Rodriguez,ashley43@example.com,Female,West Bryanbury,2/04/2025
3016,Thomas Clayton,zachary21@example.net,Female,Moyerhaven,12/10/2025
8635,James Bell,jonesjay@example.com,Female,East Beth,24/05/2024
6325,Rachel Berry,stevenruiz@example.net,Female,Davisstad,18/09/2025
8633,Alex Macias,crystal07@example.org,Female,Port Charlesville,4/07/2024
2889,Erika Jenkins,stoneheather@example.org,Male,Cunninghamberg,12/02/2024
2998,Michael Scott,pmason@example.com,Male,Sarabury,16/09/2024
2524,George Palmer,timothy83@example.org,Female,New Dannyshire,6/01/2025
2417,Sara Johnson,qtyler@example.org,Other,Merritthaven,3/03/2024
7852,Michele Smith,pdavis@example.org,Other,Lake Courtneychester,21/04/2025
5088,Katherine Huff,dalton44@example.net,Female,Morganview,7/07/2025
9797,Nancy Garcia,jamesstevens@example.com,Female,Catherinestad,14/03/2025
4153,Eric Bowman,yramsey@example.org,Other,West Michaelberg,22/08/2025
6690,Monica Smith,kellyskinner@example.net,Other,Port Danielle,16/05/2024
5974,Michael Gallagher,uperkins@example.net,Other,New Rebeccafort,11/05/2024
2845,Helen Gill,crystalnguyen@example.org,Female,Michaelland,1/12/2024
7198,Randall Clements,laurenberg@example.net,Female,Smithmouth,15/10/2024
8861,Jessica Townsend,hrios@example.com,Other,Stokesside,9/11/2025
7727,Kayla Rodriguez,jeffrey11@example.org,Other,Tuckerstad,12/08/2024
6418,Joshua Mcbride,patriciacox@example.com,Female,Karimouth,25/06/2024
951,Elizabeth Christian,jeffreygibson@example.com,Other,East Melissaville,5/07/2025
7612,Debra Bryan,xhall@example.org,Other,Dianeport,23/09/2024
3909,Natalie Hernandez,jasonsosa@example.org,Other,Peterfort,16/02/2025
7788,Justin Smith,james89@example.com,Female,Lake Kaitlin,19/04/2025
3799,Jimmy Pace,hamptonkathryn@example.com,Other,East Nathan,8/05/2024
7307,Glenn Duffy,vhanson@example.com,Female,Grayfort,3/12/2024
6386,James Owen,jamesnunez@example.com,Female,Littlebury,25/06/2025
6700,Matthew Williams,kathryn30@example.org,Female,North Rodneyfurt,24/10/2024
7112,Rachel Miller,benjaminbailey@example.org,Female,New Nathaniel,30/10/2025
9689,Danielle Farrell,andersonnathan@example.net,Female,Kimberlyburgh,28/09/2024
8456,Brenda Forbes,amber84@example.net,Female,Port Davidshire,29/01/2024
2958,Michelle Bennett,johncoleman@example.net,Female,West Patriciaside,7/12/2024
3868,Stephanie Orozco,xtownsend@example.com,Male,Lake Christopher,11/01/2025
6134,Alexander Stein,richardanderson@example.org,Male,North Chelsea,18/02/2024
9457,Todd Walker,richard18@example.net,Male,Michaelview,20/10/2025
9990,Brittany Weber,pmoses@example.net,Male,Lake Kaylastad,9/06/2025
6625,Tara Bryant,jacksonstephen@example.net,Male,Christinefort,11/02/2024
3194,Tara Lewis,laura76@example.com,Female,New Loristad,16/01/2025
1469,Robin Miller,rebecca41@example.com,Male,West Samanthachester,31/05/2025
1342,Billy Lawrence,jeromehenry@example.com,Female,New Nicolehaven,11/01/2025
4835,Christopher Clark,alexisrodriguez@example.net,Other,Colemouth,12/01/2024
6896,Laura Quinn,amberstark@example.net,Other,Cherrybury,28/01/2024
3839,Danny Robinson,qgrant@example.net,Male,Pooleberg,29/06/2025
9812,Dean Vincent,cforbes@example.org,Male,New Marie,2/08/2025
5186,Carrie Kim,halldaniel@example.net,Female,Mcbridefort,10/08/2024
9882,Katherine Moody,pamelanelson@example.com,Female,Mayborough,13/08/2025
4128,Christy Andersen,bmedina@example.org,Male,Downshaven,7/11/2024
7649,Micheal Woods,baileyolivia@example.net,Male,North Carmenmouth,14/10/2024
634,Leah Crosby,harry71@example.com,Other,Millsland,4/09/2025
4619,Julie Casey,lopezbrett@example.org,Male,South Kellyshire,15/04/2024
8709,Elizabeth Hutchinson,salazardiana@example.org,Female,Joshuabury,3/03/2024
2200,Christopher Grant,higginscaitlin@example.com,Male,Alyssaport,2/06/2024
5744,Kimberly Davis,vramirez@example.org,Other,East Donald,11/11/2024
1247,Jeffrey Mckenzie,amycontreras@example.com,Male,South Jeffreybury,9/08/2024
3764,Jill James,lukesmith@example.net,Female,Lake Brianfort,31/10/2024
5549,Debra Goodman,gabrielhurst@example.org,Female,Anthonyburgh,28/07/2025
3938,Tiffany Garcia,zryan@example.net,Other,Joshuachester,8/01/2024
5736,Amanda Beard,nhall@example.net,Male,Shelbyport,22/09/2024
4591,David Torres,kimberly72@example.net,Female,Lake Fernandoberg,26/11/2024
6722,Paul Aguilar,pwells@example.com,Female,Jacobberg,7/07/2025
8804,Jordan Montgomery,richarddebra@example.net,Female,South Johnton,16/09/2024
9025,Reginald Franklin,franklinjames@example.net,Female,Laurenburgh,2/07/2025
7688,Jason Barnett,wisejessica@example.net,Male,West Julie,25/05/2025
1646,Erica Griffin,fcarlson@example.org,Other,North Anna,10/08/2025
5306,Mark Nguyen,wgeorge@example.com,Female,South Beth,23/03/2025
7035,Dennis Pennington,crawfordkenneth@example.org,Male,East Aaronborough,12/08/2025
707,Victoria Glover,carrilloangela@example.org,Female,Lake Brentmouth,28/11/2024
7145,Brandy Chavez,maryporter@example.com,Male,Ponceborough,20/01/2025
7624,Devin Carr,xferguson@example.com,Male,Barnesstad,29/12/2024
3747,Alicia Mcguire,alewis@example.net,Other,Port Jeffreyshire,17/03/2025
1913,Amy Nelson,michael13@example.org,Other,Port Elizabeth,13/01/2024
3737,Pamela Henderson,qmoyer@example.com,Other,Brewerberg,11/03/2025
368,Daniel Carr,davidphelps@example.org,Female,Summersborough,8/05/2025
5708,Heather Daniel,cynthia10@example.com,Other,East Lisa,8/09/2025
3022,Ashley Richards,awade@example.net,Other,East Amberstad,4/10/2024
7524,Nicole Mejia,andrew64@example.org,Other,New Amber,31/08/2025
5924,Traci Vazquez,mark19@example.com,Male,Christopherport,19/02/2025
7009,Gabrielle Heath,greenechristian@example.com,Male,Elliotttown,29/08/2024
8808,Ashley Rodriguez,lisabailey@example.com,Male,Jonesport,29/02/2024
8290,James Haas,anna39@example.net,Male,Dennishaven,2/01/2024
2782,Catherine Gray,matthewchavez@example.com,Male,Brownburgh,9/03/2024
1034,Michael Woods,andrewbrown@example.org,Female,Flemingtown,3/06/2024
8368,Jason Anderson,jacksonashley@example.com,Male,Lake Gabriel,5/09/2025
2059,Jordan Reed,mcdanielsherry@example.net,Male,South James,15/06/2025
2242,Melanie Harris,bbarr@example.org,Female,Port Lucas,8/04/2024
8288,Brian Li,beniteztyler@example.net,Female,Harperfort,30/04/2025
6838,Dwayne Stephens,scotthowe@example.org,Other,Port Maria,5/11/2024
6004,Isaac Harper,sara12@example.net,Female,Phillipsport,3/09/2024
1770,Henry Reynolds,coreypope@example.net,Other,North Michael,11/01/2025
7684,Dawn Edwards,stephaniejohnson@example.org,Male,Matthewfurt,1/01/2024
1084,Garrett Harris,gouldchristina@example.com,Other,New Amber,26/01/2025
8059,Sara Morgan,michelle88@example.com,Female,North Rebecca,5/08/2025
8511,Michael Pratt,colleen20@example.net,Other,Fordmouth,14/06/2024
5687,Kevin Randall,christopher58@example.com,Female,Ortizburgh,2/05/2024
912,Susan Ramirez,morrisdavid@example.com,Female,Luischester,30/01/2025
2445,Natasha Horton,vanessaflores@example.com,Female,South Carmen,14/05/2025
4313,Cassandra Stone,flemingcharles@example.net,Other,Cervantesshire,14/12/2024
5569,Shane Hatfield,agonzalez@example.com,Male,New Christopherville,16/06/2025
849,Gary Brown,terri20@example.org,Female,Brittneyberg,9/04/2025
1484,Jimmy Tucker,valeriearnold@example.net,Male,North Joseph,12/01/2024
4857,Jeffrey Bauer,jessica14@example.org,Other,Port Rebecca,1/04/2024
8682,Samuel Blair,ohill@example.net,Female,Donnaton,9/01/2024
9449,Steven Harper,joel55@example.org,Male,East Edward,24/02/2024
6691,Jason Mcdaniel,mackthomas@example.net,Other,West Michael,6/07/2025
8950,Michael Parker,roblesgregory@example.com,Female,North Elizabeth,11/03/2025
1879,Michael Hernandez,zmiller@example.com,Female,East Lisaberg,19/04/2024
4534,Denise Wong,jeffrey29@example.net,Other,Roachbury,8/06/2024
4628,Kristy Williams,mking@example.com,Male,Lake Ricardo,28/05/2024
8145,Patricia Allen,daviddaniels@example.com,Male,Port Sarahberg,2/10/2024
3628,Michael Ramirez,shannon51@example.com,Other,Jenniferhaven,26/10/2025
2316,Ashley Walsh,gregory73@example.com,Male,Davenportland,8/07/2024
6542,Amber Cunningham,perezcarrie@example.com,Other,New Brianchester,3/07/2025
4126,Christina Wilcox,edwardroy@example.net,Female,North William,11/11/2024
1981,Julia Kennedy,riostyler@example.org,Female,North Lindaview,22/01/2025
4919,Carlos Campbell,sarahhendricks@example.net,Female,Lake Natasha,3/10/2024
2716,David Barron,fjohnson@example.net,Male,Annchester,29/03/2024
9479,Henry Armstrong,perry56@example.org,Female,Brandiberg,20/09/2025
6833,Spencer Wilson,rramirez@example.org,Male,Lake Ryan,10/08/2024
3916,Tracy Stevens,shawn38@example.net,Other,South Susanland,20/06/2025
1895,Jimmy Mckinney,angela26@example.net,Other,Lake Kimberly,28/12/2024
6404,Jason Holmes,craigmartin@example.net,Male,West Morganview,23/10/2025
8429,Rhonda Hoover,ljordan@example.net,Female,North Gregory,29/10/2024
6996,Steven Lucas,justin14@example.net,Other,East Joshua,3/08/2025
3345,Brian Johnson,gregorylevine@example.com,Male,Frankchester,2/02/2025
6599,Alexandra Johnson,moniquestokes@example.org,Male,New Sarahchester,31/08/2024
1333,Victoria Griffin,mpeters@example.com,Male,Danielview,14/06/2025
1813,Lisa Perez,patriciamorrison@example.org,Other,West Michaelfort,19/04/2025
6560,Justin Perry,tabbott@example.net,Female,Lake Julianmouth,28/01/2025
4981,Rebecca Medina,barajasmitchell@example.org,Female,South Amanda,6/01/2024
2584,Roberto Sanchez,robinhancock@example.org,Other,Jordanton,23/03/2025
9087,Jacob Palmer,vaughnsarah@example.net,Female,Andersonton,9/01/2025
266,Aaron Woods,brittneystone@example.com,Female,North Heatherville,26/04/2025
6339,Katherine Hamilton,datkinson@example.org,Female,Cooperhaven,12/03/2024
5824,Andrew Glover,torresjeremy@example.org,Other,New Lindsey,24/07/2025
2169,Alicia Armstrong,melissa04@example.org,Female,Travisville,9/03/2024
2001,Cody Khan,christopher98@example.net,Male,Heathermouth,26/02/2024
1421,Adriana Johnson,ncook@example.com,Other,Christyport,29/05/2024
9122,Christopher Bryant,suzanne87@example.org,Male,Claytonhaven,4/06/2024
359,Anthony Cohen,timothyfreeman@example.com,Female,Williamsview,2/09/2024
4732,Janet Fuentes,williamjohnson@example.com,Female,South Douglasmouth,30/05/2024
8681,Brian Orozco,hduke@example.net,Other,Bradville,21/09/2025
5659,Gary Saunders,michael63@example.com,Female,West Dannystad,18/11/2024
3488,William Morris,millerraven@example.com,Other,South Danielle,20/08/2024
4600,Renee Gilbert,victor05@example.net,Female,East Brandon,29/10/2024
761,Devin Williams,larrygraham@example.net,Male,Larryside,7/05/2024
9115,Douglas Thomas,mmedina@example.org,Other,Hartberg,11/01/2025
2744,Kathleen Jensen,ebuck@example.com,Female,West Johntown,4/06/2025
3921,Alexander Rose,anna78@example.org,Male,Williamsonville,19/06/2024
4551,Jesse Warner,mikegonzalez@example.org,Male,West Laurieborough,18/11/2024
7502,Walter Page,orozcocarlos@example.org,Other,South Nicole,16/11/2024
9429,Samantha Mcbride,hullvalerie@example.com,Male,New Patrickborough,29/09/2024
1600,Mckenzie Roberts,kevinmendez@example.org,Other,Port Heathermouth,22/06/2025
9128,Stephanie Holmes,rachaelstout@example.net,Other,Port Josephborough,16/09/2024
1829,Charles Camacho,hernandezcharles@example.org,Other,Port Jennifer,31/03/2025
9806,April Walker,reidpaula@example.com,Male,Bradleyside,1/10/2024
4348,Brittany Jones,wardtamara@example.net,Female,Gloriabury,18/08/2024
6371,Veronica Mendez,alvarezterri@example.com,Male,Lake Tonyaland,27/10/2025
5640,Daniel Turner,monicafletcher@example.com,Male,South Jenniferview,31/07/2024
9627,Charles Williamson,ashleyalexis@example.org,Female,West Dawnville,14/04/2024
6703,Andrew Gilbert,jennifermathis@example.net,Male,Patriciaside,21/07/2024
8601,Jennifer Cherry,castillodennis@example.com,Female,Danielview,2/03/2024
9923,Lisa Garrett,elizabeth72@example.net,Female,Cooktown,26/08/2025
9742,Alex Wilson,dawn30@example.org,Other,Lake Kristenchester,5/01/2024
8639,Monica Johnson,fclayton@example.org,Other,Port Benjamin,9/10/2024
2280,Anita Paul,taylormaria@example.com,Female,Sandraport,26/09/2024
7866,Thomas Hayes,mtran@example.org,Female,Lake Jillhaven,1/09/2024
577,Lisa Wilson,bryanharris@example.com,Other,Nguyenshire,13/02/2024
6602,Michael Frederick,alexisturner@example.net,Other,Brettborough,21/10/2024
3341,Kristin Martin,brooke70@example.org,Female,West John,7/03/2024
9626,Heather Cochran,michelleschultz@example.com,Other,Hannashire,19/01/2024
3473,Melanie Sanchez,utucker@example.com,Female,North Hollyville,13/01/2024
1516,Angela Moreno,greenjessica@example.net,Male,New Stacy,25/03/2024
7744,Erica Ware,umiller@example.org,Female,East Tommyborough,7/07/2024
3935,Maria Cole,xsanchez@example.com,Other,Port Rogermouth,24/09/2024
7955,Sarah Davis,cisnerosedward@example.net,Female,North Karenchester,15/11/2024
4649,Ashley Riley,ginamayo@example.net,Male,Morganmouth,7/12/2024
4339,David Garcia,zrodriguez@example.net,Female,North Annetteville,23/09/2025
8067,Michael Mcgee,lowerydavid@example.net,Female,Port Jayberg,18/01/2025
5072,Ashley King,lowedavid@example.net,Other,Harrischester,21/03/2025
41,Jason Floyd,steven73@example.net,Female,Leonburgh,26/07/2024
2478,Teresa Edwards,elizabeth03@example.net,Male,North Robertmouth,7/04/2024
3682,Douglas Carrillo,martintracy@example.net,Female,Rhondaburgh,13/01/2025
405,Ashley Bennett,pdiaz@example.org,Male,Nicholasbury,30/01/2025
1395,Joseph Bowers,qharris@example.net,Male,North Danielview,10/01/2025
9799,Austin Reid,melanie73@example.net,Male,Shannontown,28/10/2024
7235,Nicholas Booth,smithsandra@example.org,Other,South Jennifershire,8/02/2024
420,Christina Cohen,martintamara@example.org,Female,Port Dustinchester,1/07/2025
8436,Lisa Brennan,hjensen@example.org,Female,South Graceborough,3/11/2024
466,Amber Hughes,jcannon@example.net,Other,Marcusmouth,26/03/2025
4239,Heather Wright,butleramanda@example.org,Male,South Chelsea,3/01/2024
4807,Clarence Johnson,jason79@example.org,Male,Monroetown,23/06/2024
5906,Brandi Bray,sstephens@example.com,Male,North Davidhaven,12/09/2024
7147,Amy Edwards,alyssa00@example.org,Female,Kristophermouth,10/02/2025
1000,Spencer Donaldson,keith07@example.net,Male,South Erin,23/10/2024
847,Frank Taylor,jcarter@example.org,Female,Port Kaitlin,8/11/2024
4769,Jonathan Nelson,jill72@example.com,Male,Stevenberg,28/09/2025
9248,Joseph Blair,fernandezjustin@example.net,Male,Lake Shelbyport,24/12/2024
8912,John Mayer,elizabeth67@example.org,Other,Willisfurt,4/09/2025
1473,William Mayo,maldonadonancy@example.net,Other,South Amy,13/08/2025
6711,Alyssa Hurley,qdaniel@example.com,Male,Sullivanmouth,19/10/2025
5740,Ryan Wiggins,wbryant@example.com,Other,Reginaldhaven,27/12/2024
4467,Andrew Bell,jennifer77@example.org,Other,North Matthew,15/08/2024
4532,Jeanne Harris,jonesanna@example.net,Other,Cruzburgh,10/12/2024
6182,Tiffany Vaughn,jenniferflowers@example.com,Male,West Karen,27/02/2025
5550,Sean Curtis,leeapril@example.com,Other,East Sarahtown,1/11/2024
9417,Dorothy Wright,harold38@example.com,Male,Kingmouth,26/03/2025
4832,Tamara Thomas,martha48@example.org,Female,Heatherstad,20/12/2024
6152,Christopher Vaughn,greenemelanie@example.com,Other,Lake Donald,25/09/2024
4793,David Davis,matthewruiz@example.org,Male,North Andrewfurt,31/03/2025
4539,Sarah Kirk,judysharp@example.org,Female,West Andrewborough,24/05/2024
3719,Cynthia Ali,yvonnedavis@example.net,Other,Carrollchester,7/02/2025
2726,Ronald Flynn,matthew92@example.org,Female,South Todd,16/03/2025
2675,Kevin Davila,shannon44@example.com,Other,Isabelburgh,27/02/2025
7520,Tony Figueroa,paul96@example.org,Female,Stephaniefort,21/03/2024
731,Susan Boyd,bshaw@example.org,Male,North Joshua,2/06/2025
2412,Sarah Brooks,jonesrachel@example.com,Male,Rodriguezstad,13/09/2025
2249,Matthew Clayton,taylortoni@example.org,Female,Lake Christina,13/01/2024
9276,Tamara Cobb,suzannestewart@example.com,Male,Robinshire,6/01/2024
2869,Jessica Richmond,ghunt@example.net,Female,Kimberlyshire,17/12/2024
1578,Cameron Miller,shannon88@example.com,Female,Lake Dianaland,13/01/2025
8489,Haley Williams,anthonymoyer@example.net,Male,West Kristen,31/07/2024
2053,Tommy Parker,alyssaparsons@example.com,Female,Loriport,28/05/2024
2570,Kevin Haney,sotokathleen@example.org,Female,Ashleychester,21/08/2025
329,John Bryant,janet45@example.com,Other,Reidville,26/07/2025
5908,Brian Harmon,toni78@example.net,Female,East Ryanville,1/03/2025
5657,Renee Waters,bowenmargaret@example.org,Female,Katherinechester,16/08/2025
8245,Timothy Avila,williamrichard@example.net,Female,Nicholasfort,10/04/2025
1925,Jacqueline Atkins,smithjohn@example.org,Female,North Sarah,10/03/2024
6548,Anthony Howard,kimberlyrich@example.com,Female,Moniqueview,11/03/2025
597,Matthew Randolph,pamela16@example.com,Female,Harveystad,28/02/2025
6646,Levi Ferguson,gregorydavid@example.com,Male,Wendyview,8/07/2025
7031,Alexander Perry,hernandezantonio@example.org,Other,West Mikemouth,19/02/2025
5958,David Scott,brendaburgess@example.com,Male,Lake Mauricechester,19/09/2025
3830,Joanne Williams,fclark@example.org,Male,South Taraside,14/09/2024
8441,Rebecca Padilla,anthonygarcia@example.net,Male,Sheltonstad,15/02/2024
725,Carolyn Ortiz,woodkeith@example.net,Female,North Nathan,13/10/2025
5163,Wendy Briggs,mike22@example.com,Male,Christianberg,26/01/2024
9388,Anthony Aguirre,buchananchad@example.com,Male,South Rachaelview,25/08/2024
9819,Shannon Morgan,ericmaldonado@example.com,Male,New David,2/10/2024
4337,Brian Shah,angela08@example.net,Female,Gilmoreland,8/06/2025
2630,Wayne Bishop,zramirez@example.net,Female,South Teresa,13/03/2025
4886,Zachary Clark,awilliams@example.org,Other,North Rachel,21/12/2024
3851,Priscilla Lucas,kathrynjohnson@example.org,Other,Martinezborough,20/03/2025
6894,Laurie Stephens,nunezgina@example.org,Other,Rosstown,12/01/2025
7212,Ashley King,jmccann@example.com,Male,Danaton,7/08/2025
8520,John Johnson,karenbarnes@example.org,Other,Stoutville,21/10/2025
5894,Kevin Forbes,joshuamccarty@example.net,Other,Timothybury,7/02/2024
789,Robert Paul,nfriedman@example.org,Other,West Ryan,29/03/2024
940,Jason Johnson,onelson@example.org,Other,East Chadfurt,25/05/2024
2358,Sharon Reed,mckenziesonya@example.com,Other,West Tammy,26/04/2025
6721,Jo Johnson,don61@example.org,Other,Danieltown,11/11/2025
5012,Brian Guerra,sabrinacruz@example.org,Male,Brendaview,9/08/2025
7062,Daniel Rodriguez,burnskevin@example.com,Other,Stephensfort,16/12/2024
2055,Richard Hernandez,westroy@example.org,Other,South Denisefurt,13/04/2025
9424,Juan Copeland,danielleunderwood@example.com,Other,Port Luisbury,15/02/2025
9975,Tyler Kelley,dianaodom@example.net,Other,Sloanview,20/10/2025
5095,Joshua Brown,tina16@example.org,Other,East William,7/07/2025
1687,Richard James,melissalopez@example.com,Other,Jackieton,25/06/2024
1111,Kelli Reed,jlewis@example.org,Other,Brookstown,8/08/2025
2251,Monica Mcdonald,eric31@example.net,Male,Ortegafort,21/02/2025
6083,Angie Golden,lisaturner@example.net,Other,South Debbie,19/01/2025
6968,Katherine Miles,timothy61@example.com,Female,South Brendaberg,12/02/2025
7893,Monica Le,snguyen@example.net,Other,Williamhaven,29/08/2025
6040,Debra Jensen,ricky69@example.com,Other,Karinahaven,20/10/2025
7586,Wendy Burnett,garycalhoun@example.net,Female,West Jamesfurt,9/09/2025
2036,Amanda Washington,billyjohns@example.net,Male,North Ianport,14/06/2025
8689,Robert Brown,davidsonanita@example.org,Male,Port Christopherbury,28/10/2024
4088,Candace Ramos,kelly29@example.net,Male,New Ashley,15/01/2024
77,Keith Landry,gibsonleonard@example.com,Female,Port Richardhaven,19/04/2025
5633,Kristina Solis,gwelch@example.net,Other,New Jessicabury,16/07/2025
6462,Michael Mcgrath,lroth@example.net,Female,Sototown,24/02/2024
843,Maria Simpson,zbrown@example.com,Female,Port Jennifer,23/11/2024
9491,James Norton,kristencontreras@example.com,Female,Cruzborough,13/04/2025
7053,Jonathan Lopez,richardwalker@example.com,Female,Lake Susanton,1/06/2025
8987,Denise Francis,scott90@example.com,Male,South Andrew,3/05/2025
8061,James Alvarado,ellenrogers@example.com,Other,New Patrickview,28/02/2024
6959,Eric Rowe,james15@example.org,Other,North Katherinefort,12/09/2025
5036,Matthew Miller,mwright@example.net,Male,West Kellymouth,24/08/2025
7333,Timothy Sandoval,daniel88@example.org,Male,New Stephanie,23/11/2024
6518,Jesus Robbins,garzapaige@example.net,Male,South Walter,11/02/2025
1731,Stephanie Stevens,margaretramirez@example.com,Female,New Frank,7/10/2024
1427,Tiffany Jefferson,barbara85@example.net,Male,Alisonshire,25/02/2025
1751,Ian Santana,monica00@example.org,Other,Maloneton,1/04/2025
272,Laura Allen,frodriguez@example.net,Male,New Pamelatown,20/06/2025
438,Leslie Tucker,anna90@example.com,Female,Lake Frankborough,31/12/2024
6871,Melissa Jones,alexandersims@example.com,Male,Lake Elizabeth,20/07/2025
3089,Douglas Montgomery,robertsmichael@example.net,Male,Velezburgh,23/02/2024
2984,Michael Lawson,zsloan@example.com,Male,Port Jennifer,16/01/2024
2612,Ashley James,anthonylee@example.com,Other,Berryland,25/07/2025
6501,Michael Christian,flee@example.org,Other,West Keith,7/04/2025
7525,William Browning,jasonjames@example.org,Male,North Jeffreyside,2/03/2024
4891,Gary Rodriguez,vbrennan@example.net,Female,South Stacyborough,24/02/2025
5399,David Atkins,lhampton@example.net,Female,Hernandezbury,18/02/2025
9246,Debbie Shelton,sarah62@example.net,Male,Lake Crystalchester,10/11/2024
9971,Tanya Wagner,haleregina@example.net,Female,Petersview,4/01/2025
7349,Aaron Lawson,gallison@example.com,Other,Amyshire,16/06/2024
8339,Christopher Alexander,tara53@example.org,Female,Mariaborough,10/06/2025
2621,Pedro Haley,iholland@example.net,Other,North Victoriaborough,20/02/2024
6566,Christina Hamilton,gregorycarrillo@example.net,Female,Michaelmouth,5/09/2025
5131,Carla Baldwin,sarah26@example.net,Male,West Melissaside,5/08/2024
8357,Alexis Paul,carlsmall@example.com,Other,Leahport,24/09/2025
3731,Elizabeth Harper,stephaniegraham@example.org,Other,East Robert,1/05/2024
2276,Nicole Hall,linda45@example.com,Other,Josefort,6/02/2024
8259,Derrick Murphy,eric71@example.net,Male,Debraland,19/12/2024
9707,Christopher King,scombs@example.com,Female,Strongfurt,18/05/2025
2314,Ronnie Smith,brandy66@example.org,Male,Gordonton,20/02/2025
8200,Kimberly Cole,andrewhall@example.com,Other,Danafurt,30/03/2024
7515,Pamela Young,katrinastone@example.net,Female,Davidland,23/04/2025
2858,Luis Jennings,stevenpadilla@example.net,Other,South Billy,12/07/2025
6257,Sara Bush,annehamilton@example.org,Female,Port Suzanneberg,19/10/2024
9814,Isaac Morris,qmoore@example.net,Female,Bowersland,24/02/2024
7319,Matthew Walters,kim79@example.net,Other,Lindastad,1/10/2024
6374,Gary Martinez,madisonshaw@example.org,Female,Lake Angelafort,29/07/2025
1485,Jonathan Garcia,julie01@example.net,Female,East Rachelview,10/09/2024
9003,Meagan Cook,ylloyd@example.org,Other,East Rachel,19/12/2024
9118,Patricia Parker,danielle85@example.net,Female,Williamton,22/05/2024
7641,Michelle Martin,reedwilliam@example.com,Other,North David,8/09/2025
1349,Daniel Smith,harveymercedes@example.com,Male,West Seanshire,23/02/2024
4675,Melinda Miller,jordanalex@example.com,Female,East Shawn,18/04/2025
3390,Sara Green,valeriegonzales@example.org,Male,Scottport,13/11/2025
2245,Tonya Frank,julie34@example.net,Other,New Kaylaland,1/06/2024
9935,Nathan Simmons,joshuahansen@example.org,Female,Adkinsstad,15/03/2025
5221,Susan Mayer,geraldperry@example.net,Male,West Kim,30/06/2025
9055,Ralph Lawrence,john22@example.org,Other,East Rebekah,9/02/2025
1886,Alan Gallagher,schmidtjose@example.net,Other,South Kyleport,22/07/2024
650,Kevin Brock,ualvarado@example.org,Male,Moraleshaven,21/03/2025
8674,April Norris,ljackson@example.com,Female,Chelseaport,18/12/2024
5693,Mary Jones,cortiz@example.com,Other,Lake Danny,8/12/2024
3988,Melody Martin,ycline@example.com,Female,Ianport,27/04/2025
6678,Erin Tucker,markwarren@example.com,Female,New Cristina,23/05/2024
4344,Travis Olson,erinarmstrong@example.org,Female,Simsfurt,13/03/2025
8342,Carrie Figueroa,benjamincontreras@example.org,Male,Scottmouth,14/11/2024
3924,Kendra Sanchez,gonzalezdana@example.net,Other,Barronbury,17/01/2025
8453,Tracy Wilson,hcarlson@example.net,Male,East Pamela,27/10/2025
9521,Gary Juarez,jmartinez@example.org,Female,Collinbury,3/10/2024
5675,Jeffrey Johnson,llawrence@example.org,Other,Lake Kelsey,30/05/2025
980,Luis Hernandez,qwalsh@example.org,Female,New Timothy,23/03/2024
8012,Gene Arnold,tmorrison@example.net,Male,Castillofort,13/01/2024
312,Charles Jackson,emartin@example.net,Female,West Brookefort,12/10/2025
9839,Hayley Mckee,reedsusan@example.org,Other,South Alex,31/05/2025
1218,Kevin Page,hbarnett@example.net,Female,Kathleenberg,14/05/2025
4616,Edward Jackson,briana12@example.net,Male,Patrickberg,28/06/2024
3960,Diane Carr,westmichelle@example.com,Female,New Laurachester,22/08/2024
7714,Jessica Maldonado,ibarber@example.com,Male,Port Paul,6/03/2025
209,Melissa Turner,lindamelendez@example.net,Other,Faulknerside,19/11/2024
6453,Anthony Powell,tjones@example.com,Other,Taylorchester,7/10/2024
6747,Christopher Mcmahon,millerdonna@example.com,Female,Taraburgh,26/08/2024
2977,Kathleen Ibarra,tburns@example.net,Other,South Christopherborough,13/04/2024
8235,Veronica Nelson,fprice@example.org,Other,West Ashleytown,17/02/2024
4549,Susan Sanchez,lisadavis@example.org,Male,West Stacy,7/08/2025
3745,Thomas Gilmore,feliciathompson@example.com,Other,East Deanna,1/11/2024
321,Rodney Mcneil,oharris@example.org,Female,Luisland,27/03/2024
5767,Jason Bowman,rogersalisha@example.net,Female,East Eric,14/03/2025
8528,Tyler Jacobs,enielsen@example.net,Male,Gardnerville,20/08/2024
2402,Charles Johnston,samuel50@example.org,Other,Port James,15/08/2025
1859,Dennis Mcknight,albertsmith@example.com,Other,Berryville,16/05/2024
9293,Stephanie Hall,william71@example.net,Female,Petersberg,16/01/2024
9515,Patricia Kirby,kennedymelissa@example.org,Male,New Alexandra,8/02/2024
5678,Samuel Murphy,mcfarlandmichael@example.net,Other,Lewisport,25/12/2024
8065,Ashley Delgado,sarahlong@example.org,Female,North Matthew,20/01/2024
5997,Renee Patel,macknicole@example.com,Other,Smithton,12/06/2025
6165,Laura Green,deanandrew@example.org,Female,Martinside,23/04/2024
8640,Shannon Diaz,josephellis@example.org,Male,North Christiantown,3/03/2024
3505,Melody Jacobson,dmccoy@example.org,Other,Colemanbury,22/07/2025
4867,David Young,michaelgonzalez@example.org,Other,Marisaburgh,31/10/2024
9705,Amber Johnson,jeanettegarcia@example.org,Other,Port Kaylaburgh,13/03/2024
6644,Lisa Short,colleenjackson@example.net,Male,Lake Oscar,18/11/2024
8819,Jenna Hardy,asantiago@example.com,Male,Debrastad,15/07/2025
1209,Melanie Turner,santoslisa@example.com,Other,West Jessicamouth,23/10/2024
86,Tammy Rivera,sawyerscott@example.net,Female,Smithberg,27/03/2024
7310,Kenneth Roy,cynthia06@example.org,Male,North Tammie,6/11/2025
5590,Michelle Franco,michellenichols@example.com,Other,Lake Jefferyland,4/11/2025
684,Eric Miller,rgibson@example.net,Male,West Taramouth,26/07/2025
3771,Michael Moore,kathylarson@example.net,Other,Alexanderfort,17/02/2025
3071,Nancy Johnson,melissacochran@example.com,Male,New Christopherstad,13/03/2024
5654,Gabriel Griffith,davidromero@example.net,Female,Deborahside,26/09/2025
1978,Chad Ward,lmullen@example.org,Female,West Stevenmouth,8/05/2025
989,Jeffrey Brown,johnstonjohn@example.net,Male,West Jeremyfurt,17/10/2025
2140,Allison Shields,garciadebra@example.com,Other,Port Destiny,26/08/2025
5937,Joseph Mccoy,thompsonapril@example.com,Male,North James,25/04/2024
9329,Grace Benson,baileylisa@example.net,Other,West Anthonyport,16/05/2025
4161,Jonathan Adams,briannamcdaniel@example.com,Female,East Aprilmouth,5/10/2024
8735,Cheryl Cole,kruegerkristen@example.org,Male,Jensenfort,25/02/2024
3784,Sean Shepherd,ybennett@example.net,Female,Paulmouth,6/02/2025
5349,Joseph Stephens,vasquezwendy@example.net,Male,Kellyfort,4/05/2024
3553,Robert Mitchell,jessicascott@example.org,Other,Terryshire,10/09/2025
9678,Jesse Huang,hernandezcody@example.net,Female,Melindafort,25/12/2024
5500,Michael Morris,barbara30@example.org,Other,Diazshire,3/05/2025
676,Angela Williams,thomasgomez@example.net,Female,North Jonfurt,19/02/2024
4094,Jason Vazquez,moorefrank@example.net,Female,Port Charlesfurt,22/05/2025
3858,Troy Fowler,duanemclean@example.com,Other,Lake Kimberlyberg,13/08/2025
2557,Matthew Wall,frank88@example.net,Male,Chelseafort,2/07/2024
9610,Amy Smith,montoyawilliam@example.com,Female,West Molly,14/09/2025
1295,Joanna Farmer,wstewart@example.net,Male,Lake Coltonland,17/06/2024
131,Scott Mills,michaelhardin@example.com,Female,Schroederton,26/10/2024
1893,Ryan Ortiz,jasminbrown@example.com,Female,Lake Evan,30/05/2024
5005,Timothy Garcia,rebecca14@example.net,Other,Coreyshire,27/01/2025
7087,Zachary Fox,johnathan85@example.org,Other,Lake Shellyland,16/03/2024
3768,Victoria Robinson,brownphillip@example.com,Male,Lake Sara,25/09/2024
5671,Jessica Brown,ryanaguilar@example.com,Male,Gonzalesburgh,27/09/2025
6901,Sheena Everett,alexis18@example.com,Other,North Deniseburgh,12/05/2025
2074,Kelsey Montoya,martinezrussell@example.com,Female,Fostermouth,23/07/2024
4623,Ashley Lozano,nunezkayla@example.com,Other,Josephstad,28/09/2024
6725,Christopher Church,stephanie23@example.net,Male,Port Stephanieside,27/09/2024
5251,Joseph Cook,jenniferwilliams@example.org,Male,East Geraldbury,17/03/2024
9116,Christina Robbins,kelly38@example.org,Female,New Jessica,17/10/2025
1340,Andrew Day,timothywilliams@example.org,Female,Port Devin,12/04/2025
5122,Anthony Joseph,jacobwiggins@example.net,Female,Amandahaven,23/02/2024
5527,David Knight,rickymcdonald@example.org,Female,South Lawrencemouth,12/03/2025
2333,Richard Higgins,jessica01@example.org,Other,East Joseph,19/01/2024
2887,Brent Montes,janicepatterson@example.com,Male,Freemanside,1/02/2025
2296,Todd Gonzales,lisa49@example.org,Male,East Saraside,13/03/2025
9069,Robert Sullivan,kevinhamilton@example.com,Male,Port Michaelmouth,23/08/2025
9855,Diane Johnston,theresa00@example.com,Male,Danielville,23/01/2025
9065,Fred Scott,mcruz@example.com,Other,Loribury,11/03/2025
79,Kathleen Harris,sarakim@example.net,Other,Martinezbury,3/03/2025
2648,Mitchell Hernandez,kerry49@example.org,Other,Jamieville,26/11/2024
8236,Patricia Thompson,jamesponce@example.org,Male,Smithchester,2/11/2024
878,Nicole Fletcher,lopezbilly@example.com,Male,Mannington,4/01/2024
8844,Frank Villarreal,alexander58@example.org,Male,New Kaylee,20/04/2024
1997,Ashley Davis,david00@example.net,Other,South Ashleyberg,9/06/2025
9859,William Miles,debrafranco@example.org,Other,West Dustinbury,10/01/2025
5807,Melissa Shaw,beltranstephen@example.com,Other,Gregorymouth,25/09/2024
2804,Brian Mcclain,esmith@example.com,Female,Herringbury,18/01/2024
7010,Kerry Bowman,smithvictoria@example.org,Other,West Lisa,2/08/2025
3423,Catherine Downs,hessadam@example.net,Female,Liton,12/05/2025
7775,Annette Robles,dsimpson@example.org,Male,New Richard,6/03/2024
6555,Brian Jenkins,justin32@example.net,Female,Lake Sarahside,27/01/2024
8986,Kurt Howard,nancy40@example.org,Female,New Barbarafurt,4/12/2024
2126,Robert Barron,ppruitt@example.com,Male,New Allenhaven,17/05/2025
1544,Alfred Cowan,brandi26@example.net,Male,Wangshire,4/05/2024
7199,Michael Page,cookcolleen@example.com,Other,East Holly,18/08/2024
4354,Richard Porter,carrieharris@example.com,Female,Lake Kevin,15/01/2024
3641,Michael Gonzales,randall36@example.org,Female,South Jamestown,26/04/2024
1936,Gina Lopez,molly71@example.net,Other,Ramosfurt,31/08/2024
1191,Ronald Reyes,laurenwilliamson@example.com,Other,Danielbury,17/01/2024
6423,Laurie Sutton,kristen97@example.com,Female,Turnerchester,2/12/2024
9800,Daisy Hull,roylevine@example.net,Male,North Karenburgh,8/01/2024
7216,Timothy Chase,hermandavid@example.com,Male,New Taylor,8/07/2024
6309,William Dixon,courtney11@example.com,Female,Lake Isabelville,20/03/2024
6916,Michael Compton,blakescott@example.org,Female,East Eugeneshire,5/09/2025
6900,Anthony Salazar,william17@example.org,Female,North Brian,31/08/2025
5655,Lisa Francis,kingdonna@example.net,Female,South Jeremiah,14/05/2025
910,Elizabeth Turner,michael14@example.com,Female,Sarahland,12/04/2024
4791,Christopher Schroeder,ksnyder@example.com,Other,South Richardton,23/05/2024
8311,Amy Wells,smithbrian@example.com,Other,Maryberg,2/09/2025
9704,Diana Campos,cynthia80@example.net,Female,Heathermouth,6/09/2024
7090,Brett Lindsey,rebeccamcdonald@example.net,Female,New Cynthiafurt,1/03/2025
8626,Lucas Briggs,natalie53@example.net,Male,Mcintyreton,19/04/2024
2513,Randall Morgan,greeneshawn@example.com,Female,East Scottville,6/04/2024
9534,Jennifer Lopez,jessebarton@example.org,Female,Freemanfort,12/10/2025
7713,Sherry Alvarez,ashleytrevor@example.com,Female,North Sharon,19/06/2025
5732,Kimberly Zuniga,gmatthews@example.org,Male,West Jeffrey,10/03/2024
4694,Steven Mcfarland,harrisjohn@example.com,Other,Jamesbury,11/03/2025
595,Shawn Ingram,xlopez@example.net,Female,Padillatown,17/01/2024
70,Jody Meza,colleenbaker@example.org,Other,East Glenn,20/02/2025
9167,Matthew Holmes,milleramanda@example.org,Male,East Joseph,15/05/2025
991,Clinton Gordon,sstevenson@example.org,Other,West Erin,16/05/2025
2664,Jaclyn Thompson,lee16@example.net,Female,North Kara,6/01/2025
6169,Gregory Mack,gordongrace@example.org,Other,Ricardomouth,2/11/2025
5479,Dana Peterson,andrea83@example.com,Other,Michelleport,22/12/2024
742,Christopher Hale,jessicalutz@example.com,Female,New William,17/02/2024
1857,Justin Owens,victoriaturner@example.com,Other,East Jeremystad,26/10/2024
7646,Katie Brewer,cathyhall@example.org,Other,Lake Russellville,18/09/2025
8638,Daniel Brown,bmunoz@example.com,Female,New Teresabury,10/07/2025
1039,Jamie Thornton,priscilla37@example.net,Female,Shellyside,3/10/2025
3440,Jacob Thompson,ugates@example.net,Female,Carlyton,5/10/2025
574,Allen Morgan,kristin06@example.org,Female,Port Desiree,23/10/2025
383,Michael Ware,mark43@example.net,Other,Barajastown,2/10/2024
5931,Zachary Mcdonald,lindsey15@example.com,Male,Lake Michaeltown,9/04/2024
2928,Valerie Hobbs,bakerchristian@example.org,Female,Rogerston,11/04/2025
7992,Adam Ray,paul48@example.org,Other,Raymondstad,10/08/2025
8107,Sarah Perry,gregoryjones@example.net,Other,West Heathertown,20/06/2024
8477,Susan Bradley,khartman@example.net,Male,New Johnland,5/07/2025
3068,Jennifer Dawson,littlerebecca@example.org,Other,Port Mariaville,23/06/2025
8035,Angela Nelson,adavis@example.net,Female,Kathyland,31/05/2025
3890,Theodore James,bgreen@example.org,Male,Lake Kimmouth,21/10/2025
8949,Marilyn Jackson,friedmanchristopher@example.org,Other,East Bethshire,30/07/2025
9438,Daniel Peters,jacob35@example.net,Other,Johnsonborough,18/12/2024
6218,Kevin Perez,tonya93@example.com,Male,Stephaniefort,25/10/2024
5882,Carrie Cooper,qwilliams@example.com,Female,Swansonton,24/10/2025
6429,Andrea Clay,thomasjulie@example.org,Other,West Jameston,6/11/2024
1733,John Taylor,ijones@example.com,Other,South Cameronstad,5/05/2025
7493,Danielle Fernandez,lewisphilip@example.com,Other,Michelefurt,4/05/2025
1274,Rose Rivera,valerieserrano@example.com,Female,Williamsberg,27/03/2025
1424,Patrick Foster,williamsalexander@example.org,Female,South Ashley,4/03/2024
923,Dawn Wilcox,brianwatson@example.com,Female,West Daniel,2/08/2024
3012,Sonya Martinez,daisy57@example.com,Male,Lake Joannaton,15/01/2025
604,Kristin Tucker,kellis@example.org,Female,Georgeview,24/03/2025
2227,Megan George,scottrobin@example.net,Female,Johnsonmouth,29/04/2025
7538,Wanda Saunders,dgreen@example.org,Male,Michaelmouth,25/06/2024
525,Kimberly Gentry,zhunter@example.com,Other,East Matthew,20/06/2025
9744,Janice Duke,lucaslauren@example.net,Female,New Leon,23/10/2025
1718,Jenna Padilla,valeriesmith@example.com,Female,Craigshire,16/08/2025
5422,Daniel Salazar,hcrosby@example.org,Female,Lake Erica,16/09/2024
1109,Christian Jacobs,stephaniedougherty@example.com,Other,Port Samuel,4/08/2024
2975,Beth Byrd,lisa23@example.org,Other,Lake Barbarashire,1/05/2025
9982,Natasha Taylor,terrireeves@example.org,Male,Kaylafurt,26/01/2024
7723,Catherine Fowler,williamsjason@example.net,Other,South Bianca,18/02/2025
1399,Ryan Valencia,ogriffin@example.org,Female,South Jennifermouth,4/04/2025
4746,Katherine Jarvis,lclayton@example.com,Other,Port Erinland,25/07/2025
2006,Candace Wang,hernandezpamela@example.org,Male,New Michaelland,17/12/2024
1864,Jennifer Rosario,kellyibarra@example.org,Female,Olsenchester,3/03/2024
4805,Karen Hunt,ogaines@example.org,Male,South Brandonstad,17/07/2024
3320,Yolanda Cohen,erikacarlson@example.com,Female,Fischermouth,3/06/2025
4156,Scott Buckley,irosales@example.net,Other,Lewisfort,3/10/2025
6493,Julie Edwards,rodriguezedgar@example.net,Male,New Kenneth,12/03/2024
572,Tammy Guerrero,heather15@example.com,Female,Lake Samuelborough,14/01/2025
1605,Kelly Gutierrez,andersonmeghan@example.net,Other,West Keith,7/05/2025
3431,Kevin French,johnsonchristine@example.com,Female,Davisside,3/07/2024
8296,Misty Campbell,christina71@example.org,Female,Schultztown,30/10/2025
9846,Alejandro Watson,thomas07@example.com,Male,Williamsland,20/05/2024
5084,Donald Sims,marshalldylan@example.org,Other,East Nathan,19/04/2025
3364,Rachel Martin,phillipwade@example.org,Other,Hughesmouth,12/04/2025
6558,David Hernandez,harveysarah@example.net,Female,Johnsonfort,14/04/2025
9947,Erin Campbell,zwebster@example.com,Other,New Troy,13/05/2024
9687,Summer Robbins,jessica58@example.net,Female,Cassandraland,16/02/2025
2947,Jeremy Walker,lisa57@example.org,Male,Pamelaburgh,31/03/2025
5954,Paul Briggs,robin66@example.org,Male,West Michael,19/07/2024
2933,Daniel Pittman,kristin79@example.org,Other,Higginsstad,16/02/2025
4673,Stephanie Baird,simmonsgregory@example.com,Female,North Samantha,12/10/2024
9869,Nicole Oneal,hawkinsgabriel@example.net,Female,Lake Christopher,29/09/2024
1977,Sarah Maxwell,wheelerkimberly@example.org,Female,Barrychester,8/02/2024
6912,David Hamilton,jacksonmary@example.org,Male,South Pamela,28/03/2025
6390,Cynthia Robles,andre35@example.net,Other,Danielton,24/04/2024
9632,Christopher Cervantes,ingrammorgan@example.org,Other,Williamsshire,6/04/2025
7122,James Crane,bailey35@example.net,Male,Lake Joshua,24/12/2024
4898,Danny Boone,jrobinson@example.net,Other,North Katherine,3/01/2025
9267,April Powell,kshields@example.com,Male,East Autumn,11/08/2025
4884,Sharon Joseph,vwatson@example.org,Other,South Kathryn,14/01/2024
3192,Lisa Fry,joshuacrawford@example.net,Female,North Matthewstad,6/10/2025
8383,Michael Jones,sarah38@example.net,Male,Port Aliciatown,30/05/2025
8563,Colin Evans,fitzgeraldamy@example.com,Other,East Sarahport,10/06/2025
6201,Erica Brown,tnorris@example.net,Other,Robertshire,16/05/2024
219,Andrea Smith,amanda40@example.net,Female,Drakeburgh,5/01/2024
3291,Sherri Woods,sotoyvette@example.org,Female,East Lawrenceview,26/09/2024
6936,Vernon Becker,fcummings@example.com,Female,New Joyburgh,7/10/2025
9494,Kyle Doyle,jonathan99@example.net,Female,Watkinsfurt,18/03/2024
794,Monica Hill,elizabeth13@example.com,Other,Riddleside,12/06/2024
2910,Deborah Carter,santiagomark@example.org,Female,North Sarashire,23/04/2025
7891,Rebecca Young,yreynolds@example.com,Female,Lake Amyfort,3/03/2024
5673,Timothy White,matthew37@example.net,Other,Chapmanmouth,30/06/2024
4636,Deborah Huerta,kelly90@example.com,Male,South Steven,28/03/2025
1023,Bryan King,bradfordcharles@example.com,Male,East Manuelmouth,22/09/2025
4487,Brian Robinson,lgarrett@example.com,Female,Lake Jennahaven,9/04/2025
4959,John Medina,princedaniel@example.com,Male,Port Angela,19/04/2025
2983,Tasha Finley,nheath@example.org,Other,Rossmouth,29/10/2025
3837,Melanie Baker,woodrussell@example.com,Male,Evelynhaven,15/08/2024
8345,Raven Steele,fflores@example.com,Other,Johnnymouth,11/09/2024
9608,Roger French,erinmoreno@example.net,Male,Andrewton,3/10/2025
3762,Christopher Wilson,keithhall@example.com,Female,Masonbury,18/09/2025
6633,Crystal Gomez,ibishop@example.net,Male,Port Heatherborough,10/03/2024
5812,Brian Crosby,linda99@example.net,Male,East Howard,1/08/2024
9475,Charles Carpenter,davidsanders@example.com,Female,South Patrickland,5/01/2024
796,Randy Smith,fletcherderek@example.net,Other,Washingtonland,8/08/2025
8457,Julie Scott,sanfordmelissa@example.net,Male,Lynchburgh,12/09/2025
526,Morgan Collins,douglas18@example.net,Female,East Jenny,26/11/2024
2628,Fred Herrera,wolfdaniel@example.org,Female,East Nathaniel,25/12/2024
9495,Gary Martin,john81@example.com,Male,East Carlstad,21/08/2024
7250,William Frank,chelsea91@example.net,Female,New Brianna,31/08/2025
6321,Albert Owens,bwu@example.net,Other,North Lorrainemouth,1/01/2025
2582,Katie Pearson,brianchapman@example.org,Other,New Melissaton,30/05/2025
7864,Derrick Grimes,austinsharon@example.com,Other,Anthonyhaven,8/04/2024
4268,Julia Martinez,michellesalazar@example.org,Male,Lake Julia,4/04/2024
769,Renee Smith,nicholascobb@example.org,Female,Sharonport,30/07/2025
9740,Jesus Harvey,etorres@example.com,Other,Lake Roy,7/12/2024
5366,Gloria Boyd,anita31@example.org,Male,West Nancybury,26/02/2025
4023,Richard Trujillo,amber63@example.com,Male,East Kimberlybury,3/11/2025
5749,Elizabeth Jackson,knoxnicole@example.net,Male,East Joshuabury,26/02/2025
6666,Kayla Hernandez,jonathanpreston@example.com,Female,Port Ashleychester,17/03/2025
6056,Benjamin Smith,sandra67@example.org,Male,New Stephen,28/01/2025
9350,Erin Newman,pfoster@example.org,Other,Lake Susantown,16/06/2024
4771,Jonathan Smith,lisa51@example.com,Male,Jonathanchester,6/06/2024
2978,Rachel Davis,barronlaura@example.com,Male,Austintown,17/04/2025
5525,Michael Bradshaw,ngates@example.net,Female,West Ericaside,21/10/2024
2202,Brian Lyons,zsmith@example.com,Female,Port Robertberg,25/02/2025
673,Julie Reyes,mgates@example.org,Male,Jessicaborough,1/07/2024
5150,Joseph Bennett,james24@example.org,Male,Williamberg,22/02/2025
3912,Travis Lyons,hector14@example.net,Other,North Chelsea,3/08/2024
3400,Donna Walsh,sallen@example.com,Male,Lopezland,26/10/2024
6892,Cheryl Greer,qferguson@example.com,Other,South Robertville,22/10/2025
4169,Ryan Tyler,achaney@example.org,Female,Port Sherri,15/05/2024
5082,Jade Townsend,jill71@example.org,Male,North Derrick,7/02/2024
2238,Jessica Cohen,vtapia@example.com,Female,Morrisstad,8/09/2025
7384,Joshua Sullivan,vsanders@example.net,Other,West Tiffanyfort,28/09/2024
5686,Jose Clay,andersonsandra@example.org,Female,East Rebecca,10/10/2024
7132,Sarah Smith,rmiles@example.com,Other,East Randyhaven,9/08/2025
4806,Matthew Barron,jacob11@example.net,Female,Joshuaburgh,16/09/2024
8091,Paul Stephenson,amandahardy@example.org,Female,New Angela,26/11/2024
5913,Linda Phillips,timothy96@example.com,Female,East Coreytown,24/08/2025
7686,Beverly Beasley,kingian@example.org,Female,Port Alexander,8/06/2025
9251,Dana Conrad,angelicasullivan@example.org,Female,West Devin,9/01/2025
2378,Gregory Sullivan,thomasmooney@example.org,Male,Walkerberg,13/06/2024
1055,Matthew Russell,thomas49@example.org,Female,West Bradley,23/06/2025
7559,Kathy Bean,deborah72@example.com,Other,Port Cassandraside,11/06/2025
111,Jacqueline Farrell,russellbeasley@example.com,Female,Mariafurt,8/03/2024
7843,Robert Spence,curtiscervantes@example.org,Male,New Matthew,24/09/2025
6614,Alexandria Padilla,willisjames@example.org,Male,Georgeport,22/09/2025
4830,Sean Rodriguez,ysmith@example.org,Female,Jonport,24/03/2024
2502,Paige Garner,dana02@example.net,Male,Wesleymouth,23/02/2025
4671,Robert Duncan,hannahthomas@example.com,Female,New Stacey,27/11/2024
7291,Phillip Stanton,nathangeorge@example.org,Other,Littleland,13/09/2024
1338,Robert Potter,dmorales@example.net,Female,Mayfurt,19/08/2024
9563,Michael Villarreal,seancarey@example.com,Female,Youngside,1/08/2025
7769,Nicholas Mora,heather45@example.net,Male,West Heathermouth,7/08/2025
9043,Douglas Robinson,millerpatricia@example.org,Other,New Feliciaburgh,25/05/2024
4598,Brittany Wong,christian35@example.org,Other,Vazquezport,2/10/2024
9652,Tammie Morris,ashleylloyd@example.org,Male,Petersonfurt,13/03/2024
9555,Emily English,emorris@example.com,Male,West Anthony,16/05/2024
9641,Emma Price,mwalters@example.com,Other,Carmenburgh,22/06/2025
401,Kelly Marshall,sanderswayne@example.net,Male,Port Tamara,16/05/2025
1542,Matthew Young,ricklewis@example.net,Male,Christinaville,17/06/2025
5416,Gregory Cooper,ngonzalez@example.com,Male,Zacharystad,23/04/2024
4511,Danielle Williams,jennifer50@example.net,Female,New Andrea,20/06/2024
1596,Alexandra Hoffman,katherinesmith@example.com,Other,East Megan,21/04/2025
9014,Raymond Rivera,robert18@example.org,Female,Murphyview,20/10/2024
1016,Lisa Hernandez,stephen96@example.org,Other,Austinmouth,13/11/2024
6676,Mark Bradley,brett62@example.org,Male,West Joshua,21/05/2025
8904,Amy Osborne,ortizchelsea@example.com,Other,Port Kathryn,19/10/2025
7325,Erica Bennett,emilyfields@example.net,Other,Port Jonathanville,7/03/2024
3959,Heather Miller,guzmanpatricia@example.org,Male,Robersonberg,30/05/2025
755,John Peterson,underwoodapril@example.org,Male,Port Carolmouth,14/03/2024
7428,Leroy Dorsey,andradewilliam@example.com,Other,North Michellestad,2/11/2025
8344,Emily Lucas,mcdanielmason@example.com,Female,North Michelle,22/01/2024
5239,Lisa Warren,dianawright@example.com,Other,Port Rachel,24/01/2024
8923,Michael Webb,charles39@example.com,Male,North Jasonbury,24/01/2025
1406,Brandon Perez,christopherdominguez@example.org,Other,Christianview,17/09/2024
8860,Kelly Perez,jonathan41@example.org,Male,Newtonhaven,29/06/2024
5734,Colton Powers,davismary@example.com,Other,Deniseport,1/05/2024
8858,Ralph Cooper,melissa38@example.org,Female,New Danielside,26/04/2024
8454,Samuel Le,william05@example.net,Female,West Tonyahaven,18/03/2024
5345,Roy Scott,jimenezkatherine@example.net,Male,North Billy,9/07/2025
3264,Katherine Wong,mark77@example.net,Female,Normanshire,12/09/2024
8374,Joseph Koch,xstephens@example.com,Female,North Jonathanfort,12/02/2024
4718,Joseph Richardson,msmith@example.net,Female,East Curtis,3/01/2024
7764,Stanley Combs,christina83@example.com,Female,Jeffersonbury,4/02/2025
1918,Alyssa Martin,johnsoncrystal@example.org,Other,Watsonville,23/03/2025
2368,Paul Fisher,jesusavila@example.com,Male,Englishland,12/05/2025
5933,Amanda Gonzalez,hansenluke@example.net,Other,Christinafurt,4/11/2025
9053,Angela Ferguson,carlbrown@example.org,Other,Powersstad,23/01/2025
4612,April Carter,stevenyoung@example.org,Male,Lake Zacharyhaven,26/10/2024
1716,Adam Roth,sherry96@example.com,Male,West Andrewton,18/09/2025
4426,Paul Lane,alejandro47@example.com,Female,North Spencermouth,4/10/2024
2060,Christopher Conway,qpatterson@example.org,Female,Jamesmouth,12/10/2024
6898,Shawn Poole,raylisa@example.org,Female,Lake Donnaville,29/03/2025
9578,Lisa Mills,rodriguezjulie@example.org,Female,Autumnborough,30/03/2024
7392,Andrew Vasquez,ibenitez@example.com,Female,New Yolandaside,8/01/2024
3826,Tony Pitts,michael81@example.com,Male,New Jessicabury,2/10/2024
7119,Thomas Banks,christinashannon@example.com,Female,New Kevin,12/11/2025
7317,Jacob Mckay,gilbertalan@example.com,Male,Andradeton,16/04/2025
3766,Nicholas Green,dianasantiago@example.org,Male,Port Ashleyburgh,5/05/2024
9183,Alison Rodriguez,nunezlaura@example.com,Other,South Blake,2/09/2025
9525,Sherri Nelson,meyersroy@example.org,Female,Kelleyview,10/10/2025
3238,Dwayne Hartman,poolejulie@example.com,Male,North Lorimouth,13/03/2025
1018,Rachel Warren,thompsonedward@example.net,Other,Stephenberg,24/05/2024
1425,Margaret Hernandez,veronica30@example.org,Male,Port Benjamin,12/10/2024
9210,David Munoz,pharper@example.org,Male,West Andrew,23/03/2024
1223,Elizabeth Peterson,bryan56@example.net,Female,New Davidbury,29/03/2025
9232,Casey George,jonathan39@example.com,Other,New Alan,14/07/2024
7320,Donald Smith,benjamincolleen@example.com,Male,North Thomas,2/08/2025
3025,Marilyn Curry,griffinlisa@example.com,Other,New Crystalchester,19/11/2024
253,Gary Ellis,hdunn@example.net,Female,West Kimberlystad,2/01/2025
462,Tony Stewart,linda73@example.org,Other,Howardberg,14/03/2024
8991,Steven Harvey,robertreynolds@example.com,Male,Georgebury,23/12/2024
7844,Lisa Lee,christina70@example.com,Female,Millerland,12/06/2024
5920,David Mays,katherinelee@example.org,Male,Morganview,13/08/2025
5840,Denise Casey,frank52@example.com,Other,Bridgesmouth,19/03/2024
9541,Samuel Bell,jeffrey95@example.org,Female,Barrettfurt,4/03/2024
9561,Mason Holmes,jeffreysmith@example.org,Other,Alexandrastad,7/01/2025
6160,Douglas Roth,linda01@example.org,Female,West Tiffanymouth,3/09/2025
1521,Michelle Williams,ukramer@example.net,Male,Matthewburgh,2/06/2025
6608,Amber Lozano,agonzales@example.net,Other,Port Timothy,28/08/2024
9844,Paul Friedman,whitedonald@example.org,Male,New Samuelton,26/02/2025
6841,April Taylor,hwashington@example.com,Other,Phillipsburgh,21/04/2024
1875,Jody Smith,jamesroberts@example.com,Female,Wileytown,13/09/2025
319,Amanda Camacho,parmstrong@example.com,Female,Christianton,13/10/2024
7514,Michelle Bennett,ehall@example.net,Other,North Brandihaven,27/02/2025
9962,Mallory Obrien,courtneymills@example.com,Female,New Matthewfurt,1/03/2024
8506,Dale Brown,markgraves@example.org,Other,Cooperbury,5/01/2024
1142,Matthew Villa,james97@example.com,Female,South Juanville,12/04/2024
9770,Christina Smith,fisherann@example.com,Male,New Matthew,30/08/2024
8577,Sara Hill,randymartinez@example.net,Other,Marcusport,30/05/2025
2488,Alicia Dixon,amyers@example.net,Female,South Ashleyland,17/12/2024
6578,Kayla Meyer,mlee@example.com,Male,East Jeffreyfort,3/01/2025
8665,Brenda Herrera,rebekahhughes@example.net,Male,South Jamesville,12/03/2024
2772,Matthew Henry,millerkevin@example.com,Female,West Elizabethstad,16/08/2025
3027,William Wheeler,tvasquez@example.net,Other,Grimesburgh,9/06/2024
6595,Brian Patel,dustinhuff@example.org,Female,North Melissa,1/06/2024
5143,Bernard Espinoza,richard25@example.com,Female,Andersonton,4/03/2024
8496,Jennifer Wilson,sanchezvalerie@example.com,Male,Henryberg,19/05/2024
409,Dennis Hunt,brianscott@example.org,Female,Greeneshire,9/02/2025
7268,Donna Morse,robin32@example.org,Female,West Bridget,30/01/2024
2428,Samantha Clements,martinezkathleen@example.com,Male,West David,16/11/2024
1501,Sara Yates,gonzalezkenneth@example.net,Other,Hoshire,18/02/2025
4621,Cindy Hayes,scottbrooks@example.org,Other,East Terri,13/10/2024
9021,Jenna Harrison,carrollmargaret@example.net,Female,Port Monica,29/11/2024
6066,Wendy Evans,robert50@example.com,Male,Robertview,17/02/2025
5973,Willie Stewart,copelandmatthew@example.net,Male,Port Christineside,13/07/2024
9554,Mark Thomas,michael99@example.org,Female,Tiffanybury,27/06/2025
3478,Jennifer May,maryjackson@example.com,Female,North Nicholasborough,12/07/2024
7017,Juan Wells,jeffrey50@example.org,Female,Fieldsbury,5/01/2025
2721,Jessica Douglas,millerpaige@example.com,Male,Michaelview,10/04/2025
336,Linda Lang,rguerrero@example.org,Male,Lake Tylerport,7/09/2025
1194,Dennis Brady,tiffany62@example.org,Male,Audreyside,16/03/2024
6730,John Joseph,hjones@example.net,Female,Hernandezbury,15/01/2024
5810,Anna Willis,ernest31@example.org,Male,Wileystad,29/02/2024
8487,April Taylor,welchmichael@example.com,Male,North Juan,24/02/2025
8481,Timothy Collins,mcabrera@example.com,Other,West Isaiahton,20/02/2025
9019,Lee Flores,ksmith@example.org,Female,Gordonfort,12/06/2024
6971,John Guerrero,duane37@example.org,Male,New Katie,3/05/2024
4100,Kevin Hill,clinelindsay@example.net,Other,New Robin,8/07/2025
8497,Joseph Silva,markturner@example.org,Other,Jeremyhaven,24/10/2025
1950,David Johnston,smithsusan@example.net,Female,Port Ashley,25/05/2025
2258,Cindy Wheeler,mahoneysarah@example.org,Other,South Jenny,1/08/2024
5637,Lawrence Gonzalez,melissa18@example.org,Other,Benjaminton,23/01/2024
1336,Kathleen Schneider,ariel90@example.net,Female,Lake Jenniferberg,23/02/2025
5785,Cynthia Stein,wbarton@example.org,Male,Port Toddchester,14/03/2024
655,Anita Graham,harrisjoseph@example.org,Other,Kristineview,13/11/2024
9270,Gabriel Brennan,colinlong@example.net,Female,West Christopher,9/07/2024
9395,Danielle Adams,heidi69@example.org,Male,Lake Kimberly,5/11/2024
1519,Natasha Avila,michealhardy@example.net,Male,Lewisport,15/01/2024
3096,Tyler Anderson,lovedylan@example.org,Male,Harryborough,16/07/2025
9320,Barbara Long,rrivera@example.net,Other,North Marcia,7/06/2024
6078,Jeremy Cameron,erin36@example.org,Female,Darlenefurt,25/08/2025
515,Robert Clark,cherylrodriguez@example.net,Female,South Jenniferport,13/08/2024
4860,Todd Colon,matthew97@example.net,Female,East Sara,10/10/2025
1052,William Alexander,bobby30@example.net,Other,Theresatown,6/05/2024
2177,Michael Smith,amy11@example.com,Male,Greenfurt,16/01/2025
3927,Sherry Stone,sallyarnold@example.org,Female,Port Williamside,8/08/2024
4186,Patrick Guerrero,timothy33@example.net,Male,New Lukehaven,1/06/2024
6889,Jay Martin,andreagarcia@example.net,Male,Markside,27/09/2024
2571,Miranda Lambert,marcusbell@example.org,Other,North Kaylaberg,10/08/2025
2317,Gregory Reyes,vwatson@example.net,Other,West Tonyfurt,16/08/2024
3956,Andrew Rosario,timothywade@example.net,Female,Barnesview,4/12/2024
2723,Luis Singh,kellyrichard@example.net,Male,Kingburgh,21/08/2025
8963,John Joseph,johnsonraymond@example.org,Female,Terryfort,16/07/2024
4986,Tammy Marquez,christine14@example.net,Female,West Elizabethville,6/11/2024
3728,Ashley Briggs,tracy58@example.com,Male,New Juliemouth,2/04/2025
1702,Jerome Torres,hodgemichelle@example.net,Female,New Cesarfurt,14/08/2024
1747,Anne Daniel,wheeleramber@example.com,Other,Danielfort,19/04/2024
1765,Robert King,hernandezrebecca@example.org,Female,Longbury,15/01/2025
3459,Kyle Hoffman,anoble@example.net,Female,Jasonchester,15/09/2024
4655,Brent Davis,kimberlylopez@example.com,Male,Michaelland,9/04/2024
7008,Daniel Stokes,glennpacheco@example.org,Other,Villaland,2/01/2025
8942,Bridget Waller,rojasfernando@example.org,Male,West Brianshire,9/08/2025
3150,Linda Bailey,mejiatimothy@example.org,Female,Jeromeborough,11/06/2024
8140,Daniel Everett,wwright@example.net,Female,New Meganstad,29/08/2025
2637,James Johnson,barbara22@example.com,Other,East Alice,27/09/2024
9354,Carrie Powell,icarter@example.net,Other,Gonzaleztown,27/07/2024
1121,Erin Bender,julierojas@example.com,Male,South Janiceburgh,29/07/2024
4882,Janice Gonzalez,stephen57@example.net,Other,Powellton,30/08/2025
5619,Scott Daniels,irivera@example.com,Other,East Gabriel,24/12/2024
8984,Julia Sanchez,gomezamanda@example.net,Female,New Denisemouth,5/05/2025
1551,Kristen Sullivan,amy26@example.net,Male,Claytonside,4/07/2025
6247,Mary Reyes,wattschristina@example.org,Other,New Lauraberg,29/10/2024
1862,Kaitlyn Thompson,jason12@example.org,Female,Lisaburgh,19/06/2024
2832,Ronald Johnson,floresvictor@example.org,Other,Loganstad,31/05/2024
491,James Rasmussen,williamssandra@example.com,Male,Tracyburgh,1/03/2024
9761,Anthony Hall,anguyen@example.com,Male,New Monicaville,5/09/2024
2799,Lisa Sullivan,chad60@example.org,Other,South Katherine,1/03/2024
8142,Paul Adams,amandawolfe@example.org,Other,Lake Williamborough,20/02/2024
8128,Matthew Foster,tmiller@example.com,Female,North Shawnmouth,2/05/2025
518,Matthew Castro,alexharris@example.com,Male,Kristyport,10/10/2024
8894,Michelle Hayes,barbarasmith@example.com,Male,Lopezburgh,9/02/2025
3105,Ricky Holder,rcochran@example.com,Female,Williammouth,21/04/2024
3529,Nancy Schmidt,ymontgomery@example.com,Other,Port Christinaborough,22/05/2025
3559,Morgan Good,xsimpson@example.com,Other,Tristantown,26/04/2024
4526,Connie Brandt,ywoods@example.com,Male,Aaronbury,21/12/2024
1825,Maria Wells,paul54@example.com,Other,West Lucasshire,5/06/2024
8131,Kayla Smith,spencer42@example.com,Male,New Jeremy,3/05/2025
5295,Ronald Ramirez,josephperez@example.org,Other,Weaverchester,15/02/2025
1207,Joy Howard,robert31@example.net,Other,Timothyhaven,5/10/2025
7078,Michelle Lee,ernest58@example.net,Male,Erinchester,7/01/2024
570,Aaron Finley,imartinez@example.com,Female,Evelynfurt,4/01/2025
8098,Paul French,leahstevenson@example.org,Female,Port Lydia,6/06/2024
5093,Melanie Jackson,petersenbrittany@example.net,Other,East Jasminview,12/07/2024
3598,Michaela Walker,andreadunn@example.org,Female,North Katherine,20/01/2024
3915,Melinda Sutton,zsnyder@example.net,Other,South Kenneth,2/09/2024
4533,Bryan Mathews,rebecca28@example.com,Male,Port Nancyhaven,25/07/2025
4146,Kristin Davis,wilsonlawrence@example.com,Other,Sullivanview,24/06/2024
1713,Christopher Phillips,patrick14@example.org,Female,New Keith,8/01/2024
2662,Steven Lee,egarcia@example.com,Female,Christinatown,26/01/2024
8692,Renee Murray,andrew54@example.com,Male,West Rebecca,3/01/2024
4603,Stephanie Reynolds,nrodgers@example.net,Female,Parkerport,4/09/2025
5521,Chelsea Cole,hunter03@example.net,Male,Stephenfort,29/10/2025
5646,Christopher Wilson,alexander55@example.net,Male,Medinachester,31/05/2024
7027,Eric Farrell,ghudson@example.net,Other,Katherinestad,5/09/2025
930,Michael Chase,twilliams@example.net,Female,Allenland,19/08/2024
4800,Ryan Davis,michael90@example.org,Female,Morganstad,9/07/2025
985,Gina Lynn,thomasnancy@example.net,Male,East Allenmouth,16/10/2024
3204,Lisa Parker,scottdeborah@example.org,Female,Port Troy,11/04/2024
7899,Emily Carpenter,brownvalerie@example.org,Female,New Rachel,18/03/2025
5636,Selena Payne,flynnsavannah@example.org,Male,Yvetteton,12/07/2025
527,Jennifer Boyd,collinsbradley@example.net,Male,West Steventon,10/11/2024
1612,Susan Brewer,bryanmcdaniel@example.org,Other,Cobbborough,6/05/2025
5885,James Johnston,tstephens@example.org,Male,North David,13/06/2024
1975,Joseph Wu,geraldgarcia@example.net,Female,North Jamesfurt,17/07/2024
9296,Jeffery Clark,ecampbell@example.net,Other,Karenmouth,10/04/2025
4068,Joseph Hamilton,garciaveronica@example.com,Male,East Zacharymouth,18/11/2024
5246,Julian Mejia,colleen97@example.com,Other,Smithside,24/08/2024
3525,April House,jodi94@example.com,Female,Donnachester,8/09/2024
1984,Sarah Anderson,douglas60@example.org,Male,Herbertshire,9/08/2025
7880,Haley Palmer,laurajensen@example.net,Female,Nicolebury,25/07/2025
2176,Garrett Medina,christian56@example.org,Other,Benjaminland,19/10/2025
1397,Tammy Reyes,bestchristopher@example.net,Female,Lisaville,27/04/2024
8509,Scott Harris,jacquelinewilliams@example.org,Female,South Maxwell,8/04/2024
4347,Sonya Chandler,donaldbrown@example.com,Male,Bartlettberg,28/02/2025
4419,David Gonzalez,xleblanc@example.org,Male,Jessicaport,6/03/2024
9585,Kathryn Bradley,jeffrey18@example.net,Female,Oliviafurt,15/03/2024
6023,John Garrison,dcontreras@example.org,Other,Simsmouth,10/10/2024
7901,Ashley Perez,brenda27@example.net,Other,Brandonborough,10/02/2024
4290,Christina Mosley,amandastark@example.net,Female,Port Andrew,14/08/2025
8561,Melissa Howard,gabriel62@example.com,Other,Kennethbury,8/09/2025
4258,Jimmy Dean,jacksonthomas@example.com,Other,Hunterton,9/04/2025
7561,Kelly Evans,douglasellison@example.org,Male,Sethburgh,25/03/2025
64,John Martinez,leslienewton@example.net,Female,East Javier,4/07/2024
6545,Matthew Herring,courtneyball@example.com,Other,East Michellechester,2/02/2025
4880,Kathryn Rasmussen,sharrison@example.org,Other,Rachelstad,11/07/2025
6122,Alicia Singh,stevenhale@example.com,Female,Port Caitlyn,7/02/2025
1299,Holly Campbell,theresabeck@example.org,Female,Daviston,6/03/2025
4270,Mark Gonzales,gillespiethomas@example.com,Female,Hughesside,2/05/2025
9436,Steven Reyes,brandi53@example.net,Other,Deniseville,4/04/2025
2646,Christopher Moore,robertrobinson@example.net,Other,Raymondhaven,10/01/2025
5842,Amanda Elliott,fernandonelson@example.org,Male,Elizabethstad,11/05/2024
7876,Gary Harrell,kimberlylewis@example.org,Male,North Williamville,12/09/2025
3051,Ryan Bates,james70@example.net,Male,Robinsonton,10/10/2024
2867,Julie Cross,mray@example.org,Male,Garciamouth,21/05/2025
4535,Lance Salas,lindabrown@example.net,Male,Loriside,10/01/2025
8867,Daniel Webster,frankthomas@example.org,Male,Port Samantha,13/01/2024
4283,Terry Johnson,barbarachambers@example.org,Other,West Phillip,1/09/2025
5376,Lauren Smith,jessicabrown@example.org,Other,New Wesley,11/02/2025
1499,Robert Hamilton,josephmeyer@example.net,Female,Oliviaburgh,20/02/2024
2750,Jason Strickland,kyliebarker@example.org,Male,Grantbury,6/08/2024
3955,Kyle Morgan,penny39@example.org,Male,Annhaven,27/01/2025
6216,Douglas King,scollins@example.com,Male,North Emma,3/11/2024
1125,Taylor Johnson,holmescrystal@example.com,Female,South Brenda,25/06/2024
8934,Stacy Ramos,hhardy@example.org,Other,Lamberthaven,21/05/2025
12,Ryan Chavez,teresa28@example.org,Other,Meaganhaven,17/03/2024
2048,Kathy Lin,amyjones@example.com,Other,Riveraville,7/08/2024
3428,Stephanie Smith,daylee@example.net,Female,Cameronview,3/01/2025
7658,Julie Yu,barbara55@example.net,Other,Hamiltonshire,17/01/2025
307,Nicholas Gross,david09@example.com,Other,East Carriebury,11/07/2025
2817,Seth Garcia,elaine55@example.com,Male,Port Morganbury,19/04/2025
3010,Luis White,emily63@example.net,Male,Port Francis,21/04/2025
3872,Brian Lopez,gclarke@example.net,Other,Port Jeremystad,26/02/2025
3221,Chris Colon,johnsonedward@example.net,Female,New Josephmouth,25/02/2025
7290,Elizabeth Smith,dustinduarte@example.org,Male,Saundersfurt,20/08/2024
6831,William Garcia,samanthaking@example.org,Female,Melissabury,27/02/2024
8150,Elizabeth Kim,ryankeith@example.com,Female,West Mark,15/06/2025
122,Steve Miller,barbara96@example.net,Other,Robertsfurt,25/10/2024
591,Michelle Robinson,rhood@example.org,Female,Fitzgeraldbury,22/12/2024
2091,John Skinner,lwashington@example.com,Male,West Steven,12/03/2024
2581,Timothy Mcdonald,parkersean@example.org,Other,Christophermouth,17/10/2025
7984,Michael Brown,tyler01@example.net,Other,South John,3/10/2024
8163,Amanda Hobbs,victoria17@example.org,Female,Tranland,1/08/2024
2644,Riley Rodgers,leahdiaz@example.org,Other,North Natasha,2/11/2025
3246,Bianca Cardenas,ijohnson@example.net,Other,Frenchland,3/11/2024
7470,Angela Marks,muellerjeffrey@example.net,Female,Leahland,8/08/2024
6807,Andrea Walter,sheltonallison@example.org,Female,West Jameston,1/04/2024
1050,Brian Mcmillan,penny85@example.org,Female,Whiteview,29/05/2024
5623,Austin Davis,collinsmatthew@example.com,Male,Port Jennifer,25/09/2024
7066,Richard Ritter,sullivanamy@example.net,Other,Kristieport,15/02/2024
9905,Jason Lopez,amy60@example.org,Other,Williamsborough,29/06/2025
7265,Christine Reyes,josejones@example.net,Male,New Trevor,30/08/2025
7814,Nicholas Sullivan,upatel@example.com,Male,Port Bryanshire,3/09/2024
821,Elaine Martin,wisedawn@example.com,Other,Mccarthyland,30/01/2025
2690,Sarah Hall,amy84@example.org,Female,North Rickymouth,14/08/2025
82,Carol Francis,michellehill@example.com,Female,Sarahhaven,10/05/2024
4517,James Crawford,torrestravis@example.net,Male,Duanestad,13/12/2024
7726,Stacy Moody,tylermelissa@example.net,Male,Morenoton,18/08/2025
399,Courtney Luna,atkinsoncrystal@example.net,Male,Hammondborough,16/05/2025
3043,Keith Morris,crystalcole@example.net,Other,Boydstad,17/04/2024
4236,Donna Lopez,austinthompson@example.org,Other,Tuckerchester,6/09/2025
8001,Donald Adams,smithmarie@example.com,Female,Ericland,10/12/2024
1871,Patricia Roach,fwyatt@example.com,Female,Port Crystalbury,3/04/2025
3726,Nancy Mccarthy,james22@example.org,Male,South Wendyview,20/09/2024
9760,Angela Nicholson,antonio39@example.net,Other,Douglasbury,22/08/2025
7642,Joseph Holt,vickiarmstrong@example.org,Other,Kennethchester,4/08/2024
9884,Monica Maldonado,kathleenhenderson@example.org,Male,North Jessica,26/02/2025
9809,Jasmin Bell,rubenramirez@example.net,Male,Leehaven,17/10/2025
424,Richard Gonzalez,mclaughlincasey@example.org,Other,Jessicaside,3/04/2025
2136,Michael Cunningham,ycole@example.net,Other,North Christina,18/03/2024
1888,Marie Meyer,slittle@example.com,Female,Kimberlyville,24/11/2024
9842,Carol Murray,monicasingleton@example.com,Male,Rileystad,10/07/2025
628,Samantha Harris,jackbell@example.org,Male,Port Julie,19/06/2025
8812,Ashley Wells,toddseth@example.org,Female,Cruztown,30/03/2024
3067,Matthew Mercer,jessicacabrera@example.com,Male,Tiffanyside,20/03/2024
2134,Lynn Parker,george94@example.org,Other,East Jennifershire,31/12/2024
6421,Stacey Smith,margaretlong@example.net,Female,Carterside,23/09/2024
2044,Leslie Perez,craigbuck@example.com,Female,Cortezside,10/07/2025
7286,Lisa Sanchez,kenneth67@example.net,Other,Jeffreyview,5/02/2024
9696,John White,melendezzachary@example.com,Other,Currytown,21/09/2025
3240,Allison Gibson,wbrooks@example.net,Female,South Stephaniebury,12/09/2024
4466,Andrea Williams,deborah41@example.com,Female,West Sharon,17/12/2024
7522,David Estrada,crystal05@example.net,Male,Marktown,12/09/2024
75,Andrew Hubbard,barbara27@example.net,Male,Moonburgh,5/02/2025
672,Sarah Wilcox,twilson@example.org,Female,Port Lisa,12/06/2025
1281,Sarah Wang,kaylahardy@example.org,Other,East Matthewview,29/01/2024
3907,Hannah Cummings,fthompson@example.net,Female,New Tiffanyton,25/01/2024
5808,Jessica Harvey,sarahbrown@example.org,Male,Matthewhaven,26/03/2025
35,Patrick Williams,dwalker@example.com,Female,Loribury,24/04/2025
2183,Rachel Campbell,nfletcher@example.org,Female,West Jennifer,2/03/2024
941,Morgan Hayes,qwarren@example.com,Other,Port Brian,25/02/2024
8135,Mark Scott,shawn02@example.com,Other,Lake Donna,6/11/2024
9902,Sylvia Dorsey,alyssajackson@example.com,Female,West Paulshire,27/06/2024
9668,David Page,chad38@example.net,Female,Christopherfort,5/07/2024
9173,Stuart Miller,daniel59@example.org,Male,South Peggy,26/05/2025
460,Randy Sanchez,perkinshannah@example.net,Other,West Kelli,3/02/2025
7613,Norman Chambers,tbrown@example.com,Other,Adamsland,2/11/2025
6469,Audrey Ware,gibsonedward@example.net,Female,South Robertstad,12/03/2024
5819,Michael Brown,ryancarroll@example.com,Male,West Timothy,17/04/2025
7491,Paula Terry,hayesfrank@example.net,Other,North Natasha,9/06/2024
3847,Eric Wright,nataliemartinez@example.com,Female,Gonzaleschester,5/10/2024
710,David Harris,ahammond@example.org,Female,Petersonhaven,14/07/2025
4803,Katelyn Phillips,heatherward@example.com,Male,Taraberg,4/10/2025
8979,Heather Gonzalez,tinacarr@example.net,Female,Wilsonmouth,9/08/2024
9281,Timothy Dominguez,pamelajackson@example.com,Male,East Gabriel,19/02/2024
8224,Erica Weiss,vbrown@example.org,Male,Lake Ronald,6/05/2024
2992,Antonio Neal,xscott@example.net,Male,Robertview,29/12/2024
9802,Andrew Gomez,gaustin@example.com,Other,Kathleenview,1/09/2024
3287,Hannah Thomas,sheilagreene@example.org,Female,Bryantmouth,6/01/2025
5340,Martha Garcia,bradybradley@example.com,Other,Hannahfort,8/10/2024
906,Joseph Stephens,bryancurtis@example.com,Female,New Oliviachester,6/01/2025
3692,Russell Drake,umartinez@example.org,Male,Smithville,7/02/2024
9166,Bonnie Bryant,cruzbrittany@example.com,Male,Langmouth,17/03/2025
9289,Ryan Hudson,amber36@example.net,Female,Richardston,21/08/2025
7960,Amber Diaz,joseph25@example.org,Female,Lake Stephanie,28/10/2024
4778,Carol Reed,rwilliams@example.org,Male,Youngbury,17/09/2025
6397,David Ball,melanie63@example.net,Other,North Heather,9/09/2024
8862,Brian Lawrence,michaelgraves@example.com,Other,Woodardborough,1/11/2024
3001,Stephanie Schneider,edwinrowe@example.org,Female,Marshfort,4/03/2024
2543,Timothy Taylor,tsandoval@example.com,Male,Lake Samanthaport,5/11/2024
7477,Michelle Lee,wparks@example.com,Female,Davismouth,20/09/2025
1442,Jennifer Graham,spearselizabeth@example.net,Other,Sharonborough,31/01/2025
1156,Wendy Johnson,angela73@example.com,Male,South Catherine,22/10/2024
1891,Ashley Atkins,davismichelle@example.com,Other,Port Kathleen,19/09/2025
8632,Gerald Davis,tiffanygarcia@example.net,Other,West John,15/09/2025
7190,Sheila Bullock,kristy12@example.net,Female,Powellbury,22/09/2024
1919,Joseph Phillips,david90@example.com,Male,Hillmouth,2/02/2024
7060,David Hernandez,freemansarah@example.com,Female,Collierberg,11/01/2025
1794,Mary Charles,xsullivan@example.net,Female,Mitchellmouth,23/02/2024
9482,Joshua Myers,soniabryan@example.com,Female,North Tylerport,17/02/2025
1526,Nicole Martinez,lindsayshaffer@example.org,Male,Lake Carolhaven,5/02/2025
7691,Phillip Burton,ryanwalker@example.net,Male,New Amymouth,23/09/2024
3434,Kyle Mcintosh,taylor12@example.com,Other,Pattersonmouth,18/08/2024
5909,Crystal Warren,katherine89@example.net,Female,Lake Ericbury,25/10/2024
9177,Marisa Mcmahon,zgonzalez@example.org,Male,North Robertside,15/08/2024
3636,Sandra Allen,katie03@example.com,Male,Walkerborough,28/12/2024
9650,Ashley Ford,stephaniewilliams@example.org,Male,Port Brandifurt,16/02/2024
3328,Brandy West,johnathan63@example.net,Female,Melaniemouth,8/06/2025
4300,Matthew Ochoa,margaret56@example.org,Other,Draketown,2/11/2025
6495,Rebecca Bradley,donaldknight@example.org,Male,North Brittanychester,2/03/2025
5098,Jim Snyder,holderdavid@example.com,Male,Jenniferchester,2/07/2025
3549,Nathan Young,medinajessica@example.org,Female,Lake John,27/01/2025
879,James Mendoza,david78@example.com,Female,West Karen,19/04/2024
4431,Lisa Robinson,wshelton@example.org,Female,Aaronberg,15/03/2024
3936,Barbara Obrien,jennifer36@example.com,Other,East Andrewmouth,24/07/2025
1320,Alexis Moody,edwardshah@example.org,Male,North Peterberg,30/09/2024
269,Jason Goodman,cjensen@example.org,Female,North Donaldville,28/08/2024
2483,Linda Cooper,millstyler@example.net,Male,New Jennifer,11/09/2025
3917,Edgar Allen,garciapamela@example.org,Female,Lake Jared,28/03/2024
1808,Sharon Nguyen,johnsonsamantha@example.com,Male,Lake David,17/01/2024
8143,Elizabeth Rogers,michellehughes@example.com,Female,Curtismouth,8/05/2025
1308,David Gill,charlesbrooks@example.org,Other,Port Christopher,16/01/2024
4664,James Jimenez,tgallagher@example.com,Male,East Dustin,16/04/2024
7531,Katrina Keith,karlathornton@example.net,Female,Coleton,2/09/2025
670,Stacy Leblanc,rebeccamccann@example.org,Female,Jacquelineburgh,2/06/2024
7449,Cynthia Townsend,aprilwhite@example.org,Male,North Ellenborough,26/11/2024
8480,Jay Huynh,schneiderjeffery@example.org,Other,Matthewstad,4/08/2025
3420,Mark Fleming,schwartzcarol@example.net,Other,Port Lynnchester,23/09/2025
8024,Joshua Guzman,andersonjames@example.org,Other,Yuside,3/06/2025
7204,Robert Combs,kellybutler@example.org,Male,Savannahview,1/09/2024
1203,Kendra Harris,craigferguson@example.org,Other,New Michael,14/04/2024
7928,Chris Wolf,justinphillips@example.com,Other,Port Anthonyton,4/08/2024
4261,Timothy Mills,darrell96@example.org,Female,Lake Ryanfurt,8/11/2025
1272,William Maldonado,lozanocorey@example.org,Other,Lake Luke,3/08/2025
3793,Jon Baker,bbrown@example.org,Female,Herbertfort,22/02/2025
2828,Elizabeth Marquez,donnamadden@example.org,Female,Lake Linda,18/06/2025
6405,Natalie Cardenas,joanmartinez@example.org,Male,North Elizabethfort,20/04/2024
8348,Jennifer Larsen,younglaurie@example.net,Other,Danieltown,31/01/2024
738,Tabitha Leonard,kathrynpearson@example.org,Female,Ashleymouth,3/07/2024
5448,Michael Donaldson,rhonda27@example.net,Male,Fletcherburgh,27/03/2025
2290,Christian Taylor,julie34@example.org,Other,East Lauraberg,24/10/2024
9930,Douglas Phelps,fitzgeraldtravis@example.com,Female,Port Jeremy,8/04/2025
1176,David Gonzalez,ostevens@example.org,Female,Lake James,13/05/2025
4164,Jessica Smith,toddbrooks@example.com,Female,Port Brianchester,19/12/2024
6387,Matthew Hall,tiffanyjones@example.com,Female,Jasonberg,2/12/2024
4342,Joshua Gay,craig73@example.com,Other,Ronaldshire,17/03/2025
4020,Richard Anderson,robertpaul@example.net,Female,East Michaelton,22/08/2024
8276,Taylor Alvarado,katelyn50@example.org,Other,Judithberg,21/09/2025
9940,Sarah Simmons,timothy28@example.net,Female,Sandrafort,16/02/2024
9564,Paul Arellano,erinolsen@example.net,Other,Port Michael,25/08/2024
5013,Michael Murphy,franktodd@example.net,Male,Jorgeborough,13/11/2024
5852,Russell Perkins,sherritate@example.com,Male,Theresachester,7/01/2025
8250,Monica Vaughn,woodwardkathryn@example.org,Other,Saundersland,29/07/2024
6909,Judith Ross,harrisjason@example.net,Other,Andrewtown,16/05/2024
5752,Eric Jones,anthonyball@example.com,Male,West Steven,3/08/2024
4478,Chad Cannon,hollymcdonald@example.com,Female,North Jill,26/01/2024
2052,Michael Trujillo,pschmidt@example.org,Male,Beckton,13/11/2024
4145,Melissa Martin,jimmyhopkins@example.com,Other,Josephview,29/01/2025
6161,Lauren Wright,kylemccoy@example.com,Male,South Elizabethtown,30/03/2024
4858,Julie Gutierrez,jeanne28@example.net,Other,Rebekahton,12/12/2024
4410,Tanya Ramos,nicholas12@example.com,Other,East Austinhaven,2/01/2025
5484,Anne Harris,johncook@example.net,Other,New Abigail,10/03/2025
9143,Jonathan Benjamin,ronaldbrown@example.org,Female,South Ericview,23/10/2024
7042,Lisa Juarez,eric34@example.org,Male,Kennethfort,24/12/2024
4142,Julie Meyer,jthompson@example.net,Other,Cherylmouth,7/09/2024
4531,Gavin Jennings,samuel54@example.com,Male,Glennstad,5/03/2025
9877,Frances Zuniga,mooreryan@example.com,Female,Johnsonbury,5/09/2025
7183,Rodney Powell,tristan86@example.org,Other,Hollyview,8/10/2025
278,Krista Le,nathanbrady@example.com,Female,Port Rachelmouth,23/12/2024
4519,Ronald Griffin,matthew05@example.org,Female,Timothyfurt,30/10/2024
9496,Robert Hill,thomas72@example.org,Other,New Victoriastad,16/08/2024
3037,Bethany Garcia,lisalove@example.net,Female,North Amyshire,18/08/2024
3388,Christopher West,denisecole@example.net,Female,Jayfort,17/07/2024
8874,Ashley Gonzalez,qmorgan@example.org,Female,West Melissa,10/05/2024
637,Elizabeth Clements,jdixon@example.com,Other,North Johnfort,31/08/2024
9085,Joe Patterson,jacobsnicholas@example.net,Male,Markstad,12/07/2025
3404,Eugene Harris,barbararichards@example.net,Other,North Lee,26/02/2024
2541,Anna Curry,jacquelinemurray@example.net,Other,West Debra,13/05/2025
6665,Daniel Park,ballardjames@example.com,Male,Whitechester,23/10/2025
7160,Ricky Rasmussen,pdavis@example.net,Other,New Michaeltown,27/02/2024
819,Micheal Brown,vhouse@example.org,Male,South Austin,10/03/2025
2991,Amy Stout,kgonzalez@example.net,Other,East Stephanie,20/10/2024
6439,Amanda Allen,pdavenport@example.com,Other,Smithtown,13/10/2024
1834,Eric Willis,megan57@example.com,Other,Victoriashire,8/04/2024
8919,Nicole Rodriguez,ocrawford@example.com,Male,South Carolynland,11/02/2024
7668,Cassie Wilson,steven80@example.org,Male,Jessicachester,28/10/2024
2635,Charles Howard,hcollins@example.net,Other,Alexanderchester,22/06/2025
3370,Mallory Cooper,smithnicolas@example.com,Male,Shermanland,7/05/2024
5396,Melissa Woods,hicksanthony@example.com,Female,New Henryhaven,15/04/2024
4687,Jane Sandoval,donaldmarquez@example.net,Male,Jeremychester,28/09/2025
9703,Paula Donovan,nprice@example.com,Female,Perezbury,24/10/2024
4971,Teresa Nelson,wheelerjohn@example.com,Male,Veronicamouth,16/02/2024
6265,Ann Solis,wardbrittany@example.org,Male,Taylorborough,25/02/2024
925,James Hickman,josephdavila@example.net,Other,New Valeriefort,8/05/2024
1870,Stephen Palmer,heidihaas@example.net,Male,Aguirreton,22/03/2024
1270,Holly Rose,lopezchristopher@example.net,Female,Lake Lee,11/06/2025
5433,Elizabeth Anthony,kclark@example.org,Other,South Gregoryview,2/07/2025
8504,Cindy Dennis,miguelchavez@example.net,Other,Merrittborough,6/01/2024
2909,Brian Perez,lproctor@example.com,Male,Harpermouth,19/07/2025
6139,Michelle Rosales,james88@example.org,Male,East Reneemouth,24/10/2025
4422,Michael Schmidt,thomassingleton@example.org,Male,West Brett,3/01/2024
1643,Eddie Johnson,mccannjanet@example.com,Male,East Williamchester,2/11/2024
8576,Tonya Ford,sharon55@example.com,Male,Port Amyborough,29/10/2025
1035,Brett Cannon,russellsimmons@example.org,Female,South Davidstad,12/01/2025
6013,Stephanie Smith,tiffanyriggs@example.net,Female,Port Johnmouth,16/03/2024
4400,Hannah Collins,murphyjulie@example.org,Male,South Billy,13/07/2025
5120,Troy Garcia,schwartzconnie@example.net,Male,Port Michael,27/01/2024
1192,Jennifer David,ccrane@example.net,Male,Wattsfort,19/04/2024
4084,Corey Mclean,jessica03@example.net,Male,New Susan,5/07/2025
9807,Jennifer Harris,damon88@example.org,Male,West Taraborough,14/11/2024
1809,Luis Bates,davidjohnson@example.com,Female,New Heather,30/07/2024
7352,Kimberly Shaw,qpaul@example.net,Female,Port Keith,8/08/2025
2294,Ryan Parker,hli@example.net,Male,Sanchezberg,13/09/2025
6419,Jessica Powell,michaelmartinez@example.com,Female,West Gerald,15/10/2024
9804,Thomas Cortez,moorechad@example.org,Other,Tamarachester,1/05/2024
1688,Cynthia Munoz,jeremy00@example.net,Other,Martinburgh,15/03/2024
8958,Victoria Garcia,mary03@example.com,Other,Townsendshire,21/12/2024
1201,Kimberly Stevenson,zpreston@example.net,Female,Adamfurt,6/11/2024
9038,Steven Garcia,petercarter@example.net,Female,East Emily,21/08/2025
2448,Stephanie Brown,colleenwilliams@example.net,Male,North Sandra,17/08/2024
4716,Heather Ray,kboyd@example.net,Female,East Sydney,10/08/2025
5700,Nathan Kaufman,briandaniel@example.net,Other,Lake Rachel,7/07/2025
4592,Dawn Stevens,patrickhampton@example.net,Female,Lake Jose,26/02/2025
4101,Jennifer Carroll,ricardothomas@example.net,Other,North Robertstad,5/11/2024
17,Jeffrey Jones,perezrebecca@example.com,Male,New Johnfort,6/06/2024
6559,Gabrielle West,coxkristi@example.com,Male,Taylorborough,15/11/2024
7791,Luke Snyder,jennifercollins@example.org,Female,Elliottborough,23/11/2024
5570,Jon Hood,phillipmorrison@example.net,Male,New Jennifermouth,3/10/2024
6728,James Mathis,annamitchell@example.org,Male,South Nicoleberg,28/04/2024
2999,Christopher Adams,gonzaleznatalie@example.net,Male,Crystalmouth,7/12/2024
9125,Tammy Cooke,sharris@example.net,Other,West Sandra,4/08/2024
6656,Theresa Allen,heatherwhite@example.com,Male,West Donnamouth,14/07/2025
6479,Anthony Dunlap,cheyenne31@example.org,Male,Lake Michaelton,30/06/2025
9681,Mark Richard,qbartlett@example.com,Female,Mckeeberg,18/07/2025
2908,Gina Tucker,richardsonbenjamin@example.com,Other,Lake Stacyfort,17/06/2025
3489,John Hardy,annettewilson@example.net,Other,East Alex,2/11/2025
4632,Raymond Allen,josephpierce@example.net,Other,Dunnchester,2/07/2025
3017,Joshua Randolph,freemanbarbara@example.org,Female,Wilsonport,24/06/2025
6233,Willie Esparza,jay63@example.com,Male,Tylerland,19/06/2025
2243,Bobby Brown,mullenricky@example.org,Female,Lisaview,17/11/2024
6476,Jerry Arnold,wmorales@example.net,Female,Vancemouth,29/06/2025
5615,Jennifer Rose,mauricevargas@example.org,Male,North Paul,13/02/2024
3468,Joyce Adams,zrichards@example.org,Male,South Tammy,27/09/2024
3673,Nichole Roberts,davisjonathan@example.net,Male,Houstonport,26/07/2025
9967,Justin Kelly,jessica13@example.com,Female,Veronicaton,1/06/2025
2051,Roberto Ford,benjaminbrown@example.org,Male,South Jameshaven,11/06/2025
3634,Jacqueline Taylor,camachokathryn@example.com,Male,West John,30/09/2025
8658,Brent Anderson,washingtonbrooke@example.net,Other,South Kathleenborough,3/08/2025
4705,David Washington,ostevenson@example.org,Other,West Jennifer,26/09/2025
4645,Daniel Whitaker,melissaperry@example.com,Other,Newmantown,4/08/2025
6011,Karen Manning,gpeterson@example.org,Other,Johnsonmouth,17/10/2025
4559,Ronald Hamilton,sharptiffany@example.net,Female,East Benjamintown,1/12/2024
6217,Raymond Richards,woodsalexis@example.net,Other,Williamsshire,4/02/2024
534,Jennifer Marshall,staceythomas@example.net,Male,Robertafurt,13/04/2025
8174,Rachel Lane,timothyjones@example.net,Other,South Ashlee,5/01/2024
1090,James Obrien,kristen68@example.net,Female,West Joshuaborough,26/06/2025
7098,Elizabeth Watts,ariana27@example.com,Male,Port Jason,6/12/2024
7253,Robert Morgan,markjohnson@example.net,Other,Lake Victorfurt,15/02/2024
5783,Kellie Lane,rmills@example.net,Male,Richardsonchester,21/05/2024
8892,Andrea Collins,bensonmichael@example.org,Female,Jeffreyberg,24/12/2024
3166,Scott Cross,lindaperez@example.net,Other,Stevenchester,17/03/2025
3685,Andrew Underwood,qpotter@example.com,Female,West Karatown,26/10/2025
7281,Pamela Smith,sara66@example.com,Other,West Randall,12/01/2025
5975,James Ellis,johnsonstephen@example.net,Other,Port Jonathan,9/10/2024
5660,Shawn Rodriguez,burgessrose@example.net,Female,East Karen,12/11/2024
8571,Jamie Arroyo,amandamiller@example.com,Male,Gregoryton,27/11/2024
379,Rhonda Bush,kari89@example.org,Male,West Shane,21/07/2025
9238,Louis Chapman,laura33@example.org,Male,Jaredview,6/03/2024
4424,Bryan Carrillo,nicole99@example.com,Other,Alyssafurt,7/02/2025
8358,Roger Rodriguez,pjames@example.net,Other,Matthewport,11/03/2024
1921,Carla Brennan,lesliecoleman@example.org,Female,Port Henry,23/08/2024
9580,Betty Watson,nathanieljones@example.net,Female,East Jessica,6/03/2025
6245,Travis Horne,josephhale@example.com,Other,Susanville,14/04/2024
1460,Francis Peterson,timothymiddleton@example.net,Male,Anthonyfurt,9/11/2025
8956,Logan Moyer,kjackson@example.net,Other,Brittanyville,7/06/2025
3363,Trevor Sawyer,scottrodriguez@example.org,Female,Port Dustin,11/05/2025
7148,Hayden Mercer,ryoung@example.net,Male,Williamton,3/09/2024
80,Lance Smith,hdavis@example.com,Female,Lake Marilynfort,30/04/2025
3367,Thomas Santos,briana28@example.net,Other,South Kimberly,20/04/2024
2041,Madeline Price,castilloalec@example.org,Male,Brandonhaven,3/09/2025
3049,Dakota Gomez,rallen@example.com,Male,Jamiechester,25/04/2024
521,Amanda Rogers,dreilly@example.net,Other,Annettemouth,2/09/2025
1572,Lindsey Dalton,diazaaron@example.net,Female,North Donna,20/12/2024
5999,Victor Cantrell,christinechapman@example.org,Female,Michelleport,12/06/2024
5371,Jessica Thomas,michaelrangel@example.org,Male,East Matthewview,8/02/2025
8685,Michael Walker,xrivera@example.org,Female,West Jennifer,16/12/2024
2521,Jesse Johnson,tommorrison@example.net,Other,South Jessica,17/06/2025
5505,Douglas Martin,cisnerosdawn@example.com,Other,Lindsaymouth,19/09/2024
8258,Shaun Robinson,rebecca47@example.net,Male,Michaelchester,27/10/2024
6354,Bryan Petersen,brandy73@example.com,Female,Michaelfort,27/02/2024
1010,Connor Roberts,dvaughn@example.org,Female,Lake Jamieberg,16/08/2024
3015,Audrey Peters,brandontaylor@example.com,Male,Hillmouth,26/03/2025
4417,Michael Ramirez,llittle@example.net,Other,Johnsonburgh,17/06/2024
5016,Cindy Ellis,ascott@example.net,Female,Christopherbury,21/02/2025
8745,Shawn Ruiz,sharonrobertson@example.net,Male,Hernandezchester,23/08/2024
2486,Jacob Bruce,pbryant@example.com,Other,Paulberg,2/04/2024
7617,Lori Davis,mendezclaire@example.com,Female,Lake Jill,7/03/2025
9490,Patrick Bowen,randytrevino@example.org,Female,North Caitlin,25/08/2025
7589,Jason Shields,georgeschroeder@example.net,Female,Port Matthewside,12/10/2025
3278,James Anderson,cynthia12@example.org,Male,East Kelly,15/03/2024
4071,Joseph Spencer,james14@example.net,Other,South Dustin,12/09/2024
4650,Victor Butler,cheryldaniel@example.org,Male,Simonhaven,26/06/2024
7172,Christina Hansen,john24@example.net,Male,Albertland,12/02/2024
643,Christina Gomez,luke09@example.org,Male,Port Michael,26/10/2025
9603,Keith Torres,lgallagher@example.org,Other,South Carrie,25/01/2024
7263,Ryan Mcpherson,millerjill@example.com,Male,East Paulmouth,8/04/2024
3626,Michele Walker,dmorris@example.org,Male,Floreschester,9/11/2025
7656,Taylor Jackson,bakersamantha@example.net,Other,Justinfort,15/05/2024
2018,Melissa Hill,huberchristine@example.com,Other,Phelpsmouth,13/10/2025
6858,Daniel Le,julia59@example.com,Male,North Kelsey,12/02/2024
3534,Sara Ayala,stephen37@example.com,Male,Jessicaberg,22/09/2025
5745,James Jenkins,uyork@example.com,Other,Byrdfort,30/06/2024
9566,Richard Jones,lindanelson@example.com,Other,North John,20/10/2025
7971,Ryan Hunter,qhensley@example.com,Female,South Donaldport,1/07/2025
2028,Craig Blair,dbrown@example.org,Other,North Yvonne,5/12/2024
33,Michael Castro,vdickson@example.org,Female,Port Francisco,1/04/2025
5006,Denise Murphy,amymathews@example.com,Male,Port Stuartfurt,9/08/2025
2308,Kristina Johnson,gcastillo@example.com,Female,West Luisshire,6/03/2024
6005,Vanessa Anderson,umartinez@example.net,Female,Cassandraville,21/12/2024
4613,Robert Murphy,david35@example.com,Female,Matthewmouth,12/03/2024
8112,Justin Huerta,sara51@example.com,Other,South Dennis,13/09/2025
9129,Cassandra Reed,hguzman@example.net,Other,West Jaimeborough,6/05/2024
2304,Stephen Williams,umccoy@example.com,Other,Davidmouth,23/02/2024
8407,Ashley Benson,ericaadams@example.net,Other,East Samantha,22/04/2025
1306,Emily Terry,michael86@example.com,Female,Davidstad,25/01/2024
2229,Theresa Scott,ggarcia@example.org,Male,Lake Michelleville,24/05/2025
9197,Jamie Goodman,rcarey@example.com,Other,North Thomasview,3/07/2024
2846,Andrew Krueger,johnsondanny@example.com,Female,Jenniferberg,13/04/2025
2144,Andrew Thomas,stephanie27@example.net,Male,Christopherchester,27/03/2025
3957,Theodore Harris,morrisjoshua@example.org,Female,Danielville,6/08/2025
7407,Barbara Harris,carlos28@example.org,Other,Lake Scottfurt,28/01/2025
9363,Sarah Chen,susandavis@example.net,Other,South Danafort,26/03/2025
9670,Shari Oconnor,annarios@example.org,Female,East Evanview,10/04/2024
3763,Jill Robinson,katherine69@example.com,Male,West Mark,19/06/2025
4576,Abigail Valentine,larajonathan@example.org,Female,Heatherville,8/11/2024
4699,Krista Davis,rscott@example.com,Female,New Ashley,31/01/2024
6692,Misty Lawrence,masseytamara@example.org,Male,Gibsonport,1/09/2024
1092,Jacqueline Hunter,fsmith@example.net,Male,Beanside,13/07/2024
3208,Elijah Gray,bradfordsheila@example.com,Other,Kathyshire,8/01/2024
9382,Logan Gordon,xfranklin@example.org,Female,East Brandonborough,28/07/2024
4083,Jacob Green,nuneznicole@example.org,Other,Port Jeremy,29/09/2025
2054,Mark Stevens,patrickmartin@example.org,Female,Jordanfurt,10/12/2024
7914,Thomas Hicks,stacy25@example.org,Female,Lake Angiechester,6/07/2025
1982,Sandra Ayala,fsparks@example.org,Female,New Lindsey,4/08/2024
7368,Gabrielle George,cdudley@example.org,Female,Colemanstad,28/02/2024
783,Jason Cole,brooksbarbara@example.org,Other,Sherrytown,22/04/2025
5554,Megan Howard,leondavid@example.com,Other,Allenborough,20/09/2025
2166,Tara Banks,stonejesus@example.org,Male,New Sarahchester,13/08/2024
9635,Jamie Ho,ubrown@example.net,Other,Sandershaven,6/02/2024
635,Ralph Neal,figueroapatricia@example.org,Other,West Theresamouth,22/03/2024
1012,Aaron Munoz,meyerjohn@example.org,Other,Johnsonhaven,19/03/2024
8805,Mark Hobbs,allison29@example.net,Female,West Annafort,28/08/2025
6788,Sara Paul,rileynicole@example.org,Other,West Sarah,4/11/2024
8731,Joan Santana,gonzaleztony@example.net,Other,Stevenburgh,19/03/2024
6654,Deanna Moore,johnwilliams@example.org,Male,Mooreport,26/04/2025
5159,Richard Green,xmathews@example.org,Other,Jesseberg,16/07/2025
3886,Scott Jones,scottleblanc@example.com,Female,Christophertown,22/10/2025
1869,Todd Burton,eberry@example.org,Other,East Christopherton,9/10/2025
4965,Michael Hopkins,tharper@example.org,Other,Port Ryanborough,25/11/2024
877,Michael Mcclain,daniel77@example.org,Female,West Julie,13/09/2024
2374,Alexis Ramirez,shannon33@example.org,Male,New Laura,7/07/2025
4749,Brandy Bradford,robertroberson@example.org,Female,Paulview,19/04/2025
4312,Samantha Glover,sheltonariel@example.com,Other,Lake Misty,27/10/2024
1017,Rebecca Estes,dkhan@example.com,Male,East Michaelhaven,30/01/2024
9024,Dawn Alexander,monicaromero@example.org,Other,Thomasport,27/09/2025
4719,Stephen Gilbert,andersonkimberly@example.net,Female,New Charles,21/03/2025
9111,Lucas Valdez,carterpatrick@example.net,Female,Robinsonton,16/10/2025
9557,James Acosta,sabrinapollard@example.org,Other,Ashleytown,30/03/2025
5123,William Chambers,karenfuentes@example.org,Male,Stephanieburgh,12/10/2024
9425,Nicole Chen,grahamlawrence@example.net,Female,Hernandeztown,25/01/2024
9938,Sarah Sellers,opowers@example.com,Female,East Melissa,5/07/2024
4846,Sylvia Hubbard,kaylee54@example.net,Other,Lake Adam,24/12/2024
9560,Lindsey Martin,odavis@example.org,Other,East Leah,24/02/2025
7396,Sean Townsend,walkerdarren@example.net,Male,Johnchester,4/06/2024
3701,Vicki Perez,erictownsend@example.org,Female,Reyeschester,2/03/2025
2534,Kara Watson,wesley56@example.org,Male,East Timothyview,15/02/2025
4184,Anthony Foster,brianhancock@example.net,Male,West Theresa,25/03/2025
8155,Theresa Nguyen,brettgarcia@example.org,Female,North Michael,26/08/2024
3474,Danielle Walton,beannicholas@example.com,Female,Port Katherine,24/03/2025
9964,Glen Hall,sharpdiane@example.net,Male,Lake Rebeccamouth,27/05/2024
5129,Zachary Lee,hibarra@example.net,Male,South Dean,14/09/2025
8096,Sandra Harvey,ferrellisaiah@example.com,Male,Martinezport,23/08/2025
5968,Christopher Dennis,cruzjohn@example.com,Other,Danafort,29/01/2024
3515,Mark Gonzalez,johnsonwesley@example.org,Other,Richardport,27/04/2024
5574,Tricia Davenport,melissa89@example.net,Female,Lake Steve,1/09/2024
7508,Michelle Lyons,kathleen07@example.net,Other,North Theodore,16/04/2024
581,Jamie Bowman,ljenkins@example.net,Male,New Hectorfort,18/04/2025
9890,Melissa Luna,jacob49@example.org,Female,Elizabethstad,16/05/2025
2141,Aaron Ayers,wilsonbrian@example.net,Other,South Crystal,4/03/2024
9287,William Moreno,campbellgwendolyn@example.com,Male,Lake Bethany,3/11/2025
3035,Jason Taylor,qhall@example.org,Female,New Sherry,14/02/2025
5797,Nicholas Quinn,lcharles@example.org,Female,Johnsonchester,1/01/2024
8980,Jason Stephens,sandra34@example.org,Female,Susanside,26/05/2025
378,Paul Frye,tammy00@example.net,Female,Jamesmouth,25/09/2025
8683,Bradley Morse,donovanelizabeth@example.org,Male,Clarkside,1/09/2024
6249,Juan Carrillo,benjamin26@example.net,Male,Lake Williambury,14/04/2025
4977,Tammy Silva,tony37@example.org,Other,Lake Jamesberg,26/01/2025
5850,Daniel Lopez,jessicamora@example.org,Male,Port Michaelchester,30/11/2024
4711,Erin Bailey,hbenson@example.com,Male,New Tina,18/02/2025
4963,Teresa Duke,joshua13@example.net,Female,Dianamouth,26/07/2024
1601,Sarah Smith,williamslaurie@example.com,Other,New Deborah,18/01/2024
6615,Alison Dillon,wguerra@example.org,Female,Marybury,18/07/2024
3743,Nicholas Schmidt,idawson@example.com,Male,Gregorytown,4/06/2024
1880,Miguel Hardy,edwardmitchell@example.org,Female,Sandrachester,19/01/2024
3177,Tammy Blankenship,kenneth47@example.org,Other,Scottfort,11/06/2024
6856,Holly Krueger,pittmanadam@example.net,Female,North Mario,29/12/2024
2016,Robert Henry,knichols@example.com,Other,Lake Erinmouth,16/01/2025
6773,Eric Shepherd,diazjohn@example.net,Other,Cynthiaside,21/05/2025
6929,Michelle Richardson,egreen@example.org,Other,Port Mary,30/04/2025
7271,Hailey Miller,wmartin@example.org,Other,Richardsstad,24/05/2025
8212,Holly Miles,carla93@example.net,Male,Arnoldfort,10/10/2025
8617,Jamie Campbell,jeffrey82@example.net,Male,West Jennifer,1/10/2024
1743,Bruce Atkins,bwilliams@example.com,Female,New Amy,14/10/2024
6055,Michele Carpenter,markstephens@example.org,Male,Elizabethport,26/03/2025
651,Kathryn White,burtonzachary@example.org,Other,Lewismouth,6/11/2024
5871,Kelly Williams,fischermark@example.org,Female,West Anthonyland,19/04/2024
330,John Burns,ethompson@example.net,Other,Maxview,10/04/2025
6681,Kelly Johnson,ibrown@example.net,Other,West Saraside,12/06/2024
7460,Kim Porter,kellysusan@example.org,Male,Port John,20/05/2024
5712,Sarah Lin,joshuahernandez@example.net,Male,Armstrongberg,17/02/2024
5738,Kevin Smith,charlespeters@example.com,Male,Lake Katherine,7/01/2024
1858,Frank Briggs,robert52@example.com,Female,Jessicaburgh,9/10/2025
8870,John Wang,richardsonadrienne@example.net,Other,Jonathanburgh,26/10/2024
3974,Max Garcia,baileychloe@example.net,Other,South Colleenberg,19/02/2025
7934,Dawn Kelly,abigail88@example.net,Other,West William,1/02/2025
3324,Michael Matthews,matthew86@example.net,Other,Lake Jillmouth,27/01/2024
8110,Ryan Curry,ryanbaker@example.com,Other,Abigailview,11/04/2025
7867,Shawn Harris,uhernandez@example.com,Female,South Geoffrey,23/05/2025
2174,Kara Nichols,kimedwards@example.org,Other,Lake Marychester,18/01/2024
493,Stacy Perez,penny21@example.net,Female,Meyerbury,7/10/2025
3321,Christopher Gray,pagelauren@example.net,Male,Espinozamouth,30/03/2024
2585,Rose Lambert,hensleybenjamin@example.com,Other,Port Yvonneland,7/03/2025
1108,Thomas Turner,allenphillip@example.com,Male,Kellyhaven,17/10/2024
2070,Jon Ramirez,melissaroy@example.com,Male,New Joshua,9/11/2024
4231,Heather Johnson,zrobinson@example.com,Male,North Jose,20/05/2024
2642,Todd Adams,ischultz@example.com,Other,North Crystal,1/09/2025
6867,Katie Reed,jackevans@example.com,Female,New Brianhaven,23/08/2025
5544,Ryan Washington,gregory93@example.net,Male,Jonathanview,16/10/2024
2205,Brian Rose,brooksharold@example.com,Female,East Johnmouth,4/08/2024
9380,Rickey Trujillo,patrickcampbell@example.net,Female,Lake Nicolas,17/10/2024
5030,Jason Morgan,daniel16@example.net,Other,East James,4/05/2025
1506,Jennifer Payne,steven45@example.org,Male,Port Alexandertown,18/02/2024
2364,Tammy Nunez,stevenrichards@example.org,Male,North Jeffrey,15/03/2025
6597,Earl Little,jefferydavis@example.com,Female,Sarahberg,13/03/2025
6897,Devin Potts,robertmiles@example.org,Other,New Erinfort,3/12/2024
6450,Eric Jensen,stephaniebaker@example.net,Female,Jonesfort,25/09/2024
5235,Olivia Taylor,njenkins@example.net,Other,South Jessicashire,15/09/2024
7433,Mary Hernandez,georgeneal@example.org,Other,East Josephton,5/02/2024
2252,Samuel Cox,stephanie14@example.org,Male,Rojashaven,14/07/2024
9156,Stephanie Todd,vthomas@example.com,Male,North Tonyside,12/01/2025
4399,John Mitchell,derek48@example.com,Other,Spencerport,20/08/2024
3331,Erica Bryant,dawnmerritt@example.org,Male,Port Saraton,29/04/2025
2413,Alyssa Vazquez,fernandezbrandon@example.net,Male,West Jonathanland,22/06/2025
8710,Stephanie Campos,heatherforbes@example.net,Female,New Coreyburgh,10/09/2024
4529,Guy Wood,matthew40@example.org,Male,Breannahaven,4/09/2024
4443,Grace Lutz,charles45@example.org,Other,New Vanessa,23/08/2025
8210,Sean Brown,michele72@example.net,Male,South Ryan,24/07/2025
5530,Alan Miller,nicolehunter@example.net,Female,West Katherineburgh,8/11/2024
4967,Gloria Lane,marissathomas@example.com,Male,Davidmouth,2/11/2025
1208,Stephen Smith,gross@example.com,Female,Sonyaland,17/03/2024
5026,James Steele,edward43@example.org,Female,West Hannah,21/12/2024
1761,Andrew Long,kbennett@example.com,Female,Alanburgh,12/08/2025
3265,Kevin Jones,elizabethlewis@example.net,Male,Jamiebury,23/02/2024
8740,Jessica Diaz,jasonrobinson@example.com,Other,Sethburgh,24/10/2025
4474,Anthony Larson,martinjennifer@example.net,Female,Davidville,12/06/2025
2717,Stephanie Rowe,amberkennedy@example.net,Male,Moorehaven,22/09/2025
2979,Jennifer Harrington,hinesvalerie@example.com,Male,Brittanychester,17/03/2024
1268,Amanda Long,justintaylor@example.org,Other,Sherylchester,28/01/2025
5222,John Smith,amanda87@example.com,Other,Simsbury,27/12/2024
5192,Deborah Holloway,chandlerfelicia@example.org,Other,Alvaradoview,29/01/2024
1140,Susan Morales,turnerjonathan@example.net,Other,New Lindsaymouth,28/11/2024
6549,Steven Ho,flambert@example.net,Female,Calvinton,7/05/2025
2514,Emma Mason,meghanallen@example.com,Female,Rodriguezfurt,15/04/2025
3842,George Benson,michaelcampbell@example.com,Male,Matthewland,3/01/2024
5343,Jeff Cross,sabrina99@example.net,Female,Simsburgh,4/06/2024
2446,Peggy Cain,meadowsbrian@example.org,Male,New Lorishire,5/06/2025
2507,Kelli Singh,keithemily@example.net,Male,Lake Kimberlychester,28/04/2024
8532,Brian Carroll,zcampbell@example.net,Female,East Valerie,16/09/2024
4413,Vincent Stark,zchaney@example.net,Male,Nelsonborough,6/08/2024
5164,Paul Lester,eric95@example.net,Male,Hoffmanborough,28/06/2024
7134,Julia Fuller,dcaldwell@example.com,Male,Sophiafort,9/09/2025
9017,Paul Bell,jillarellano@example.net,Female,Kimburgh,15/09/2024
303,Lisa Waller,gregory01@example.org,Other,New Jeffery,26/07/2025
1061,Robert Hudson,sarasanchez@example.com,Female,New Jorge,3/11/2024
1973,Joshua Crane,matthewsjill@example.com,Female,Lake Peter,8/04/2024
7236,Ann Hawkins,aaron39@example.org,Male,Rhodesmouth,11/10/2025
1807,James Smith,rhonda05@example.org,Female,Randolphland,5/10/2024
922,Richard Brown,vwhite@example.net,Female,Port Heatherfort,23/05/2025
8529,Christine Martinez,laura83@example.net,Male,Wigginsmouth,23/10/2024
5656,Mary Berger,willisjonathon@example.com,Female,Riddleside,10/03/2025
7163,Aaron Thompson,melaniebradley@example.org,Male,Fordton,4/08/2025
4391,Debra Strong,heather60@example.net,Other,Lisafort,25/09/2024
1675,Heidi Hill,emorales@example.com,Female,Mosleyland,20/08/2025
8402,Brandon Anderson,jeannelson@example.net,Male,North Donna,25/07/2025
6743,Susan Avila,alexa34@example.org,Male,Heathermouth,27/01/2025
8850,Kathryn Williams,erichopkins@example.org,Female,Huangfort,7/05/2024
5512,Rachel Frazier,paulahall@example.org,Male,West Paulachester,7/11/2024
8248,Brittney Williams,andrewlopez@example.net,Other,Norrishaven,9/02/2024
4382,Nancy Garrison,caleb79@example.com,Other,Lake Bobby,1/11/2025
9701,Brandy Hess,yolandapaul@example.com,Female,Goodwinchester,10/01/2025
975,Amanda Rose,deanna17@example.org,Other,Cummingsview,26/01/2024
7274,Robert Bauer,martineztodd@example.org,Female,Christophertown,8/09/2024
2039,Kathryn Arnold,qgreen@example.com,Male,South Laurenstad,16/02/2025
7937,Monica Hall,christopher52@example.net,Female,Bakerberg,4/11/2025
6148,Nicole Hill,brooksdaniel@example.org,Female,East George,7/07/2025
3791,Todd Le,ngraham@example.net,Female,Brewerhaven,28/05/2025
4134,Taylor Ryan,davidvaldez@example.net,Female,West Danielland,12/03/2025
7353,Brett Burnett,gomezanita@example.org,Male,Michaelborough,18/08/2025
6215,Jeffrey Nichols,jamesjacob@example.net,Other,Mirandahaven,14/07/2025
8708,Martha Baker,richardmyers@example.org,Male,Martinborough,15/01/2025
1567,Raymond Ferguson,rebeccafigueroa@example.com,Other,East Charles,23/07/2025
2613,Alex Carroll,ebonywalters@example.net,Other,Travisberg,25/05/2025
2826,Bryan Soto,mariamoore@example.com,Female,Kathychester,24/11/2024
5282,Kevin Hopkins,hwallace@example.com,Male,Amyfort,8/05/2024
5794,Mark Harrison,zferguson@example.com,Other,East Edward,22/01/2024
9845,Tammy Price,noahwilliams@example.net,Other,New Robert,2/04/2024
78,Aaron Booth,mgutierrez@example.net,Female,Cindyfort,18/07/2025
1152,Cynthia Murphy,jalvarez@example.org,Male,Matthewstad,6/02/2025
2214,Jonathan Gonzales,christyfletcher@example.org,Other,Deniseton,22/03/2025
3870,Jay Jenkins,timothybell@example.net,Other,Deborahview,30/05/2025
981,Juan Barton,qperez@example.com,Male,West Angelicabury,1/12/2024
3843,Douglas Duffy,mariahclark@example.com,Female,Port Haileystad,15/01/2025
7261,Christine Moon,richard10@example.org,Male,West Anita,26/01/2024
7084,Dominic Bray,phillipsvickie@example.net,Male,Lauraview,28/02/2025
4662,Richard Yang,jameshill@example.com,Male,Ginaport,4/02/2025
5453,Ryan Jones,susanprice@example.org,Male,Katelynville,17/03/2024
3044,Jose Nixon,cynthiaarmstrong@example.org,Female,Austinmouth,25/02/2025
7858,Cody Burke,chavezlouis@example.net,Male,Lisabury,14/02/2025
4136,Jose Carrillo,murphycassidy@example.org,Female,Rebeccafort,11/07/2024
7912,Sheila Pierce,ijenkins@example.org,Female,Mcdanielville,23/02/2025
1048,Ralph Gilbert,joseph49@example.org,Other,West Ashleymouth,18/08/2024
7116,Kevin Lamb,zparker@example.net,Male,Wallerberg,9/11/2025
7751,David Valenzuela,jenniferbarnes@example.net,Male,Steelefort,2/05/2024
7995,Tara Montoya,dianajames@example.com,Other,Fieldsfurt,28/05/2024
2746,Douglas Hart,warnerdaisy@example.com,Male,Meganchester,7/05/2025
5254,Mark Drake,susanvillarreal@example.com,Male,Brendachester,6/09/2024
8133,Daniel Harris,jordan69@example.net,Female,Joshuaville,20/10/2025
3831,Curtis Barry,michaelagardner@example.com,Male,Lake Henryville,15/09/2025
2567,Jerome Cooper,taylorjennifer@example.com,Other,Port Ann,25/06/2025
9505,Donald Ferguson,fgoodman@example.org,Male,Amymouth,20/09/2025
9706,Troy Guerrero,brian98@example.com,Other,Ellisfurt,12/11/2024
1860,Natalie Hall,jamesortiz@example.com,Female,Lake Heatherchester,27/05/2024
8341,Robert Hernandez,qmiller@example.org,Female,Lake Donna,29/09/2025
9854,Abigail Patterson,byrdfrederick@example.net,Male,East Kimberly,21/04/2024
1839,Cynthia Santos,ashleyjames@example.com,Female,North Heather,16/03/2024
4018,Rhonda Ramirez,woodarderica@example.org,Female,Lake Kaylee,20/07/2025
4814,Eric Rogers,scottgarcia@example.org,Other,Lake Laura,25/02/2025
7170,Judith Jones,zunigaalyssa@example.org,Other,Toddstad,6/03/2025
3674,Mark Luna,emilypena@example.com,Female,West Kathleenton,7/11/2024
5213,Vicki Chavez,harrisonlisa@example.com,Male,East Mary,21/05/2025
5726,Haley Howard,bradley85@example.com,Male,Ambermouth,30/09/2024
9213,Lisa Koch,gfritz@example.org,Other,Shawview,18/06/2025
1277,Katie Anderson,chadwilson@example.org,Other,Jonesside,29/01/2024
31,Scott Thornton,rodriguezsierra@example.net,Female,New Barry,20/04/2024
8022,Greg Cline,qriley@example.net,Other,North Cathy,18/01/2025
6372,Michael Carter,markkelley@example.com,Male,East Susanfort,6/11/2024
9764,Jennifer Macias,zharris@example.net,Male,Burnsbury,28/01/2025
385,Amber Campbell,willie87@example.com,Female,West Rachelborough,20/09/2024
5431,Joseph Lam,wiseamber@example.net,Other,Annetteshire,27/06/2025
2934,Samantha Jones,jacquelineallen@example.org,Female,Johnsonchester,5/10/2024
4983,Robert Powell,igutierrez@example.org,Male,Samanthaton,3/07/2025
5215,Christian Johnson,nataliemartin@example.net,Female,Mcdonaldchester,30/01/2025
7779,Benjamin Collins,patelsean@example.com,Female,Ashleychester,27/08/2025
1119,Ann Wilson,scarroll@example.org,Other,Davisland,31/07/2024
3950,Eric Wright,dmorales@example.org,Other,Kylefurt,15/06/2025
6436,Alyssa Nelson,brian93@example.com,Other,Rossborough,5/01/2024
1694,Brian Rice,jillwilkerson@example.com,Female,South Michael,20/09/2025
5904,Angela Jones,johnsonmariah@example.org,Other,East Johntown,29/07/2024
1343,Frank Lewis,hermanjulie@example.com,Female,Angelahaven,6/09/2025
8502,Andrew Todd,joseph40@example.com,Other,North Matthewborough,16/03/2024
2068,Shannon Stephenson,dorseylinda@example.org,Male,Bradshawmouth,16/08/2025
5293,Samantha Garcia,lrodriguez@example.org,Male,South Kenneth,30/01/2025
5204,Melanie David,jeffreysimmons@example.org,Female,Port Wendy,10/04/2024
5601,Maria Hardin,mburgess@example.net,Female,Joneston,19/01/2025
4490,Crystal Rodriguez,cheryl83@example.com,Female,Boydtown,21/03/2024
7635,Adam Kerr,samanthawallace@example.com,Other,Lake Tracytown,28/04/2025
4892,Christopher Mendez,ksantana@example.org,Female,East Markfort,23/02/2024
9548,Janet Hebert,williamspeter@example.net,Male,Vaughnshire,10/06/2025
8627,Robert Mueller,adam18@example.com,Male,Port Patriciaport,26/12/2024
5291,Anna Richards,stephaniewilliams@example.com,Other,West Christopherburgh,1/09/2025
313,Ryan Valdez,gmoore@example.com,Female,East Robert,26/04/2025
781,Alexander Valdez,michelleperez@example.net,Other,South Jesus,2/06/2025
2686,Jerome Anderson,thorntoncaitlyn@example.net,Other,North Andreastad,17/03/2025
1623,Paul Miller,daniel15@example.org,Other,Port Jessica,10/06/2024
4764,Natalie Gates,jjensen@example.com,Male,Richardland,25/02/2024
2652,Donald Smith,katrina07@example.com,Female,West Michelle,29/04/2024
6286,William Young,julie02@example.net,Male,Pruitthaven,6/05/2025
6478,Theresa Davila,deborahhernandez@example.com,Male,West Mary,13/11/2024
384,Michael Allen,susanfleming@example.com,Other,Moonville,19/03/2024
3391,Courtney Harris,lhartman@example.com,Male,Port Brendan,27/01/2024
6661,Jessica Bradshaw,sierrafuller@example.org,Male,Nicholasmouth,4/05/2025
9471,Gina Norton,corey41@example.org,Female,Port Benjaminbury,16/01/2024
4580,Meagan Reynolds,joseph29@example.net,Female,Brownton,9/04/2024
7650,Kimberly Dixon,randyboyd@example.org,Male,Kayleemouth,8/01/2024
4617,Michael Peterson,markmassey@example.com,Other,Robertsside,25/06/2024
7755,Brenda Knight,brian36@example.org,Female,South Emily,13/07/2025
280,Jonathan Garcia,perezwilliam@example.org,Male,East Brandonstad,8/09/2024
9718,Chelsea Ramirez,emorales@example.net,Male,Lake Leslietown,3/10/2024
6771,Danielle Torres,ytran@example.net,Other,Yvonnehaven,5/11/2025
403,Billy Juarez,bryanwood@example.org,Female,New Rebecca,4/10/2025
2631,Autumn Guerra,fcook@example.org,Other,Daisyland,17/05/2025
9945,Kristen Anderson,hernandezmatthew@example.org,Female,Ricemouth,28/02/2025
1734,Darlene Mullins,davisautumn@example.org,Female,Port Steven,6/10/2025
7544,Angel White,bfoley@example.com,Other,North Jared,28/10/2025
9891,Jacqueline Anderson,reyespaul@example.com,Female,New Tony,21/05/2025
413,Rachel Greene,davisdonna@example.net,Male,Port Erikachester,1/05/2024
8675,Julie Barry,derek05@example.com,Female,Barrettshire,9/01/2024
1752,Daniel Lewis,rebeccareed@example.net,Other,Scottmouth,23/02/2024
6571,Caleb Cox,robert16@example.com,Female,South Stacyport,24/02/2024
2172,Christy Houston,garzazachary@example.org,Other,South Billy,16/08/2024
9476,Bill Herring,alexandriafletcher@example.net,Other,Willisview,6/08/2024
6167,Ricardo Palmer,madison34@example.com,Male,East Amy,25/03/2024
2795,Laura Roman,schavez@example.net,Other,Roseland,24/05/2025
9821,Michael Silva,fostersamantha@example.org,Female,Brownmouth,28/01/2024
7140,Jesse Williams,aliciaharris@example.com,Other,New Joseph,14/04/2024
6285,Dana Allen,sandrawilliams@example.net,Male,Port Douglasstad,20/03/2025
1298,Ernest Gilmore,robertpatel@example.net,Male,Mooreside,2/07/2025
9229,Beth Ayers,kevindiaz@example.net,Other,Lake Robinton,4/04/2024
9848,Richard Gibson,danavaldez@example.org,Other,Angelachester,18/05/2024
5075,Willie Fletcher,staffordchristopher@example.org,Female,East David,21/09/2024
7158,Amanda Rodriguez,miranda76@example.net,Other,Theresastad,27/06/2024
8010,Mackenzie Graham,vernonmunoz@example.org,Female,Wagnerfort,13/09/2024
5820,Jacob Dyer,carolynlyons@example.net,Other,Reeseside,2/12/2024
6970,Kyle Phillips,sanchezkathleen@example.net,Other,West Amber,14/03/2024
1792,James Morgan,paigecortez@example.com,Female,Dicksonburgh,29/06/2024
7562,Jason Jackson,ortizdaniel@example.org,Other,Laurenberg,28/03/2025
677,Ralph Wood,carpenterjorge@example.net,Female,Conradmouth,25/07/2024
3338,Lisa Brown,daniellebrown@example.org,Male,Port Stevenhaven,14/02/2025
5062,Patrick Durham,wnelson@example.com,Other,East Sandrabury,18/08/2024
9986,Brian Graham,esims@example.com,Female,New Donnashire,17/06/2025
5768,Tracy Jackson,jenkinskaitlyn@example.com,Female,East Lisaburgh,13/09/2024
42,Justin Beck,clarence34@example.org,Male,East Andrew,26/03/2025
6483,Diane Morris,jessica68@example.org,Male,Cruzborough,3/06/2024
1867,Kristina Harrison,matthewbrennan@example.org,Female,East Levi,28/10/2024
8937,Sandra Thompson,kscott@example.net,Other,Barberside,20/02/2025
1248,Jeremiah Wong,dustinphillips@example.org,Female,Masseychester,16/06/2024
4013,Marcus Johnson,freynolds@example.net,Other,Baileyville,19/06/2025
5620,Monique Phillips,jerrylee@example.net,Male,Port Gregoryland,26/05/2025
62,Richard Peters,hannahbrewer@example.com,Other,Mcguireland,14/06/2024
575,Shelby Berg,joycehall@example.org,Female,Lake Donaldtown,23/12/2024
6635,John Lowe,carterandrew@example.org,Female,West Jasonton,11/09/2024
2421,Jake Kelly,chapmanrobert@example.com,Male,New Mike,21/05/2024
1019,Kathryn Turner,pjones@example.com,Other,Estesburgh,9/07/2024
2863,Taylor Mata,usawyer@example.net,Male,North Wendytown,2/06/2025
9660,Craig Miller,jamesowens@example.org,Male,Mckayshire,15/04/2025
1523,Susan Moreno,ingramjessica@example.com,Other,New Heidi,16/12/2024
3101,Laura Ramirez,campbellanthony@example.net,Female,Huntview,11/05/2025
1656,Ryan Travis,anthonymcdonald@example.net,Other,Weissside,22/04/2024
2592,Cindy Henderson,carlosbrown@example.org,Male,North Amanda,10/04/2025
1732,Mark Griffith,adam17@example.net,Female,East Haley,18/01/2025
6334,Toni Campbell,greennathan@example.com,Other,East Jamesbury,31/07/2025
6987,Patricia Carter,marksanders@example.com,Other,Lake Scotthaven,7/08/2024
3110,Jeanette Patel,tevans@example.net,Female,Millerberg,17/09/2025
4027,Danielle Kim,amber84@example.org,Male,North Katherine,2/11/2025
8567,Brian Mendoza,megan72@example.net,Male,Brooksbury,9/08/2025
9194,Renee Hill,blackburnjulia@example.org,Male,Millerfort,27/08/2024
2553,Laura Logan,david24@example.org,Other,Colemanburgh,25/07/2025
7695,David Baker,caldwellkayla@example.com,Other,Lake John,12/06/2025
2906,Wendy Anderson,john54@example.org,Other,Connerland,4/06/2025
9914,Nathan Martinez,uosborne@example.org,Other,Snyderfort,30/04/2024
2362,Cody Rios,terrence67@example.com,Female,New Benjamin,4/06/2025
9447,Jose Guerrero,michaelnavarro@example.net,Male,North Justintown,10/02/2024
9943,Holly Rojas,kelly82@example.com,Female,Emilyfurt,18/07/2025
7786,Daniel Dixon,zadams@example.net,Other,Lake Brittanyland,18/05/2025
7332,Beth Hatfield,alopez@example.net,Female,New Heather,9/08/2025
1597,Melissa Bailey,pamelamcconnell@example.net,Other,Butlermouth,26/12/2024
2306,Nathan Baker,alexanderjohnson@example.org,Male,North Jackson,8/05/2025
4394,Danielle Parker,wagnerlori@example.org,Female,Lake Ericborough,19/06/2024
2904,Zachary Coleman,paul68@example.net,Other,Port Jamesfurt,20/02/2024
9745,Sara Nelson,watkinscynthia@example.net,Female,New Rachelton,20/03/2024
5914,Kimberly Martinez,jenniferirwin@example.net,Female,West Nicoleshire,18/02/2024
5480,Jennifer Mcfarland,tmccarthy@example.org,Other,Lake Madisonchester,29/05/2025
3769,Brian Shelton,cgreen@example.net,Male,Bergton,26/06/2025
5903,Victoria Ortiz,nwalker@example.com,Female,West James,29/10/2024
3299,Stephen Curtis,mendozatonya@example.org,Female,Henrybury,15/06/2025
4326,Kevin Copeland,valerie71@example.org,Female,Williamsfurt,5/08/2025
4132,Ian Carter,mparker@example.net,Female,Lake Johnland,11/09/2025
6412,Lisa Knapp,christophervilla@example.net,Female,Julieborough,12/09/2025
845,Amy Rogers,wmooney@example.com,Male,Jonesport,8/11/2025
1988,Benjamin Rodriguez,floressarah@example.net,Female,East Lindaside,17/03/2024
4411,Michelle Rodriguez,michaelsellers@example.org,Male,Lake Joel,14/06/2024
3655,Susan Lester,kellydesiree@example.org,Other,Dillonmouth,3/05/2024
9102,Paul Hayes,dday@example.org,Female,Isaacfort,4/07/2024
7734,Dustin Wolf,rrodriguez@example.com,Female,Maddenborough,18/10/2025
3922,Vanessa Coleman,donaldbanks@example.net,Male,New Wendyborough,3/06/2024
8223,Christopher Harris,lisaking@example.org,Other,Scottton,21/12/2024
1876,Mary Porter,alexander70@example.org,Female,Port Neilfurt,27/07/2024
4488,Michael Cherry,patricia44@example.org,Female,Kimberlyberg,21/07/2025
2170,Louis Brandt,timothymontgomery@example.com,Other,North Brettfort,1/05/2025
1138,Susan Fisher,raymondholmes@example.org,Other,Drakestad,24/01/2024
5584,Paula Reynolds,tyler54@example.net,Other,Maynardton,16/11/2024
6420,Larry Cooley,helenbradley@example.org,Male,South Cassandraview,20/01/2024
9633,Patrick Huynh,saundersdavid@example.net,Male,Port Amy,14/12/2024
6603,Steven Miller,donnaharvey@example.org,Other,Lamburgh,12/04/2024
6677,Tammy Goodman,sherrytran@example.net,Male,East Tammy,6/04/2025
5705,Craig Newman,eflynn@example.net,Other,West Jamesside,9/05/2024
5733,Jacqueline Meyer,kaylee04@example.org,Male,Thompsonview,19/06/2024
7447,Tonya Jackson,alanmoore@example.net,Other,Carrilloside,17/01/2024
5368,Stephanie Parker,pachecoronald@example.net,Male,Williamsfurt,22/04/2024
3260,Phillip Anderson,pbrooks@example.com,Male,Gregoryburgh,7/08/2024
1758,Arthur Russell,khudson@example.org,Male,South Ashleyside,22/09/2024
8957,Mark Morrison,teresa76@example.net,Male,New Josephmouth,24/01/2025
2693,Mark Palmer,aknight@example.org,Female,Lindseymouth,29/02/2024
4676,Karen Mcguire,patrickmiller@example.com,Female,Timothychester,14/01/2024
8842,Stephen Diaz,jimmy30@example.com,Male,Hendersonton,26/07/2024
322,Angela Arnold,april09@example.net,Female,Rodriguezberg,29/02/2024
1024,Vanessa Berry,jameshenry@example.net,Female,Jeremiahburgh,15/09/2024
7741,Taylor Sloan,chloesullivan@example.net,Female,Chapmanview,25/05/2025
8856,Savannah Jacobs,angelajacobs@example.com,Other,Mcdowellside,10/05/2024
3850,Troy Mcneil,qortiz@example.net,Other,Lake Markfurt,11/03/2025
3412,Billy Zamora,brookeherrera@example.net,Female,Lake Alicia,4/09/2024
8030,Michele Navarro,reedkaren@example.com,Male,Maldonadohaven,8/01/2025
9939,Laura Joseph,alexisgraham@example.com,Other,West Aprilton,9/05/2025
1143,Steve Williams,johnny54@example.org,Female,Guystad,16/08/2025
9257,Megan Gonzalez,crusso@example.org,Female,Cristinaside,11/10/2025
3709,Christopher Mcbride,xneal@example.org,Female,South Natalie,13/02/2024
8036,Jeffrey Martin,vlewis@example.org,Female,West Cathytown,16/08/2025
2676,Lori Ramirez,rodriguezconnor@example.net,Other,Christopherfurt,13/09/2024
6391,John Green,woodardscott@example.net,Other,North Sarah,28/04/2025
6708,Travis Taylor,wilsonmichael@example.org,Other,Woodsview,21/12/2024
2922,John Byrd,candace21@example.org,Other,Margaretchester,20/10/2025
6679,Sarah Guzman,ashley81@example.com,Other,West Shirleymouth,7/07/2025
6523,Dean Harris,toddaustin@example.com,Other,West Benjamin,28/06/2024
3632,Victoria Harrison,sgoodwin@example.org,Male,Roseshire,23/08/2024
4380,Stanley Burch,josepena@example.net,Other,South Christophertown,10/12/2024
8070,Joshua Long,michaelthomas@example.com,Male,Lake Matthewmouth,4/01/2024
6579,Nicholas Cole,john70@example.net,Male,Kingberg,16/08/2025
4765,Stephanie Smith,butlerbradley@example.org,Other,Port Davidtown,4/03/2024
5341,David Petty,wpeterson@example.net,Female,East Virginia,18/04/2025
1588,Sophia Walker,matthewfranklin@example.net,Other,Curtishaven,27/04/2024
4170,Charles Nielsen,owenjesse@example.com,Female,North Kellie,4/05/2025
7049,Tabitha Bowers,christinadiaz@example.net,Female,Elizabethmouth,20/03/2024
7007,Oscar Wagner,chad21@example.net,Other,Richardview,28/02/2025
2640,Matthew Robinson,nicholasibarra@example.com,Other,Hatfieldfort,27/07/2025
6969,Bradley Mitchell,flewis@example.com,Female,Port Angelamouth,24/09/2024
4536,Kevin Coleman,opark@example.net,Female,New Jenniferfurt,7/06/2025
4808,William Morgan,patricia83@example.com,Male,Malikside,29/12/2024
884,Joshua Lee,ronaldjensen@example.org,Female,South Richardport,1/10/2024
5149,James Parsons,deborahvance@example.com,Female,Robertfort,1/11/2025
5060,Amanda Williams,taylormendoza@example.com,Other,Whitestad,20/11/2024
6989,Ashley Montes,scarlson@example.net,Other,Lake Lisa,22/11/2024
9609,Nicole Simmons,sarahneal@example.net,Male,South Ericmouth,19/03/2024
4700,Yvette Morris,timothylopez@example.net,Female,West Christiefort,29/04/2025
2558,Michelle Wright,mroman@example.com,Male,Markmouth,30/07/2025
3760,Gina White,sosarobert@example.net,Male,South Meganfurt,6/03/2025
2638,Latoya Lewis,timothyortiz@example.org,Other,Ryanton,3/06/2025
6438,Robert Anderson,sotoantonio@example.org,Female,Youngfurt,3/12/2024
1673,Tina Williams,manuel81@example.com,Female,Kimberlytown,21/08/2024
4637,Christine Perry,riverajamie@example.com,Female,East Stacy,23/01/2024
2130,Jose Gates,whubbard@example.org,Other,Vegamouth,7/11/2024
2731,Megan Pham,mmiller@example.org,Other,Port Stevenmouth,22/02/2024
3045,Erica Holmes,ericamiller@example.com,Male,East Frederickhaven,16/09/2025
8392,Diana Rice,zallen@example.org,Other,North Ashley,14/08/2025
464,Joshua Guerra,caseymoore@example.com,Female,Ambermouth,15/05/2025
4925,Katie Rollins,asutton@example.org,Male,East Douglaston,9/09/2025
7489,William Hampton,rodriguezdarin@example.com,Male,Russoland,23/04/2025
2611,Sara Hernandez,chenvictor@example.net,Male,Jacksonfurt,17/07/2025
5995,Matthew Burns,barnetthunter@example.com,Male,Port Jennifer,29/01/2025
4588,Jesse Hernandez,fvasquez@example.org,Male,Lopezport,25/10/2024
6393,Suzanne Sanders,jsoto@example.net,Female,Fishertown,25/10/2025
9553,John Rivera,kpowell@example.org,Other,Kimberlymouth,27/10/2025
2404,James Santos,claytonchavez@example.net,Other,Port John,9/11/2024
9077,Stephen Johnson,llong@example.net,Female,East Sean,26/07/2025
1210,Melanie Thompson,andersoneric@example.net,Other,Farmerton,1/02/2024
9119,Chad Martinez,kenneth39@example.net,Female,Timothyfort,18/07/2025
455,Christopher Smith,matthewcollins@example.com,Female,Steventon,6/01/2024
1805,Tyler Day,mollypeck@example.net,Female,Lake Allisonmouth,3/02/2024
5868,Angela Wood,colin59@example.com,Female,North Lancehaven,3/06/2024
3841,Elizabeth Smith,rcampbell@example.org,Female,Samuelview,12/07/2025
5346,Miranda Johnson,philip05@example.org,Male,West Brendafurt,28/01/2024
7067,Derek Peterson,jessica88@example.com,Other,Melissabury,30/06/2024
8965,Kevin Scott,houstonlauren@example.com,Female,Davidport,17/12/2024
482,Julie Kelley,christopher86@example.net,Female,Port Dennis,21/11/2024
7640,Gregory Peck,hubbardryan@example.org,Female,Jacksonside,7/12/2024
721,Daniel Black,mackenzieward@example.org,Male,Lake Ronald,19/05/2025
4725,Sharon Sanders,carpentergeorge@example.net,Female,Meganton,19/10/2025
1714,John Harding,hartmanjoshua@example.net,Female,East Leslie,6/08/2024
6627,Justin Davidson,robert23@example.org,Male,New Meagan,3/03/2025
4686,Michael Riley,dmacias@example.com,Female,New Michael,12/04/2025
8458,Erika Michael,anita04@example.org,Other,Port John,5/02/2025
1250,Joseph Wood,lukekelly@example.net,Other,West Michelle,3/07/2025
3196,Renee Becker,katie19@example.com,Male,East Peter,1/03/2024
7541,Alison Patterson,xhebert@example.org,Male,New Timothy,29/04/2025
8370,Brittany Carrillo,shaneblack@example.org,Other,Bryanport,14/10/2025
1206,James Wise,davisgregory@example.net,Female,East Katherineville,26/10/2024
3493,Rita Hawkins,crystaldavis@example.com,Male,South Joannatown,22/01/2025
2622,Albert Ramirez,elizabeth71@example.net,Other,East Williamborough,15/01/2025
9963,Ashley Black,jodi95@example.com,Female,Davieschester,27/04/2024
6937,Eric Hunter,johnsontheresa@example.com,Female,North Anthonyport,20/09/2024
8054,Heather Schmidt,natalie33@example.net,Other,Port Jennifer,8/03/2025
2948,Debra Trevino,tporter@example.org,Male,West Markmouth,11/05/2024
7363,Jennifer Peterson,shannon19@example.com,Other,West David,27/07/2024
4756,Alexander Marshall,thomaswesley@example.net,Male,Allenhaven,11/09/2025
8211,Ashley Rodriguez,gabrielhall@example.net,Other,Nguyenshire,25/06/2024
8118,Elizabeth Chapman,danielmcknight@example.net,Male,East Trevor,10/05/2024
7393,Maria Chen,johnsonbecky@example.com,Female,East Abigail,27/05/2024
4298,Julie Anderson,robinsonkatherine@example.com,Male,Gibsonburgh,11/07/2024
7481,Tammy Brown,stephanie99@example.org,Male,Gregoryview,20/10/2024
9109,Derek Green,fkramer@example.org,Other,South Kelly,17/03/2025
8147,Crystal Paul,nhanna@example.net,Female,Ernesttown,30/03/2024
2808,April Alvarado,vmercer@example.com,Male,East Ashley,31/03/2025
9897,Russell Burke,higginslauren@example.org,Male,East Michael,8/06/2024
2005,Dawn Smith,jasmineryan@example.org,Other,East Denise,1/07/2024
2228,Alexis Campbell,douglasbutler@example.com,Female,Jayberg,10/07/2025
5252,Angela Holland,edwardsjames@example.com,Male,Rodriguezland,12/03/2024
846,Sandra Haynes,udavis@example.net,Female,Port Sarahport,12/07/2024
6072,Sean Murray,nicholasgeorge@example.com,Female,Perezmouth,5/10/2025
7485,Stephanie Hunt,carlroberts@example.com,Male,Lake William,16/12/2024
7948,Felicia Hayes,smiththomas@example.com,Male,Davidhaven,26/02/2024
2259,Thomas Cole,hoopernicole@example.org,Other,Sheltonshire,30/05/2024
3329,Tiffany Rodgers,saundersjames@example.net,Male,Jacobstad,6/01/2024
8478,Benjamin Herrera,michael35@example.org,Male,Tranchester,21/04/2025
7820,Caitlin Wagner,brian45@example.org,Other,Lake Alyssa,17/05/2025
6662,Lindsey Moore,cortezheather@example.com,Other,New Barbaraview,23/08/2025
4958,Michael Brown,zkirby@example.net,Female,Gallagherchester,10/11/2024
2037,Emily Moran,kristen78@example.org,Male,East Deniseport,9/01/2025
3999,Maria Dawson,mcknightantonio@example.com,Other,Brianmouth,27/02/2024
4345,Jessica Mccann,dianesingh@example.org,Female,West Ericatown,24/01/2024
7770,Kimberly Beltran,anna04@example.net,Male,Janetland,6/09/2024
4624,Randy Carpenter,charles00@example.net,Female,North Amanda,27/03/2024
4810,Brian Mack,jason82@example.com,Male,Richardview,19/03/2025
7849,Martin Conner,conniereynolds@example.org,Other,South Staceybury,5/08/2024
393,Phillip Kelley,torreskaitlin@example.net,Male,Jasonhaven,26/01/2025
8854,Jon Mitchell,jill74@example.org,Other,South Zacharyhaven,24/06/2024
9300,Sara Ingram,ybrewer@example.org,Female,Williamton,11/10/2025
4317,Brenda Williams,npollard@example.net,Female,Lake Raymondview,26/06/2025
6960,Tracey Olsen,michaeldelgado@example.com,Other,West Rickchester,24/03/2024
8319,Julia Hubbard,jeremiah74@example.com,Other,Hansontown,14/11/2025
302,Brittany Drake,robin05@example.net,Female,New Stacy,30/04/2024
3437,Dawn Rivera,patriciaburnett@example.com,Female,East Janet,27/10/2025
9059,Alejandra Mitchell,pricephyllis@example.org,Other,South William,28/03/2025
3556,Alyssa Miranda,vargaspamela@example.net,Male,Mariastad,2/01/2025
8138,Ashley Thompson,ashley38@example.net,Other,Bowmanhaven,30/10/2024
9216,Kayla Martin,corycross@example.net,Other,North Melissa,2/01/2025
4606,Zachary Smith,jenniferturner@example.net,Female,Jennifershire,2/10/2025
639,Kevin Hanson,guerreroapril@example.com,Female,Harrisfort,11/08/2024
8895,Gary Roberts,ian33@example.net,Female,Lake Christopherburgh,4/11/2025
1465,Danielle Sanchez,gcarter@example.org,Male,Elizabethberg,21/06/2025
2920,Annette Lane,qclark@example.com,Other,West Dustin,14/08/2024
6993,Larry White,crystal22@example.net,Female,Blakemouth,19/07/2025
3065,Jason Parrish,yhowell@example.com,Female,West Brendaton,8/01/2025
2012,Jessica Schaefer,fjones@example.org,Other,Lake Rebeccaside,27/03/2024
6513,Christine Wallace,lawsonrichard@example.org,Other,Robinsonchester,25/03/2024
2732,Michele Cooley,robin48@example.com,Male,New Robert,26/07/2024
1790,Angela Flores,craigrobertson@example.net,Female,New Jessicaville,5/10/2025
5804,Melissa Schaefer,larry17@example.com,Male,Pattersonfurt,22/01/2025
4089,Cynthia Anderson,wesleyhenderson@example.net,Male,Susanfort,15/02/2024
3129,Jasmine Parker,kristinaking@example.net,Male,North Hannahmouth,20/11/2024
5389,Ricky Brooks,apeters@example.org,Other,Garciaport,10/07/2024
882,Roy Williamson,johnwang@example.com,Female,Lake Lori,26/02/2024
9613,Anna Jensen,christopherhardy@example.org,Female,Lake Julia,15/08/2025
770,Mike Watson,shelleyrowland@example.net,Female,Johnsland,8/11/2024
4626,Sylvia Owens,guzmanthomas@example.org,Male,Johnsonhaven,22/03/2024
15,Frederick Rose,ibrandt@example.net,Other,Lake Larry,9/10/2025
112,Cody Simmons,nicholas27@example.org,Female,Port Christopherchester,11/10/2024
1788,Ashley Cooper,deborah62@example.com,Female,East Meghan,5/05/2025
9526,Joseph Jenkins,melanie68@example.org,Female,Karlfurt,21/11/2024
9562,Jared Choi,vgordon@example.org,Other,New Brianborough,22/04/2025
8921,Gloria Fleming,adamsandrew@example.net,Other,Lake Travisview,5/05/2024
2822,Diana Lee,elizabeth69@example.net,Other,Port Erinside,16/12/2024
7976,Dan Lee,nliu@example.net,Male,East Johnchester,15/06/2024
1434,Nicholas Miller,millerjoan@example.org,Other,Vasquezland,11/08/2024
5956,Brian Sanders,johnsonsharon@example.com,Other,South Jessica,17/04/2025
1767,Christopher Watkins,zcollins@example.org,Male,Port John,11/08/2025
9913,Jeffrey Austin,bondanthony@example.com,Male,Lake Daniel,17/10/2025
6753,Shawn Hammond,sara76@example.org,Male,West Matthewport,7/04/2025
6653,Daniel Ferguson,nguyenamanda@example.net,Other,Smithborough,21/09/2024
2894,Krista Lynch,smithmatthew@example.org,Other,Millerburgh,21/09/2025
4876,Kaitlyn Martinez,longheather@example.org,Male,Port Tiffany,26/04/2024
8552,Thomas Lee,johnsonphillip@example.com,Other,Payneshire,22/01/2025
8007,Anthony Jones,zstevenson@example.org,Other,Zacharyshire,19/03/2025
9359,Brent Berry,carlos84@example.org,Other,Byrdstad,11/11/2025
5042,Rachel Morse,mathewharris@example.com,Female,East Williamshire,11/09/2025
3169,Stacy Patterson,julie84@example.com,Other,Pamelaside,17/06/2024
6127,Frances Hayes,nelsondakota@example.net,Other,Samanthaside,16/06/2024
5257,Linda Boone,brownashley@example.com,Female,Jerryview,2/05/2024
4772,Michael Collins,yatesjocelyn@example.org,Male,Dennishaven,19/04/2025
1589,Jennifer Wood,lynntracy@example.com,Male,Herringside,13/03/2024
3723,Aaron Walker,julie56@example.net,Female,Tylerville,30/01/2025
5245,Gabriela Gonzales,wallemily@example.net,Other,South Davidland,6/12/2024
3827,Kimberly Mejia,jorgelucas@example.net,Male,Moralesbury,27/08/2024
1998,Dominic Simpson,lharmon@example.net,Male,Singhton,15/07/2025
402,Gabrielle Todd,seanwhite@example.net,Male,Lake Jessica,2/11/2025
8643,Veronica Cook,martinezcynthia@example.net,Female,Port Conniestad,15/10/2024
1827,Emily Rivera,andre19@example.net,Male,Vargasborough,8/06/2025
5641,Travis Santos,toddhowell@example.net,Female,New Emily,21/08/2025
4158,Brandy Rodgers,yatesjanet@example.net,Female,Lake Misty,4/01/2025
2075,Shawn Martin,michael39@example.com,Male,Cindyshire,17/07/2025
8645,Michael Thompson,ramirezjennifer@example.net,Male,West Williamside,7/03/2025
3774,Jason Anderson,thomasgreen@example.org,Other,North John,18/07/2025
3683,Stephanie Aguilar,ballmichael@example.net,Other,Nancyborough,25/06/2024
1926,Jennifer Kennedy,cynthiaford@example.org,Other,Bartonside,16/02/2024
60,Melissa Rivas,ramirezshannon@example.com,Other,Rogersfort,2/07/2024
9568,Anthony Suarez,bennettnorma@example.net,Other,East Jessica,20/06/2024
6972,Patrick Garcia,gwilliamson@example.net,Male,West Melissaborough,8/11/2025
992,Martin Gibson,waderonnie@example.org,Other,West Nicole,23/04/2024
3151,Amanda Buckley,jacoblawson@example.org,Female,Burkeport,15/05/2024
4957,Nicholas Leonard,sarah30@example.org,Female,South Alex,18/08/2025
8899,Patricia Cortez,huntercharles@example.net,Other,East Paula,16/03/2024
7623,Michael Morales,nancy94@example.net,Other,Hensonhaven,12/09/2024
6226,Anthony Freeman,gsmith@example.com,Other,Robertschester,7/02/2024
1246,Dustin Peterson,randy61@example.net,Female,Christinaland,5/08/2025
9851,Andrew Schultz,eileenthomas@example.com,Female,Saundersland,19/02/2024
5351,Diana Phillips,jonathongreen@example.net,Male,North Richardhaven,23/04/2024
9879,Jenna Rivera,taylorkenneth@example.com,Female,Woodsmouth,13/10/2024
2019,Megan Tyler,thomas12@example.net,Female,Lake Jaredtown,15/12/2024
5151,Tiffany Munoz,clayscott@example.com,Male,Samuelstad,13/10/2024
2735,Nicole Heath,hcox@example.com,Male,Goodwinport,15/05/2024
1908,Anna Tran,rparker@example.com,Other,Angieshire,27/11/2024
751,Ronald Nunez,nashmarcus@example.com,Other,Davidhaven,2/01/2024
3729,James Sanchez,holmesmiguel@example.net,Male,Maryfort,7/08/2025
8129,Jessica Gray,cindyrodriguez@example.net,Female,Lake Courtney,17/09/2024
3986,John Dixon,michelle12@example.net,Female,Ramoshaven,7/02/2025
1828,Shannon Crawford,brianlara@example.org,Other,West Garyburgh,8/02/2025
7234,David Bailey,andrew82@example.net,Female,New Christopherville,3/09/2024
9277,David Zamora,scott01@example.org,Other,Juarezshire,21/12/2024
1321,James Crawford,kevinmoses@example.net,Male,Jeremyfort,4/07/2024
5876,Meghan Ward,rebecca25@example.net,Male,Mirandamouth,17/12/2024
6861,Robert Garcia,jose09@example.net,Other,Gabrielleville,30/09/2024
3170,Ashley Stewart,andrewforbes@example.net,Male,South Conniestad,19/01/2025
8366,Jessica Lee,ijohnston@example.net,Male,Port Aaronhaven,10/10/2025
7813,Travis Wade,colonblake@example.com,Male,Port Ronnieville,24/07/2024
6411,Sherry Shepherd,jeremyanderson@example.com,Other,Benjaminview,9/01/2024
2040,Christine Wilson,heidi21@example.com,Female,Lake Darrellchester,15/02/2024
308,Dalton Crawford,julie35@example.com,Male,Lake Nicole,13/03/2025
1821,Crystal White,richard62@example.net,Male,Jasonton,8/11/2025
3336,Steven Smith,ericford@example.org,Other,Donnabury,9/12/2024
7939,Sean Oconnor,paynestacey@example.net,Female,Johnsonshire,18/06/2025
2409,Emma James,sheenavazquez@example.net,Male,Jimenezland,3/08/2025
2336,John Stephens,moralestheresa@example.net,Female,Port Angelport,20/02/2024
528,Katie Reese,lanelarry@example.org,Male,Jamesport,11/03/2024
4527,Wendy Gill,melvin37@example.com,Male,Port Davidburgh,22/07/2024
5528,Cory Moran,lindsay81@example.net,Female,Popefurt,27/09/2024
5417,Alicia Logan,olarsen@example.org,Male,Port Rebeccaton,19/03/2025
2725,Ashley Watson,pthomas@example.net,Male,South Amanda,17/05/2024
4727,Karina Hodges,michaelbutler@example.com,Male,Amyport,1/08/2025
6430,Todd Cunningham,bowendana@example.org,Other,Port Michaelborough,21/09/2025
6667,Michael Chavez,lthomas@example.org,Female,Deanstad,17/11/2024
2993,Joann Acevedo,corey37@example.org,Female,North Richard,19/12/2024
4024,Nicholas Freeman,lisamontgomery@example.org,Male,Morganstad,1/11/2025
4448,Michael Hicks,michaelstout@example.org,Other,East Joyce,4/09/2024
5130,Stacy Miller,paulwallace@example.com,Other,South Sallymouth,5/02/2025
6041,Joshua Williams,natalieharvey@example.com,Female,Riveraville,6/03/2025
4463,Brian Novak,gonzalesholly@example.net,Male,Lake Maryport,17/02/2024
3460,Natasha Paul,morenomatthew@example.org,Other,Kristinchester,11/12/2024
7385,Felicia Porter,lance35@example.com,Other,Olsonton,28/04/2024
1525,Kelly Harris,jasonhubbard@example.com,Other,Port Alicia,10/11/2025
5747,Kevin Smith,zjones@example.net,Female,Richardstad,6/06/2024
2094,Ryan Walters,suzannegilmore@example.org,Male,Gomezstad,2/12/2024
5020,Candice Bradshaw,michael89@example.org,Other,West Caleb,2/01/2025
7144,Danny Powell,hgreer@example.net,Female,Lake Vincent,25/07/2025
5540,Melissa King,jrodriguez@example.net,Male,Holtshire,3/11/2024
6267,Albert Williams,greentony@example.org,Male,Bradleymouth,4/06/2025
7573,Brittney Martin,rodriguezemily@example.com,Other,Manningchester,28/02/2025
4096,Brett Brown,wallacechristy@example.net,Male,Lake Richardberg,26/10/2025
7570,William Warner,matthewwilliams@example.org,Male,West Donna,25/01/2025
3421,Michelle Villa,cynthia62@example.net,Other,South Laurie,29/03/2024
9708,Logan Welch,williamgraham@example.org,Other,Brandonhaven,13/03/2024
6085,Ernest Moore,krystallewis@example.com,Female,North Brandon,11/07/2025
7203,Jessica Graves,michael97@example.org,Female,Leeview,24/01/2024
4597,Anna Ross,vsalazar@example.net,Male,Dominguezstad,21/05/2025
5083,Marie Santos,morgangarrett@example.com,Male,Jacquelineville,25/05/2024
6456,Adrienne Mercado,robertrose@example.net,Male,Rachelside,4/02/2025
5034,Roberto Evans,rebeccamccarthy@example.com,Female,West Michael,22/05/2024
1275,Christy Scott,tbecker@example.net,Other,Jamieview,13/02/2025
5085,Jeffrey Johnston,carlos13@example.net,Other,Hinesfort,13/01/2025
4269,Natasha Burke,kelly12@example.org,Male,West Victoria,19/02/2025
9063,Carlos Miller,emilyenglish@example.com,Female,Lake Julie,10/04/2024
8359,Katherine Johnson,christopher99@example.org,Female,Gloriaview,12/12/2024
8213,Shelly Lloyd,franklinkristina@example.net,Other,Figueroaland,13/04/2024
4271,Sheena Brown,shelleybailey@example.net,Female,South Heidi,27/11/2024
6400,Matthew Vang,scarter@example.net,Female,Sandramouth,1/11/2025
6587,Amanda Baker,sestes@example.com,Male,North Bruceview,19/04/2025
8542,Stephen Navarro,carlsonpeter@example.net,Male,North Kevin,8/02/2025
9837,Charles Lloyd,lorraine82@example.com,Female,South Ashleefurt,10/08/2025
7205,Victor Hernandez,bradley16@example.org,Other,East Ronnieport,1/09/2024
6061,Gregory Walters,stephanieflynn@example.org,Female,New Anthony,20/06/2025
8992,Amy Barber,fosterdavid@example.net,Male,Aprilhaven,31/08/2025
7217,Tracy Wall,ryan29@example.com,Male,Jasonshire,11/06/2024
6626,Melissa Flores,jeffreygreene@example.com,Female,South Austin,17/10/2024
4945,Regina Deleon,brian67@example.org,Other,South Elaine,30/04/2024
1390,Angela Harris,lperkins@example.org,Male,Danielleborough,2/05/2025
4813,Daniel Best,eringates@example.com,Male,Olsonshire,12/09/2024
3932,John Harris,randalljonathan@example.org,Other,South Trevor,18/01/2024
3274,Kevin Everett,justin20@example.org,Female,Port Jerryview,19/09/2024
5394,Lisa Mcdonald,carneyglenda@example.net,Male,Davisshire,18/03/2025
8767,Mariah Walton,hernandezwalter@example.net,Female,Lauraborough,3/07/2025
6808,Edwin Hernandez,delgadokimberly@example.net,Male,West Evanchester,29/03/2025
9100,Rebekah Williamson,marshalljerry@example.com,Female,Ortizport,16/12/2024
524,Tyler Young,tgallegos@example.org,Other,Gregorystad,10/10/2024
5240,Joshua Barton,housejennifer@example.com,Other,Hartfurt,22/01/2025
4954,Heidi Adams,hannah51@example.com,Other,West Wesleymouth,20/04/2024
4418,Cody Griffith,adamsdanielle@example.net,Male,West Melissa,14/08/2024
9314,Joseph Jennings,stricklandleonard@example.net,Male,South Kelly,16/02/2025
8953,Melanie King,ogutierrez@example.net,Female,Lake Kimberlyshire,7/03/2024
1204,Monica Hebert,jamesmartin@example.com,Female,East Kelsey,17/02/2024
6441,Tiffany Adams,delgadopaul@example.com,Male,East Kristymouth,1/11/2025
4481,Michael Johnston,hoffmanemily@example.com,Other,Millerfurt,7/03/2024
4666,Leah Johnston,jonathanharris@example.com,Female,Craigburgh,16/05/2025
6794,Amber Sellers,ecrawford@example.com,Female,New Robert,2/11/2025
7845,Michelle Leon,fwhite@example.org,Other,New Taylorhaven,6/08/2024
4980,Samuel Butler,jimmycole@example.net,Female,Port Jeffreybury,3/02/2024
1522,Susan Pruitt,barnettterry@example.com,Male,Connerport,19/07/2024
7724,Kaitlyn Craig,nelsonmercedes@example.org,Other,South Traceyland,22/07/2025
9377,Richard Shaw,adam74@example.org,Other,New Renee,4/01/2024
9872,Christine Arnold,imccoy@example.net,Other,East Theresaton,5/11/2025
9937,Dennis Green,jjohnson@example.net,Other,West Lauraton,4/06/2025
5788,William Flowers,jasonpacheco@example.org,Other,Nielsenfort,23/06/2025
2197,Katrina Stevens,ashley95@example.org,Male,New Debraburgh,15/04/2025
552,Martin Gomez,keith09@example.net,Other,Jessicashire,27/01/2025
888,Felicia Townsend,markfigueroa@example.com,Other,Johnview,2/04/2025
8550,Kristin Wells,victoria89@example.org,Other,West Randallport,28/04/2024
5198,Robert Brown,orobertson@example.net,Female,Stevenchester,24/06/2025
1296,Alan Atkins,riverachristopher@example.com,Male,Lake Edward,28/02/2024
4656,Ralph Briggs,hendersonamy@example.org,Male,Marthamouth,26/04/2025
6113,Joshua Kim,jason40@example.net,Male,Brownmouth,14/11/2024
6327,Emily Vasquez,hwade@example.net,Male,New Melissa,15/09/2025
8935,Charles Vaughn,stephensonkayla@example.org,Other,East Linda,21/08/2024
1445,Robert Edwards,adrianlogan@example.com,Male,Davismouth,23/10/2025
9230,Rachel Duffy,jimmy02@example.net,Male,South Pamela,21/05/2025
4064,Jennifer Williams,iortiz@example.org,Female,Mallorymouth,3/11/2024
5067,Derek Taylor,gloria48@example.net,Other,Jessicamouth,31/05/2025
7730,Harry Mcguire,isaiah91@example.com,Male,Melissafurt,10/03/2025
1654,Timothy Adams,mariahgill@example.com,Other,East Jillian,3/02/2024
2907,Christopher Jensen,angela87@example.org,Female,South Aaronhaven,29/01/2025
4473,Emily Livingston,kimberlywhitaker@example.net,Male,Port Janetview,27/01/2024
2237,Mary Brown,robertcruz@example.org,Other,North Robertstad,22/03/2024
3470,Cody Duran,anthonyburton@example.org,Other,West Edwinland,20/09/2024
8732,Donald Camacho,carlosmcdonald@example.com,Male,West Stevenbury,3/11/2025
5119,Ross Foster,vellis@example.com,Male,North Lynnberg,9/03/2024
4180,Barry Marshall,patriciamoore@example.net,Other,Michaelshire,12/07/2025
516,Melanie Green,sara99@example.com,Female,Vasquezburgh,19/10/2024
3789,Michelle May,emartin@example.com,Other,Stefaniefort,3/03/2025
1297,Mary Cox,brandy77@example.com,Female,West Kevin,25/05/2024
8500,Hunter Carey,scotttammy@example.org,Other,West Destinychester,28/07/2024
2536,Jackie Lopez,sotomegan@example.com,Other,Dillonburgh,24/07/2025
4897,Cynthia Wagner,sean46@example.net,Other,Kevinview,11/10/2024
3838,Douglas Leach,srodgers@example.net,Other,Jonathanshire,21/05/2025
1049,Melanie Wallace,gonzalessteven@example.com,Male,Littleside,25/07/2025
2944,Michelle Duffy,ibaird@example.com,Male,Gardnerberg,12/01/2024
7403,Brittney Summers,bergabigail@example.org,Male,Davisborough,10/08/2025
3040,Connie Smith,grobinson@example.net,Female,Karenville,1/09/2025
6647,Christine Callahan,jdavis@example.net,Female,West Kaylaland,17/01/2025
4367,Ann Woodard,craigdennis@example.com,Male,East Oliviafort,20/06/2024
7011,Charles Hayes,ecook@example.com,Other,Lindashire,19/09/2025
1282,Michael Gonzalez,myerseric@example.com,Female,East Jackborough,22/09/2025
816,Catherine Jones,jennifergonzalez@example.org,Female,North Michellestad,13/09/2024
8406,Jason Barber,angie95@example.org,Female,North Coreystad,25/08/2025
3439,Ashley Cobb,steven14@example.org,Male,Port Jodichester,14/02/2025
2896,Kimberly Stewart,travis88@example.com,Male,New Sarah,4/05/2024
4879,Erin Ashley,sandra30@example.org,Male,Brewermouth,15/12/2024
6248,Raven Dixon,hgilmore@example.org,Other,New Fredbury,21/03/2025
7462,Mark Marshall,higginsdonna@example.com,Female,Hernandezfort,28/01/2025
4385,Grant White,ireed@example.org,Other,Douglastown,29/01/2025
8191,Ashley Miller,palmertammy@example.org,Other,Lake Brendanton,12/10/2025
5697,Nicole Johnson,jonathan09@example.com,Female,North Nicoleshire,11/04/2024
1991,Christopher Cunningham,henrychristine@example.net,Other,North Samuel,16/01/2025
2719,Elizabeth Long,danny03@example.org,Other,New Angela,20/11/2024
480,Alice Flores,markwolfe@example.org,Female,Lake Jessicafurt,7/02/2024
1242,Ethan Hansen,joy52@example.com,Male,West Michaelside,9/06/2025
1559,Brian Hahn,jessicahines@example.com,Female,New Derrick,24/09/2024
6410,Robin Reyes,frankmiller@example.com,Female,Lake Erika,5/04/2024
6922,Jerry York,belltheresa@example.net,Other,Andersonfort,11/07/2024
2277,Kelly Herman,lorihenderson@example.com,Male,Lisaland,27/01/2025
9968,Megan Wong,williamgrimes@example.net,Female,New Gailport,27/03/2024
5365,John Green,justin01@example.org,Other,East Charles,27/05/2025
3913,Scott Allen,xgreen@example.net,Male,Jonesport,6/05/2024
8863,Samantha Schultz,burnsstephanie@example.org,Other,Lake Wendychester,27/02/2024
9465,John Blackwell,lorisullivan@example.com,Male,North Robinberg,16/09/2024
638,Sherri Johnson,greertyrone@example.org,Other,South Cassandra,6/06/2024
694,Joseph Levy,jasonmiller@example.net,Other,Monicaville,2/03/2025
8666,Robert Fitzgerald,fryenicole@example.org,Male,Martinezview,5/05/2024
6546,Gregory Sandoval,uhoffman@example.com,Other,Caseyton,2/10/2024
3707,Raymond Vasquez,keith23@example.com,Female,Riosmouth,25/01/2024
5934,Shawn Ellis,dominguezoscar@example.com,Other,Andrewborough,14/08/2025
7890,Anna Dominguez,egamble@example.com,Female,Port Anthony,13/01/2025
5487,Shane Wolfe,johnsonandrew@example.org,Other,North Benjaminborough,7/12/2024
4630,Jason Shaw,wilsonbryce@example.org,Other,Lake Michaelshire,3/11/2024
5069,David Lawson,krausepaul@example.org,Other,Robertsberg,25/08/2024
8706,Shaun Harris,jessica84@example.com,Female,Lake Kevinhaven,11/04/2024
9261,Amber Erickson,uholmes@example.net,Other,North Lisahaven,25/01/2024
2384,Paul Burton,imoon@example.org,Other,Martinport,26/02/2024
4203,Rebecca Reed,vasquezjoseph@example.org,Other,South Johnmouth,8/01/2025
1529,Suzanne Esparza,murrayvincent@example.com,Male,North Rhondaborough,5/12/2024
6733,Nicole Johnson,psalazar@example.org,Other,Jamesfort,17/07/2024
1690,Christina Price,millerjuan@example.org,Male,West Reneehaven,6/06/2025
8893,Annette Nelson,perezmelissa@example.org,Female,West Harold,14/06/2025
6329,Anthony Osborn,ricky66@example.org,Male,Nicoletown,9/03/2025
4237,John Gordon,sloanthomas@example.net,Other,Powellberg,5/02/2024
6842,Amanda Bray,jaime88@example.com,Other,West Dillon,8/04/2025
2618,Olivia Baker,mschwartz@example.com,Other,Lake Bethanyview,2/08/2025
2235,Mitchell Torres,peter58@example.com,Female,Hansonshire,28/01/2025
7913,Justin Brown,oking@example.com,Other,Erinmouth,25/03/2025
6142,Madison Stewart,riveraadam@example.org,Male,West Tyler,3/04/2024
7450,Mckenzie Rodriguez,williamsstephanie@example.net,Male,North Kendra,5/02/2025
5056,Ryan Chase,carrollamy@example.net,Other,East Elijahfurt,9/10/2025
8354,Mark Davis,rwalters@example.org,Other,Leahside,4/06/2025
1811,Michael Moore,uthompson@example.org,Male,New Jessica,1/03/2025
7282,Joseph Brown,turnermichael@example.net,Other,Smithside,5/03/2024
8287,Justin Nguyen,moralesvictoria@example.org,Other,Shirleystad,4/07/2024
510,Adam Andrade,jaykeller@example.com,Male,Ramostown,6/01/2025
6731,Anthony Williams,danielssusan@example.com,Male,West Katherineview,19/02/2024
860,Jonathan James,ricardomiller@example.com,Female,Bentleyberg,20/02/2024
7652,Rita Young,victoria32@example.org,Male,New James,23/01/2025
8815,Mary Ward,wilsonmichael@example.net,Male,Drakeberg,5/09/2025
2278,Sharon Austin,frobinson@example.net,Other,Port David,22/10/2024
5893,Rachel Jones,tracykramer@example.net,Female,North Meganview,26/05/2024
2885,Richard Escobar,mistyescobar@example.net,Other,Lake Jennifer,26/10/2024
3970,Lisa Fernandez,kimberlygraham@example.com,Other,Amberport,24/09/2025
2015,Christopher Young,victor34@example.com,Female,West Jimmy,14/03/2024
6809,Amy Daniels,nicoleyoung@example.com,Other,Sandovalshire,27/01/2025
1491,Veronica Dunn,jeffreylewis@example.com,Female,North Jonathanshire,11/03/2024
3715,Kathy Lin,pachecopatricia@example.net,Male,South Karenbury,13/01/2025
7269,Lisa Carter,rhondahill@example.net,Female,Lake Chelsea,2/09/2024
931,Ashley Gamble,ballarddouglas@example.com,Female,South Clintonmouth,17/10/2025
5296,Charles Collins,lisadennis@example.net,Other,Emilymouth,6/03/2025
4968,Linda Aguilar,ktaylor@example.org,Female,Port Darleneside,31/08/2025
7692,Darlene Hampton,jdaniels@example.com,Male,Aprilport,10/12/2024
9070,Aaron Orozco,angela63@example.org,Other,East Joshuabury,2/08/2024
4296,Kelsey Brown,acampbell@example.org,Female,New Kurtfort,17/09/2025
8660,Alan Thomas,baileyjennifer@example.net,Female,Heidiview,14/05/2024
2800,Jesus Jones,baileysara@example.com,Other,North Gina,4/11/2024
1300,Parker Gray,katiewillis@example.com,Female,Richardsburgh,2/04/2024
206,Brian Gordon,jim95@example.net,Other,Joelberg,13/08/2025
6939,Bryan Daniels,mitchellkevin@example.net,Male,Paulmouth,2/10/2025
4392,Priscilla Monroe,dwashington@example.com,Female,North Sherry,16/04/2025
1408,Christopher Williams,keithharrison@example.com,Male,East Andre,7/06/2024
13,Eric Farmer,georgetracy@example.org,Other,Natashaport,20/02/2025
2017,Isaac Chavez,hicksmelanie@example.net,Female,Donovanfurt,2/04/2025
7991,James Perkins,wstrong@example.net,Female,East Anna,10/02/2025
5786,Lydia Campbell,brian02@example.org,Male,New Craigfurt,12/10/2025
2711,Maurice Anderson,samuel65@example.org,Male,Christopherhaven,29/09/2024
8671,Beth Wheeler,hbarrett@example.com,Female,Garrettside,24/07/2024
2860,Amy Jones,margaret22@example.net,Female,West Susan,21/03/2024
8498,Andrew Johnson,hayesjoseph@example.net,Other,North Cherylmouth,18/08/2025
4338,Kelsey Shaw,kevin30@example.com,Other,Erinmouth,14/03/2024
880,Ricardo Barber,ganderson@example.org,Female,East Maurice,17/06/2025
4707,Cory Jefferson,christopherreyes@example.org,Male,Ortegashire,23/07/2025
4065,Jennifer Morales,gallaghermartin@example.com,Other,Richardfurt,22/12/2024
5482,Anne Miller,shortdavid@example.net,Male,North Brandon,1/06/2025
6470,Elizabeth Simmons,jesus00@example.org,Female,Vegafort,15/03/2025
3269,Joseph Schroeder,joseph10@example.net,Other,North Kevinfort,26/01/2025
7951,Sarah Huber,robert48@example.org,Other,Rebeccaberg,14/02/2025
5451,Ann Stewart,rhondastephens@example.net,Male,Elliottland,28/02/2024
5102,Joseph Williams,sweeneyheather@example.com,Other,Perezland,7/03/2024
5616,Timothy Grant,paula52@example.net,Male,North Kylechester,7/03/2024
1766,Christina Smith,susan75@example.net,Female,Morrisshire,27/06/2025
9762,Eric Smith,shannonjimenez@example.net,Male,Schmidtland,19/09/2024
1613,Diana Levy,nguyengerald@example.net,Other,Lake Robert,25/09/2025
4566,Robert Hanson,jason45@example.net,Female,Lake Joseph,8/11/2025
2773,Jared Torres,gordonsabrina@example.net,Other,Clarkberg,15/07/2025
83,Aaron Barber,cgrimes@example.net,Female,Reedside,1/07/2024
1826,Grant Sims,richardsonronnie@example.net,Other,Charlesshire,19/02/2024
8840,Kelsey Wilson,brenda42@example.com,Male,West Courtneyport,1/01/2024
4483,Evelyn Hendricks,btapia@example.org,Other,Port Tamaraside,9/02/2024
3639,Kimberly Leon,warrengerald@example.net,Male,Solomonmouth,13/05/2024
8172,Jodi Smith,stephanie43@example.com,Male,West Raymond,1/09/2024
5148,Joyce Levy,qlopez@example.org,Female,Lake Joshua,25/09/2024
6015,William Owens,loricox@example.org,Other,Kimberlystad,7/09/2024
3106,Kimberly Pitts,robertsaunders@example.com,Female,East Kaitlyn,27/10/2025
1013,Brian Martinez,lwebb@example.org,Female,Lorrainemouth,30/10/2024
8654,Charles Gonzales,obaird@example.org,Other,New James,27/04/2025
1671,Charles Lutz,williskatherine@example.net,Female,West Donna,2/03/2024
1865,Jonathon Ware,gblair@example.com,Female,Morrisview,18/09/2025
8772,Ashley Cox,caseygriffin@example.org,Female,North Jonathan,5/02/2025
2508,Maureen Young,wongjacqueline@example.org,Female,Burkemouth,1/06/2024
6318,Christopher Holden,xbridges@example.com,Other,Sheachester,3/11/2024
907,Rhonda Johnson,wcruz@example.net,Female,Jeremiahfurt,7/04/2024
6017,Ann Flores,megan22@example.org,Male,Kellyhaven,12/07/2024
7028,Kristen Torres,kingjoseph@example.net,Other,South Marcofort,13/07/2025
1573,Jeffrey Bailey,christopherlong@example.net,Female,Alexismouth,26/04/2024
4779,Sandy Hawkins,nhurley@example.org,Female,Eriktown,11/02/2025
683,Chase Tate,clayanthony@example.net,Other,South Nathanielville,11/10/2024
4646,Andrew Chapman,drogers@example.org,Other,East Lisafort,5/01/2025
9680,Jason Butler,anthony99@example.net,Female,Lake Rebecca,19/01/2025
9983,Heather Haynes,melvinroberson@example.com,Male,Port Kimberly,4/07/2025
6593,Ashley Garcia,robinsonjoseph@example.com,Female,Joshuashire,19/08/2024
9793,Jason Lopez,swillis@example.net,Female,Hernandezhaven,19/02/2024
4358,Theresa Newton,samantha76@example.com,Male,Port Kayla,2/03/2025
8336,Michael Mcbride,todd84@example.org,Other,Michaelmouth,7/10/2024
802,Daniel Murphy,colleenvilla@example.com,Male,Martinezborough,11/10/2024
5506,Michael Atkins,ulewis@example.org,Other,Lake Mikayla,1/03/2024
7571,Jasmin Hoffman,lewisheather@example.org,Other,West Kristinmouth,16/05/2025
835,Timothy Fernandez,jasonmullins@example.net,Female,North Ryantown,15/10/2025
390,Daniel Buchanan,catherine47@example.com,Female,Shorttown,26/09/2025
6026,Alex Rich,smithnathaniel@example.net,Female,Port Allison,12/10/2024
1528,Richard Morris,benjaminrussell@example.org,Female,North Samanthahaven,28/05/2024
7534,Brian George,mlong@example.net,Female,South Jessica,20/11/2024
4849,Michael Ingram,fieldsmary@example.org,Other,West Johnview,24/09/2025
7717,Matthew Bailey,jasondavila@example.net,Male,North Matthew,18/02/2024
7512,Tony Nguyen,waterskimberly@example.org,Female,Lake Jason,23/01/2025
2503,Brandon Wong,nelsoncassandra@example.net,Male,West Ricky,4/06/2025
317,Patrick Lopez,bakersteven@example.org,Male,Anneberg,10/09/2024
1358,Michael Carter,alowe@example.com,Other,Millerview,15/11/2024
3127,Matthew Shepherd,beth81@example.org,Male,Tinachester,20/05/2024
4546,Meredith Fry,serranomathew@example.com,Female,Port Cassandratown,9/11/2025
1139,Craig Huffman,martindavid@example.net,Male,Parkstown,14/04/2025
6686,Stephanie Martin,rebeccarichardson@example.net,Other,Charlesshire,30/10/2025
9631,Melissa Harris,kari25@example.net,Other,North Jocelynville,4/05/2024
3209,Robert Ferrell,benjamindavid@example.net,Other,Port Don,22/09/2024
9227,Gabriel Fritz,karen22@example.org,Other,Lake Johnside,24/03/2024
1389,James Rogers,kaylazamora@example.org,Female,Jamesstad,27/10/2025
7241,Nicole Jones,anacruz@example.net,Other,East Ray,27/05/2024
7784,Brenda Simmons,ericgarcia@example.com,Other,New Jacqueline,30/10/2024
522,Andrew Ray,lauren51@example.org,Other,Marymouth,14/01/2025
972,Sophia Aguirre,berrydebbie@example.net,Female,Stewartmouth,4/05/2025
3251,Deborah Mejia,btorres@example.com,Female,Harrismouth,17/08/2024
6657,Sonya Glenn,osaunders@example.net,Male,East Dakotafurt,16/01/2025
2972,Katie Hanson,patriciapatterson@example.com,Other,East Tristanport,26/05/2024
2076,Shawn Smith,aturner@example.com,Other,Chaneychester,12/09/2024
2256,Holly Cruz,meganlewis@example.net,Female,West Christopherhaven,30/10/2024
4333,Natalie Johnson,anthonyford@example.org,Male,North Ericmouth,12/05/2024
3038,Diana King,harrissean@example.com,Female,East Jesus,1/08/2024
7585,Robert Sullivan,tammyhill@example.net,Female,Port Michaelbury,6/10/2024
3222,Destiny Bass,betty65@example.net,Female,West Melaniefort,7/09/2025
869,Chase Allen,martinbrian@example.net,Female,Angelafort,10/03/2025
832,Michael Williams,erica39@example.com,Male,Stevensonland,12/01/2024
216,Andrea Harding,jonathan77@example.com,Female,Lake Laura,17/06/2024
3746,Vicki Peck,richard67@example.net,Female,Robertmouth,7/02/2024
1273,Tyler Duncan,williamspatrick@example.net,Other,West Adambury,3/05/2025
6179,Rachael Wood,patriciasimmons@example.org,Other,North Sarahport,9/09/2024
5470,Joseph White,amandahood@example.net,Female,Johnsonberg,1/11/2025
407,Dawn Lewis,ericguzman@example.org,Other,South Lisa,22/02/2024
1922,Martin Lewis,scott04@example.com,Female,Timothyfurt,20/02/2025
4523,Allison Dominguez,julie73@example.org,Male,Jonesfurt,21/02/2024
9883,Timothy Ponce,cwells@example.net,Male,Port Meganstad,11/10/2025
288,Preston Vargas,grahamtamara@example.org,Female,Josemouth,11/03/2025
2487,Elizabeth Rivas,sylvia26@example.com,Other,East Karentown,1/08/2025
8718,Derek Schultz,ronaldtaylor@example.com,Male,North Kirk,5/08/2024
3425,Michelle Diaz,armstrongcynthia@example.com,Other,Jacksonport,25/03/2024
1031,Antonio Fisher,matthewhubbard@example.org,Male,New Lisa,22/03/2025
287,Christopher Morse,xhaynes@example.com,Other,New Codyberg,1/05/2025
1556,Charles Barnett,madison00@example.org,Other,Roseview,10/12/2024
2519,Kenneth Perez,vmooney@example.com,Male,South Jose,13/09/2024
822,Jacob Henderson,uwillis@example.com,Other,North Daisystad,20/12/2024
986,Anthony Stanley,hbell@example.net,Male,West Ryanberg,7/05/2024
1079,Stephanie Humphrey,nancycontreras@example.com,Other,Harperside,28/12/2024
1461,Ryan Aguirre,mlewis@example.net,Male,Ayalaland,26/06/2025
7179,John Gilbert,hawkinsronnie@example.org,Male,New Richard,6/05/2024
8492,Kathleen Gardner,andrew42@example.net,Other,South Heatherburgh,6/02/2024
7063,Kevin Williams,davidmcdaniel@example.net,Other,East Brandonbury,6/06/2024
3928,Annette Reese,brian28@example.com,Female,Olsonside,8/07/2025
4604,Robert Tucker,mwilson@example.net,Female,Priscillaville,15/09/2025
820,Crystal Rhodes,josegibson@example.net,Male,West John,10/07/2025
2087,Jacqueline Garcia,jesse62@example.com,Female,Thomasberg,1/11/2024
1104,Kevin Weber,jvilla@example.net,Other,North Brittany,3/02/2025
3490,Karen Brown,jonathansimmons@example.org,Other,Fergusonland,14/03/2024
9959,Julie Morgan,erikadavenport@example.org,Female,Kathleentown,3/10/2025
2239,Michael Esparza,jonathanjordan@example.org,Male,North Paulmouth,30/08/2025
2710,Bridget Hall,nicholas60@example.com,Female,Jasminetown,27/05/2024
784,Donna Gomez,robertjennings@example.com,Male,Marktown,7/12/2024
5568,Christopher Gross,gbarker@example.com,Female,Norrisview,1/10/2025
7555,Bruce Peters,erika10@example.com,Female,Leeland,2/08/2024
6853,John Manning,mercadomaxwell@example.com,Other,Jonesland,21/09/2024
7922,Robert Campos,brandy74@example.com,Female,Lake Angelafort,30/05/2024
67,Taylor Alexander,tammyking@example.com,Other,Port Cameronfort,27/01/2025
7837,Jorge Ryan,felicia74@example.org,Other,Douglastown,29/10/2025
9685,Eric Haley,coletracy@example.net,Male,Bushborough,8/08/2025
4688,Richard Shaw,joneslisa@example.com,Male,Michellemouth,14/05/2024
4570,Mason Hubbard,rsherman@example.com,Male,North Rhondashire,22/01/2024
9264,Allen Smith,jackson56@example.com,Male,South Debra,20/02/2025
5027,Matthew Oconnell,bryan34@example.com,Female,Doughertytown,29/09/2025
653,Edward Jennings,megan65@example.org,Female,Port Robert,11/04/2024
1754,Brandon Gomez,dawn31@example.org,Male,South Keithborough,10/02/2025
782,Angela Harrison,fpeterson@example.com,Male,South Kayla,5/02/2025
9758,Donna Strong,katelynrowe@example.com,Other,East Isaiah,16/09/2025
9512,Maureen Mills,colsen@example.org,Male,Port Cathy,25/09/2024
8628,Ronald Payne,stephaniedaniels@example.net,Female,Leslieland,17/06/2025
1240,Anthony Bradley,mccoymark@example.com,Male,Phammouth,2/04/2025
7191,Zachary Johnson,lauriesmith@example.com,Female,Richardsport,7/08/2025
1896,Bryan Hayes,dmartin@example.com,Male,Port Jeremy,8/06/2025
4081,Justin Oneal,christopher60@example.org,Other,Jacquelinestad,27/10/2025
72,Jesus Baker,ronaldstephens@example.net,Female,West Margaret,18/02/2024
8651,Michelle Smith,vincent74@example.com,Male,Jasonbury,29/10/2024
3249,Richard Jackson,coopermegan@example.net,Male,Marshallfort,7/12/2024
3282,Jessica Dunn,padillagregory@example.com,Female,East Christopher,1/04/2025
2813,Donna Hughes,qbeck@example.net,Male,East Joshuaborough,15/08/2025
9278,Kimberly Baker,rossvirginia@example.net,Female,Juliestad,24/11/2024
5865,Benjamin Green,daniellewells@example.com,Other,Christopherbury,31/01/2024
7910,Suzanne Gibson,nelsonjason@example.net,Other,Farmertown,15/04/2024
3167,Mark Mitchell,parrishnatalie@example.net,Other,South Jack,27/09/2025
1346,Ashley Burgess,oliviameyers@example.com,Female,Brownbury,16/05/2024
7391,Linda Gonzalez,gary18@example.com,Male,West Aliciaton,25/10/2024
9144,Barry Scott,hardinjill@example.net,Female,West Jamesberg,18/05/2025
2230,Keith Cantu,johnsmith@example.org,Male,Lake Shannon,13/08/2024
4888,Brittany Roman,mckayamanda@example.net,Other,North Robert,6/03/2024
4178,Geoffrey Lee,joneselaine@example.org,Other,North Melissa,16/08/2025
3125,Carol Gonzalez,escobarjennifer@example.com,Male,Hudsonton,24/06/2025
2338,Yvette Adkins,waltercarrie@example.org,Male,Drewborough,18/09/2025
893,Amanda Palmer,martinkaren@example.com,Other,Moralesview,4/12/2024
739,Cynthia Harris,nathanielgalloway@example.org,Female,Aliside,27/02/2024
3410,Lance Gilmore,chadcox@example.com,Female,Morenoshire,4/02/2025
4324,Ashley Williams,zphillips@example.net,Female,Walterview,18/04/2024
9339,Suzanne Shaw,christopher57@example.net,Female,Richardstad,23/04/2025
3638,Amy James,ygarcia@example.net,Female,Penaland,10/07/2025
2542,Christopher Morales,jonesjamie@example.net,Other,Leechester,4/06/2025
5580,Vincent Stokes,nross@example.net,Other,New Jenniferchester,23/01/2025
8425,Ashley Bennett,matthew22@example.net,Other,Port Ashley,6/07/2025
9591,Elizabeth Copeland,pamela74@example.com,Other,Burchhaven,27/11/2024
6477,Mark Martin,leechad@example.org,Female,Burnettland,4/11/2025
351,Joseph Obrien,robertroach@example.net,Other,West Danielville,29/03/2025
3800,Nancy Richardson,ledwards@example.net,Male,New Randyburgh,25/06/2025
6278,Thomas Watson,justin40@example.com,Female,Tomstad,26/08/2025
6645,Mary Harper,james42@example.com,Female,South Brianborough,28/10/2024
7825,Jennifer Fitzgerald,jack34@example.org,Female,East Kevin,25/08/2024
1021,Anthony Quinn,colinrodriguez@example.net,Male,Morrisbury,16/02/2024
7264,Alexa George,mariaoneill@example.net,Other,New Brian,31/03/2025
9615,Mary Edwards,jeffrey46@example.com,Other,Snyderland,29/06/2025
1906,Patricia Martin,jeffrey46@example.net,Other,Port Seanport,9/02/2025
7058,Stacy Thomas,rsosa@example.net,Other,New Stevenville,30/07/2024
8920,David Boyd,amanda31@example.com,Male,Erinside,8/07/2024
4633,Megan Howe,robertfoster@example.net,Other,Markport,24/01/2024
9903,Jessica Russell,elizabeth33@example.net,Female,Nolanborough,31/07/2025
9880,Miranda Wilkins,erika41@example.com,Other,North Mary,2/08/2025
7812,Jason Garcia,christinamccormick@example.org,Male,Lake Jeremy,23/03/2024
4652,Elizabeth Mora,lawrencewilliam@example.org,Male,West Andrewborough,7/03/2025
6638,Jamie Keller,hbecker@example.org,Female,Thompsonville,2/06/2025
6037,Joanna Lin,qrodriguez@example.com,Female,East Kelly,6/11/2024
6994,Kathryn Walker,dakotawilliams@example.org,Male,Transtad,7/04/2024
6729,Denise Sanchez,ericajones@example.org,Male,Riosshire,1/12/2024
5566,Bonnie Rodgers,williamhernandez@example.net,Female,Port Christina,30/07/2025
974,Joel Smith,schneidermelissa@example.org,Male,Mitchellfurt,8/02/2025
4593,Colleen Randall,huertajohn@example.com,Female,Susanfurt,23/01/2024
3182,Rodney Acosta,megan48@example.com,Male,Garciamouth,25/03/2024
9461,Julie Thomas,walshkelly@example.com,Male,Grahamville,3/10/2024
5564,Meghan Wheeler,tony05@example.net,Other,Weststad,28/08/2025
5322,Matthew Galvan,larry96@example.org,Other,Duaneville,16/10/2025
7012,Carol Thompson,rileysmith@example.com,Female,Toddmouth,26/01/2024
3751,Natalie Shelton,zimmermanangela@example.net,Male,Port Michelle,7/10/2025
1795,Peter Norris,victor76@example.net,Other,Jennifermouth,16/06/2025
8337,John Cooper,price@example.com,Other,Cruzland,14/07/2024
7256,Michael May,stephen21@example.net,Male,Lake Amy,29/03/2025
1554,Edward Matthews,melissa40@example.org,Other,South Karen,29/09/2024
3937,Rebecca Adkins,howellthomas@example.net,Other,Port Jimmouth,5/11/2025
9245,Victoria Wagner,uwilson@example.net,Female,Robertland,26/03/2024
6202,Brad Lee,hbaxter@example.com,Female,New Heather,29/02/2024
7990,Jessica Allison,lisa61@example.org,Female,South James,24/02/2024
3940,Sara Fields,beltransamantha@example.net,Female,Robertview,27/06/2024
8214,Allison Griffin,qmcdowell@example.net,Female,North Zacharyfort,7/05/2025
3086,Linda Arnold,joshuaelliott@example.com,Male,Ashleestad,24/06/2024
3184,Jennifer Williams,anthony69@example.com,Other,Kristenborough,16/07/2024
6714,Andrea Hall,jeffrey21@example.com,Other,Hallport,9/07/2025
6537,Erin Kaufman,mvasquez@example.net,Other,South Nicholas,13/04/2024
6767,Nicholas Lyons,franklinchristopher@example.net,Other,Youngside,9/05/2024
1746,Sara Bush,nward@example.com,Female,Christopherfurt,12/07/2025
7329,Chelsea Garner,lynn42@example.com,Female,West Karen,29/02/2024
3018,Jonathan Reyes,faulkneryvonne@example.net,Female,North Katherine,30/09/2025
2449,Cynthia Butler,sanchezrobert@example.org,Male,New Kristinaland,28/04/2025
18,David Walls,esanchez@example.com,Male,North Collin,26/05/2024
6447,Cody Murphy,cynthiaortiz@example.org,Male,Tiffanyville,11/10/2024
2872,Derek Bowman,justin34@example.com,Female,Victoriaville,23/05/2025
8262,Logan Vasquez,harold25@example.org,Female,Bradshawville,23/08/2025
4423,Karen Barnes,jefferydiaz@example.com,Female,Allenstad,2/12/2024
3084,Donald Williams,laurasmith@example.org,Male,Hartmanville,1/03/2024
4427,Robert Roberson,kimberly89@example.net,Other,Lake Raymondside,11/01/2024
8784,James Walker,flee@example.com,Male,North Jason,19/12/2024
523,Courtney Kirby,hlopez@example.com,Female,Jenniferview,3/11/2025
4961,Richard Trevino,tapiamichael@example.com,Male,Port Brenda,7/02/2024
9484,Laura Larson,danielthomas@example.org,Male,Grantmouth,1/11/2024
3873,Jasmine Smith,jasonrodriguez@example.com,Other,Carpenterview,9/11/2025
8728,Amy Green,nathanconway@example.com,Female,Alishaborough,26/10/2025
6095,Andrea Bates,romerobrenda@example.org,Female,East Brandon,8/10/2025
5764,Mark Huffman,debra12@example.net,Other,West Michaelshire,3/10/2025
4785,Kayla Wallace,nelsonmaria@example.net,Male,East Kelly,2/05/2025
8058,Michael Brown,terrance15@example.net,Male,Nicholasberg,19/03/2025
5575,Brandon Young,ovega@example.org,Female,North Anthonyshire,17/01/2025
7131,Joseph Wallace,ashleyfisher@example.org,Female,Craigmouth,23/04/2024
5216,Sandra Harper,hamiltonandrew@example.org,Male,Jensenfurt,3/08/2025
5342,David Carter,davidfaulkner@example.com,Male,South Victoriaport,2/02/2024
538,Lisa Garza,vbradley@example.net,Other,East Elaine,21/08/2024
2282,Jonathan Wright,brobles@example.com,Female,West Kelly,4/03/2025
7275,Jacob Johnson,gmarsh@example.org,Male,South Leah,4/01/2024
5410,Philip Brown,angelavilla@example.net,Female,West Katherineshire,10/06/2025
1029,John Warner,brennaneric@example.com,Male,New Barbarahaven,22/09/2025
1262,Christine White,theresadavis@example.net,Other,New Neil,8/05/2024
1093,Shaun Lane,sandersjesse@example.com,Male,Hartport,3/05/2025
3894,Dawn Kline,david11@example.com,Male,Richardbury,30/07/2025
9529,Chris Kirby,bperez@example.net,Male,Chapmanview,25/12/2024
8430,Kimberly Torres,amandalawson@example.net,Other,Triciamouth,15/08/2024
2870,Heather Williams,newmanthomas@example.com,Other,Christinaport,15/11/2024
3350,Dennis Reed,brittany58@example.org,Male,Lake Jillian,30/06/2025
7381,James Scott,shawn72@example.net,Other,New Maryborough,20/01/2025
5579,Teresa Morris,greerpaul@example.org,Female,East Melissa,13/02/2025
5420,Martin Walker,victorcordova@example.org,Female,East Amanda,3/06/2024
7024,Eric Wilson,wthompson@example.com,Male,Lake Davidmouth,23/05/2024
8175,Tracey Vega,bakercarl@example.net,Other,Diazmouth,28/12/2024
1786,Jackie Spears,hudsonlinda@example.com,Female,Bruceshire,19/09/2024
3512,Scott King,marcuspearson@example.net,Female,Brooksshire,8/12/2024
6565,Sean Smith,christopher80@example.net,Female,North Terryberg,21/09/2025
4149,Lisa Hernandez,dylanyoung@example.net,Male,North Joanne,5/09/2025
8464,Anne Sanchez,brandonbarrett@example.net,Other,Hicksbury,17/05/2024
1497,Shannon Montgomery,wilsonrhonda@example.org,Male,Courtneyport,11/02/2024
1637,Jennifer Miller,batkins@example.com,Male,East David,30/10/2024
3721,Danny Thornton,ashlee36@example.org,Female,South Lorettaview,8/04/2024
3294,Amber Walter,itucker@example.org,Other,South Debraburgh,5/02/2024
8837,Michelle Gray,christopher51@example.net,Female,South Dawn,11/05/2024
6480,Carmen Munoz,colleenlawrence@example.org,Male,Alexandrachester,21/01/2024
1585,Sarah Long,wgonzalez@example.net,Male,Jacobbury,20/06/2024
4147,Emily Wood,clarkamy@example.com,Male,Lindabury,16/06/2025
9598,Debra Leonard,burtonkaren@example.com,Male,East Ian,20/11/2024
9825,Rachel Potter,paul60@example.com,Male,Angelaview,21/07/2025
5529,Christopher Peters,browncharles@example.net,Other,Bassshire,28/08/2025
9683,Jose Dixon,nathanrussell@example.net,Male,Leonardview,31/07/2024
2073,Katherine White,mooreashley@example.com,Male,West Denise,18/04/2024
2517,Kathleen Roberts,lblackwell@example.com,Male,Harrisborough,26/09/2025
9426,Keith Peterson,brandonhorne@example.com,Female,Lake Derektown,9/11/2024
9398,Amanda Grant,caitlinelliott@example.org,Male,Dixonmouth,20/09/2024
2848,Julie Rice,thorntonjames@example.com,Male,Port Danielle,27/01/2024
1011,Tammy Taylor,kevincollins@example.org,Female,Hansonborough,19/01/2025
6663,Robin Goodwin,meaganthompson@example.org,Female,Burnsmouth,30/05/2024
8151,Randy Johns,owhitney@example.com,Female,Brandonfort,12/01/2024
2829,Rhonda Thompson,stevengreen@example.net,Other,Meganburgh,4/07/2025
4900,Jared Duran,ibrooks@example.net,Male,Morrischester,20/08/2024
7434,Devin Nelson,vhaley@example.net,Other,Williamsfurt,23/09/2024
4216,Samuel Acevedo,prestonjohn@example.com,Male,Ruizside,17/01/2024
7533,Sherri Johnson,brittany35@example.net,Other,Jasonville,26/04/2025
4416,Maria Hill,joshuaperry@example.org,Other,Wallerborough,22/09/2024
5362,Dean Costa,randall62@example.org,Female,Donovanfurt,30/06/2024
6746,Robert Charles,brian95@example.org,Male,Kramerburgh,5/12/2024
747,Julia Chang,james94@example.net,Other,East Tina,7/01/2024
9928,Donna Turner,dodsonnancy@example.org,Male,South Craigchester,1/11/2025
3637,Eric Hernandez,qlee@example.com,Male,West Tonyashire,10/09/2025
6886,Rebecca Hayes,melissamarshall@example.org,Male,New Edwardfurt,9/02/2025
2142,Nichole Harris,holmesrachel@example.org,Other,Mooreberg,30/01/2024
6562,Andrew Lewis,peterglenn@example.com,Male,Lake Heather,2/09/2024
9419,Ashley Chandler,edgar31@example.com,Female,Beverlyton,7/08/2024
6786,Jonathan Bright,barkererin@example.com,Female,East Kendra,9/01/2025
298,Dawn Robles,crystalpham@example.org,Female,Caseystad,13/10/2024
5489,Samantha Carpenter,myersterri@example.com,Female,Osbornestad,19/04/2025
7410,Jason Morrow,robert20@example.com,Other,Port Deannatown,9/01/2025
9130,Laura Hoffman,deborah22@example.org,Other,Cynthiaborough,18/11/2024
1737,Jonathan Haynes,wileyaudrey@example.com,Female,Hollybury,16/10/2025
4407,Patrick Ponce,alexandra08@example.com,Male,North Kristine,4/07/2025
833,Sheila David,shatfield@example.org,Female,Carterborough,26/08/2024
9644,Daryl Bowman,daniel21@example.net,Other,Bakerberg,5/03/2024
2123,Zachary Cook,jsantos@example.com,Male,West Theresastad,8/01/2024
9338,Bryan Conrad,shane93@example.com,Female,Lake Sherryland,7/04/2024
7091,Katie Bishop,enavarro@example.com,Male,South John,4/06/2024
2702,Barbara Myers,rcox@example.net,Other,Robertmouth,14/10/2025
4952,Dylan Sanders,austin72@example.net,Other,Meganhaven,21/11/2024
4403,Christina Mendez,fhiggins@example.net,Female,Port Danielfurt,16/07/2024
3884,Steven Durham,moralesjessica@example.org,Male,South Taramouth,4/08/2024
7272,Shelly Marshall,bryan34@example.net,Other,West Roger,9/03/2024
1996,John Carter,lchavez@example.org,Female,North Zacharyshire,20/12/2024
7802,Sylvia Grant,fwilkerson@example.com,Other,Lynnfort,6/08/2025
8141,Brittany Graham,debbiebautista@example.net,Male,New Alicia,11/03/2025
5803,Alyssa Jones,randy82@example.com,Other,Turnermouth,2/09/2025
6755,Christopher Baker,ahenderson@example.com,Other,Milesville,2/08/2025
7792,Rebecca Jones,marshallmichelle@example.net,Female,East Chris,21/08/2025
5369,James Kelley,nicholasortiz@example.com,Other,Lake Sarahtown,18/08/2025
7857,Catherine Navarro,howardchapman@example.org,Other,West Lisa,19/05/2025
9508,Edward Ponce,ygallegos@example.com,Male,West Grace,31/01/2024
1439,Melissa Ortega,wpatrick@example.net,Other,Kellyfurt,22/01/2024
315,Christopher Colon,bgonzalez@example.org,Male,Lake Kelly,3/01/2024
2121,Natalie Fischer,ztran@example.org,Male,Donnaland,30/03/2024
5781,Sarah Miller,martinezkristine@example.org,Female,Port Timothy,25/02/2024
3267,Jessica Lopez,shannon56@example.org,Other,Jamesshire,18/12/2024
6738,Jonathan Hoffman,kingrebecca@example.com,Female,Matthewhaven,18/09/2025
7369,Victoria Hopkins,piercemelanie@example.net,Female,Lorimouth,15/06/2024
6262,Mandy Knight,teresa57@example.com,Other,New Nicole,2/02/2024
5352,Lindsay Stephens,grantdustin@example.org,Other,Erikashire,30/06/2024
7509,Brooke Walsh,claudia53@example.org,Other,Josephbury,19/10/2024
6227,Joseph Romero,andre82@example.com,Female,Johnsonview,3/08/2025
9383,Erica Turner,ashleyharris@example.com,Female,Port Jasonshire,22/05/2024
6140,Gregory Nelson,amandadelacruz@example.org,Male,Lawsonchester,15/08/2025
578,Marc Oconnell,kathrynwatkins@example.com,Female,North Joshuachester,8/01/2025
1173,Anthony Lewis,eddie04@example.com,Male,Woodsburgh,11/03/2025
5011,Jennifer Taylor,nwhite@example.com,Other,Port Ronald,15/09/2024
1527,Natalie Martinez,obrienjames@example.net,Male,Lake Erikafort,15/11/2024
6079,Elizabeth Sanchez,adrianhawkins@example.org,Male,Schwartzburgh,22/01/2025
1344,Mary Webster,matthew54@example.com,Female,Lake Justintown,22/09/2024
5329,Robert Rogers,masseyjames@example.com,Other,East Matthewview,28/04/2024
8332,Mark Morton,mweaver@example.com,Other,New Seanfurt,30/10/2025
5460,Rebecca Baker,sharon84@example.net,Female,Cynthiashire,17/08/2024
8614,Robert Rodriguez,willie24@example.com,Female,Port Christopherland,22/08/2025
2796,Dan Pacheco,kathryn64@example.com,Other,Martinezberg,15/01/2024
5905,Charles Anderson,bbennett@example.com,Other,Ewingberg,16/09/2025
4934,Janet Prince,jason92@example.com,Female,Robertstown,12/08/2024
7911,Angela Gonzalez,qmayer@example.org,Male,Parkerton,9/10/2025
4390,Tina Mitchell,agregory@example.org,Female,Darrenton,28/02/2025
3334,Robert Miller,rscott@example.org,Male,Martinezport,12/01/2025
5007,Christian Melton,nicholsjohn@example.net,Male,South Mariaport,18/10/2024
8418,Robert Goodwin,ericperez@example.com,Other,West Rebeccabury,12/04/2024
5063,Craig Davis,ngordon@example.com,Other,Ericchester,17/02/2024
3946,Leslie Henderson,burchalyssa@example.net,Other,Morrisonland,17/10/2024
316,Megan Parker,qruiz@example.com,Female,Lake Amyburgh,26/02/2024
4574,Lori Stephens,timothylewis@example.com,Female,Port Christopher,20/02/2025
2489,Ryan Smith,sandraharper@example.org,Male,Garnerton,16/02/2025
6291,Cassie Ortiz,sanchezmark@example.net,Male,South Tiffany,4/02/2025
6933,Matthew Jenkins,elizabeth72@example.org,Other,Donnaland,16/10/2025
406,Michael Parrish,msparks@example.org,Female,South Gabriel,19/12/2024
3300,Robin Mejia,christianmendez@example.com,Male,North Lori,28/08/2024
6406,Vanessa Hansen,jenniferjackson@example.org,Female,North Connorstad,11/04/2024
8604,Kristen Moore,annette87@example.com,Male,Tinaton,24/04/2024
2890,Roger Hickman,whitegina@example.org,Other,New Seanmouth,10/10/2025
200,Isabella Weaver,michaelcesar@example.com,Male,West Robertberg,16/10/2024
1823,Travis Garcia,adamcaldwell@example.org,Male,Kelseyside,12/04/2025
7930,Robert Jennings,floresamanda@example.net,Male,Port James,1/09/2025
7139,Peter Russell,larry51@example.com,Female,Davisshire,13/01/2024
9434,Autumn Little,michellelopez@example.net,Female,Gordonfort,23/11/2024
4421,Jonathan Snow,leah30@example.com,Female,North Victoriatown,23/08/2025
286,Aaron Sandoval,dalton83@example.com,Female,Woodwardberg,12/10/2025
5294,Jennifer Wright,heidiaustin@example.net,Male,Port Danielmouth,22/09/2025
1047,Victoria Allen,campbellfelicia@example.com,Male,East Kelseyport,15/11/2024
1929,Dana Cox,greenshawn@example.com,Other,Hallstad,27/12/2024
1202,Jeffrey Simmons,mvaldez@example.net,Female,Patriciashire,13/01/2024
4197,Sharon Rogers,boyermichael@example.com,Male,Alexisside,1/10/2025
3219,Brandon Miller,vanessa22@example.net,Other,Nolanchester,9/01/2025
1735,Tina Sandoval,jacob10@example.net,Female,Jeremymouth,6/07/2025
2373,Amanda Stewart,meghan90@example.com,Female,Port Victor,14/03/2024
830,Holly Hardy,anthonymartinez@example.net,Male,Stephaniebury,8/11/2024
2195,Christopher Schultz,mary98@example.net,Male,North Micheleshire,29/08/2025
6162,Ronald Kelley,bmaynard@example.org,Male,Port Bruce,27/09/2024
1141,Kimberly Joseph,daniel26@example.net,Other,Bergland,9/12/2024
5248,Maria Bennett,james50@example.net,Male,Damonberg,7/03/2025
5183,Natasha Hernandez,sheri89@example.net,Female,Lake Christina,10/04/2025
4243,Lauren Powers,jerrywilliams@example.net,Other,Jimeneztown,21/08/2024
8783,Justin Thomas,klara@example.org,Male,Hardinview,3/07/2024
1271,Anthony Rasmussen,ilopez@example.org,Female,Rodgershaven,2/02/2024
5377,Barbara Yu,lauramckenzie@example.net,Male,Walterhaven,18/06/2025
3397,Jessica Herrera,zglenn@example.com,Male,Lake Tyroneton,9/08/2024
9741,Lauren Wilson,sabrinagallagher@example.net,Female,Bradyfurt,18/04/2024
4966,Daniel Glover,aprilwashington@example.org,Female,North Shawnborough,8/10/2024
4847,Jeffrey Graves,rodriguezjesse@example.net,Other,Fowlerland,22/06/2025
45,Angela Lowery,bryantlaurie@example.net,Male,Stephaniemouth,13/11/2024
8855,Anthony Cooper,zkelly@example.com,Male,Richardsonhaven,11/05/2025
6432,James Larson,justin80@example.com,Male,Colefurt,4/02/2024
2485,Elizabeth Leblanc,maria53@example.net,Female,Halechester,23/02/2024
3545,James Walker,simongabrielle@example.org,Male,New Johnchester,17/02/2025
7758,Jennifer Nguyen,robert39@example.net,Other,Parksborough,14/08/2024
3093,Christopher Blake,utaylor@example.net,Male,Grahamborough,16/10/2025
65,Jenny Bray,tina34@example.org,Other,Harrytown,27/11/2024
652,Dana Lamb,umichael@example.net,Other,New Jamesmouth,2/07/2024
1744,Wendy Macdonald,amyponce@example.com,Female,South Samantha,7/11/2025
2568,Marie Herrera,rachelsolis@example.org,Other,Susanberg,19/02/2024
3539,Pamela Walker,chad39@example.com,Other,Thorntonmouth,6/08/2024
1477,John Williams,suttondean@example.org,Female,Susanshire,6/06/2024
4668,Jill Morris,louissimmons@example.org,Other,Wendyland,2/08/2024
2365,Jessica Higgins,sarah36@example.net,Male,West Lisaside,27/03/2025
9645,Alex Jacobs,arellanoamber@example.net,Other,Flynnmouth,3/02/2024
38,Tracey Wilson,jonathanfletcher@example.org,Other,West Ryan,25/10/2024
5809,Elizabeth Harrison,carolynmiller@example.org,Female,West Davidton,29/02/2024
7311,Diana Larson,john63@example.com,Male,Millerchester,7/10/2025
3656,Amy Wilson,robertjordan@example.com,Other,Port Markton,20/08/2025
756,Colleen Riley,villegassabrina@example.com,Other,Pamelaland,6/06/2025
9067,Danny Lewis,gcunningham@example.com,Male,West Charlotteland,2/11/2024
5427,Tracy Vasquez,younglisa@example.com,Male,East Emily,24/04/2025
7130,Eric Richardson,tallen@example.com,Other,Port Mary,15/04/2024
780,Cassandra Taylor,alan44@example.com,Male,Bautistashire,10/05/2024
3516,John Mendoza,tcase@example.org,Other,Port Cynthiaview,10/09/2025
2982,Eileen Moyer,davisteresa@example.net,Male,West Kayleemouth,25/07/2025
6634,Margaret Cohen,mckenziebrett@example.net,Female,Lake Karen,9/05/2024
4811,Troy Powers,bryan78@example.net,Male,Solomonfort,4/02/2025
2986,Bethany Delacruz,hillbrandon@example.com,Other,East Ian,18/06/2025
7892,Tracy Larson,oosborne@example.net,Male,North Jade,6/06/2024
1314,Jeremy Foster,carolyn84@example.org,Female,Kingstad,1/06/2025
8917,Shane Walker,william90@example.com,Other,Christopherburgh,16/05/2024
2718,Margaret Lyons,laurie49@example.com,Male,Thompsonville,5/12/2024
7021,Jeffrey Dodson,brentbutler@example.net,Female,Port Douglas,31/03/2025
3173,Michael Costa,anthonyharper@example.net,Male,Port Michaelton,21/10/2025
3860,Antonio Morris,lrichard@example.com,Female,South Derekhaven,28/12/2024
396,James Tucker,christina49@example.org,Male,Lindseychester,17/02/2024
6520,Carl Taylor,timothystewart@example.net,Male,Jamesshire,5/02/2025
3797,Alexander Mitchell,kimnoah@example.net,Other,Justinmouth,9/08/2024
494,Ashley Simmons,renee57@example.net,Female,East Denise,12/10/2024
3744,Laura Mitchell,rachel98@example.org,Male,Elizabethport,2/06/2025
3225,Andrea Bryant,linda37@example.org,Male,Yeseniabury,15/03/2024
8903,Brian Hawkins,wilsonamanda@example.net,Other,South William,9/04/2024
479,Matthew Hobbs,hbutler@example.org,Male,Lake Kimberlyfurt,22/09/2025
3798,Carlos Walker,sara46@example.org,Male,Garciaberg,13/05/2025
2196,David Martin,daniellethomas@example.org,Other,New Joseburgh,30/01/2024
715,Jennifer Edwards,alan48@example.net,Other,Lake Richard,20/08/2025
6966,Christopher Allen,jeremiahwells@example.net,Male,South Chadhaven,19/02/2025
8051,Tara Conway,qbrewer@example.com,Other,South Lori,17/04/2024
7965,Gabriella King,haleyyoung@example.net,Female,Kaylaside,19/09/2025
9663,Kristen Cook,jasmine06@example.net,Male,Jasminfurt,20/05/2024
9361,Ronnie Mejia,codygould@example.org,Male,Richardsonshire,17/03/2024
1292,Laura Brooks,jason27@example.org,Male,Evanschester,12/08/2025
5899,Christopher Moore,ttaylor@example.org,Male,Simpsontown,1/10/2025
2504,Erin Evans,herrerajennifer@example.org,Other,Weaverville,16/04/2025
9536,Melinda Dyer,urogers@example.com,Other,New Lisaland,3/08/2025
4294,Stephanie Duncan,lindaperez@example.com,Female,Mcmillanport,19/09/2025
4838,Stacey Fletcher,tdougherty@example.net,Female,Lake Bobfort,8/03/2025
431,Mary Huff,eric11@example.org,Female,Austinside,5/06/2024
4014,Amanda Smith,jgaines@example.com,Other,New Justin,30/04/2025
7732,John Smith,lwilson@example.com,Male,West Henry,3/10/2025
8602,Patricia Lopez,tstone@example.net,Male,Manuelbury,3/06/2025
441,William Hampton,ypreston@example.net,Other,Stevenberg,10/08/2024
3013,Morgan Osborne,anita14@example.org,Other,West Jennifer,8/08/2025
4631,Jared Walker,earlowens@example.com,Female,West Justinhaven,12/04/2024
2003,James Farmer,robert07@example.com,Male,Hardingview,16/02/2024
5065,David Jones,mdavidson@example.net,Other,Reynoldsland,17/04/2025
4823,Hannah Brown,davidsoto@example.net,Female,Jamesland,2/01/2024
1507,Hannah Roy,millerfrederick@example.net,Male,North Haileyfort,14/06/2025
1717,Teresa Barnett,eadams@example.org,Female,Hendricksport,25/10/2024
2131,Peter Lopez,farmerrichard@example.org,Female,South Jamesshire,21/01/2024
9280,Kimberly Pugh,ferrellfernando@example.com,Female,New Thomas,4/09/2025
3605,Leslie Joyce,parksanna@example.net,Female,West Alexisland,13/10/2024
1323,Donald Stone,alara@example.com,Other,West Crystalmouth,19/02/2025
5614,Misty Turner,trichardson@example.net,Other,North Stacyport,26/03/2024
9759,Emily Miller,keithwise@example.net,Female,Murphyborough,26/10/2025
8490,Melissa Wood,jwoodard@example.net,Other,New Luke,15/07/2025
6846,Audrey Thomas,walshtimothy@example.org,Female,East Sharon,15/12/2024
9164,Evelyn Rodriguez,donna04@example.com,Male,Shawview,9/09/2024
6463,Claire Garrett,christianatkins@example.org,Other,South Donnamouth,25/06/2024
2818,David Dominguez,ramseyvalerie@example.com,Female,West Marco,20/06/2024
1873,Travis Hughes,john87@example.org,Male,North Michael,7/04/2024
304,Aaron Hardin,lindsaypeterson@example.org,Male,Brianberg,26/12/2024
7592,Stephanie Robinson,cooktammy@example.com,Male,South Johnhaven,9/03/2025
4609,Marcia Ayala,george43@example.com,Female,South Peter,16/05/2025
3457,James Brown,nryan@example.net,Male,Karenfurt,8/07/2025
9789,Kathryn Wilkins,cynthia76@example.net,Female,Port Haleyton,30/11/2024
7014,Becky Mccormick,tammysimon@example.org,Female,Brittanyburgh,19/11/2024
2911,Brett Harrison,crawfordjillian@example.org,Female,North Nathan,24/09/2025
1230,Ethan Stanton,petermoore@example.com,Female,Vargasbury,24/11/2024
982,Jill Harris,jonestroy@example.org,Male,Lake Jasonfurt,27/03/2025
3235,Kevin Gordon,corey93@example.org,Male,Peterstad,8/08/2024
5922,Emily Davis,jthomas@example.com,Male,Ericborough,17/08/2024
2175,Kimberly Franklin,ssoto@example.net,Female,Christopherbury,7/08/2024
2275,Mark Brady,manningbrandi@example.com,Male,Williamsonside,30/10/2024
2809,Kimberly Johnson,jessicaward@example.org,Male,West Christinashire,15/03/2024
536,Michael Andrews,sullivanjennifer@example.org,Female,Angelaland,12/07/2024
9170,Sheila Rodriguez,harrisjessica@example.com,Female,Thomasburgh,7/10/2024
9784,Brian Logan,tracey50@example.com,Male,South Lisa,28/10/2024
61,Hunter Lewis,matthew94@example.net,Female,New Stacyland,5/08/2025
6284,Joshua Avery,martinerik@example.net,Female,Shariport,23/06/2024
1357,Donna Watson,malikfowler@example.com,Male,New Richard,22/04/2024
314,Sara Fernandez,kenneth10@example.com,Female,Hernandezstad,14/01/2025
7735,Christopher Edwards,wbrown@example.com,Female,Port Dakotabury,24/10/2025
5499,Michael Dorsey,jonescarl@example.net,Male,West Sandrashire,27/05/2024
2086,Caitlin Camacho,knightrachel@example.com,Other,New Davidfurt,19/09/2024
6850,Ray Campbell,rebeccamartin@example.com,Male,South Sarahshire,15/06/2025
6022,Angela Bennett,fcampbell@example.org,Other,Lake Allen,3/07/2024
4895,Taylor Saunders,amanda36@example.org,Other,Port Joannborough,7/11/2024
386,Christopher Davis,simsjason@example.net,Female,Port Gina,7/08/2024
7432,Jessica Savage,sarahsanchez@example.org,Female,East Elizabeth,29/09/2025
6754,Elizabeth Woods,williamturner@example.org,Male,North Mariastad,3/02/2025
2827,Rodney Lopez,gutierrezsteven@example.com,Other,Port Johnbury,19/02/2025
2586,Jill Briggs,madison11@example.net,Female,Bassland,17/02/2024
4190,Daniel Brewer,taylorgary@example.org,Female,Maddenville,7/03/2024
1317,Judy Castillo,fevans@example.com,Male,East Brenda,4/11/2024
1686,Kimberly Parker,tami38@example.net,Other,South Davidstad,25/01/2025
5236,Monica Chandler,rbooth@example.org,Other,Hortonfurt,31/07/2025
4595,Cameron Coleman,jackson43@example.com,Other,Shawtown,18/03/2024
1963,Barbara Williams,smorales@example.net,Female,New Glennhaven,28/01/2025
9007,Sarah Stafford,mmckee@example.net,Other,Port Kelly,22/12/2024
3108,Steven Fox,angelarivera@example.org,Other,Matthewbury,16/02/2024
7314,Paul Brown,stricklandalison@example.net,Male,South Christinechester,12/04/2024
4425,Bobby Sawyer,tracy33@example.net,Other,South Cindyberg,31/01/2025
450,Taylor Smith,earroyo@example.com,Male,Port Russellport,23/08/2024
6683,Kelsey Armstrong,williamspears@example.com,Male,North Johntown,7/11/2024
1793,Elizabeth Diaz,jeffreygreen@example.org,Other,Port Hannahland,31/08/2025
5292,Michelle Butler,brivers@example.net,Other,Levyport,5/04/2024
2687,Cory Sanders,bethanymarshall@example.org,Other,Ramirezville,17/01/2025
101,Darryl Williams,torrestravis@example.org,Other,New Derek,20/03/2025
8109,Carol Ruiz,vincenttaylor@example.org,Other,Michaelmouth,3/10/2025
970,Jason Watson,kimberlymartinez@example.com,Male,Lake Markmouth,16/06/2024
7033,Michael Fry,uhamilton@example.com,Other,Ricehaven,25/10/2025
1536,Julie Gallegos,stricklandmatthew@example.com,Female,Pattersonton,5/10/2024
3675,Robert Ferguson,michael65@example.net,Other,Bautistabury,28/01/2025
6451,Robert Bailey,ccabrera@example.org,Female,East Meaganshire,5/02/2024
6101,Dustin Williams,qsolomon@example.org,Other,Lake Joseph,21/01/2024
4259,Shelby Brooks,michael74@example.net,Male,Lewisberg,15/02/2024
1189,Maria Stewart,ronald66@example.org,Male,Brownchester,12/05/2025
404,Terry Gibson,williamsdeborah@example.org,Female,Maryview,4/09/2024
8910,Christine Keith,leepatrick@example.org,Male,South Melindahaven,1/03/2025
681,Michael Fletcher,hellis@example.net,Other,North Michael,28/01/2024
9927,Heather Montes,simschad@example.com,Female,North Katelyn,27/02/2025
3092,Luke Knox,tammyhayden@example.com,Other,New Lindsay,31/08/2025
106,Tracey Huerta,lauren10@example.org,Female,West Kristybury,8/07/2024
9163,Samantha Gates,peggy21@example.org,Other,North Michele,16/04/2024
8611,Emily Parsons,jgoodman@example.net,Male,Rosebury,7/05/2025
6115,Jessica Hester,nlyons@example.com,Male,North Walter,8/06/2025
2882,Michael Richardson,chatfield@example.org,Male,North Robertfort,15/06/2024
818,Ariel Lee,xkrueger@example.net,Other,Williamfort,20/09/2024
6236,Mark Thompson,connorjoseph@example.com,Other,Pricehaven,2/11/2024
3445,Karen Robinson,williamsbradley@example.org,Male,Lewisberg,8/05/2024
1211,Jason Singh,nathan62@example.com,Other,East Sharon,11/02/2025
1552,Nicholas Russell,mcleanjay@example.net,Other,Stokesville,18/09/2024
1495,Ronald Bailey,karen82@example.org,Male,Lake Ashleyview,8/07/2024
9418,Brenda Briggs,robertrubio@example.com,Female,Jefferyshire,15/01/2024
9364,Robert English,beckerchristopher@example.org,Other,East Tammyhaven,21/02/2025
1487,Angela Bradley,castillojacob@example.net,Female,Jenniferchester,16/04/2025
9702,Austin Mitchell,amysmith@example.net,Other,Michellebury,30/07/2025
2980,Trevor Scott,wcarrillo@example.org,Male,Chavezberg,20/01/2024
3435,John Robinson,catherinewhite@example.net,Other,Port Dominicland,1/09/2025
9575,Joshua Perez,davisjames@example.com,Other,East Harrymouth,11/07/2024
3023,Megan Dunn,marialucas@example.com,Male,Brownport,14/09/2025
5583,Joseph Stuart,patrickrodriguez@example.net,Male,Brownmouth,5/04/2024
4853,Tony Taylor,byrdmatthew@example.net,Other,Dustinchester,5/04/2024
7312,William Wells,kellyjohnson@example.net,Male,Angelabury,6/08/2024
2325,Vincent Garcia,heatherdavis@example.org,Male,South Lindsayfort,5/04/2025
4465,Billy Boone,charlesowen@example.com,Other,East Christopherhaven,10/02/2024
5398,Bruce Jackson,sotomadison@example.net,Female,Raymondchester,9/04/2025
9148,Timothy Green,hodgesdavid@example.com,Male,Jamestown,4/02/2024
6361,Kathleen Graham,thomas76@example.org,Female,Cesarburgh,4/07/2024
8526,Ronald Gross,flemingkathleen@example.net,Female,Lauratown,28/01/2024
432,Melanie Watson,travis94@example.com,Male,Port Sabrina,17/10/2025
5387,Sarah Collins,torresrebecca@example.net,Other,Port Stephanie,18/04/2025
3268,Amanda Wu,zbray@example.net,Female,Markfurt,9/03/2024
2497,Susan Lamb,klewis@example.net,Male,Port Ronaldland,9/09/2025
5456,Kathleen Wilson,timothy96@example.net,Male,Jordanmouth,17/04/2024
4723,Eric Garcia,ijordan@example.net,Other,North Rebecca,28/06/2025
119,Jason Hunt,russell49@example.com,Other,Brandonfurt,10/10/2024
9094,Joshua Saunders,deleonandrew@example.org,Male,Hensleyville,10/02/2024
9565,Ronald Turner,christinekennedy@example.net,Other,Fergusonborough,30/08/2024
7239,Maria Clark,jroberts@example.com,Male,Vasquezhaven,13/07/2024
3465,Joanne Meyer,nbender@example.org,Male,Teresaview,21/09/2024
4589,David Williams,brandy57@example.net,Female,West Matthewland,14/10/2025
296,Patrick Simmons,jason24@example.com,Female,Stephensonton,5/12/2024
7422,Virginia Graham,sarahwallace@example.net,Female,Brewerton,10/10/2024
8583,Charles Fox,jcontreras@example.net,Female,Lindseyport,6/02/2024
4953,Heather Warren,johnsonchristy@example.net,Male,Hamiltonshire,19/03/2025
8600,Brett Bowman,robertselizabeth@example.com,Female,Jesseshire,3/04/2024
6917,Ann Evans,danielgardner@example.net,Female,East David,9/04/2024
180,Stacy Rodriguez,alexanderrobert@example.com,Male,South Warren,22/01/2024
1385,Kendra Reynolds,butleranna@example.net,Other,Port Darlene,15/07/2024
3157,Barbara Meyers,brownchristopher@example.org,Male,Grahamfort,15/10/2025
6492,Jacob Cherry,taylornicole@example.net,Female,Jamesmouth,6/08/2025
1965,Patricia Taylor,rmartinez@example.org,Other,Lake Tammyside,2/01/2025
3375,Brett Irwin,gabriellechavez@example.com,Other,New Edwardside,19/12/2024
9658,Leslie Hernandez,eadkins@example.net,Other,South Miguelport,3/04/2025
6401,Dylan Howell,sara97@example.net,Male,South Brenda,17/02/2025
6458,Shannon Hess,griffinjoseph@example.org,Male,North Tara,29/09/2025
7465,Jeremy Watkins,joseph05@example.net,Other,Josephfurt,6/08/2024
6550,Michael Marks,usullivan@example.com,Female,Port Stacytown,1/08/2024
4320,Tara Jones,omontgomery@example.com,Female,South Christopher,21/02/2025
8071,Erik Arias,joystewart@example.org,Male,New Curtismouth,13/10/2024
9840,Jack Rhodes,sharon62@example.org,Female,North Amber,1/12/2024
8283,Karen Coleman,zacharysmith@example.org,Other,East Melissafort,14/01/2025
7441,Tamara Perez,vanessastone@example.net,Female,South Charlotte,16/10/2025
9176,Michele Lee,schroedergeorge@example.com,Female,South Victoria,26/01/2024
4052,Donna Walter,zfranco@example.com,Female,New Deborah,20/01/2025
3700,Rebecca Flores,antonio26@example.org,Other,West Anthony,24/09/2024
2271,Jodi Cannon,craigmurphy@example.net,Female,Lake Meganmouth,29/10/2024
6572,Jeremy Horne,kenneth69@example.com,Female,Coryhaven,24/05/2024
5684,Laura Brewer,cochranpatricia@example.com,Male,South Timothyshire,18/09/2025
8891,Jeremy Logan,kellyhuang@example.com,Male,Lake Anthony,4/06/2025
1392,Dustin Obrien,david68@example.com,Female,North Jacobview,2/01/2025
9669,Diane Madden,timothystephens@example.net,Female,North Paulmouth,13/09/2024
5879,Debra Hebert,kevin25@example.net,Male,New Michellefurt,5/08/2025
8820,Heidi Washington,sarah85@example.org,Male,South Tammy,20/07/2025
679,Sara Campbell,chloe48@example.com,Other,Staffordmouth,26/05/2025
3591,Ricardo Miller,scott52@example.net,Other,East Jacqueline,2/03/2024
3383,Phillip Griffin,gmoses@example.net,Male,West Katieberg,18/07/2024
7690,Betty Jones,spearson@example.net,Other,South Heatherview,1/04/2025
3654,Jill Jones,kellychang@example.org,Other,North Lori,1/09/2024
8872,Stephanie Marshall,jerry45@example.net,Female,Cassandraberg,14/06/2024
2254,Robert Sanchez,garysnow@example.org,Other,Jenniferfurt,13/03/2024
8851,Deborah Calhoun,davidnguyen@example.org,Female,Wilsonhaven,27/07/2025
9698,Jessica Fernandez,thompsonjeffrey@example.org,Other,Garnerside,12/05/2025
4129,Heather Smith,hudsonscott@example.com,Other,Tonymouth,8/05/2024
3446,Jessica Coleman,vfrederick@example.com,Other,Woodchester,22/08/2024
695,Andrew Foster,jacksonthomas@example.net,Male,Meltonfort,23/10/2024
5156,Donna Jones,leealexandria@example.com,Other,South Tom,3/02/2025
3722,Madison Logan,brenda59@example.org,Male,South Adam,1/03/2025
9898,Charles Harrington,walterrivera@example.org,Male,Schroederchester,6/02/2024
6063,Joseph Mills,valdezjoseph@example.com,Male,Joannaport,22/11/2024
9161,David Pittman,uthomas@example.net,Other,Lake Karenbury,27/09/2025
5458,Pamela Nichols,alyssa41@example.net,Female,Simpsonville,11/10/2024
891,Jennifer Snow,patricia71@example.com,Other,South Roberthaven,13/10/2024
5547,Felicia Stone,martinhutchinson@example.com,Other,Jacobbury,11/03/2024
5853,Sonya Johnson,julie18@example.com,Other,West Dawnfort,9/02/2025
3316,Darlene Chen,katherinecampbell@example.net,Male,Atkinstown,30/12/2024
5872,Timothy Martin,george12@example.net,Male,South Derrickburgh,1/09/2024
7859,Xavier Wood,jonesjeremy@example.org,Female,North Saramouth,28/05/2024
1437,Christina Underwood,kristineprince@example.com,Other,West Brittneyhaven,6/11/2025
4441,Victoria Shah,jamesle@example.org,Other,New Sheila,23/04/2024
4398,William Rodriguez,williamsgregory@example.com,Male,Richardview,21/08/2025
3415,Daniel Rodriguez,elizabeth65@example.com,Female,Matthewfort,5/09/2025
4618,Malik Leblanc,jparker@example.net,Other,Jasonport,30/08/2024
5642,Adam Wood,houstonlauren@example.net,Other,Smithview,14/07/2025
9624,Brent Wong,amy35@example.com,Male,New Christian,8/01/2025
5779,Andrew Myers,daniel45@example.com,Female,Yolandamouth,16/04/2025
1365,Amber Davis,andrewjohnson@example.org,Male,East Maria,18/07/2025
9459,Amber Blackwell,cmullins@example.com,Male,New Theresaborough,12/01/2025
6835,Stephanie Pope,gomezkristi@example.com,Other,North Jasminechester,1/11/2024
5774,Brian Gonzales,aatkinson@example.org,Other,South Sarahburgh,29/07/2024
8081,Jean Lewis,joneschristina@example.com,Female,Johnsonland,2/07/2025
1290,Robert Quinn,dfarley@example.com,Male,Markfurt,15/10/2024
3761,Jean Gutierrez,rwall@example.com,Male,Port Megan,25/09/2024
9092,Matthew Chen,coxhunter@example.com,Male,Melissaville,20/03/2024
2946,William Durham,rhoffman@example.com,Female,Lake Adrianburgh,12/04/2024
3171,Megan Summers,rodneyweber@example.org,Male,Lake Michaelborough,25/10/2024
6624,Sean Myers,isingh@example.com,Female,Paulland,16/06/2025
4816,Lisa Williams,nicholaswalker@example.net,Female,North Keithchester,7/09/2024
3292,Amanda Alexander,lithomas@example.org,Other,Kendraborough,18/04/2024
9324,Albert Adkins,charlesscott@example.com,Other,Brandtmouth,9/11/2025
4086,Stacy Herman,natalie04@example.com,Other,Andersonfurt,25/12/2024
7835,Daniel Hernandez,makayla16@example.net,Female,Veronicamouth,10/03/2024
43,Thomas Atkinson,gibsonolivia@example.net,Male,Lake Heather,16/06/2024
6564,Joshua Webb,nbarnes@example.net,Male,Spencerside,11/10/2025
6268,Zachary Lara,patrickjames@example.com,Female,New Sarahland,4/09/2025
7237,Mary Abbott,mthompson@example.com,Male,East Jordanton,24/03/2025
7032,Lauren Lopez,ngonzalez@example.org,Other,Jessicaport,11/11/2024
3063,Peter Long,josephwalker@example.org,Other,Johnfurt,20/07/2025
7129,Matthew Whitaker,megangreen@example.org,Female,Lake Zachary,31/05/2024
6941,Angela Mueller,wellseric@example.net,Male,Madelineland,19/06/2024
9924,Shannon Malone,hbridges@example.net,Male,Wagnerhaven,26/04/2024
7966,Stephen Pennington,matthew99@example.org,Male,North Loriberg,31/10/2025
63,Richard Sanchez,thomas85@example.com,Other,Michaelmouth,20/07/2024
2614,Stephen Warner,dustinwilliams@example.net,Other,Durhamview,12/01/2025
8273,Nicole Ramos,jamie96@example.com,Other,Coxchester,2/03/2024
234,Ryan Colon,kevinmorrison@example.net,Male,South Leon,28/10/2024
6437,Diana Lopez,marie33@example.com,Other,South Ericborough,18/12/2024
8523,Edwin Harris,tararomero@example.org,Other,East Sarah,4/08/2024
4659,Shawn Lee,aguilarchristopher@example.com,Male,Riverastad,26/03/2025
1979,Cody Sanchez,stephanie90@example.org,Male,Robinsonmouth,21/01/2024
9899,Jeremy Preston,jesse14@example.net,Female,Port Robertton,1/01/2024
9315,Cynthia Davis,jroth@example.com,Male,Lake Jefferymouth,4/02/2024
3187,David Robertson,melissadoyle@example.org,Male,Carlsonton,29/04/2025
6322,Jennifer Murphy,franciskenneth@example.net,Male,West Kevinport,16/06/2024
5262,Kimberly Harris,cmiller@example.com,Male,Port Geraldview,5/09/2024
8835,Carol Wilson,calderonellen@example.net,Other,Matthewhaven,11/12/2024
4444,Mike Ramos,boydmadison@example.net,Other,New Jasmin,21/06/2024
4703,Brian Taylor,clarkdavid@example.org,Female,Stanleyview,16/05/2024
4848,Christian Diaz,aolson@example.org,Female,Nancyville,25/06/2025
6394,Allen Dean,iroman@example.net,Female,Langhaven,28/05/2025
2554,Jacob Ortiz,lindacraig@example.net,Other,East Jonathan,16/12/2024
4309,Kayla Richardson,sheila62@example.net,Male,Catherinestad,11/04/2025
614,Robert Ramos,lindawaller@example.com,Other,Taylorshire,22/05/2025
734,Amber Mitchell,jonathandavis@example.com,Female,Gregoryton,1/11/2025
7956,Julia Thomas,monicawilliams@example.com,Other,Joanneview,14/04/2025
903,Nicholas Smith,hinesdeanna@example.org,Female,East Kayla,16/02/2025
3056,Kevin Campos,elizabethpalmer@example.net,Other,Crystalview,9/10/2024
5538,Jake Payne,teresahernandez@example.com,Other,Smithshire,4/09/2024
8302,Brandon Salazar,ycarter@example.org,Male,West Annastad,18/05/2024
4964,Carol Clark,allenchristian@example.com,Female,Brendaton,1/10/2024
349,Cindy Wheeler,stanleydesiree@example.org,Male,Lake Darrellmouth,11/06/2025
3243,April Reeves,jennifer06@example.com,Other,Sarahstad,7/12/2024
2461,Stacey Hughes,marnold@example.net,Other,Port Donstad,15/03/2024
8115,Susan Hernandez,robin43@example.com,Male,Lake Mitchell,3/09/2025
2747,Mary Collins,shannonburns@example.net,Male,Louiston,16/02/2024
2438,Ann Robbins,megan59@example.com,Other,East Lucas,1/10/2024
9373,Jacob Long,cyoung@example.com,Female,Hortonhaven,3/02/2025
1927,Jessica Williamson,henrybarnett@example.org,Other,Donaldmouth,15/03/2025
6455,Lisa Hill,lisamorse@example.net,Female,Victorfurt,22/06/2025
6511,Noah Davis,caleb82@example.com,Male,Beverlyton,28/04/2024
7080,Logan Morris,leecharlene@example.net,Female,Port Emilyfort,4/08/2025
477,Jesse Shepherd,duncanashley@example.org,Male,Lake Markfort,2/02/2025
9629,Beth Edwards,colleen19@example.org,Female,Rosemouth,11/06/2025
3091,Melissa Mitchell,alicemccoy@example.org,Male,Haysfurt,24/09/2024
4230,Emily Campbell,ldrake@example.net,Male,South Cameron,28/05/2025
5081,Matthew Avery,pruittwilliam@example.org,Other,Carrollborough,18/04/2024
5799,Christopher Hamilton,thomasbilly@example.com,Female,Williamfurt,6/04/2024
6378,Walter Wright,jeffreyfrancis@example.org,Female,Williamsborough,23/11/2024
5445,Andrew Olson,hfernandez@example.net,Other,Lake Ricky,18/06/2025
3883,Faith Conrad,rbenson@example.com,Female,South Traci,5/12/2024
7099,Donna Shannon,amyallen@example.org,Male,Johnsonmouth,24/07/2024
3770,Mary Mason,harrisdestiny@example.org,Male,Goodmanbury,18/08/2025
8853,Joshua Griffin,john15@example.net,Male,North Richard,16/04/2024
2661,Luis Peterson,holmesjay@example.com,Other,Jenniferfurt,26/08/2024
6129,Malik Morgan,jennifer84@example.org,Male,West Edwardtown,9/11/2024
4279,Devin Evans,jessica78@example.com,Male,North Carolynview,6/02/2024
323,Brianna Chang,buckleyanna@example.org,Female,Mikaylastad,11/04/2024
6822,Michael Arnold,amydavis@example.com,Other,South Brittanyfurt,1/06/2024
3162,David Moore,johnhiggins@example.org,Other,New Daniel,10/04/2025
1768,Nicole Salinas,stephengomez@example.org,Male,West Stevenmouth,3/04/2025
6763,Nathan Cooper,michellecole@example.net,Other,North Lindsaymouth,6/02/2024
4464,Gerald Johnson,allenrosario@example.com,Male,West Christopherland,19/09/2025
7101,Dale Howell,mpierce@example.org,Other,East Todd,15/03/2025
1701,Cynthia Johnson,markgardner@example.org,Other,Claudiabury,13/08/2024
3111,Thomas Clark,jenniferprice@example.com,Female,North Nathan,8/02/2024
5719,Joshua Martinez,margaret97@example.net,Male,New Jessica,8/05/2024
3145,Robert Nelson,ywilliams@example.org,Female,South Randall,10/11/2025
1155,Kelly Stewart,njohnson@example.net,Other,New Michael,9/09/2024
8733,Dawn Rasmussen,dodsontanya@example.com,Female,Karaberg,27/08/2024
7125,Diane Anderson,riceangela@example.com,Male,West Johnhaven,30/05/2025
8443,Daniel Campos,barry96@example.org,Other,Cooktown,11/02/2025
4102,Carrie Ray,timothycampbell@example.net,Other,Rosariostad,12/03/2024
8655,Abigail Parker,sheltonbrian@example.net,Other,Sandovalbury,16/03/2024
7201,Caleb Dawson,fieldstheresa@example.net,Male,New Angelton,12/06/2025
5682,Nicholas Hall,david36@example.org,Female,Port Lauriestad,6/06/2024
5117,Barbara Kirby,jessica04@example.com,Female,Port Michellestad,22/06/2025
3211,Todd Grant,brian61@example.org,Female,Vasquezport,22/05/2024
6277,Eric Farmer,janekirby@example.com,Male,Christopherborough,13/01/2025
7044,Lisa Stafford,williamfuller@example.net,Other,Port Samanthaland,19/02/2024
5769,Melissa Scott,bbarr@example.net,Female,Port Jenniferside,24/12/2024
14,John Bradley,millertodd@example.org,Male,East Donna,12/06/2024
6752,Rachel Jones,cruzstacy@example.org,Other,Stephensburgh,11/01/2024
7296,Thomas Romero,davishannah@example.net,Female,Osbornton,3/09/2025
4414,Renee Campbell,williejenkins@example.org,Male,Haynesberg,15/08/2024
6002,Daniel Taylor,thomas87@example.com,Male,Kristystad,6/06/2024
7949,Amber Yoder,millerkyle@example.org,Male,Collinsbury,7/06/2024
4739,Denise Morris,victoriaduncan@example.org,Other,New Christopherport,4/05/2025
9258,Jared Porter,srosario@example.org,Female,Collinsview,4/07/2024
1791,Sarah Hernandez,jennifersolomon@example.net,Other,Lake Carolynfurt,21/05/2025
576,Samantha Williams,alexischen@example.com,Female,South Cherylshire,18/11/2024
5474,Charles Wilkerson,zfleming@example.org,Other,South Matthew,24/09/2025
8221,Teresa Mccoy,tkennedy@example.org,Male,Lyonsbury,17/05/2025
2864,Tiffany Sweeney,cbuck@example.org,Male,Donnaburgh,10/01/2025
2204,Michael Jones,erinjones@example.org,Male,South Tylerville,7/09/2024
2781,Dawn Edwards,robert62@example.net,Male,Steelestad,22/01/2025
2759,Lee Crawford,shannonphilip@example.org,Female,New Crystal,10/08/2025
3914,Brent Villarreal,wendy25@example.org,Female,Port Katiestad,8/04/2024
7653,Maria Noble,lopeztroy@example.org,Female,Port Anthony,23/07/2025
5,Janet Williams,kendragalloway@example.org,Female,South Joshuastad,29/01/2025
8622,Paige Hall,anthony47@example.net,Other,South Tracy,4/01/2024
8922,William Rhodes,walshmichael@example.com,Other,West Katie,3/10/2025
4117,Laura Schmitt,brian43@example.com,Male,Port Christopherburgh,14/04/2025
5919,Christian White,scottkim@example.com,Other,Erinstad,8/03/2024
885,Tina Walker,gmendoza@example.com,Female,West Danielstad,23/04/2025
2303,Calvin Perez,knichols@example.net,Female,Port Alexisside,3/03/2024
4505,Melanie Caldwell,ymckee@example.net,Male,New Tanyaton,15/05/2025
5713,Thomas Dominguez,dewing@example.com,Male,East Markborough,21/06/2024
9162,Sara Ortiz,schroedersharon@example.org,Male,New Dianamouth,25/05/2025
4090,Brent Gillespie,justinvargas@example.org,Male,Dawnfort,25/10/2025
8371,Robert Barnes,mitchellryan@example.net,Other,New Grant,6/08/2025
2323,Justin Dunn,ksanchez@example.org,Female,Gloverfurt,5/10/2025
4121,Mary Monroe,jeffrey73@example.org,Male,Jamesport,13/08/2025
5805,Suzanne Ross,walkervanessa@example.org,Male,New Nathaniel,2/03/2024
4405,Samuel Cooley,gabrielleberry@example.com,Female,Kingborough,16/02/2025
293,Richard Chavez,codygarcia@example.org,Other,North Bryanbury,22/01/2024
3163,Steven Cox,susan13@example.org,Other,Jenkinshaven,8/05/2024
9532,Justin Gonzales,jasondavis@example.com,Other,South Timothyhaven,1/07/2024
230,Angela Russell,davisangela@example.net,Female,Michelletown,3/11/2024
3724,Peter Henry,clarkjustin@example.net,Female,Melissaport,3/06/2025
7872,Elizabeth Villa,oproctor@example.org,Male,Melissaview,19/08/2024
3332,Donald Wade,andrew94@example.com,Male,North Kimberlyport,7/11/2024
7909,James Li,pbrown@example.org,Male,Lake Rodneyland,20/11/2024
3140,Ryan Walker,brianhicks@example.com,Female,Pollardview,9/11/2024
8857,Melissa Pena,smithtimothy@example.net,Other,North Angelica,23/02/2024
3033,Zachary Thomas,josephross@example.com,Female,Davidmouth,29/02/2024
9286,Jessica Moore,wellslaurie@example.org,Male,South Timothy,12/09/2025
6812,Pam Martin,nataliefoley@example.net,Other,Kevinport,2/07/2024
6253,Abigail Ortiz,collinsmatthew@example.net,Other,Port Brittany,4/06/2024
1868,Stephanie Casey,paul84@example.net,Female,Robinberg,28/01/2024
2797,Doris Kennedy,krystal74@example.org,Male,East Michaela,9/11/2024
5509,Brian Marshall,williamsadriana@example.net,Other,Lake Stacyfurt,10/03/2025
519,Andrea Wang,jenningsmatthew@example.net,Female,Port Gregorymouth,24/07/2024
8249,Samantha Martin,lloydlynn@example.net,Male,Padillaland,7/09/2025
3494,Kenneth Cohen,amysandoval@example.org,Male,North Coryview,29/07/2024
3046,Bonnie Craig,alexander66@example.net,Male,Littleton,12/09/2024
347,Pamela Cowan,wendy75@example.org,Other,Port Richard,19/08/2024
4484,Emily Weber,dominiquepowers@example.com,Other,Villanuevaborough,4/07/2024
3253,Micheal Allen,urobles@example.net,Other,West Brady,26/10/2025
9322,Rebecca Fritz,andrewrobertson@example.com,Other,Ingramberg,28/04/2024
3698,Tracey Hall,floreskyle@example.com,Female,Ninaberg,28/09/2024
3828,Austin Williams,greenjason@example.net,Other,West Jacquelineside,4/04/2025
4325,Benjamin Gray,eddie31@example.com,Male,Taylorberg,24/05/2024
5777,Miranda Torres,laura21@example.com,Other,Nancyfurt,3/03/2025
1153,Edward Dickerson,sclark@example.org,Male,Scottton,16/07/2025
5595,Anna Moran,tyronewilliams@example.org,Female,East James,2/01/2025
6211,John Webster,victoriacastro@example.com,Male,Piercebury,27/10/2025
475,Zachary Holder,adam33@example.com,Male,Port Lynnview,11/02/2025
9925,Keith Conley,harrisondonald@example.net,Female,Keystad,12/02/2024
9600,Joe Houston,jennifer55@example.net,Female,Brianview,12/03/2024
3629,Dana Powell,colonjames@example.org,Female,Wandaberg,3/10/2025
2399,Richard Taylor,benjaminbeth@example.net,Other,Murphyside,15/01/2024
613,Ronald Hughes,mitchellmichael@example.com,Female,East Jessicamouth,4/05/2025
7324,Diana Hoover,timothy16@example.net,Female,South Tamara,28/07/2024
294,Madison Watson,aguilarjonathan@example.org,Female,North Jamesmouth,30/03/2024
3853,Laura Ortega,huntdaniel@example.com,Male,Ambertown,23/03/2025
6640,Nicole Ortiz,brian21@example.com,Male,North Rebecca,16/04/2025
2321,Natalie Mann,lsnyder@example.org,Female,Dakotafort,17/07/2024
6799,Nicholas Santos,lindseyray@example.org,Female,West Courtneytown,29/09/2025
1496,Lynn Young,oconnorjames@example.org,Female,East Kenneth,11/05/2024
178,Jeanne Evans,richardsonemily@example.com,Male,Lauratown,30/12/2024
8352,Heather Wells,ywalsh@example.com,Male,Curtisshire,12/01/2025
9271,Sherry Davis,spencedevin@example.com,Other,Lake Walter,9/12/2024
8019,Martin Jones,tanyaedwards@example.com,Female,Montgomeryberg,14/10/2024
5730,James Patel,riveraandrew@example.net,Male,East James,14/11/2024
394,Jack Jensen,james29@example.org,Male,Newmanland,7/04/2024
612,Susan Daugherty,ulee@example.net,Male,Lake Michaelberg,8/04/2025
6246,Dennis Berry,gpugh@example.com,Male,North Josephmouth,11/03/2024
7638,Micheal Byrd,bhartman@example.net,Other,Johnsonmouth,25/07/2024
6805,Rita Rodriguez,njohnson@example.org,Other,Emilyshire,16/09/2024
4246,Mark Lopez,jstephens@example.com,Female,South Saraberg,29/07/2024
7283,Lindsay Webb,jose07@example.com,Female,Gilbertport,9/02/2025
4302,Kathy Hampton,nchambers@example.org,Male,Andrewside,16/06/2024
7427,Julie Rodriguez,robertrandolph@example.net,Female,Port Nicholas,18/07/2025
3812,Robert White,amandastewart@example.net,Male,New Shannon,6/10/2024
2823,Timothy Gonzalez,charlesbaker@example.com,Other,South Ericamouth,6/08/2025
4575,Tammy Tyler,sbradley@example.com,Male,Jamieton,5/02/2024
8967,Megan Higgins,vneal@example.net,Male,Matthewville,16/06/2024
3288,Stephanie Gentry,sue91@example.com,Other,Port Edward,11/10/2025
5707,Julie Ford,kingchristopher@example.net,Male,East Denise,6/06/2024
7068,Angelica Mayo,leslie26@example.com,Other,South Patricia,9/12/2024
4000,Sandra Zimmerman,cheryl60@example.org,Other,Sullivanborough,25/05/2025
2713,Amanda Chan,john19@example.net,Other,West Garrettstad,18/08/2024
865,George Potts,zwhite@example.net,Female,Woodsberg,5/09/2025
4196,Kenneth King,jenniferpage@example.net,Other,Wilsonshire,14/09/2024
9886,Rebecca Valenzuela,tmarshall@example.net,Male,Andrewsbury,21/04/2024
6491,Erik Scott,monicalopez@example.net,Male,West Anthony,31/10/2024
5374,Karen Snyder,prestonmichael@example.com,Other,East Craig,13/10/2025
4318,John Cowan,christinawilliams@example.com,Female,Makaylaview,21/09/2025
9637,Matthew King,jonescarol@example.com,Male,North Stephaniemouth,2/07/2025
5541,Robert Vaughn,christopherrich@example.org,Male,Angelatown,3/07/2024
2564,Matthew Daniels,racevedo@example.org,Other,Henryport,1/01/2024
8591,David Adams,maxwelllisa@example.com,Female,Port Jeffrey,8/10/2025
196,Katherine Pham,kathleenbecker@example.net,Male,New Seanstad,16/09/2025
1962,Jose Green,shawn89@example.org,Other,Lauratown,19/08/2025
8780,Lauren Jackson,bparks@example.net,Female,Carlsonberg,6/03/2025
9060,Gina Phillips,todd77@example.net,Female,East Nicole,5/02/2025
4614,Dana Johnson,uburke@example.org,Other,Barryton,12/02/2025
2082,Kari Sanchez,kellysanchez@example.org,Female,Andersonside,2/03/2025
3325,Jeffrey Wilson,jimenezterri@example.net,Female,Maxwellton,20/07/2025
3794,Thomas Ramirez,fbowman@example.org,Female,New Joshua,20/06/2024
1625,Timothy Valdez,brianmorrow@example.org,Female,Gayland,26/07/2024
1398,Megan Walker,llynch@example.org,Other,Danielbury,6/03/2024
6496,Mary Hayes,paigedean@example.org,Female,Lanebury,29/08/2025
7161,Jeffrey Brown,tiffanywalker@example.com,Other,Brittanystad,7/03/2025
8521,Eric Thomas,elizabeth17@example.net,Male,Lake Taylor,20/10/2024
8890,Ryan Payne,erikarodriguez@example.com,Male,Sullivanview,3/03/2024
2305,Richard Kelley,thomasronald@example.net,Female,East Sandra,27/07/2025
8403,Melissa Rush,heatherbond@example.net,Male,West Rachelfort,6/03/2025
7977,Jennifer Hensley,michaelwest@example.com,Male,Dominguezfurt,6/03/2025
5061,Christopher Taylor,morrisjohn@example.org,Female,East Saraburgh,15/05/2024
6659,Stephen Mcguire,jeremy90@example.net,Female,Courtneyborough,20/06/2024
3792,Shannon Evans,rebecca57@example.org,Other,North Lauren,27/08/2024
4476,Lauren Baker,kennethrivera@example.org,Male,South Ronald,1/03/2025
3382,Bailey Davis,bradley97@example.org,Female,South Robert,5/02/2025
1062,Lee Miller,jwagner@example.net,Male,Chenborough,15/07/2024
5152,Erica Gonzales,preston45@example.org,Male,West Devin,28/12/2024
5223,Keith Davis,huntermichael@example.org,Other,Tinaside,22/06/2024
7750,Samuel Shaw,victoriawright@example.com,Male,Port Joshua,10/02/2024
281,Edward Velazquez,tranrobin@example.net,Other,Walkerbury,18/09/2024
7915,Wesley Webb,kjones@example.com,Female,Greenfort,20/08/2024
2013,Alexander Moss,owalton@example.net,Other,Larryton,4/05/2025
4701,Jacqueline Carter,shebert@example.com,Female,Port Patrick,23/08/2024
640,Jose Cooper,cisnerosanthony@example.com,Female,South Shannonfurt,1/12/2024
4893,Ronald White,matthew37@example.com,Female,Bryanhaven,7/04/2025
3951,William Knapp,noah64@example.com,Female,West Felicia,9/03/2024
9791,Denise Valencia,martinbrooks@example.net,Male,Taylorville,7/03/2024
5944,Brandy Taylor,kentsharon@example.com,Female,South Heather,29/11/2024
1243,Mary Perez,craig16@example.com,Male,Fowlerfurt,21/05/2025
5915,Amber Jones,ronaldvillegas@example.net,Female,Cruzhaven,31/08/2024
7759,Scott Smith,campbellrobert@example.org,Female,Erinberg,3/01/2024
8049,Jennifer Henry,scottwilliams@example.org,Other,West Theresa,22/09/2025
1466,Lisa Kidd,matthew61@example.net,Male,Charlesport,21/04/2025
9000,David Ramirez,gdudley@example.net,Male,Lake Hannahshire,18/12/2024
2595,Julie Chambers,kristacastillo@example.org,Female,Victoriaside,28/09/2025
8936,Ronnie Lewis,richardsonsean@example.org,Male,Campbellmouth,19/07/2025
4356,Larry Baker,nicholaskim@example.org,Female,North Michelle,28/01/2024
771,Nicole Anderson,jamesgray@example.com,Female,Carolbury,22/03/2024
6855,Brittany Blair,lisa26@example.net,Male,Erinville,12/03/2024
8146,Thomas Vasquez,michael05@example.com,Male,Garrettberg,21/05/2024
410,Natalie Luna,stacey37@example.net,Other,Dillonburgh,12/03/2025
2072,Eric Bailey,daniel93@example.net,Male,East Steven,26/06/2024
345,Patricia Sherman,andrewsmith@example.net,Other,East Heather,11/10/2025
6030,Ian Hobbs,moodystacey@example.net,Other,North Daniel,4/03/2025
367,Tamara Carter,jacqueline02@example.com,Male,Port Jennifer,21/07/2025
511,Amy Harvey,brandonhernandez@example.net,Male,Benjaminton,16/06/2024
6723,Philip Beck,zruiz@example.net,Other,Dustinmouth,14/06/2024
8896,Timothy Ramirez,tapiaryan@example.net,Female,Dillonfort,5/11/2024
4120,Brian Logan,lhodges@example.org,Other,Jacquelinetown,14/06/2024
1228,Tanya Morales,asantana@example.com,Female,Morrisport,3/02/2024
8177,Cheryl Finley,natalie32@example.org,Female,Jenniferfurt,13/05/2025
6287,Michael Romero,bjohnson@example.net,Male,Austinborough,23/09/2025
8230,Noah Cooper,zcohen@example.org,Other,North David,19/06/2024
9997,Cheryl Brown,patrickmoore@example.net,Male,New Kimberlyshire,14/12/2024
1633,Melanie Vang,jennifer10@example.org,Female,Davidshire,12/05/2024
6149,Emily Melton,bryan02@example.org,Female,East Natalie,18/03/2024
3730,Michael Gardner,lawrencealexis@example.net,Male,Watsonborough,18/12/2024
6860,Michael Lee,mary40@example.net,Other,Jeremytown,28/07/2024
5938,Kenneth Marshall,hillaudrey@example.net,Female,Lake Robin,19/03/2024
5237,Samantha Moody,mwatson@example.com,Male,Alvaradomouth,30/08/2024
3114,Sarah Lewis,hdavis@example.net,Other,Jeremybury,1/08/2024
2000,Brent Morse,gabrielle36@example.org,Female,Lake Marymouth,16/06/2024
752,Michael Blake,brandonhull@example.net,Other,Stewartfurt,15/11/2024
6803,Johnathan Ford,edward58@example.net,Other,New Miamouth,26/06/2024
1866,Cindy Collier,sarawilliams@example.com,Other,New Monique,10/10/2024
9120,Allison Haynes,xsoto@example.org,Female,East Heatherside,23/03/2025
5900,Crystal Lyons,smithbilly@example.net,Female,Lake Michelle,19/07/2025
9499,Robert Brown,jonesanthony@example.net,Female,Ericastad,2/01/2025
3810,Kathy Vazquez,diazjudith@example.com,Male,Thomashaven,1/05/2025
3199,Maureen Thompson,richardwilliams@example.net,Female,Lake Erica,14/03/2024
8275,Linda Vargas,kellycallahan@example.com,Male,Singletontown,11/02/2024
732,Maria Combs,imiller@example.net,Female,Richardton,20/05/2024
1267,Renee Zimmerman,abbottchristopher@example.net,Female,Rhondashire,8/07/2025
9325,John Trevino,cassandrapatel@example.org,Female,Amandaberg,10/03/2024
959,Lindsay Gray,donna41@example.org,Female,Lake Traciville,11/05/2025
1301,Andrew Vasquez,nicole15@example.org,Female,East Claire,1/11/2024
2559,Mary Ruiz,bradley71@example.net,Male,North Benjamin,15/02/2025
5889,Yvonne Trujillo,christopherarcher@example.org,Male,Lake Ericland,11/05/2024
5896,Elizabeth Wood,ashley20@example.org,Other,East Mary,11/06/2025
9022,Julie Smith,kent09@example.com,Female,East Denise,4/01/2024
4097,Jeff Wallace,sarahreeves@example.org,Male,South Matthew,20/09/2024
8322,Deborah Carr,michael77@example.net,Male,Jeremyshire,16/12/2024
7401,David Sweeney,jasmine32@example.org,Male,Lake Robert,25/05/2025
6244,Anthony Vargas,villegasjames@example.net,Female,West Seanbury,27/11/2024
5454,James Barnes,kelly72@example.net,Male,New Jonathan,19/02/2025
6701,Denise Lopez,turnermartha@example.net,Male,Erikview,24/06/2025
320,Rachel Mcbride,davidtodd@example.org,Male,East Lindsey,9/12/2024
8806,Mallory Johnson,perkinssteven@example.com,Other,East Carolynburgh,25/12/2024
7886,Daniel Greene,zblake@example.org,Other,Whiteborough,28/02/2024
5307,Billy May,josephmorrison@example.com,Male,North Theresa,9/09/2025
8401,Jessica Roberson,yharvey@example.com,Male,Chadtown,26/09/2024
3349,Colleen Brown,nelsoncheryl@example.net,Female,Tammyburgh,7/05/2025
6413,Albert Mayo,tmiller@example.net,Female,Shahfurt,9/11/2025
5651,Kevin Briggs,olewis@example.net,Male,Thompsonborough,7/04/2024
9498,Brittany Meyer,douglascline@example.net,Female,Brittneyborough,10/08/2024
6775,Randy Serrano,dmckinney@example.org,Female,Thomastown,3/05/2024
6973,Christopher Brown,alewis@example.com,Female,Anthonyfurt,31/12/2024
5849,Jacob Perkins,oneillstacy@example.org,Other,North Deborahside,20/04/2024
6128,Robert Robinson,james35@example.net,Other,South Johnhaven,30/12/2024
889,Patrick Eaton,crystalguzman@example.org,Other,East Janet,23/05/2024
5502,Benjamin Juarez,maryreid@example.org,Male,Sherriland,4/01/2024
3203,Amy Evans,lopezjacob@example.com,Other,Carterview,20/05/2025
400,Andrea Stephens,jvaldez@example.com,Female,Walkershire,11/09/2025
7973,Donna Johnson,itaylor@example.org,Female,Smithbury,18/08/2024
6849,Alicia Clark,karenvaughn@example.org,Other,New Rickfort,9/03/2025
8031,Ryan Evans,smartinez@example.net,Male,Colebury,16/01/2024
4573,Drew Smith,markbuck@example.net,Male,Timothyborough,18/02/2025
2841,Stacie Lyons,courtneygamble@example.net,Female,New Steven,22/01/2024
4397,Jenny Simmons,gadams@example.com,Male,Lake Richard,3/09/2024
2511,Laura Bauer,dalton37@example.org,Other,Christopherville,6/09/2024
932,Kenneth Jones,michael12@example.net,Female,Scottfort,26/04/2024
1759,Amy Love,xbaker@example.net,Male,South Vincent,10/02/2024
8159,Donna Murray,gerald32@example.com,Female,Snyderborough,24/09/2024
300,Brian Frey,katie32@example.org,Male,Lake John,16/06/2025
7061,Jennifer Martin,calderonbrian@example.net,Female,South Davidberg,4/11/2024
2801,Anthony Ferguson,sschneider@example.com,Female,East Marcfurt,25/01/2024
8925,Sarah Turner,lynngarza@example.com,Male,Christopherport,13/03/2025
9239,Kellie Wagner,maria14@example.net,Female,Rodgersview,18/02/2024
2740,Kathleen Robbins,sandra01@example.net,Other,Eddiebury,6/02/2024
9838,Nathaniel Gallegos,michaelsanders@example.net,Female,Geraldborough,11/04/2025
5680,Jim Holland,hughesrobert@example.org,Female,New Seanberg,21/04/2024
1723,Joel Johnson,andersonnicole@example.com,Male,Sweeneyhaven,19/04/2025
9153,Tamara Hughes,ronaldrogers@example.org,Male,South Martin,7/02/2024
4056,Jason Hansen,williamsonrobin@example.com,Other,Jonathanhaven,12/02/2024
4635,Julie Johnson,ecaldwell@example.org,Other,New Meredith,23/02/2025
5631,Julia Foster,paynefelicia@example.net,Other,West Ryanburgh,15/10/2025
5851,Matthew Mercado,elizabethherrera@example.net,Other,South Jessicaland,4/03/2025
2095,Sherri Martin,qmoran@example.com,Male,Hillhaven,19/08/2025
7270,Veronica Robertson,montoyamark@example.org,Female,Jessicaton,28/04/2024
2720,Adam Nguyen,whitetony@example.com,Other,East Sheilaberg,5/01/2024
4025,Andrea Landry,hughesjoseph@example.net,Male,Hansenmouth,1/02/2024
7495,Christopher Adams,jerrydonaldson@example.com,Female,Port Andrew,19/09/2024
8176,Theresa Kirk,tiffany88@example.org,Female,North Elizabethmouth,17/05/2024
7556,John West,johnmiller@example.net,Female,Lake Anthonyport,5/10/2025
8887,John Garcia,austin14@example.net,Male,Stephanieview,23/01/2024
5565,Ryan Jackson,jerrymorse@example.com,Other,West Patrickshire,3/04/2025
6053,Brady Velazquez,douglasbutler@example.net,Female,New Emmaton,19/02/2024
9446,Christopher Vaughn,robertsjohnny@example.net,Female,South Rachelshire,17/09/2024
5089,Rachel Moore,reyescalvin@example.net,Female,Lisaville,15/05/2024
1463,Benjamin Lopez,andre55@example.com,Female,West Michelleland,7/09/2025
8108,April Cruz,jennifergriffith@example.org,Male,Jonestown,11/03/2024
5201,Donna Acevedo,kimberly56@example.com,Female,Herrerafurt,17/09/2025
1715,Toni Stewart,johnsonjames@example.org,Female,Conleyfurt,6/10/2024
5585,Jonathan Wilson,rberry@example.net,Female,Port Latasha,24/01/2025
896,Krystal Day,veronicaclark@example.org,Male,Lake Michaelstad,3/07/2024
6938,Patricia Thomas,dustinkelly@example.net,Female,Harthaven,13/12/2024
1133,Angela Rowe,woodsmelvin@example.com,Female,Halefort,15/04/2024
4412,Jose Aguilar,jamescochran@example.net,Female,Lake Herbertstad,23/05/2025
8814,Calvin Jones,mariaclements@example.org,Other,Melissahaven,5/07/2025
4640,Chase Henry,daniel59@example.net,Female,Lake Shawn,4/06/2025
2272,Rebecca Howard,warrenchristine@example.net,Female,New Joshua,27/10/2024
9468,Corey Jimenez,raymondfoley@example.org,Female,North Scott,3/11/2024
4766,Kimberly Bennett,jennifer53@example.com,Other,Port Bailey,8/11/2024
2209,James Morris,qbaker@example.net,Female,Fostertown,13/01/2025
6547,Karen Smith,zacharyrivera@example.com,Other,North Maryville,30/07/2025
4044,Micheal Webster,victoria46@example.net,Male,Port Denise,4/06/2025
6143,Gary Dorsey,youngmegan@example.org,Female,Fergusontown,25/01/2024
1205,Natalie Blackburn,flowersnicholas@example.com,Male,South Brandon,19/01/2024
6789,Robin Munoz,murphymelissa@example.org,Female,Annborough,1/08/2024
8623,Michael Park,jessicacampbell@example.net,Male,Dustinchester,29/07/2024
9823,Jennifer Morales,jasoncasey@example.net,Other,Lake Nicolestad,24/06/2025
7663,Bonnie Rodriguez,stevenperez@example.net,Male,Makaylaport,14/05/2025
2257,Lauren Davis,kenneththomas@example.com,Other,Lorraineshire,23/09/2025
6911,Michael Calhoun,robertberg@example.com,Other,North John,1/11/2025
5465,John Patterson,nhernandez@example.com,Other,Estradahaven,31/03/2024
6360,Joshua Henry,susanrivera@example.org,Other,Stephaniestad,21/11/2024
8900,Ashley Ellis,bgriffin@example.net,Other,Stricklandshire,21/03/2024
9029,Patricia Kelly,hross@example.com,Male,New Melissaton,15/10/2024
9864,Evelyn Parsons,gwhitehead@example.com,Other,New John,12/07/2024
9606,Joshua Smith,longrobert@example.net,Other,South Ashley,13/04/2025
6648,Yolanda Eaton,guerreropaul@example.org,Female,South Hannahton,11/03/2024
7048,Matthew Schmitt,kellypatel@example.org,Female,New Kristina,2/09/2025
1920,Angelica Hickman,fred06@example.org,Female,North Mario,15/10/2025
7354,Shannon Hall,franklinnicole@example.net,Male,Bartlettshire,8/08/2025
7964,Susan Harrison,stephenharper@example.org,Male,Simmonsburgh,18/01/2024
9570,Jack Moreno,curtis64@example.net,Female,Hardymouth,16/04/2024
2722,Joshua Jimenez,donnahorton@example.org,Other,Richardberg,15/02/2024
6758,John Lane,christian41@example.org,Other,Gibbsstad,17/03/2025
9420,Calvin White,zachary39@example.net,Female,Andersonhaven,30/12/2024
9690,Vickie Wilson,nina01@example.com,Female,Michaelshire,28/08/2024
8656,Jennifer Pineda,owhite@example.com,Male,Moorestad,15/04/2025
6885,Kevin Herrera,tylerarcher@example.com,Other,South Scott,24/01/2025
3242,Nicholas Hammond,johnsantos@example.com,Female,South Karl,27/02/2024
2198,Bobby Hanson,dwilliams@example.com,Female,Michaelmouth,24/10/2025
7590,Antonio Smith,joshua64@example.com,Other,New Barbara,11/11/2024
9179,Jeffrey Miller,wigginscheryl@example.com,Male,Thomasstad,18/12/2024
5917,Joseph Fleming,michael03@example.org,Other,Moralesville,8/08/2024
8691,Stacy Skinner,bernard44@example.net,Female,Lake Ashleyview,1/03/2025
8136,Daniel Bryant,erichowell@example.net,Male,Lake Juan,9/04/2024
6995,Frances Williams,mwalker@example.org,Other,East Isaacstad,2/04/2024
517,Jesse Roberts,aaronjohnson@example.net,Female,Lake Melaniechester,27/08/2025
8251,Julie Martinez,kquinn@example.com,Female,Lake William,14/04/2025
7862,Nicholas Hart,glee@example.com,Female,Ryanchester,18/07/2025
9016,Nichole Davis,bennettkeith@example.com,Other,Port Debra,6/06/2025
1494,Sara Burns,lauraclay@example.org,Female,New Brandishire,13/05/2025
3130,Sara Rojas,ashley42@example.org,Male,South Audrey,31/01/2025
817,Sara Bentley,patrick49@example.org,Female,Dyerville,2/12/2024
7838,Cole Evans,terri88@example.org,Male,Millerfort,16/06/2025
7565,Courtney Dunn,nortonkevin@example.org,Other,Velazquezburgh,10/12/2024
3250,Kristen Miller,yanderson@example.net,Male,North Daniel,5/08/2025
4521,Christopher Kelly,guerrajessica@example.org,Male,Samuelland,18/11/2024
473,Scott Gomez,andrea55@example.com,Male,Mckenziemouth,13/11/2025
1590,Chelsea Avila,mallory30@example.org,Male,Courtneyville,9/08/2024
3813,Sarah Webb,jeffrey98@example.org,Female,West Tiffanyshire,20/01/2024
9147,Scott Koch,philip18@example.net,Female,Rodgersview,26/09/2025
4137,Olivia Key,deangina@example.com,Other,North Cindychester,17/01/2025
1569,Maria Mueller,bhall@example.org,Other,North Melanie,20/08/2024
2593,Kyle Parker,jasongarza@example.org,Female,Shawnhaven,14/09/2024
6837,David Velasquez,oholland@example.com,Female,Brandonshire,12/10/2024
4851,Carol Gilmore,andrew79@example.org,Male,Port Leahland,18/05/2024
5021,Michelle Morris,cindy75@example.com,Other,Leroyburgh,26/11/2024
8530,Ralph Valdez,clewis@example.org,Male,Andersonstad,11/05/2024
7426,Stephen Santiago,scottcooper@example.com,Male,Angelachester,22/03/2024
9834,Raymond Marshall,scotttamara@example.com,Other,Dawnshire,28/08/2024
1045,Brittany Todd,jessica96@example.com,Other,Port Danielfurt,8/07/2025
3244,Tiffany Cook,sarahrichardson@example.org,Female,Phelpsfurt,20/07/2025
5086,John Colon,cguzman@example.net,Other,Pricemouth,20/09/2025
115,Michael Hawkins,farmeraudrey@example.com,Other,New Sarahview,2/08/2025
4388,Heidi Brooks,sporter@example.net,Other,Rogertown,14/07/2025
3030,Michele Drake,kyleduran@example.org,Female,East Samuelburgh,27/08/2024
6431,Wayne Parker,mitchell06@example.org,Other,Martinezville,3/05/2024
453,Robert Castaneda,derrickrodriguez@example.com,Other,Nelsonfort,7/07/2025
5288,Mary Armstrong,masonsalazar@example.net,Female,Sarahburgh,31/07/2025
665,Madeline Shepard,vmclaughlin@example.net,Female,Mcdowellville,15/08/2025
4920,Mary Ray,meyermartin@example.org,Male,Brandontown,16/01/2025
4204,Michael Dunn,angelagriffin@example.net,Other,East Kari,24/02/2025
5219,Vanessa Vazquez,danielgreen@example.org,Other,Hintonville,8/08/2024
8431,Joseph Harris,aaron78@example.org,Other,Fieldstown,14/08/2024
630,George Webster,beltrancorey@example.org,Other,Richardsonshire,21/10/2025
5690,Katie Johnston,seth42@example.com,Male,Port Leslie,7/11/2024
7016,Maurice Foster,fmiller@example.org,Male,West Anthony,23/06/2024
3254,Daniel Owens,natasha86@example.net,Female,Lopezside,5/12/2024
8137,James Garcia,lutzjennifer@example.net,Male,Lauraville,16/01/2025
4544,Gerald Frye,carlabrown@example.org,Male,West Katherine,10/09/2024
7444,James Bush,christina52@example.org,Other,Michaelberg,13/04/2025
5867,Brian Tucker,johnstonrobin@example.org,Female,South Daniel,21/09/2024
6650,Ashley Lee,ulindsey@example.net,Female,Lake Mary,12/05/2024
1802,Robert Barrett,rperez@example.org,Female,New Debbieville,5/11/2024
3041,Robert Hopkins,englishdenise@example.com,Female,Mikestad,22/11/2024
8360,David Bray,vbaker@example.com,Female,Moralesberg,20/04/2025
2063,Jamie Brown,gregoryschneider@example.com,Female,North Kathleenmouth,7/11/2024
1383,Karen Williams,kimberly03@example.net,Other,Peterbury,4/10/2024
8130,Molly Lee,eric36@example.com,Female,Codyton,7/08/2025
3066,Richard Alexander,ljordan@example.org,Female,South Christopherburgh,24/05/2024
3506,Brian Green,christopherross@example.org,Female,Nicolemouth,3/07/2024
9105,Brian Harmon,davidking@example.org,Other,Scotttown,15/10/2024
8158,Donald Cantrell,stephanierodriguez@example.net,Female,South Donald,30/01/2024
10000,Claire Sullivan,thomas24@example.net,Other,East Heather,13/01/2024
8694,Ann Ball,nbell@example.net,Female,Zunigaton,5/01/2024
4708,Jeffrey Rice,omurray@example.net,Male,Lake Christophertown,22/04/2024
5392,Danielle Nelson,glenmiller@example.org,Other,North Gabrielside,3/08/2024
3891,David Ross,mckinneymorgan@example.net,Female,Port Kelly,17/07/2024
309,Jenna Fowler,sean43@example.org,Male,West Jonathanville,1/03/2024
9360,James Coleman,tiffanyfernandez@example.com,Other,North Phillipmouth,26/11/2024
4596,Nathan Beck,joannesnow@example.com,Female,Lake Davidton,21/10/2025
6399,Philip Massey,petersendoris@example.com,Male,Parkerville,17/04/2025
6689,Angela Harmon,michael36@example.net,Male,Lake Benjaminstad,24/09/2025
8282,Andrew Golden,yking@example.com,Male,Martinhaven,3/05/2025
1265,Tyler Munoz,sharon86@example.com,Other,Lake Angelamouth,7/09/2025
4735,Natasha Taylor,ugray@example.net,Male,Port Kellymouth,31/10/2025
6481,Gabrielle Davis,nicoleodonnell@example.org,Male,Marshallland,5/03/2024
4949,Jonathan Hughes,fletcherjohn@example.com,Male,Jimenezfurt,17/04/2024
5356,Darius Miranda,jessicabell@example.com,Male,Jodiberg,29/03/2025
5297,Christopher Perkins,ppowers@example.com,Other,North Taylorland,3/07/2025
6588,John Davis,davidmarquez@example.com,Male,Brandyburgh,15/04/2025
2127,Deborah Jordan,waynerivera@example.net,Other,South Thomasborough,5/11/2024
2774,Antonio Bailey,roy33@example.com,Other,Olsonbury,12/01/2024
9234,Katie Gibson,qgreene@example.net,Female,Andreaville,20/03/2024
8182,Eric Benjamin,janice32@example.net,Female,Stephaniemouth,21/10/2025
3303,Laura Ross,stephen86@example.net,Male,Martinezland,20/02/2025
5199,Ian Vaughan,davidsmith@example.com,Other,East Haleymouth,16/06/2025
6981,Tommy Luna,ypayne@example.net,Male,Martineztown,5/12/2024
1435,Laura Terry,victoriasmith@example.org,Other,East Kellystad,1/10/2025
6231,Jerome Warner,katie76@example.org,Other,Port Katherineview,14/11/2025
6870,Becky Rogers,eugenejones@example.net,Other,South Robertmouth,18/04/2025
6156,Lisa Vazquez,millerkelly@example.org,Male,Emilyside,15/05/2025
9588,Angela Hernandez,posborne@example.org,Male,Samanthafort,19/07/2024
5796,Kenneth Taylor,millerdominique@example.org,Female,West Sierra,14/03/2025
4946,Amanda Villanueva,dpowell@example.net,Other,Drakeside,23/10/2024
5372,James Daniel,ojordan@example.com,Other,South Thomasmouth,13/04/2025
2161,Michelle King,codygonzalez@example.net,Male,Port Carol,23/12/2024
585,John Jensen,vwilliams@example.org,Other,East Kristen,23/05/2024
1032,Katherine Gaines,youngcharles@example.net,Male,West Tinachester,13/08/2024
318,Elizabeth Miller,lindsey69@example.org,Male,Port Paulhaven,29/05/2025
4019,Brandy Adams,hailey69@example.net,Other,North Gregoryburgh,24/08/2024
6402,Alexis Campbell,gonzalezethan@example.org,Other,Port Allisonside,5/02/2024
3508,Justin Adams,lauren14@example.org,Female,Monicaberg,10/11/2024
8408,Angela Ray,ronaldmorris@example.com,Male,Garyfurt,29/08/2025
9753,Natasha Clark,brooksjessica@example.org,Male,New Christopher,28/03/2025
3270,Brittany Green,michaelskinner@example.org,Other,North Danielhaven,17/06/2025
3947,William Jackson,sparkspatrick@example.org,Other,Brianville,1/03/2024
2805,Lawrence Solomon,lisacabrera@example.org,Male,Roseville,23/03/2025
4657,Jeffrey Perkins,ali@example.net,Male,Mariamouth,24/08/2025
6620,Joseph Moyer,gjohnson@example.net,Female,East Philip,14/11/2024
9904,Spencer White,jamesjimenez@example.org,Female,East Yvonneberg,5/06/2024
3144,Alexandra Nunez,edowns@example.net,Male,Mariaborough,26/09/2025
4501,Deborah Vincent,jacksonpatrick@example.net,Female,New Debra,2/07/2024
1560,Lauren Reese,ehardy@example.com,Female,East Arianaland,14/01/2024
1700,Michael Smith,soliscarlos@example.com,Other,Port Bobby,6/09/2025
279,Joseph Brown,crawfordwilliam@example.org,Other,Villarrealburgh,6/07/2025
9145,Samuel Jimenez,leonardshelley@example.org,Female,New Paulshire,21/10/2024
9587,Mark Jennings,bowmankaren@example.com,Other,Lake Edwardberg,24/12/2024
814,Roberto Lynch,ywolf@example.com,Other,Port Patrickland,17/11/2024
7411,Jenna Walker,judith27@example.org,Other,North Zachary,15/03/2024
8762,Elizabeth Horne,jasongarcia@example.org,Female,North Pamela,31/08/2024
1060,Heather Wallace,wcox@example.net,Male,West Denisebury,27/10/2025
7361,Daryl Romero,amoss@example.com,Female,Davidland,8/12/2024
7121,Lori Frederick,sanchezamanda@example.net,Female,East Charles,22/03/2024
4321,Tina Perry,ehill@example.org,Male,Bensonbury,12/03/2025
5998,Diane Campbell,bmarshall@example.com,Female,Amyborough,30/04/2024
4831,Brooke Stewart,stantonjanice@example.net,Other,Lake Christopher,22/06/2025
872,Gregory Richardson,williefarley@example.com,Female,Graystad,10/09/2025
4054,Amy Adams,wesley06@example.net,Other,Lake Shannonberg,9/09/2024
5901,Christine Harris,diana74@example.net,Other,Sherryview,3/09/2025
1131,Mason Choi,parkerkatie@example.com,Female,Fostermouth,29/03/2024
5789,Anne Hogan,kevinfisher@example.net,Other,Port Davidton,16/05/2024
8707,Tyler Irwin,michael40@example.com,Other,Elizabethmouth,26/04/2025
610,Rachel Taylor,parkerrichard@example.org,Male,Howardmouth,15/05/2025
365,Anna Pena,xclements@example.org,Male,Port Shawn,31/08/2025
7611,Kathy Green,todd78@example.org,Other,Port Daniel,8/08/2025
6465,Mary Beck,amandahorton@example.net,Other,Jamestown,27/09/2025
4497,Darrell Wright,leahsmith@example.org,Male,West Rebecca,8/08/2025
1644,John Murray,martinnovak@example.com,Other,Taraview,5/11/2024
4875,Joel Garcia,millerpatrick@example.net,Male,Larrytown,15/07/2025
6379,Edward Griffin,pgarcia@example.com,Male,West Erin,3/05/2024
4213,Pamela Gross,lisaperez@example.net,Other,Andrewchester,30/11/2024
6740,Ryan Stevenson,clarkejames@example.com,Male,Colliertown,15/03/2025
8166,Brittany Burns,carlosmoore@example.com,Female,Lake Debbie,15/02/2024
4955,Melvin Lawson,joshua45@example.org,Female,Randallshire,26/05/2025
4021,Melissa Golden,jennifermoss@example.com,Other,South Bryan,25/06/2025
3708,Candice Sawyer,leejohnson@example.com,Other,West Elizabeth,18/01/2025
3351,Nancy Jackson,rogerssara@example.com,Male,Brandonfort,5/03/2025
9500,Christina Gardner,jonathon99@example.org,Male,Rebeccastad,17/10/2025
573,James Cortez,tracybrown@example.net,Other,Victormouth,5/04/2024
6504,Austin Carter,qvega@example.com,Female,Arthurberg,1/03/2025
6787,Ann Gonzales,andrew67@example.net,Female,East Donaldbury,10/04/2025
7870,Michele Anderson,qtaylor@example.org,Other,East Victoria,14/09/2025
1462,Julie Davenport,dgrant@example.com,Male,Dawnborough,29/10/2025
5124,Morgan Randall,jay10@example.org,Other,East Rachel,9/02/2025
7159,Douglas Hunt,sandra98@example.org,Female,New Kevinstad,9/09/2025
7819,Donna Webster,lopezalan@example.com,Male,Jacksonfurt,3/06/2025
7993,Deborah Henderson,orozcoerika@example.net,Other,West Jessicashire,5/08/2024
1402,Mary Vega,kristinclark@example.com,Male,Richardbury,22/02/2024
9455,Jennifer Lane,karenjones@example.com,Male,South Kyle,21/07/2025
3289,Diamond Stafford,leezachary@example.org,Other,North Michael,18/03/2024
8525,Cory Vazquez,mallen@example.org,Male,South Thomas,4/09/2024
3220,Jamie Dickerson,chandavid@example.org,Other,North Richardhaven,30/04/2025
4454,Deborah Hudson,stephanie59@example.com,Female,Timothybury,18/01/2024
6868,Chad Fuller,crystal37@example.org,Other,West Jennifermouth,27/12/2024
3696,Heather Moore,wattsjason@example.net,Female,South Rebekahchester,2/05/2024
7738,Christopher Hickman,david97@example.net,Female,Wellsport,14/08/2024
1755,Kendra Smith,smithmichael@example.org,Male,South Brandon,25/10/2025
6816,Brandy Melendez,aconley@example.org,Female,Andersonton,25/07/2024
6331,Carla Gonzalez,anthony04@example.org,Other,East Yvonneville,9/06/2025
2712,Timothy Davenport,floydmichelle@example.com,Male,Amandaside,23/08/2024
1043,Tammy Brown,ysimpson@example.com,Other,Williamsborough,24/07/2024
9810,Samuel Joseph,nicholas10@example.org,Female,New Adambury,30/04/2025
3212,Veronica Stuart,dmason@example.com,Male,Markfurt,28/04/2025
408,Timothy Mendoza,brittanyholland@example.com,Other,East Bradleyshire,7/05/2025
8201,Briana Williams,hughescrystal@example.org,Male,Amyfort,16/02/2024
7415,Derek Atkinson,jonesphillip@example.com,Other,Oliviastad,12/02/2024
2532,Jeffrey Terrell,robertmartinez@example.org,Other,South Christinahaven,19/03/2024
7846,Joan Salazar,davisdaniel@example.org,Other,Lake Krystal,16/02/2024
553,Crystal Lane,douglaskelly@example.net,Other,West Toddberg,27/06/2024
3790,Tiffany Ortiz,armstrongkaren@example.com,Other,New Angelamouth,4/11/2024
9410,Michael Morgan,megan05@example.net,Other,Andersonfurt,29/10/2024
7563,Michelle Luna,sherri52@example.com,Other,Palmermouth,31/07/2024
3587,Mark Hayes,perkinsmatthew@example.net,Other,North Mike,13/10/2025
1909,Joshua Mckay,leahpham@example.com,Other,South Stevenport,13/07/2024
890,Charles Payne,kevin73@example.net,Female,North David,25/09/2025
2377,Eric Taylor,anthonymiller@example.com,Other,North Michael,21/07/2024
5138,Mary Mcintosh,jasonalvarado@example.com,Other,East Brandon,28/06/2025
7931,Raymond Carroll,erinmitchell@example.org,Other,Sarahmouth,9/02/2024
6575,Roy Henry,zimmermanlaura@example.org,Female,North Matthewville,26/04/2025
4368,Robin Cruz,james90@example.net,Male,Lake Shannonview,21/04/2025
8553,Brian Davis,thomas29@example.net,Male,Teresaberg,2/12/2024
160,Kelly Evans,jenniferho@example.net,Other,Port Michael,11/01/2025
1546,Andrew Mason,ashley32@example.org,Female,East Marybury,11/03/2024
3054,Samantha Hayes,carmenjones@example.net,Female,Smithville,19/05/2024
6881,Christopher Hall,christinaramos@example.com,Female,West Pamelatown,15/10/2025
9160,Gary Hawkins,dudleyjasmine@example.org,Male,Robertstad,31/07/2025
8637,Samuel Barron,xward@example.com,Other,West Jessica,10/03/2024
9112,Hannah Bailey,patricia26@example.org,Male,Brookeview,12/11/2025
9371,Kimberly Robertson,pruittmatthew@example.com,Female,West Anamouth,23/11/2024
6471,Casey Taylor,owallace@example.net,Female,Jonathonborough,26/02/2024
8196,Nicole Werner,loretta52@example.net,Male,Perryside,25/04/2025
4581,Donna Martinez,briannarodriguez@example.com,Male,North Coleport,22/02/2025
9697,Lauren Allen,vazquezelizabeth@example.org,Male,Port Logan,17/09/2024
2310,Benjamin Esparza,mistymatthews@example.org,Female,North Nathan,3/04/2024
1592,Janet Perkins,laura15@example.org,Female,Parkermouth,22/12/2024
4914,Jeremy Williams,ruth41@example.org,Other,Kariton,11/02/2024
7582,Nichole Murphy,adamsrobert@example.org,Other,Wendybury,12/12/2024
9984,Sheri Hickman,watkinscharles@example.net,Other,East Mariachester,21/03/2024
4689,Marvin Rowland,sara06@example.net,Other,Wayneberg,12/02/2025
9715,Philip Anderson,ginabooker@example.net,Female,Barbarastad,8/03/2025
7968,Angela Anderson,adam34@example.org,Other,North Melindaton,6/01/2025
4408,Louis Swanson,vhood@example.org,Male,Port Manuelland,10/10/2024
3613,Barry Chen,mckenziemills@example.com,Other,East Kimberlyport,6/08/2025
9713,Ryan Shaw,martinezrobert@example.org,Female,New Robertamouth,7/02/2025
7575,Kelli Perry,guerrakevin@example.net,Male,Shawnmouth,11/07/2025
8939,John Meyer,marissamcclure@example.net,Male,Lindsaystad,15/09/2025
4364,Lindsay Parker,wcoleman@example.com,Female,Rodriguezview,24/08/2025
6141,Jeffrey Mcdaniel,jesus75@example.org,Female,East Alexander,4/08/2024
2096,Wesley Mueller,mariaweaver@example.com,Other,Pagefort,16/08/2024
1232,Kathleen Smith,meyeralexandria@example.net,Female,Hallmouth,4/04/2025
4135,Patrick Carpenter,johnsonraven@example.net,Other,West Ryanport,30/04/2025
870,Alex Vaughan,timothyrobertson@example.net,Female,South Alexanderborough,6/07/2025
3028,Michael Phelps,emily45@example.com,Female,Scottchester,25/02/2025
7725,Rhonda Willis,markschwartz@example.net,Female,North Gregory,25/08/2025
7752,Mark Gillespie,kwilliams@example.net,Other,Port Kimberly,29/05/2024
4821,Tasha Garcia,ypham@example.org,Other,Reedburgh,21/11/2024
7370,Daniel Ramos,bakerricardo@example.net,Female,Lake Joe,27/02/2025
6843,Kimberly Nelson,dmurphy@example.net,Other,Amyshire,26/08/2024
2171,Dawn Jones,bryan61@example.net,Male,North Dwayne,5/12/2024
2207,Vanessa Mcdonald,floressteve@example.net,Female,Port Dawnhaven,19/04/2025
2339,Paula Michael,angela20@example.org,Male,Jameschester,25/06/2024
3052,Melissa Smith,jillduffy@example.org,Other,Powersbury,12/04/2024
4905,Nicholas Wyatt,tgibson@example.org,Other,Port Jillside,26/05/2024
6242,Sue Mathews,rachel18@example.net,Female,Carlchester,22/02/2025
6658,Kimberly Combs,landrykim@example.net,Male,Dawnside,24/01/2025
1378,James Keller,angela71@example.net,Other,New Robert,7/05/2024
8838,Juan Ochoa,gwashington@example.com,Female,West Omar,17/06/2025
9638,Kaitlyn Reid,vgillespie@example.com,Male,Lauramouth,11/10/2024
5606,Nicole Chambers,vevans@example.com,Other,Port Austin,23/03/2025
621,Brian Ward,brandon48@example.net,Other,New Jamesburgh,1/09/2024
9311,Samuel Morris,jclark@example.net,Male,North Jeffreyport,16/02/2024
5864,Wayne Nichols,connor65@example.com,Male,Curtismouth,30/03/2025
1800,David White,fitzpatrickjustin@example.net,Female,Debrashire,6/02/2025
48,Patricia Miller,jessebenson@example.net,Male,North Robert,17/08/2024
6950,Samantha Rodriguez,johncardenas@example.com,Male,West Garystad,22/08/2024
785,Antonio Taylor,ashley99@example.net,Male,Bairdborough,23/01/2025
9250,Mark White,tammy92@example.net,Male,Donnamouth,10/08/2024
5910,Hailey Martinez,christopher55@example.org,Male,Allenborough,16/04/2025
5969,Carla Stewart,amurray@example.com,Female,Kellerfort,27/02/2025
7733,Zachary Miller,mary07@example.org,Male,Schmidtberg,29/03/2024
3223,Henry Jensen,lesliebaird@example.org,Female,West Sheritown,13/01/2024
4058,Samantha Ellis,paulwhite@example.org,Male,Lake Wendytown,3/01/2025
226,Hannah Miller,brian63@example.org,Female,Cassiefurt,24/06/2025
2763,Kevin Jennings,gjohnson@example.org,Female,North Bradleyport,23/08/2025
4297,Elizabeth Little,margaret34@example.net,Female,Woodstad,30/08/2025
8375,Michelle Ortiz,shane97@example.com,Male,Lake Nicholasside,1/03/2025
3378,Jason Hess,hshah@example.com,Other,Seantown,30/03/2024
8754,Teresa Clark,christinawood@example.net,Other,Peterside,28/05/2024
1720,Donald Ferguson,mmoore@example.com,Female,New Jimchester,20/07/2024
2479,Michael Gomez,hannahfields@example.com,Female,Andrewburgh,17/01/2025
6844,Jason Patterson,scott59@example.net,Female,Andreaside,12/03/2025
6108,Sheila Jackson,margaretmorgan@example.net,Other,Smithstad,17/08/2025
7785,Molly Miller,gsims@example.net,Other,Lisaside,3/09/2024
842,Dustin Ortega,georgekyle@example.net,Male,West Wendyshire,15/02/2025
7018,Sharon Klein,vincentcraig@example.net,Other,Gomezmouth,20/01/2025
2837,Tara Hogan,carolynhoward@example.com,Female,Kathrynland,8/05/2025
1080,Colin Rodriguez,robert75@example.org,Other,Wilsonmouth,24/11/2024
2545,Rita Lopez,ryanparker@example.org,Male,New Coryport,8/10/2024
3882,Christopher Turner,richardsonchristopher@example.com,Male,East David,30/10/2024
7451,James Chung,vhunt@example.org,Male,Danielhaven,21/09/2025
444,David Young,shelby13@example.org,Male,Garcialand,7/08/2025
6301,Kevin Miller,whitewesley@example.net,Male,New Richard,9/02/2025
9621,Kathryn Payne,mfuentes@example.net,Female,Joelport,25/09/2024
5059,Debra Young,qbrown@example.com,Female,East Victor,16/11/2024
8095,Stephen Gibson,pearsontiffany@example.com,Other,Stacyfurt,27/03/2025
6880,Ryan Clark,bmooney@example.org,Other,South Kevin,16/02/2024
957,James Davis,anthonyzimmerman@example.org,Female,Johnsonberg,10/10/2025
8215,Brittany Rios,colleen91@example.com,Female,South Laurentown,28/09/2024
973,Brandon Snyder,mooneyrobert@example.org,Male,Jacksonmouth,15/05/2024
9184,Sarah Garcia,peterjohnson@example.com,Male,West Jessicaview,18/10/2024
1520,Johnathan Murray,shortkelly@example.net,Other,Moorestad,19/10/2025
813,Gregory Wright,barbara34@example.com,Female,West Raymondburgh,16/06/2024
2509,Brittany Torres,lpatterson@example.org,Female,North Michaelland,27/05/2025
718,Cynthia Johnson,john46@example.net,Other,Lake Brianstad,21/08/2024
7980,Jeremy Valentine,nicholascampbell@example.org,Male,Dawnchester,28/07/2025
4825,Samantha Christensen,jennyjackson@example.com,Other,Port Tiffany,9/03/2024
4192,Matthew Ellison,peterberger@example.com,Other,Leahview,8/11/2024
5304,Dave Rodriguez,kwright@example.org,Female,Marybury,9/02/2024
7000,Logan Clarke,stacey56@example.net,Female,South Tiffanytown,30/07/2025
9131,Deborah Nelson,christopher04@example.net,Other,Hunterfurt,24/06/2025
3609,Carlos Robinson,harrisalexander@example.com,Male,Lake Amber,15/09/2024
2974,Christopher Vargas,ann29@example.net,Male,New Amyhaven,2/06/2024
1642,Craig Ross,burnsrodney@example.org,Female,New Connorstad,13/01/2025
8274,Dillon Wilson,thomasrobin@example.org,Female,Andrealand,13/10/2025
5300,Ryan Wright,lucerodeborah@example.net,Other,New Steven,17/03/2025
5949,Andrew Lawrence,danielhuffman@example.org,Other,East Kimberlyborough,10/04/2024
3355,Susan Powers,linda37@example.com,Female,Port Norma,24/10/2024
1105,Javier White,martinezalexa@example.net,Other,Riverashire,11/03/2024
380,Charles Rivers,bennettroy@example.net,Female,Davidshire,3/11/2025
737,Darin Brown,etran@example.com,Male,South Cynthiatown,20/09/2024
7661,Leah Hill,lnunez@example.com,Male,Khanfurt,24/05/2025
3979,Cody Hamilton,brittany11@example.net,Other,North Lisa,14/02/2025
4647,Alexander Harris,bhopkins@example.com,Other,Russoberg,14/11/2025
3822,Emily Patterson,millercynthia@example.net,Female,Costaland,10/01/2024
1914,Timothy Estrada,christinedoyle@example.com,Female,New Michaelbury,29/01/2024
452,Maria Walker,hendersonjohn@example.net,Female,Justinside,17/03/2025
3906,Stacey Figueroa,keithsimmons@example.net,Male,North Candiceview,3/02/2024
2490,Antonio Rivera,samanthamartinez@example.net,Male,Alexanderville,31/07/2024
3469,Kristen Welch,davisemily@example.org,Female,Port Anthony,16/02/2025
3592,Paul Franco,diane90@example.org,Female,Annaview,4/07/2025
9724,Jessica Everett,deckermackenzie@example.org,Other,Barrshire,9/08/2025
2234,Kelly Hughes,cruzchase@example.net,Female,Lake Jennifer,27/10/2025
8256,Amy Mccarthy,iorozco@example.org,Female,North Jorge,17/04/2025
8605,Ralph Coleman,haustin@example.com,Male,Joshuaberg,31/05/2025
1815,Austin Sanders,arnoldstephen@example.net,Other,South Catherine,27/08/2024
3241,Kim Allen,pollardgina@example.net,Female,Patriciashire,24/10/2025
8608,Christopher Hernandez,mariah87@example.com,Male,Mooreton,26/07/2025
861,Chad Oconnor,jenniferelliott@example.net,Female,South Lorraine,1/01/2025
19,Rodney Owens,nuneztracey@example.org,Male,South Jessicaville,21/10/2024
4198,Brandon Fuller,whitneyjennifer@example.com,Male,Thomasmouth,19/10/2025
6080,Aaron Nielsen,edavis@example.org,Male,Novakland,20/09/2025
1348,Stephen Myers,samanthacastillo@example.net,Male,Laurabury,7/05/2025
4594,Nathan Brown,stephensonjuan@example.org,Female,North Alexis,3/04/2024
4386,Angela Stanley,stephen01@example.net,Other,Mitchellborough,20/07/2025
3672,Christina Smith,pwilliams@example.net,Male,Jacobside,6/06/2024
5743,Terrence Richmond,thomasunderwood@example.net,Female,West Lauren,26/09/2025
5459,Lisa Jones,aarongriffith@example.com,Male,Bellhaven,15/01/2025
6739,Alex Larson,khenry@example.net,Other,Hintonmouth,21/02/2025
1660,Eugene Martinez,alejandra39@example.com,Female,Samueltown,1/01/2025
9190,Ronald Dawson,jeffreylowe@example.com,Female,Port Anthonyborough,20/09/2024
9790,Monica Romero,eugene98@example.org,Female,Caseychester,12/03/2024
84,Nicholas Cantu,tinaallen@example.com,Male,Port Kimberly,5/06/2025
583,Christine Huffman,stevensims@example.org,Other,Brianville,30/10/2025
4638,Tina Hill,kelsey60@example.com,Female,Monicaland,13/07/2025
1311,Ryan Jennings,brendanmiller@example.com,Male,South Lisa,3/03/2024
1263,Scott Singleton,williamolsen@example.com,Other,New Benjaminside,1/05/2024
398,Kim Tucker,thompsoncatherine@example.com,Female,New James,31/10/2024
5765,Jeffery Arnold,devin05@example.org,Male,West Marialand,9/07/2025
3659,William Campbell,blakesarah@example.net,Other,South Dawn,18/01/2025
1693,Joshua Taylor,ksparks@example.net,Other,Jonesville,28/09/2025
8060,Brian Davenport,wrightkristen@example.com,Female,New Amandabury,25/03/2025
8420,Luke Banks,kristen83@example.net,Female,Mistyland,13/03/2025
748,Benjamin Vasquez,adrianjoyce@example.net,Other,Rodriguezview,23/10/2025
6274,Grace Daniels,michaeljones@example.net,Male,Saraburgh,6/02/2025
5714,Benjamin Cook,rmeyer@example.org,Other,Mooreborough,29/04/2025
4758,Brian Campbell,donna35@example.org,Male,Robertsonside,3/05/2024
1101,Jason Rivera,frankespinoza@example.com,Male,West Robertberg,18/11/2024
451,Laura Kelley,robertcastro@example.com,Other,East Jennifer,12/02/2025
2143,Caroline Perry,denisetownsend@example.com,Other,Karentown,27/12/2024
8564,Ryan Castro,wattsdaniel@example.com,Other,North Joseph,22/05/2025
4037,Andrew Reeves,vasquezcrystal@example.org,Male,Jessicastad,10/03/2024
9462,Tiffany Lopez,phillipsrichard@example.net,Male,Micheleland,6/02/2024
7089,Julie Donaldson,dylan69@example.org,Male,South Tannerfurt,28/05/2025
3885,Daniel Jones,jenniferwilson@example.com,Male,Virginiaport,15/08/2025
4205,Richard Mccoy,johnsonsally@example.net,Female,Port Brenda,21/02/2025
9451,Randall Thomas,lindamitchell@example.net,Male,East Donnaberg,14/04/2024
7919,Heather Cain,joseph11@example.net,Male,Saundersmouth,7/10/2024
1347,Nicole King,collinsjavier@example.org,Female,Jamiefurt,22/01/2025
3407,Kenneth Butler,barbaramcclain@example.com,Female,Mitchellfurt,24/09/2024
2406,Katie Wallace,ogonzalez@example.org,Male,Port Michelle,29/11/2024
7902,Catherine Waters,edwardclark@example.net,Male,South Hollyside,4/06/2024
4046,Alan Moore,johnwalker@example.net,Female,North Doris,29/03/2024
9822,Darrell Hill,sarah79@example.net,Male,Gonzalezberg,26/02/2025
571,Wendy Holland,amanda51@example.com,Other,Deborahburgh,7/02/2024
6171,Lisa Burgess,kimberlytownsend@example.org,Other,Vanessaport,24/02/2024
9675,Ashley Stanley,antonio14@example.com,Female,North Christopher,10/05/2024
8726,Katie Williams,deborahcabrera@example.com,Male,East Joshua,2/01/2025
8993,Yolanda Hill,ysantos@example.net,Female,Port Melissaton,4/06/2025
5437,Matthew Stevens,doylevictoria@example.net,Female,New Troymouth,29/04/2024
1679,Larry Stafford,murphybrianna@example.com,Other,North Davidberg,17/09/2024
3252,Michael Dominguez,mooneylisa@example.org,Female,West Michelleville,19/10/2025
8452,Mike Conner,powellmary@example.com,Male,Hallside,7/11/2025
9466,Shane Jones,zroberts@example.org,Female,West Deanfort,18/11/2024
4433,David Park,johnsonjames@example.com,Male,New Donna,7/06/2024
6384,Rick Gonzales,maria45@example.com,Male,Kaylaport,21/02/2025
7350,John Hayes,sarahanderson@example.com,Male,West Tina,15/07/2024
3286,Christine Hunter,jacqueline69@example.net,Other,Powellport,14/04/2024
9530,Debra Ewing,tking@example.org,Other,Haileyburgh,31/03/2025
592,Ryan Walker,robinvillanueva@example.com,Other,North Vickiehaven,18/06/2024
8121,Susan Sims,archermichele@example.net,Other,Juliamouth,16/02/2025
8667,Eric Ray,melindapearson@example.net,Other,North Ruth,9/06/2025
6119,Kelly Smith,davisrobert@example.net,Male,South Fred,11/09/2024
5457,Anthony Mata,gilbertjason@example.com,Male,Christopherfort,16/12/2024
1738,Donald Bradley,jgutierrez@example.net,Female,Port Meredith,8/07/2025
1174,Dawn Matthews,alexandra67@example.net,Male,Port Alicia,27/10/2025
388,Christopher Brown,angela93@example.com,Male,Hughesfurt,14/08/2024
1697,Denise Mitchell,jmorgan@example.org,Male,North Donaldborough,23/06/2024
2788,James Jones,eyoung@example.com,Female,Bobland,26/07/2025
8263,Alyssa Brandt,davidmckee@example.org,Female,Lake Glennfurt,30/10/2025
9035,Brandy Robbins,williamchavez@example.com,Male,Harrisbury,11/10/2024
299,Kimberly Cooper,paul20@example.com,Female,North Paula,24/11/2024
2562,Christopher Green,fodonnell@example.org,Female,Port Alexandra,3/02/2025
3680,Robert Parker,wilsonjoseph@example.com,Other,Barajaschester,3/05/2024
2673,Lisa Chambers,lauramartin@example.com,Other,West Michelle,11/03/2024
3590,Adam Marquez,david97@example.com,Female,Gutierrezshire,25/04/2024
1652,Randall Obrien,pfowler@example.org,Female,South Brittany,27/09/2025
2814,Patricia Olson,calexander@example.com,Male,West Michaelville,25/06/2025
8729,Dominic Duran,xhuffman@example.net,Female,Port Nancychester,23/03/2024
9699,Clifford Rivera,fletchermargaret@example.net,Other,Lewisfort,1/11/2025
6618,Stephanie Ali,deanmoody@example.net,Female,Nancyhaven,20/11/2024
7978,Crystal Henry,spencer14@example.org,Male,Christopherchester,5/01/2025
6007,Wayne Campbell,bradley14@example.com,Male,New Gregoryborough,22/03/2024
7643,Eric Schroeder,mercedes24@example.com,Male,Reidshire,1/05/2025
5057,Shari Stephenson,jacobstracy@example.org,Other,New Kathleenmouth,23/09/2024
699,Thomas Heath,jameshudson@example.com,Female,West Alanchester,21/10/2025
5370,Vanessa Castillo,markphelps@example.net,Other,Lopezstad,13/02/2025
4217,John Ingram,julie56@example.com,Male,Franklinmouth,16/03/2025
4571,James Garcia,youngdawn@example.net,Male,Lake Randyfurt,20/05/2024
3109,Alison Dixon,qmoore@example.com,Other,Kennedyfurt,13/01/2025
8943,Richard Hill,anna18@example.org,Male,Morrisport,12/10/2024
7478,Steven Davila,courtneygarcia@example.org,Other,Port Brendaberg,12/11/2024
5902,Edward Morgan,christopherfreeman@example.net,Female,North Michaelbury,5/04/2024
1309,Jennifer Doyle,molly91@example.org,Male,Welchmouth,21/02/2024
3164,Matthew Steele,burnscarl@example.org,Female,Kirkstad,31/10/2024
5618,Sabrina Rocha,lindsaymalone@example.com,Other,Port Andrew,20/11/2024
1905,Kathryn Carr,bailey12@example.com,Female,Harrishaven,31/12/2024
5302,Jessica Hughes,david33@example.com,Other,Hendersonside,2/03/2025
8009,Ronald Phelps,qclark@example.org,Other,North Claudiaborough,17/06/2024
5217,Tara Cruz,millerjillian@example.net,Male,New Barbara,8/01/2024
4554,Kristen Villarreal,anneschultz@example.com,Other,West Donaldshire,29/05/2025
7542,Dana Oliver,jenningswendy@example.org,Other,West Tanya,15/04/2025
4787,Dennis Wong,sandovaldiana@example.net,Male,Hubbardburgh,11/05/2024
4109,Justin Kirby,lhampton@example.com,Female,Stewartland,15/10/2025
8338,Laurie Rivas,nicole47@example.com,Male,Youngland,21/09/2024
158,David Hampton,nlewis@example.com,Other,Gonzalezberg,16/09/2025
9272,Martha Brock,charlesstevenson@example.org,Other,Buchananland,4/05/2025
8017,Cynthia Gonzales,ashley57@example.net,Other,Mcdonaldfurt,1/09/2025
9001,Tammy Bell,opaul@example.org,Male,Fuentesfort,13/05/2025
8650,Mary Mitchell,christinarichardson@example.net,Female,Navarroview,24/08/2025
7918,Edward Chavez,lauraacevedo@example.com,Female,East Angelaport,26/08/2025
9427,Samantha Kim,fguerrero@example.com,Female,North Alicia,1/10/2024
352,Chelsea Strickland,michaelortiz@example.org,Male,New Tylerborough,6/12/2024
7315,Sharon Ross,ayalamatthew@example.com,Female,Racheltown,5/07/2024
6693,Mary Singleton,christinaanderson@example.net,Other,South Monicatown,6/08/2025
4780,Sabrina Lopez,rdiaz@example.net,Female,South Sherry,29/12/2024
5331,David Burton,williamsmark@example.net,Female,North Joshua,13/06/2025
140,Rebecca Hernandez,odavis@example.com,Other,Sarahchester,5/07/2024
4918,Ashley Jenkins,ohernandez@example.org,Male,Kevinmouth,20/04/2025
7390,Mark Shelton,lindaacevedo@example.com,Other,North Jonathan,7/08/2024
2589,Jessica Jenkins,jkelley@example.net,Female,Lake Nathanberg,7/05/2025
3795,Mike Orr,floydsamantha@example.org,Female,Riverafort,7/11/2024
6106,Nicole Gray,farleykelly@example.net,Other,Pricehaven,1/11/2025
8351,David Jarvis,david95@example.org,Other,Lake Jenniferview,26/06/2024
5691,Jose Brown,ujohnson@example.com,Female,Mooreberg,13/01/2025
9664,Maria Wright,matthewcardenas@example.net,Male,West Samanthaland,22/02/2024
397,Lawrence Floyd,xhill@example.org,Other,Nataliemouth,25/04/2024
2728,Tyler Zavala,bcaldwell@example.net,Other,West Charles,21/01/2025
3062,Jason Williams,juliebrown@example.org,Female,New Michelleshire,6/08/2024
9233,Judith Hansen,weissjill@example.net,Other,Michaelland,13/03/2024
9843,Christopher Guzman,ebrown@example.com,Female,Lunaton,1/02/2025
305,Samantha Schroeder,susan56@example.net,Male,West Kevinberg,5/02/2025
201,Tiffany Brewer,ybrooks@example.com,Male,Bennettside,7/06/2025
6967,Aaron Jensen,xgonzales@example.com,Male,Justintown,17/08/2024
1440,Sarah Bauer,elizabeth33@example.com,Female,Lake Eric,12/10/2024
2892,Gerald Brown,johnnycarr@example.com,Female,Greeneburgh,8/04/2025
8045,Stephanie Harrington,pateldonald@example.com,Other,New Neilbury,20/05/2025
1586,Dean Patel,kristine33@example.net,Male,West Richardview,9/03/2025
8588,Matthew Shaw,rhall@example.com,Male,Lake Nicolebury,25/02/2024
5830,Cameron Sexton,melissa13@example.org,Female,Burtonview,26/02/2025
2138,Joshua Hartman,terrykirsten@example.net,Male,South Jennyville,22/05/2025
8384,Bradley Smith,reginald39@example.com,Female,Jenniferbury,21/06/2024
5763,Ricardo Tate,clarkthomas@example.net,Female,Sierraberg,9/11/2025
3832,Craig King,sara62@example.com,Male,Hallberg,6/09/2024
7126,Daniel Lucas,chadleach@example.org,Male,North Nicholas,6/02/2025
5002,Susan Cameron,davismichael@example.net,Female,West Ryanville,2/12/2024
7811,Jennifer Fritz,bbeck@example.net,Female,North Kaitlyn,20/11/2024
9589,Mary Rios,wilsonelizabeth@example.org,Female,East Kelly,19/10/2024
4836,April Jackson,fspencer@example.org,Female,North Samanthaport,10/07/2024
9736,Joshua Oliver,micheal38@example.net,Other,Port Corey,20/01/2025
8701,Shelby Thompson,rosalesanna@example.net,Male,East Amy,4/08/2025
46,Jennifer Wagner,vmerritt@example.com,Male,Greenbury,23/02/2025
3520,Jessica Lee,qwilliams@example.org,Other,South Frederick,2/01/2024
5118,Christopher Kemp,mariestewart@example.com,Female,Vincentview,19/04/2025
6764,Benjamin Patel,kristiecisneros@example.com,Female,New Susanberg,6/10/2024
5617,Madison Hill,brooksbradley@example.com,Male,Dominiqueland,6/10/2025
3608,Richard Armstrong,spencerjoshua@example.org,Female,New Amandashire,15/06/2024
4468,Paul Garcia,david16@example.org,Male,Mathisview,6/06/2024
2352,Michele Valdez,daniel30@example.com,Other,Callahanview,26/02/2024
8379,Travis Reynolds,laura84@example.org,Female,Smithside,24/02/2024
1658,Lauren Young,hlester@example.org,Female,Estesside,7/10/2025
2784,Jill Mckenzie,leblancmelissa@example.org,Male,West Chadfurt,20/12/2024
6878,Anthony Mclaughlin,catherineburke@example.net,Other,Port Sheriland,10/04/2024
6979,John Lewis,mark72@example.com,Male,West Cherylmouth,23/04/2024
2849,Stephen Roman,hooperkatrina@example.org,Male,Port Catherinechester,15/05/2024
7970,Michele King,jeffreycole@example.com,Female,Roberthaven,7/10/2024
5187,Emily Anderson,paulphillips@example.net,Other,Mercadoshire,24/05/2024
7173,Tammy Moran,brownlisa@example.com,Female,Martinezmouth,6/08/2024
1775,Suzanne Collins,sandovalwendy@example.org,Other,Lake Karen,7/07/2024
1058,Jessica Ryan,abbottallison@example.org,Male,Hopkinshaven,7/03/2025
8181,Mark Holmes,dkelly@example.com,Female,Daniellefurt,17/04/2025
5490,Michelle Lynch,sarah25@example.org,Female,East Deanshire,3/01/2024
2707,Patricia Sullivan,dwalker@example.net,Female,Lake Lindsey,24/01/2025
3984,Michael Rush,michael26@example.com,Male,West Michelle,1/10/2024
7298,Joseph Velazquez,boydfrederick@example.org,Other,Millerhaven,22/08/2025
9586,Katherine Evans,shane58@example.com,Female,Port Karen,18/01/2025
7494,James Luna,wrightemily@example.com,Female,Robertmouth,14/04/2025
4349,Kimberly Ayala,longsandra@example.net,Other,South Jacobhaven,6/06/2024
1014,Christina Reynolds,lopezlori@example.net,Female,East William,10/08/2025
2674,Christopher Rodriguez,iclarke@example.net,Male,Port Mason,4/07/2025
7842,Jill Flores,lstrong@example.org,Other,Lake Crystal,7/11/2025
9056,Justin Daniels,wrightlisa@example.net,Female,Zimmermanchester,3/10/2025
4082,Mary Leach,mcooper@example.net,Other,Leblancshire,11/05/2024
3168,Alejandro Wilson,gspencer@example.org,Male,Laraview,9/02/2024
4819,Alice Vargas,joneschristopher@example.org,Other,North Karen,12/06/2025
6307,Derek Garrett,ibell@example.org,Other,North Anthonyview,23/04/2024
3042,Jessica Vazquez,richardsonelizabeth@example.net,Male,South Christine,29/07/2024
5348,Kendra Maxwell,margaretbullock@example.net,Female,East Matthewborough,2/04/2024
3448,Jennifer Wilkins,deborah68@example.com,Other,West Kennethchester,30/05/2024
9661,Michelle Mcneil,diazgary@example.com,Female,Lake Danielle,5/04/2025
7584,Laura Sanchez,pmeza@example.net,Other,Robertsonshire,22/05/2025
2810,Paul Powell,jason61@example.net,Male,Hollandmouth,3/02/2025
1524,Maria Hill,stevendecker@example.org,Male,Benjaminton,20/12/2024
9244,Stacey Jones,lparsons@example.org,Female,Deborahmouth,21/12/2024
8828,Melvin Medina,tamara38@example.com,Other,South Jennifershire,21/03/2025
4839,Robert Underwood,michelle58@example.com,Female,Reginastad,25/03/2024
3607,Sara Hayes,jonathan73@example.net,Male,Jessicaport,22/10/2025
8533,Mark Turner,christinebrennan@example.org,Female,South Robert,22/04/2024
6133,Shari Valentine,lisaporter@example.net,Male,Lake John,18/05/2025
3933,Steven Schroeder,toddwelch@example.org,Male,South Connorside,22/02/2024
8015,Jennifer Banks,hubbardvalerie@example.com,Female,Perkinsfurt,3/06/2024
5354,Mark Lyons,davidrichardson@example.org,Male,West Davidton,25/07/2024
9048,Jonathan Gibson,catherine38@example.com,Female,New Jamie,14/06/2025
4924,Lisa Simpson,istafford@example.org,Other,Lake Matthewland,8/03/2024
3301,Erin Watkins,curtislucas@example.com,Male,Cortezstad,11/05/2025
696,Lisa Jensen,fballard@example.org,Male,North James,26/07/2024
6811,Stephen Rose,hamiltonivan@example.com,Female,Carrfort,4/10/2025
2223,David Crawford,leonardmiranda@example.com,Female,Williamchester,12/05/2025
955,Laurie Lane,sheilamyers@example.net,Female,South Rebecca,20/07/2025
8852,Brittany Hernandez,sonia33@example.com,Female,Rogersland,24/01/2024
2695,Patricia Turner,joncantu@example.com,Female,West Christopherfurt,12/09/2025
3491,Candace Cox,kevinmorales@example.org,Other,Lake Taylorview,28/08/2025
7821,Kevin Weaver,taylormark@example.com,Other,Williamborough,18/07/2025
3014,Kristin Eaton,daniellewebb@example.net,Other,Marquezfurt,13/06/2025
6116,Jimmy Scott,petermartinez@example.net,Female,North Martinhaven,12/12/2024
1930,Michael Thomas,urusso@example.net,Other,Danielmouth,12/03/2025
5854,Barry Aguirre,brenda41@example.com,Other,East Frederick,14/06/2024
5873,Kevin Scott,andrewglass@example.com,Male,Lake Carolstad,29/01/2024
5980,Daniel Ruiz,harrisamy@example.net,Female,East Heather,8/01/2025
9095,Ana Clark,alison36@example.org,Male,Tranborough,20/04/2025
387,Jamie Poole,elucas@example.net,Female,North Stephen,25/07/2025
3676,Clinton Noble,kerriking@example.com,Other,Harrisfurt,20/02/2025
3670,Hannah Jordan,stacey03@example.net,Male,South Jamesfort,12/09/2024
735,Mark Johnson,evanscorey@example.org,Female,Orozcoview,24/02/2025
5040,Ashley Lucas,anna74@example.com,Male,East Jimmyland,15/03/2024
9808,Gregg Watts,loriherrera@example.net,Female,New Angelafurt,22/02/2024
9576,Brian Sullivan,ichase@example.org,Other,Desireeton,16/08/2024
4148,Savannah Ruiz,gordonjason@example.com,Male,North Steven,17/04/2024
6408,Emily Moore,perkinsemily@example.com,Other,Anthonychester,11/07/2024
9777,Nicholas Hammond,sarahcraig@example.net,Other,Davisbury,13/09/2024
9646,Lauren Bishop,shannon81@example.net,Other,North Morganbury,18/04/2024
3165,Anthony Simmons,crawfordtammy@example.net,Male,Port Amanda,22/03/2024
8642,Michael Riley,walkerkristie@example.net,Female,East Debbie,12/08/2024
210,Paul Scott,deborah75@example.org,Male,North Joseph,28/12/2024
1030,Vincent Ross,gardnerpatricia@example.net,Other,Gilesview,29/09/2025
3606,Paul Collier,amack@example.org,Female,North Sabrinaton,17/06/2025
4935,Daniel Anderson,michaelstevens@example.org,Female,Charlesburgh,15/09/2025
3809,Jennifer Garza,glambert@example.net,Female,Adrianmouth,13/01/2025
2891,Richard Ellis,reynoldssheena@example.com,Other,Lake Carlosmouth,7/04/2025
6709,Michael Robinson,ferrellnicole@example.net,Female,West Stephenchester,4/11/2024
3811,Christine Watson,byang@example.com,Female,Port Jameston,28/05/2024
5009,Paul King,youngelizabeth@example.com,Male,West Michaelville,9/05/2025
1824,Alexander Keller,kimthompson@example.net,Male,New Kristenfurt,9/08/2024
3611,Alexis Carter,bryan25@example.net,Other,Howellshire,11/08/2025
4015,Stephen Garcia,emccall@example.org,Other,Pattersonberg,8/09/2024
8948,Kristin Daniel,scottrobert@example.org,Male,Samanthaland,10/04/2025
9188,Heather Anderson,kylethomas@example.org,Male,Katherineview,18/03/2025
1386,Phillip Marshall,kevin89@example.com,Other,Melissafort,9/09/2024
8603,Alan Carr,tbrooks@example.com,Female,West Tracy,18/01/2024
203,Jennifer Coleman,pmorrow@example.com,Other,Ericborough,12/11/2024
7510,Christopher Oneal,devans@example.com,Other,Port Deanna,10/06/2025
6229,Bonnie Hall,baileyjuan@example.com,Female,Julieshire,7/03/2024
4272,Mitchell Hanna,mitchelljoel@example.com,Other,Webbfurt,18/03/2025
5927,Crystal Ford,kmurphy@example.net,Female,East Craigside,26/01/2024
5694,Anthony Miller,ecarroll@example.com,Male,Pughton,7/10/2025
4763,Tyler Walker,abigail36@example.net,Female,Port Francis,13/03/2025
2596,Evelyn Fischer,fgutierrez@example.com,Other,Codyland,18/09/2025
6062,Theresa Wilson,ywhite@example.net,Male,Boydburgh,7/11/2024
3517,Alexander Fisher,bwilson@example.com,Other,Allenmouth,8/03/2025
102,Ellen Paul,umatthews@example.org,Other,Penafort,6/11/2024
4450,Kenneth Maldonado,steven52@example.net,Female,West Amystad,10/12/2024
2807,Christopher Bonilla,matthew96@example.com,Other,Jeremybury,15/07/2024
5250,Craig Baxter,dcoleman@example.org,Other,New Stevenmouth,7/04/2024
562,Connor Garcia,ubell@example.com,Male,Jamestown,9/01/2024
5782,Jason Jacobson,xdawson@example.net,Male,Kimberlyfort,21/10/2025
3201,Gavin Pena,hansenchristina@example.net,Male,Justinmouth,2/11/2024
7047,Jill Campbell,lance56@example.com,Other,Mitchellfort,30/11/2024
9952,Cameron James,christygrant@example.com,Male,South Rachel,13/07/2024
3026,Janet Hamilton,frankjimenez@example.net,Female,New Tamarahaven,20/09/2025
233,James Rodriguez,adam65@example.net,Female,Brockmouth,10/02/2025
1780,Jennifer Williams,wesleybutler@example.org,Other,Kingborough,15/06/2024
5647,Melissa Escobar,william43@example.org,Male,Jasonview,25/04/2024
7202,Jessica Quinn,barnesstephanie@example.net,Other,Lake Julieville,30/03/2025
549,Joseph House,arthur09@example.com,Other,Danielfort,2/05/2025
4033,Justin Washington,reyeswilliam@example.net,Other,Kristenmouth,1/01/2024
4903,Rodney Frank,cherylhardy@example.net,Other,Fisherfurt,29/02/2024
9064,Robert Jimenez,chadmartinez@example.com,Other,New Felicia,24/02/2024
6330,Ashley Mayer,lisafigueroa@example.net,Other,Port William,11/10/2024
3003,Dominique Baxter,mary70@example.net,Other,West Anthony,31/12/2024
8777,David Garcia,lauren96@example.net,Female,Christophertown,11/05/2025
8246,Sara Johnson,joshuadavis@example.org,Female,Rickytown,9/08/2025
9841,Darrell Rogers,markalvarez@example.org,Female,East Brooke,22/09/2024
2410,Patrick Christian,catherine46@example.net,Other,North Anna,21/04/2025
9192,Tammy Crane,rcole@example.net,Male,Christopherborough,25/08/2025
857,Tammy Jackson,wrightbrandon@example.net,Female,Donnamouth,23/07/2024
6473,Kimberly Lester,hunterbarbara@example.net,Other,North Sarah,27/08/2025
8590,Jacob Jimenez,catherine39@example.org,Other,North Joanville,6/04/2025
188,Debbie Velez,pearsonjesse@example.net,Female,East Robertburgh,7/08/2024
9538,Charlene Lin,carramanda@example.net,Male,New Pamelaport,11/03/2024
1076,Natalie Johnson,sanchezbrenda@example.org,Other,West Theodore,28/03/2025
2786,Arthur Hawkins,robertnguyen@example.com,Female,Carrside,10/03/2025
641,Barry Thompson,nicole27@example.com,Female,West Jennifer,29/10/2024
350,Amy Wells,jamiejennings@example.org,Male,Robertville,17/09/2024
1574,Seth Garcia,richard21@example.net,Other,North Tina,3/01/2025
7927,Andrew Perez,williamsoncassandra@example.org,Female,North Stephanieview,6/03/2025
3258,Ronald Lane,patrickhenry@example.net,Male,New Robertshire,2/09/2025
2883,James Mccann,sharon59@example.com,Male,Lloydville,21/06/2024
8044,Lauren Allen,qgarcia@example.net,Other,Leemouth,8/09/2024
5407,Jessica Tran,robert53@example.org,Female,East Henry,12/03/2025
7081,Rhonda Wilson,robertsjoseph@example.org,Female,Susanview,17/03/2025
9330,Howard Brooks,robertramirez@example.org,Female,Burnsburgh,5/09/2024
469,Sarah Collier,dowen@example.com,Male,Shortton,24/03/2025
6866,Scott Miller,raven08@example.com,Other,Reyesberg,14/09/2024
4506,Samuel Walker,cmorrison@example.com,Female,North Allison,16/12/2024
1185,Ryan Torres,rpeterson@example.net,Female,East Kimberly,14/02/2024
2066,Stephanie Smith,jacobroach@example.net,Other,Cooleyshire,25/07/2025
7364,Donald Flores,xvazquez@example.net,Male,Lake Kennethstad,8/07/2024
569,Mark Myers,robertsonshelby@example.com,Other,Grahamland,13/04/2024
3087,Richard Garza,maria80@example.com,Female,Lake Shirley,21/01/2024
1382,Kathleen Woods,knightjohn@example.com,Male,Sharonview,9/04/2024
8446,Johnathan Bernard,adamsashley@example.net,Female,Randyside,25/08/2025
3579,Katie Thompson,storres@example.com,Other,Lake Laura,28/03/2024
7716,Christine Henry,susanosborne@example.net,Other,Jamesberg,5/08/2024
5644,Anna Hunt,hannahblack@example.com,Male,Jeffreyfort,10/09/2025
3174,Felicia Clark,anthonythomas@example.net,Male,Jasonside,4/07/2025
5741,James Allen,austincampbell@example.net,Male,South Williamstad,11/06/2025
6407,Adam Perry,yorkcarol@example.net,Female,Annatown,1/06/2025
5770,Kathy Conway,vickie83@example.com,Female,Lake Kimberlymouth,16/03/2024
2959,Charles Fernandez,pottsmichael@example.org,Other,South Joshua,14/06/2025
1355,Andrew Nelson,jimmywest@example.org,Other,Port Annachester,2/07/2025
8320,Wendy Zimmerman,johnsonmichael@example.net,Male,South Andrea,16/07/2024
4091,Ashley Ward,jeremy56@example.com,Male,Lake Dylanbury,20/01/2025
2899,Alexander Bradley,lucasolivia@example.com,Other,Mooreview,1/12/2024
2819,Melissa Brown,howellglenn@example.org,Female,North Elizabethville,17/02/2025
3982,Alyssa Evans,thomasmendoza@example.com,Female,Brianbury,29/08/2025
520,Sandra Mendoza,probles@example.org,Female,Mooremouth,24/07/2025
6225,Jesus Kaufman,paul76@example.net,Other,Schmidtborough,27/12/2024
9941,Sean Gonzalez,kellerkristen@example.org,Female,Mitchellfort,27/05/2025
9709,Marcus Payne,gordonlisa@example.net,Male,Lake Gregorybury,10/07/2024
1618,Jacob Thompson,martinmark@example.net,Female,Wolffort,27/10/2024
4941,Sean Jordan,andreahogan@example.net,Female,West William,14/05/2024
6574,Dylan Maldonado,michelle11@example.com,Male,Wilsonstad,6/07/2025
395,Carlos Garcia,wlynn@example.org,Other,North Justin,17/07/2024
1696,Gregory Anderson,wesleyjohns@example.com,Female,Brandonchester,10/10/2025
26,Leon Baker,emilyevans@example.com,Male,North Stephenshire,3/04/2025
774,April White,alicia77@example.com,Female,Biancashire,12/09/2024
156,Stacy Johnson,erikarush@example.com,Other,Hinesshire,4/09/2024
3620,Alexander Kim,prodriguez@example.org,Other,Katherinefort,23/05/2024
1488,Linda Willis,msantiago@example.net,Female,Codyfort,20/06/2024
8531,Cynthia Rodriguez,emilymontgomery@example.org,Other,Port Jeffreyside,27/07/2025
118,Nicole Moore,craigjoseph@example.net,Male,Tuckermouth,11/02/2025
8761,Sandra Gaines,xsanchez@example.net,Female,East Paul,3/01/2025
6314,Tanya Ryan,matthewcarlson@example.org,Male,Rogersbury,4/06/2024
4310,Michael Glass,marypatrick@example.net,Male,New Beverly,20/09/2024
2167,Sherri Garcia,angelica96@example.org,Female,Lake Vanessastad,19/10/2024
505,Debbie Davis,whitebrenda@example.net,Male,South Robert,13/11/2024
3207,John Patrick,lindsey64@example.net,Male,East Christina,25/04/2025
2465,William Houston,snydergeorge@example.org,Female,Stanleystad,13/02/2024
5667,Joseph Carter,randyhenry@example.com,Male,North Ricardo,11/07/2024
8076,Melanie Sullivan,brendaanderson@example.com,Other,South Elizabethbury,15/06/2025
3758,Tyler Lewis,paulwhitaker@example.com,Other,Morrisborough,10/04/2025
6836,Megan Hansen,zhayden@example.net,Other,Lake Donaldshire,25/09/2025
2603,Nancy Andrews,tiffanyboone@example.net,Other,East Bryanmouth,16/04/2025
9346,Gabriel Mcintosh,lloydrebecca@example.net,Other,Aguilarmouth,4/05/2025
9596,Douglas Woods,jonathanwarren@example.net,Male,East Nicole,3/05/2024
2587,Cristian Tanner,kaitlynwest@example.com,Female,Simmonsport,29/02/2024
4776,David Cox,frankwilson@example.com,Female,Lake Jameshaven,28/10/2024
5838,Charles Roberts,reevesandrew@example.org,Male,Rebeccamouth,8/04/2025
2660,Sean Moran,jessica79@example.com,Other,West David,13/11/2025
1593,Daniel Carey,danieldaniel@example.com,Other,Port Robert,19/07/2024
6240,Jesse Castillo,dbarnes@example.org,Female,Robersontown,18/08/2024
1669,Amy Smith,josephross@example.net,Male,New Blake,7/07/2024
5058,Alexis Graham,michaelsloan@example.net,Male,Cindyland,5/02/2025
3119,Brandon Gillespie,davidjackson@example.org,Female,Josephton,3/02/2025
6275,John Kerr,sean88@example.org,Other,Markville,5/04/2025
6698,Christine Foster,suzanne40@example.org,Female,Stephenshire,19/08/2024
9889,Rachel Allen,kimberlyhernandez@example.net,Male,Lake Ericaborough,19/03/2024
6,Michael Santiago,lynchgeorge@example.net,Male,East Steven,21/04/2024
2688,Sandra Jones,danasanders@example.org,Other,Stephaniefurt,19/10/2025
8331,Renee Browning,jamie23@example.org,Female,Davidville,1/08/2025
3112,Derek Anderson,castillokenneth@example.org,Female,Kristyview,28/05/2025
7336,Amanda Atkins,johnluna@example.org,Female,South Arthurhaven,4/09/2024
9390,Madison Briggs,wilsonjonathan@example.com,Male,Morrowborough,12/07/2024
6706,Jason Howard,schneidersabrina@example.com,Male,Taylorhaven,20/09/2025
716,Paige Weber,zterry@example.net,Other,Roweport,16/03/2025
149,Sherry Johnson,bradleygonzalez@example.org,Female,Sarahhaven,4/05/2025
4545,Scott King,david47@example.org,Other,West Nancyhaven,1/06/2024
4151,Alexander Fletcher,kelsey80@example.com,Male,New Patricia,12/09/2024
1760,David Preston,eileenhudson@example.com,Male,Biancastad,19/04/2025
4834,Harry Wilson,hjimenez@example.net,Other,East Aaron,21/10/2025
4894,Luke Molina,vgarrett@example.org,Female,Lewisville,23/08/2025
4085,Joshua Schneider,jeremy29@example.net,Male,Michaelmouth,9/11/2024
9528,Nicholas Mooney,jennifercoffey@example.org,Female,Ryanchester,13/11/2024
886,Michael Barnes,patty20@example.org,Female,Lake Julieborough,10/07/2024
514,Nicholas Jones,ebridges@example.com,Male,Taylorview,9/09/2024
7260,Aaron Abbott,rsalazar@example.org,Male,Jonesview,19/09/2024
4308,Benjamin Blake,sonyareese@example.org,Female,Thomasmouth,19/01/2024
9464,William Nelson,tonyjones@example.com,Female,Kirkville,9/06/2025
8062,Joel Frey,nathan57@example.org,Female,Lake Kimberlymouth,9/12/2024
4724,Robert Garcia,jasondiaz@example.net,Female,Annastad,30/11/2024
3742,Brandon Carney,jacob14@example.net,Male,Ryanton,6/04/2025
4181,Adrian Fitzgerald,hannahclay@example.com,Female,East Susan,15/10/2025
5260,Leslie Reed,duncanelizabeth@example.org,Female,Jessicaland,13/04/2025
5658,Charles Mitchell,ndavis@example.com,Other,Samuelbury,12/04/2024
2798,Joseph Montgomery,osmith@example.org,Male,Lake Jeremyport,3/10/2025
1429,Teresa Esparza,cranekevin@example.com,Other,Port Earlbury,24/07/2024
6570,Angelica Rogers,williamgriffith@example.com,Other,West Toni,2/10/2024
4471,Adam Thomas,gardnervanessa@example.com,Male,West Sara,7/05/2024
4610,Justin Ryan,vfloyd@example.com,Female,North Amandaland,16/10/2025
6395,Lawrence Patterson,johnstoncolleen@example.com,Female,North Taraberg,7/08/2025
235,Tanya Carter,yfaulkner@example.org,Male,Nicholasfurt,21/10/2025
2594,Jose Evans,maria03@example.com,Other,Juliantown,20/08/2024
2381,Tony Munoz,brownandrew@example.net,Other,Russellfurt,30/11/2024
3497,Steven Lindsey,nicolewade@example.net,Female,West Janestad,18/08/2025
6952,Brian Frost,marroyo@example.net,Female,North Michael,24/08/2024
6362,Christopher Porter,ldavis@example.net,Female,Josephburgh,7/09/2025
2270,William Gutierrez,wendylee@example.com,Other,Smithfort,12/08/2024
8450,Thomas Stewart,mark76@example.org,Male,Williamside,29/06/2025
1438,Cheyenne Taylor,qobrien@example.org,Female,South Catherineport,19/02/2024
3952,Elizabeth Perez,delacruzmelissa@example.org,Female,Chenview,27/02/2024
4194,Amanda Paul,kmueller@example.org,Male,North Jonathan,24/08/2024
1640,Nathan Lawrence,nathan62@example.org,Other,Timothyville,2/03/2025
6573,Melissa Grant,athomas@example.org,Female,North Bryan,6/04/2024
8636,Sheila Cox,wgordon@example.com,Male,Higginsfurt,8/02/2025
4670,Monica Grimes,johnfowler@example.net,Male,West Kevin,24/04/2025
6269,Kevin Bradford,brownkristy@example.com,Female,Glennfort,25/09/2025
3943,Megan Logan,stephanie54@example.net,Other,Adamton,25/01/2025
5825,Megan Casey,veronicabyrd@example.net,Female,East Brian,6/09/2025
9659,Nicholas Peck,thomasdanielle@example.com,Other,Lake Maryberg,29/06/2025
2335,Margaret Gardner,christopher01@example.com,Male,Burketon,11/07/2024
3568,Sarah Allen,richard05@example.net,Male,Leechester,12/06/2024
6111,Scott Mills,ryanlewis@example.com,Male,Lake Barryhaven,26/05/2025
7118,Melanie Bryant,hansenwilliam@example.com,Female,South Williamchester,5/11/2024
5203,Seth Nelson,smiththomas@example.net,Other,East Susan,28/06/2024
6289,David Sanders,riverasabrina@example.net,Other,North Amy,17/09/2024
1783,Nicholas Franklin,brandisosa@example.org,Female,Port Anthonybury,17/11/2024
3132,Steven Stone,kfreeman@example.org,Other,Kristinachester,30/11/2024
2350,Sally Clark,kimberly42@example.org,Other,Littleland,4/10/2025
1970,Garrett Williams,carlos23@example.org,Male,Lake Denisemouth,29/06/2024
2274,Jacqueline Goodwin,tiffanymcguire@example.org,Other,South Amanda,21/03/2025
2714,Rebecca Moreno,nguyenterri@example.com,Other,Tarastad,20/10/2025
3618,Maria Sullivan,kathrynbaxter@example.org,Other,New Tara,21/08/2024
4815,Micheal Salazar,elee@example.net,Male,Bellton,19/10/2025
1387,Paul Pitts,taylordavis@example.com,Male,Amandaland,15/12/2024
3657,Jeremy Marquez,kara91@example.org,Other,Johnbury,22/11/2024
8303,Benjamin Dean,pking@example.org,Male,Matthewberg,24/05/2024
3256,Traci Mcfarland,diamond43@example.net,Male,West Paul,12/09/2024
6810,Scott Guerrero,debra61@example.com,Other,East Davidberg,4/02/2025
1081,Donna Bailey,xbush@example.com,Female,Burkebury,16/10/2025
9437,Kendra Torres,leedanielle@example.org,Male,Lake Joseland,7/02/2024
8083,Ryan Young,michael71@example.org,Male,Lake Molly,9/11/2024
2949,Janice Harrison,davidkimberly@example.org,Other,East Andrea,29/12/2024
7743,Melissa Luna,tiffanyjimenez@example.com,Male,West Kristenfurt,27/03/2025
4087,Robin Castillo,dorisphillips@example.net,Other,South Shannonland,7/05/2025
6928,Cesar Malone,summersdarlene@example.com,Other,Sarahstad,17/08/2024
3266,Heather Jones,troy09@example.org,Male,Mooreview,9/12/2024
3786,Barbara Valencia,lauravelazquez@example.com,Other,New Danny,13/10/2025
866,Gloria Reeves,douglasbradley@example.com,Female,Lake Daniellestad,26/06/2024
1353,Jessica Hernandez,sandersnicholas@example.org,Other,Reynoldsmouth,24/11/2024
1695,Paul Goodwin,murraymichael@example.net,Female,West Tonya,6/02/2025
6117,Tammy Hernandez,rebeccaclark@example.org,Other,South Jacquelinehaven,31/07/2025
244,Frank Riggs,zacharyarnold@example.com,Male,Mullenbury,8/04/2025
3727,Tiffany Tran,gcruz@example.org,Female,Garciaborough,3/09/2025
6762,Sara Beard,agonzalez@example.org,Female,North Alanborough,6/07/2024
9439,Michelle Pitts,kmejia@example.com,Female,Forbesport,19/04/2025
1887,Mary Nunez,nortongregory@example.net,Female,Ramoshaven,28/05/2025
5289,Austin Thompson,kevinpierce@example.net,Female,Wellston,21/10/2024
2981,Michele Stevens,charlesbennett@example.net,Male,North Preston,1/09/2024
9614,Gregory Morton,xlawrence@example.com,Female,South Rachel,26/07/2024
6315,Julie Turner,nmendez@example.net,Other,West Isaacbury,19/10/2025
566,Bryan Price,scottlisa@example.org,Female,Jonesborough,8/07/2024
1094,Lisa Daugherty,hoffmanjared@example.com,Other,North Donald,15/08/2024
6899,Christopher Stephens,nelsontimothy@example.org,Other,Jamesfort,22/10/2024
324,Joseph Pena,rjohnson@example.com,Female,New Charlotte,23/08/2025
1762,Maria Jones,triciaedwards@example.org,Male,Whiteville,8/03/2025
6806,Maria Carr,bensonrobin@example.org,Other,Hubbardstad,26/11/2024
9916,Michael Phillips,williamsellen@example.com,Female,Joshuabury,29/08/2024
1457,Charles Moore,farrellaaron@example.org,Other,Port Kayleeview,13/03/2025
5775,Cindy Castaneda,kaitlyn73@example.org,Other,Carterside,7/04/2025
3652,Christina Brooks,johnhopkins@example.com,Male,Port Ronaldmouth,1/06/2025
4377,Dennis Alvarado,melinda28@example.com,Other,West Amanda,6/11/2024
2575,Kimberly Gray,jessemedina@example.net,Other,East Jeffrey,2/10/2024
8252,Jennifer Simmons,michelethomas@example.org,Female,South Tiffanystad,17/08/2025
3782,Brandon Fernandez,richard45@example.org,Female,Amytown,26/12/2024
4704,Jodi Ballard,harrisdanielle@example.net,Other,Port Wanda,28/03/2025
615,Douglas Turner,carl96@example.org,Other,South Danielleview,12/02/2025
6130,Kirsten Carlson,hgarza@example.net,Male,Stephentown,29/10/2025
7529,Deborah Brown,rmoore@example.net,Male,Ashleyview,1/08/2025
8947,Kelli Scott,gjones@example.com,Other,West Laura,15/03/2025
7220,Amanda Roy,smithrobert@example.com,Other,Port Sandramouth,5/09/2024
208,Shelly Powers,heather62@example.com,Male,Whiteside,27/10/2025
4404,Kristen Phillips,nicholasgallegos@example.net,Male,Port Brittanymouth,28/10/2024
7036,Kimberly Paul,kathleenrodriguez@example.com,Female,Lake Rebecca,7/11/2025
9700,Gary Beltran,chendavid@example.org,Male,Lake Whitneymouth,29/01/2024
5471,Brittney Cantrell,millertony@example.com,Female,Lopezbury,2/04/2024
6910,Jeffrey Krueger,connor16@example.org,Female,Hawkinsport,1/08/2024
8930,Sara Richardson,richard38@example.net,Female,Jacobburgh,16/11/2024
6058,Melissa Hines,nguyentiffany@example.net,Other,Patriciaside,27/10/2024
4854,Angela Flowers,patrickgonzalez@example.org,Female,Pachecochester,5/03/2025
7174,Stephen Chapman,rebeccalowe@example.com,Female,Fletcherfurt,1/11/2024
5941,Steven Cordova,coxbarbara@example.org,Male,East Stephenbury,22/10/2024
5535,Michelle Hicks,nguyenjennifer@example.org,Male,South Devinland,2/11/2025
7313,Joseph Gonzalez,perezdonna@example.org,Female,West Carlhaven,6/01/2025
8557,Brittany Robinson,seth92@example.com,Other,Lake Williamstad,22/11/2024
4080,Marilyn Lucas,bmorgan@example.net,Male,Brucemouth,16/06/2024
9502,Adam Moore,james80@example.com,Other,Port James,25/10/2025
9531,Kristin Bradford,alvaradobrian@example.org,Female,Jeffberg,14/07/2025
8586,Kimberly Smith,welchvincent@example.com,Male,Adamville,10/06/2025
4260,Teresa Jennings,wcaldwell@example.org,Male,Phillipmouth,14/01/2025
2498,Jessica Burns,ericwheeler@example.org,Male,Bradleyland,23/05/2025
7923,Sarah Lucero,xweaver@example.org,Female,Maryville,23/05/2025
1558,Robert Thomas,jeffrey44@example.org,Female,Alexanderport,30/10/2024
2902,Shawn Morse,eric80@example.net,Other,New Laura,8/12/2024
6997,Tina White,christina88@example.net,Female,Nicolemouth,23/05/2024
1136,Mike Morgan,bishopkaren@example.org,Male,East Vincent,9/06/2025
9469,Gerald Michael,arthurcline@example.org,Other,South Andrewborough,9/12/2024
2420,James Gutierrez,ukane@example.com,Male,West Taraside,18/05/2024
4931,Krista Mitchell,martha49@example.org,Female,Danielsport,14/10/2024
9406,Cathy Stout,allen14@example.net,Female,New Catherineville,7/05/2024
3998,Richard Jackson,melissa43@example.com,Other,Port Joshuafort,18/10/2024
9616,Richard Ellis,kwang@example.net,Other,Rogerston,17/08/2025
231,Paul Miller,ashleyjackson@example.com,Female,East Joseph,18/07/2024
1727,Richard Taylor,gregory29@example.com,Other,Williamland,2/05/2025
1966,Tracie Mccormick,rcombs@example.net,Other,East Kevinborough,18/10/2025
9037,Debra Hinton,grice@example.com,Other,North Stacy,7/11/2025
2493,Kristen Young,jonathanruiz@example.com,Female,Grayburgh,13/01/2025
1170,Katherine Peterson,crivera@example.net,Male,Ashleyton,29/05/2025
282,Jennifer Nelson,duncandavid@example.net,Other,East Jeffreyhaven,11/10/2024
5780,Michelle Peterson,klove@example.net,Female,Dayhaven,14/05/2024
6024,Erin Cook,rebecca05@example.org,Male,New Courtneychester,20/07/2025
213,John Morris,oscar85@example.com,Female,Michaelfort,28/09/2024
5790,Thomas Barker,dmoore@example.org,Female,Tammyshire,31/01/2024
1003,Wayne Mullen,stephaniereeves@example.org,Other,South Brenda,21/06/2025
5643,Michelle Lopez,alexrobinson@example.net,Female,Angelastad,10/07/2025
9601,James Rhodes,palvarado@example.net,Female,Port Brett,27/09/2025
2225,William Hendrix,yware@example.com,Male,Danielport,10/05/2024
1995,Julia Cline,raven03@example.org,Other,North Andrewside,14/04/2025
7888,Noah Combs,bjones@example.net,Female,Lake Brendaborough,30/06/2025
6907,Mallory Castillo,matthew34@example.net,Other,Lake John,29/11/2024
6772,Brett Pennington,wagnerlauren@example.org,Male,Leblancville,17/01/2024
5715,Peter Copeland,qpatrick@example.org,Other,Port Ian,4/07/2024
7292,Christy Irwin,fmcguire@example.org,Male,North Davidton,6/07/2025
1666,Kimberly Stevens,owhite@example.org,Male,Milesport,30/08/2024
1639,Christina Velez,kfrye@example.net,Male,Richardsonport,26/03/2024
4262,Ricky Beltran,kellerjames@example.org,Male,Graytown,20/07/2025
348,Jessica Anderson,lawrencegary@example.com,Other,South Nancyview,5/06/2024
1310,Daniel Martinez,jamesreese@example.org,Male,North Jennifer,21/06/2025
6288,Troy Spencer,jwhitaker@example.org,Male,Copelandfort,8/11/2025
1609,Christopher Bryant,rachelcastillo@example.com,Male,Juliestad,20/12/2024
3668,Jason Fowler,mary28@example.net,Male,Adamborough,19/12/2024
4827,Jessica Rodriguez,bmoon@example.net,Other,Cameronton,24/06/2025
9054,Wendy Burns,mcastillo@example.net,Female,Garciaton,13/04/2025
7881,Jeremiah Reed,pmay@example.com,Male,East Angelaside,18/09/2024
5298,Christopher Newman,halljacob@example.com,Female,West Claire,14/02/2025
2010,Michelle Sanders,browncarolyn@example.org,Female,West Ronaldtown,15/07/2024
4017,Daniel Moore,juliedean@example.net,Male,East Roberto,28/06/2025
8041,Kenneth Foster,pwilson@example.net,Male,East Jasmineshire,17/11/2024
7781,Douglas Smith,johnsonbenjamin@example.net,Male,Elizabethfurt,24/08/2025
7246,Philip Green,bcox@example.org,Other,East Mitchell,7/11/2025
2505,Pamela Greer,seanjones@example.com,Female,East Johnfurt,31/01/2024
4124,Jeffrey Boone,david79@example.net,Female,Ramoschester,17/02/2025
3948,Mark Johnson,danielbentley@example.com,Other,Port Tylerland,8/09/2024
1607,Catherine Johns,simsclaire@example.org,Male,Rodgersland,27/03/2024
6003,Erin Shaffer,elizabethbanks@example.net,Male,Gordonfurt,14/10/2024
4118,Nathan Chavez,steven66@example.com,Male,Khanberg,25/09/2024
567,Gregory Vasquez,amberreynolds@example.net,Other,South Jenniferville,21/02/2025
4760,Brittany Smith,williammartin@example.com,Female,South Bradleyville,9/11/2025
9274,Gary Mccormick,revans@example.net,Other,West Michael,25/05/2024
9501,Nancy Branch,pamela72@example.org,Female,Mathisview,4/10/2024
6001,Lisa Salinas,sjohnson@example.org,Other,Gonzalezberg,31/03/2025
4799,Elijah Moore,melinda65@example.net,Male,Troybury,13/08/2025
5665,Victor Banks,franklinmark@example.org,Male,West Georgeside,15/06/2024
3346,Samuel Downs,kaitlindiaz@example.org,Female,Elizabethmouth,20/06/2025
4753,Michelle Neal,brittany13@example.net,Female,Zamorahaven,2/09/2024
920,Antonio Potter,alexwall@example.net,Other,Spencerview,25/08/2025
9847,Jacqueline Wilson,maciasgeorge@example.net,Female,Grahamville,27/01/2024
1070,Keith Tucker,nicoleroberts@example.com,Female,East Elizabethberg,23/04/2024
2629,Rachel Palmer,tnichols@example.net,Male,Washingtonchester,29/01/2024
551,Amber Riley,bergeramanda@example.org,Male,Gibsonfort,12/04/2025
6000,Jesse Nguyen,sullivanzachary@example.org,Other,New Lauren,27/09/2025
3060,Martin Kim,transcott@example.com,Female,Ramosshire,21/01/2024
467,Alexandra Jones,gregoryjohnson@example.org,Male,Leeton,16/03/2024
9365,David Moore,ojohnson@example.net,Female,Sosaville,11/11/2024
6953,John Parsons,brittany92@example.net,Male,West Bethany,11/02/2024
1259,Jasmine Koch,qdavis@example.com,Female,East Michael,30/08/2024
4801,Sara Preston,marissaharris@example.org,Other,Samuelmouth,14/11/2025
7273,Brittany Jones,patricia09@example.com,Other,Davisview,31/08/2025
4747,Rodney Hill,kathleenvelasquez@example.org,Male,Kristinside,13/09/2025
7045,Heidi Miller,maryford@example.org,Other,Garzafurt,16/11/2024
24,Wesley Farrell,brianromero@example.org,Male,New Carlosbury,3/02/2025
154,Rhonda Mendez,yhill@example.org,Other,Lake Danastad,12/05/2025
7231,Kelly Murray,amanda88@example.com,Female,Kellimouth,17/06/2024
2297,Teresa Paul,matthew34@example.com,Female,Nancyfurt,9/08/2024
9776,Keith Bell,scottpamela@example.net,Male,Lake Ray,1/11/2025
1591,Patricia Holloway,housedaniel@example.com,Male,Martinborough,23/08/2025
6196,Rachael Moore,pottsdonna@example.org,Male,West Michelle,23/06/2024
9757,Elizabeth Barajas,lopezkristen@example.net,Male,Obrienchester,23/09/2025
3085,Pamela Mack,jonathan60@example.net,Female,Lake Cherylville,5/10/2025
4817,Tammy Howell,kmoore@example.net,Other,Chadton,6/07/2024
1409,Carrie Jones,adamskrista@example.net,Female,Port Stevenstad,19/10/2025
588,Todd Zamora,javierlynch@example.org,Other,Brooksmouth,18/11/2024
1001,Keith Grant,kevinroberts@example.com,Other,South Blakeport,23/12/2024
1172,Kevin Marquez,eric22@example.net,Female,Micheleview,23/01/2025
4602,Jessica Young,jasonarnold@example.com,Female,East Daniel,29/09/2025
9711,Melissa Francis,holtmaureen@example.net,Male,Sullivanbury,7/05/2025
5846,Melissa Shaw,donald16@example.net,Male,Stewartport,13/11/2025
7466,Donald Spencer,rubenroberson@example.org,Other,New Sarahport,10/06/2024
7103,Greg Nguyen,april53@example.org,Male,Ryanton,19/08/2024
197,Anne Brown,ashleyhernandez@example.com,Male,Wilsonborough,23/02/2024
7614,Jason Simon,jmay@example.org,Male,Alisonport,10/04/2024
5318,Nicole York,colewesley@example.com,Other,Davidfurt,13/10/2024
6319,Valerie Murray,rosalesjenna@example.org,Female,West Geraldton,14/09/2025
7464,Douglas Young,elizabeth91@example.com,Male,Lake Kathy,7/08/2025
7419,Benjamin Petersen,nancy85@example.com,Male,Port Sabrina,23/01/2024
5224,Christopher Franklin,scotthinton@example.com,Other,Hunterborough,13/06/2024
2528,Lauren Dickerson,richard31@example.com,Other,Port Clinton,24/05/2024
9888,Keith Hanna,jamesmyers@example.org,Female,Prestonchester,19/11/2024
6737,Jessica Richards,laurenthomas@example.net,Male,South Jeffrey,22/06/2024
8193,Sherry Gomez,christine66@example.com,Other,Ninamouth,26/10/2024
6652,Kelly Johnston,jking@example.org,Female,Kimberlyshire,16/08/2024
942,Roy Richmond,franklin56@example.com,Male,Nicholsburgh,4/09/2025
8620,Cory Fowler,deansandra@example.com,Male,Phillipsland,25/03/2024
224,Harry Jefferson,alibrenda@example.net,Male,Hickmanport,26/03/2025
7602,Lauren Jones,nathan56@example.com,Other,Padillaside,2/07/2025
3706,Scott Haney,elizabeth70@example.com,Male,New Sophia,22/03/2024
1302,Sabrina Rodriguez,suzanneflores@example.net,Female,West Carriefort,8/04/2025
262,Tammy Summers,sadams@example.com,Male,New Melissa,29/09/2024
7233,Robin Lopez,james64@example.net,Female,South Ernestburgh,7/11/2024
9018,Kristina Rivera,gjordan@example.net,Male,South Robert,18/10/2024
5468,Peter Patel,ricardomitchell@example.net,Other,Kevintown,17/03/2024
2462,Michael Davis,hmiller@example.com,Female,Williamsstad,16/08/2025
5916,Tiffany Hall,sheilagarcia@example.org,Female,Jenniferburgh,25/03/2025
8298,Kevin Hanson,dustin71@example.org,Female,West Erictown,9/06/2024
6025,Mark Lopez,hmyers@example.com,Male,South Joseph,15/08/2024
5582,Carrie Day,zwilliams@example.org,Male,Thomasmouth,24/01/2024
6222,Anthony Hardy,tara06@example.org,Male,Jessicatown,15/05/2024
1074,Linda Garner,jessicamurphy@example.net,Other,Joshuahaven,24/10/2025
512,Mary Evans,williamsrobert@example.org,Male,Lake Justin,1/04/2025
2219,Traci Lewis,jackchang@example.net,Male,East Trevor,23/06/2025
4842,Jonathan Gross,david49@example.com,Male,Barkermouth,19/10/2025
7665,Sarah Richardson,joseph41@example.com,Other,Parkerville,1/06/2024
2128,James Frazier,heathersteele@example.net,Female,Archertown,26/01/2025
4667,Michael Young,alexis33@example.org,Female,Garciaport,8/02/2025
3578,Nichole Massey,robinsonjulie@example.com,Female,North Jeffery,30/06/2025
5051,Alexis Miller,emilymendoza@example.com,Other,New Hailey,16/01/2025
5632,Jessica Williams,glawrence@example.org,Other,Andrewmouth,31/01/2024
8734,Melissa Jordan,kyleyoung@example.net,Female,Camachoton,22/01/2025
3138,Jane Smith,cooperrebecca@example.org,Male,South Shawnshire,18/07/2025
1778,Jennifer Haynes,jillnavarro@example.org,Other,Lake Jaredton,29/01/2025
447,Elizabeth Dalton,michelle78@example.com,Male,Taylorside,20/01/2024
9497,Elizabeth Williams,amanda54@example.org,Female,Ianland,13/01/2024
9691,Danielle Obrien,jonathanlee@example.org,Male,West Michelle,22/12/2024
9887,Brandon Flores,cheryladams@example.org,Male,North Tanya,3/06/2025
1077,Jacob Crawford,jamesliu@example.net,Female,North Ryan,27/11/2024
5263,Joe Black,udawson@example.net,Female,New Laurentown,31/10/2025
6029,Charles Thompson,jeremy46@example.org,Other,West Meganmouth,27/03/2025
5401,Jessica Bell,cbautista@example.net,Male,New Patricia,25/07/2024
4738,Courtney Morrison,hamiltonmichael@example.com,Female,Douglasside,25/01/2025
2463,Adam Morrison,joseph28@example.com,Female,Baileymouth,13/06/2025
9743,Karen Walker,calebhernandez@example.org,Male,Lake Victoria,21/07/2024
586,Darren Jacobson,uwatkins@example.com,Other,Lake Erica,27/11/2024
7703,Jennifer Bennett,martinchristopher@example.net,Male,Port Sharon,1/08/2024
753,Christopher Armstrong,mooneyjeremiah@example.net,Other,Rosariobury,13/05/2024
815,Sandra Larson,angelathompson@example.com,Other,Torresport,3/06/2025
4406,Kevin Castillo,jenniferbutler@example.com,Other,Lake Sandrafort,24/10/2025
4357,Adriana Anderson,zlong@example.org,Other,Adrianville,8/05/2024
5116,Laurie Henderson,csanchez@example.org,Other,Lake Amystad,8/02/2024
2286,Elizabeth Hughes,thorntonjonathan@example.net,Other,Lake Tommy,27/07/2025
2482,Victoria Jackson,jack74@example.org,Female,Pittmanfurt,20/01/2024
1781,Tracey Brown,sarahgonzales@example.com,Female,Raymondshire,2/01/2024
1985,Christopher Best,aguilarkevin@example.com,Male,Warefurt,3/07/2024
5520,Gilbert Coleman,austinpatricia@example.org,Male,New Laura,5/06/2025
337,Robert Price,aguilarwanda@example.org,Other,Jessicabury,26/06/2024
749,Troy Arnold,cameronanderson@example.org,Male,West Sarah,24/01/2025
3754,Alan Reeves,zachary72@example.com,Female,Lake Greg,30/03/2025
5028,Ryan Patel,teresascott@example.org,Female,Thomasmouth,5/10/2025
1944,Tammy Schaefer,tylerlaura@example.org,Female,Crawfordburgh,23/07/2024
2560,Brianna Hill,rlewis@example.com,Male,Estradahaven,8/02/2025
5191,Amy Burns,vdaugherty@example.net,Other,Ashleyfort,14/10/2025
6908,Steve Phillips,ewilliams@example.net,Female,New Kathleenton,8/04/2025
1063,Nancy Smith,barneskathy@example.net,Male,Newtonberg,7/09/2025
565,Sandra Hill,qschwartz@example.com,Other,Fernandoland,12/03/2025
5727,Melissa Sampson,hughesbrent@example.org,Female,Robertsonside,14/02/2025
8160,Billy Horne,loriarnold@example.net,Female,Karenland,14/11/2025
5029,Daniel Gardner,williamsjason@example.org,Other,East Pamela,11/10/2024
3058,Anita Smith,karen34@example.com,Female,Aliport,12/03/2025
4783,Pamela Castro,dennis06@example.com,Female,East Diane,5/12/2024
1376,Alicia Benson,barnesarthur@example.com,Other,Jonesland,15/01/2024
6770,Jessica Holmes,jkim@example.org,Male,Dickersonborough,6/07/2025
7799,John Waller,rmartin@example.org,Other,Vincentfurt,2/08/2024
1570,Erin Flores,morganashley@example.com,Other,South Kristenshire,1/05/2024
2083,Anne Yang,daviddecker@example.com,Female,Christophershire,19/01/2024
7660,Matthew Franklin,longjason@example.org,Female,Lake Melissa,10/04/2024
1923,Keith Floyd,carla96@example.com,Female,North Melanie,26/07/2024
6736,Ryan Wood,sarah39@example.com,Male,Campbellberg,5/10/2025
9193,Bryan Carney,helen55@example.net,Male,Underwoodmouth,2/05/2025
4933,Richard Ruiz,thomaswatson@example.net,Other,Schmidtport,10/08/2025
4822,Robert Williams,smithricardo@example.net,Male,Ruizton,1/12/2024
3756,Melissa Dodson,danny19@example.com,Other,Lake Martin,19/12/2024
4774,Thomas Grant,charlescrosby@example.org,Female,Port Samuel,2/11/2025
703,Carrie Kirby,sanderson@example.net,Male,Moyerstad,19/08/2024
3317,David Smith,dawnbeck@example.com,Female,Lake Jamie,23/05/2024
8881,Eric Baker,tgarcia@example.org,Female,Port Tammymouth,27/04/2025
429,Raymond Goodman,charles27@example.com,Male,Jefferyshire,15/07/2024
1436,Samantha Graves,williamspatricia@example.com,Female,North Wendyland,9/04/2025
8536,Patricia Charles,ywatson@example.net,Other,Kathrynstad,5/11/2024
8321,Stacy Hunt,brownnicholas@example.com,Other,West Charles,31/07/2024
242,Robert Nixon,guerrajessica@example.com,Male,Matthewborough,12/03/2024
6380,Charles Bryant,hansonlinda@example.net,Male,Lake Lauraland,4/04/2025
8705,Daniel Brooks,jonesamanda@example.org,Other,East Brianstad,5/05/2024
2156,Tammy Wyatt,denniswilliams@example.com,Female,New Alice,12/07/2025
535,Samantha Rivera,shawn01@example.com,Other,West Timothyburgh,5/05/2024
8803,Megan Oneill,cclements@example.net,Male,Higginsshire,20/06/2024
6863,Kristina Castillo,joseph17@example.org,Female,South Kenneth,12/07/2024
1647,Yvonne Lara,catherinemoore@example.com,Other,Maryfurt,16/08/2024
2221,Anthony Lang,clarkmichael@example.org,Female,Salinasmouth,14/05/2025
8198,Joseph Huynh,mcguirewilliam@example.com,Female,Jessefurt,27/03/2024
1537,Cody Francis,bdeleon@example.org,Male,Port Veronica,21/12/2024
6649,Derrick Duncan,aruiz@example.net,Female,Gonzalestown,28/04/2025
507,Jasmin Walters,millspatrick@example.net,Female,South Andrea,3/03/2024
8422,Melissa Jones,james05@example.net,Female,Aliciatown,11/07/2024
772,Kathryn Matthews,kristine53@example.org,Female,Moniquehaven,21/09/2025
8556,Anita Floyd,iolson@example.com,Female,Lake Brianshire,23/05/2024
2340,Timothy Joyce,tuckersheila@example.net,Male,East Samanthafurt,11/02/2024
301,Kylie Mclaughlin,barbaramcgrath@example.com,Male,Savannahburgh,31/12/2024
4104,Kent Simpson,nhobbs@example.com,Male,Port Stevenstad,25/05/2024
9676,Kenneth Ruiz,oleon@example.com,Other,Jamesville,23/01/2025
7429,Allison Noble,glennralph@example.org,Female,Rhondabury,14/03/2024
4947,Suzanne Lambert,jacquelineolson@example.net,Other,New Brandonshire,6/08/2025
58,Deborah Smith,gshort@example.com,Female,Cynthiamouth,17/02/2024
3635,Mikayla Davis,joshua54@example.org,Female,West Amber,31/01/2025
411,Robert Thomas,cindydixon@example.org,Other,Sandrashire,30/05/2024
3381,Debra Black,rnguyen@example.net,Other,Stefanietown,16/10/2024
8413,Ian Williams,kimberly09@example.org,Other,Emilyberg,20/05/2025
4740,Stephen Miranda,millerpatricia@example.com,Female,East Rodney,30/05/2025
9430,Jennifer Moreno,cheryl35@example.org,Other,Martinezton,26/02/2024
8334,Crystal Larsen,medinajoe@example.net,Female,North Davidmouth,16/09/2024
4179,Ann Boone,adam46@example.net,Female,Millerbury,22/03/2025
8670,Michael Avila,frank47@example.com,Other,Thomasburgh,10/10/2025
1287,Kaitlin Vega,michael77@example.org,Male,Herrerastad,3/11/2024
1742,Kristen Chandler,wscott@example.org,Male,Monicaberg,26/10/2025
9011,Anthony Simon,omay@example.net,Male,West Carol,18/05/2025
1179,Tiffany Baker,christopher31@example.org,Male,Brucebury,1/05/2024
6790,Lisa Henderson,colonalexander@example.org,Female,New Kyleside,18/04/2025
6046,Amber Neal,thomasbrown@example.org,Other,West Stephenhaven,1/05/2025
4883,Brian Wilcox,andrew66@example.com,Female,South Barbarastad,5/11/2024
3441,Joshua King,nking@example.com,Female,Kellyborough,3/01/2024
4281,Lauren Allen,tinashepard@example.org,Male,West Robert,21/06/2024
6552,Jessica Cruz,delacruztodd@example.net,Male,North Davidborough,22/07/2025
3879,Eric Butler,michaelwood@example.com,Male,Allenburgh,12/03/2025
7720,Zachary Hansen,williamsbrandon@example.net,Male,North Juliebury,6/01/2024
456,Megan Lynn,adamsphilip@example.net,Other,Whiteview,13/08/2024
854,Bryan Stout,richardhaynes@example.com,Other,Brownshire,9/03/2024
7601,Natalie Snyder,brownmaxwell@example.org,Female,Bryanside,2/05/2025
5424,Shawn Simmons,cmoran@example.org,Male,North Thomastown,31/03/2024
2210,Taylor Ingram,victoriabenson@example.com,Female,New Josephtown,12/09/2024
6114,Anthony Neal,jamieochoa@example.com,Other,Lake Christopher,18/08/2024
2284,Tony Yang,colemanscott@example.com,Other,East Priscillaland,22/09/2025
1993,Jerry Fernandez,cnelson@example.net,Other,North Jeffrey,11/08/2024
9813,Nancy Mendez,wburns@example.com,Male,Smithview,14/09/2025
9445,Matthew Johnson,sydney56@example.com,Female,Port Sarah,4/04/2025
3588,Angela Bryant,martinezmichele@example.com,Other,Edwardport,8/12/2024
800,Adam Barton,sarahbrooks@example.org,Female,North Allen,5/02/2024
8266,Kenneth Allen,adam50@example.net,Female,Barbaraville,23/06/2025
7804,Derek Miller,bradforddaniel@example.org,Male,Marieview,16/05/2024
666,Holly Hunter,robert85@example.com,Female,Port Brettburgh,17/07/2025
5728,Beth Roberts,katrina06@example.org,Other,Port Paul,18/10/2025
9674,Julia Myers,petersenkerry@example.org,Other,Lake Stephen,19/06/2024
9404,Mark Barnes,angelalutz@example.com,Other,South Donnaburgh,23/11/2024
5247,Justin Newton,tmartinez@example.com,Female,West Chelsea,26/10/2025
1407,Kelly Garrison,monica23@example.com,Female,Garrettland,5/11/2024
3394,Michael Matthews,jim42@example.com,Female,Jamestown,12/08/2025
1130,Richard Johnson,sandratanner@example.net,Male,New Karen,14/10/2025
8299,Gregory Mitchell,carrdavid@example.com,Male,Jesusfort,23/12/2024
2905,Yvonne Montes,cynthia27@example.net,Female,North Nicole,15/09/2024
2184,Brian Lee,bevans@example.net,Male,Port Kaylachester,31/03/2024
4485,Andrew Rice,pamelaclark@example.net,Other,Bradleyfurt,2/06/2025
8996,Stephen Sparks,michael49@example.org,Female,Carneyberg,8/11/2025
4113,Tammy Gould,katiegriffin@example.net,Female,Port Michaelbury,9/07/2024
2879,Katie Luna,christopherkey@example.org,Male,Edwardsburgh,15/08/2024
6135,Edward Rasmussen,zgreen@example.com,Male,Nancymouth,24/06/2025
6742,Jose Jenkins,kristy02@example.org,Other,Fosterfort,17/05/2024
5766,Stacy Oconnor,aduran@example.com,Male,New Leslieburgh,25/05/2025
9284,Robert Fuentes,jameswillis@example.org,Other,Brownfurt,15/06/2025
4078,Erika Powell,linlisa@example.org,Male,Lake Roberta,5/03/2025
3820,Todd Carter,kristen20@example.net,Male,East Keithville,24/05/2024
9416,Brittany Williams,bishopjennifer@example.com,Other,Dixonland,31/03/2025
4207,Zoe Bennett,wpeters@example.com,Female,West Rachel,26/07/2025
3814,Christopher Kennedy,ballen@example.net,Female,New Austin,26/04/2024
6157,Lisa Russell,omar20@example.net,Male,New Amyburgh,22/12/2024
8727,Ryan Wright,halljason@example.com,Male,South Charles,10/02/2024
5991,Angelica Waller,mdavis@example.net,Other,Katrinafort,12/12/2024
1662,Christopher Larson,duranelizabeth@example.org,Male,Craigshire,17/09/2024
9795,Kelly Evans,brookewhite@example.com,Male,Trujillofurt,6/04/2024
6823,Katie Reynolds,karenfuller@example.org,Other,Deborahmouth,24/05/2025
2918,Stephen George,marshabigail@example.net,Female,Blackland,6/07/2025
4250,Robert Miller,michael57@example.com,Female,Kleinhaven,23/07/2025
9550,Thomas Long,fweber@example.org,Other,North Nicholasbury,2/01/2025
6977,Mary Robinson,qstark@example.com,Female,Lake Whitneyville,23/02/2025
9357,Michael Christian,tsandoval@example.net,Male,Lake Melanieburgh,26/11/2024
6293,Edward Mercado,vwebb@example.com,Male,New Christinahaven,16/06/2024
3823,Justin Bush,walvarado@example.org,Female,North Monicaport,6/06/2024
503,Bobby Forbes,cterrell@example.net,Male,Blackton,19/07/2025
8167,Tracy Taylor,corey91@example.org,Female,North Mason,2/07/2025
4438,David Fry,griffithmatthew@example.com,Other,South Casey,14/09/2024
3298,Jeffrey Sandoval,lauradixon@example.org,Other,Wongburgh,23/04/2025
2260,Jeanette Hogan,rstewart@example.net,Male,Brownside,8/02/2024
2694,Sarah Miller,mlyons@example.org,Male,Robertmouth,9/03/2024
3232,Alyssa Gross,tanya65@example.com,Male,South Bonnieborough,10/09/2024
5472,Jill Bell,peter07@example.org,Male,Jeremyville,25/09/2025
7783,Jason Kim,shaney@example.net,Other,Jamesport,28/04/2024
3061,Karen Shaw,qhill@example.com,Male,New Lorihaven,27/12/2024
3780,Sherry Jenkins,melissa74@example.com,Female,Ericamouth,24/07/2024
3966,Diamond Myers,vclark@example.net,Female,Teresatown,30/04/2025
5153,Joseph Medina,melaniejensen@example.net,Male,Christopherstad,23/01/2025
9503,Nicholas Holland,thomashunter@example.org,Male,Alexanderside,25/05/2024
5132,Steven Fernandez,powersjoseph@example.net,Male,West Mark,8/03/2025
701,Robert Stewart,adamsdeborah@example.com,Male,South Cindystad,27/12/2024
96,Benjamin Kramer,rileyjessica@example.org,Male,Markchester,5/03/2025
7761,Anthony Griffith,harveychristian@example.com,Male,South Ryanbury,2/07/2024
116,Joshua Farmer,michael22@example.net,Other,Jonestown,20/01/2024
7006,Michael Brown,ndonovan@example.net,Other,East Victor,6/01/2025
9861,Mary Hamilton,dixonjennifer@example.net,Male,Calderonton,30/09/2025
9027,Jean Jackson,nwong@example.org,Male,East Cliffordside,25/05/2024
190,Matthew Gibson,ismall@example.net,Other,Nelsonville,27/09/2025
6203,Sarah Brown,kayla16@example.org,Female,Sullivanville,6/06/2025
3408,Kristin Contreras,zwalton@example.com,Male,Ballfurt,2/12/2024
1351,Austin Wilson,joseconrad@example.org,Other,Lake Julietown,22/07/2024
2987,Megan Lloyd,imorgan@example.com,Other,Justinside,22/07/2024
2824,John Braun,tara61@example.net,Other,East Vanessa,10/10/2025
1626,Brittney Davis,thomasbrandon@example.org,Female,North Jared,23/05/2024
5586,Crystal Sullivan,martinezlinda@example.net,Female,Angelachester,18/08/2025
2300,Heather Chapman,ulawrence@example.org,Other,East Nancytown,19/03/2024
8901,Steven Mckay,cassandra27@example.net,Other,Huffmanhaven,10/01/2025
4144,Jose Dean,tonyaramos@example.com,Male,Brownmouth,7/06/2024
1446,Nicole Allen,mkrueger@example.net,Other,South Benjamin,11/04/2024
6991,Jonathan Lang,jonessarah@example.net,Other,Jessicaside,1/02/2025
7675,Caitlin Lam,mward@example.net,Female,Port Ashley,17/11/2024
5364,Margaret Bell,brittany75@example.org,Other,North Kennethfurt,7/10/2024
3380,Gary Pope,david30@example.org,Male,Palmerside,17/08/2024
5402,James Palmer,pedro98@example.org,Female,New Kevin,14/01/2024
1379,Jesse Hernandez,juliemyers@example.com,Other,New Kristinville,17/01/2025
1006,Kenneth Ho,ygardner@example.com,Male,East Alishamouth,27/07/2024
1777,Tony Ramirez,jessicamiddleton@example.net,Male,North Robertstad,8/07/2024
9909,Beth Smith,vwebb@example.org,Male,Jennifermouth,15/02/2025
6785,Carl Caldwell,perrymoore@example.net,Female,East Amy,18/02/2024
5839,Hannah Roberts,johnjohnson@example.net,Other,Browntown,20/03/2024
863,Matthew Nelson,joshuagarcia@example.org,Other,Lynnville,5/09/2024
3977,Connor Smith,ochambers@example.com,Male,North Deannaburgh,2/03/2025
9253,Jennifer Cisneros,aaronrosario@example.com,Female,North Lisa,27/09/2024
310,Brandon Kim,acosta@example.com,Male,Bellfurt,7/05/2025
8973,Morgan Wise,lisamartin@example.net,Other,Aliciaton,27/06/2024
9052,Benjamin Fox,patelmelissa@example.com,Female,South Deborahberg,16/04/2024
3427,Tricia Gomez,keithdennis@example.com,Male,West John,15/02/2025
2615,Christina Moss,linda87@example.org,Other,New Michael,17/01/2025
3616,Seth Smith,pgoodwin@example.net,Other,North Thomas,12/04/2025
9731,Michelle Clayton,hicksnancy@example.net,Female,New William,5/03/2024
375,Melanie Stokes,johnsondustin@example.net,Male,East Josephburgh,14/07/2024
8178,Robert Norton,schwartzdavid@example.com,Other,Jenniferland,13/05/2024
3330,Deborah Ball,emilyadams@example.org,Other,Blakehaven,2/09/2024
2008,Jeffrey Forbes,smithchristopher@example.net,Female,Port Annberg,12/10/2025
5266,Heather Pruitt,jeanetteirwin@example.net,Other,East Williamborough,17/03/2024
7768,Madeline Flowers,perryjoseph@example.net,Female,Ashleyburgh,2/03/2024
5890,Angela Wilson,robinsontracy@example.org,Other,North Staceyfort,6/05/2025
2071,Tiffany Moon,fernandezsusan@example.org,Female,Avilamouth,30/10/2024
3929,Suzanne Robertson,jeffrey15@example.com,Male,Craigbury,6/06/2025
3989,Levi Robinson,taylorjustin@example.com,Other,Lake Paulamouth,9/03/2024
7207,Richard Gonzales,michael57@example.net,Female,Jenniferville,12/07/2025
2852,Anthony Payne,kristina58@example.org,Male,West Jessicaville,13/11/2024
6605,Arthur Smith,kendrasmith@example.net,Female,Brandonstad,20/08/2024
9309,Jose Fry,stephanie84@example.com,Male,Mooreshire,22/08/2024
9075,Tracy Miller,jason43@example.com,Other,Larsonport,27/06/2024
7457,Eric Mosley,smithjulie@example.org,Female,North Sylviachester,15/12/2024
1134,Marie Mccarthy,hugheslucas@example.org,Female,Mejiaport,2/04/2025
5859,Jonathan Ray,gpowell@example.net,Male,Jessicaborough,25/01/2024
8106,Scott Carter,browncrystal@example.com,Male,Matthewstad,31/08/2024
5100,Deborah Case,gina18@example.com,Male,North Margaretton,23/07/2025
3224,Timothy Prince,david06@example.org,Female,New Karenberg,5/03/2025
5078,Steve Henderson,villegasjoanne@example.org,Other,Brandymouth,29/07/2024
5022,Kimberly Palmer,wanda38@example.org,Female,Henrychester,18/12/2024
4462,Daniel Rodgers,lparker@example.net,Other,North Joshuashire,6/10/2025
1617,Andrew Cook,becky79@example.net,Male,East Patriciashire,18/06/2024
9467,Nicole Christensen,weavermichael@example.com,Other,Katherinestad,17/10/2025
2,Jesse Guzman,jennifermiles@example.com,Male,South Bridget,5/03/2024
9294,Jeremy Gomez,yhamilton@example.org,Other,Belindabury,13/02/2024
4502,Robert Le,rebeccazimmerman@example.net,Female,Patrickhaven,5/08/2025
6904,Allen Ross,allendonald@example.com,Male,Grosstown,17/06/2024
5049,Molly Fitzpatrick,iwilliams@example.net,Other,Port Claudiahaven,24/08/2024
8025,Thomas Perkins,emily78@example.com,Female,Lake Jamestown,11/03/2024
3941,Kristin Williams,zbrewer@example.com,Other,North Sandy,7/01/2024
7630,Jose Walker,carterjeffrey@example.org,Female,East Marioton,5/10/2025
9734,Jerry Acevedo,qstewart@example.com,Female,East Hollyside,4/11/2025
6348,Bruce Mcdonald,angelacohen@example.com,Female,Jesustown,18/05/2024
1789,Ryan Flowers,phillipsdylan@example.org,Male,Wademouth,20/09/2024
7552,Nathan Harrison,karen69@example.com,Female,South Lindsey,8/04/2025
2685,Richard Morris,chelseasmith@example.com,Male,New Jenniferfort,23/02/2025
564,Kathryn Wong,pauladominguez@example.com,Female,Stevenland,14/09/2024
2555,Curtis Krueger,ngraham@example.com,Female,New Ryanstad,19/11/2024
2106,Kaitlin Guerra,wellsryan@example.org,Male,Campbellhaven,23/09/2025
87,Diana Moore,qharrington@example.com,Other,Santosmouth,7/10/2024
2029,Brooke Pierce,millerlindsey@example.org,Female,East Kennethfort,17/05/2024
3090,James Juarez,shawn69@example.org,Male,Jamesville,4/08/2024
6834,Christine Harrison,ashley39@example.com,Male,Dawnburgh,19/07/2025
554,Melissa Ramirez,christinahill@example.com,Other,Lake Danielburgh,11/12/2024
2607,Lawrence Bryant,zyoung@example.com,Other,Vanessaport,29/03/2025
4045,Amanda Williamson,xrich@example.org,Female,Lake Katherine,31/10/2025
8092,Michelle Williams,sheaashley@example.com,Female,Lake Joshuastad,22/02/2024
215,Angela Silva,mphillips@example.com,Male,South Ashley,12/01/2024
1776,Brian Arnold,amanda32@example.net,Other,North Johnathan,21/04/2024
2836,Laura Thompson,melvin99@example.net,Male,Mcdonaldbury,19/02/2024
3901,Tracy Monroe,johnpark@example.com,Other,Wrightfort,12/03/2025
4557,Wayne Taylor,davissarah@example.org,Other,Lake Brittany,19/05/2025
8585,Samantha Price,dixonmichelle@example.com,Female,Jennifermouth,20/09/2024
1033,Cheyenne Miller,rpotts@example.net,Male,North Austinhaven,13/02/2025
5886,Kenneth Duncan,burtonmartha@example.net,Male,Paulfurt,2/07/2024
7685,Donald Waters,tracyanderson@example.com,Male,East Nathanielberg,28/02/2024
8869,Shawn Kane,elizabethanderson@example.net,Female,South Craig,17/02/2024
4133,Mark Bradley,elizabethpatton@example.net,Male,West Rebeccachester,14/10/2024
7566,Gregory Davis,smiller@example.org,Other,Lake Richardmouth,10/11/2025
4379,Michael Davis,kelseyfrancis@example.org,Female,Michaelhaven,25/02/2025
2530,Robin Hunter,berrypatricia@example.net,Male,South Alyssaburgh,29/05/2024
2539,Brian Allen,hharper@example.net,Female,Kimberlyton,28/05/2024
4285,Timothy Olson,awhite@example.net,Male,Navarrohaven,5/06/2025
6067,Kimberly Cohen,wendy16@example.org,Other,South Jennyfurt,17/01/2024
2226,Joseph Larson,danschaefer@example.net,Other,Goodmanside,27/01/2025
8018,Ann Ayala,jacksonjared@example.org,Other,South Devin,17/09/2024
1464,Cody Meyer,watkinsthomas@example.net,Female,Davidton,1/04/2024
6621,Gina Wilson,uoconnor@example.org,Female,Zunigaton,18/05/2025
4881,Walter Davis,jamesthompson@example.com,Female,Port Kristen,16/08/2025
3627,Sandra Evans,nicholas33@example.net,Other,East Kevin,5/02/2024
260,Cynthia Beard,powellkara@example.net,Male,Shawnfort,5/11/2024
7771,Daniel Smith,tranjessica@example.com,Male,South Ashley,30/04/2025
391,Amanda Taylor,irobles@example.com,Other,West Erica,20/11/2024
5332,Jennifer Ruiz,andre71@example.net,Other,Jeffreyville,13/11/2025
8807,Zachary Colon,walkerjohn@example.org,Other,Meyerville,13/05/2025
1740,Tiffany Harris,lisa13@example.net,Male,North Jonathanton,25/09/2025
4420,Gavin Williams,lynnfrey@example.com,Other,Dianaberg,1/01/2025
6198,Ivan Davis,johnsoncaitlin@example.com,Female,Huntland,5/05/2025
5493,Elizabeth Gallagher,candrade@example.org,Female,Murrayport,15/03/2024
9478,Jacob Clark,martinezcolleen@example.net,Female,Fergusonland,27/01/2024
489,Heather Nelson,apena@example.org,Female,Guerrerostad,17/05/2024
1372,Joshua Cunningham,kingdavid@example.net,Female,Thompsonmouth,3/05/2024
7445,Diana Brown,robertvasquez@example.net,Female,Lake Shannonfurt,10/07/2024
3752,Bradley Robbins,gregory66@example.net,Female,South Ianland,2/04/2024
9247,Curtis English,lisa34@example.net,Other,Frankstad,24/09/2025
8994,Brian Mullins,pwhitaker@example.com,Female,Port Justinburgh,2/01/2025
6389,Tim Nicholson,pearsonjeffrey@example.org,Other,East Michael,24/01/2024
2775,James Gray,yrodriguez@example.org,Other,Rodriguezport,13/01/2024
2583,Nathan Kelly,johnroberts@example.com,Female,Johnmouth,28/06/2025
5759,Kylie Zuniga,abigail06@example.org,Other,Stevefurt,7/04/2024
6223,Kelly Raymond,lisa11@example.net,Other,Foxside,6/07/2024
3352,William Willis,xstokes@example.com,Male,Rhondastad,4/05/2025
5832,Blake Watson,laura10@example.net,Other,Lake Lisa,26/06/2024
5516,Heidi Brown,zwiley@example.net,Female,Elizabethfurt,27/07/2025
4106,Lisa Boyd,abrown@example.com,Male,Lake Davidmouth,1/09/2024
3205,Richard Ramos,april87@example.com,Other,Josephshire,15/07/2025
1561,Joseph Sanders,carlos33@example.org,Other,Hallberg,10/06/2025
5259,Jared Brown,edward48@example.com,Male,Kelliland,16/07/2025
4275,Elizabeth Livingston,rachel38@example.net,Male,South Mary,16/08/2024
9180,Karen Michael,tracy13@example.net,Male,Port Stephenberg,24/10/2024
9506,Zachary Johnson,mary86@example.net,Female,West Antonioborough,23/07/2024
9803,Robert Lewis,danbauer@example.org,Other,Lake Annafurt,15/09/2024
161,Tracie Conner,kristyjohnson@example.net,Other,Tannerside,2/06/2024
6951,Matthew Bond,jill14@example.org,Male,Jeffberg,22/12/2024
2393,Donna Shaw,njames@example.org,Other,Fischerside,23/08/2024
3271,William Wiley,ncarr@example.net,Other,East Susanshire,30/06/2025
4202,Matthew Odonnell,donnamiller@example.com,Female,South Robertburgh,5/09/2024
563,Brian Wheeler,stephanielittle@example.net,Other,North Melissaberg,27/02/2025
4736,Melissa Mccoy,ellen29@example.com,Male,Mikeside,29/06/2024
9126,Matthew Diaz,jonathanbailey@example.com,Male,Harpermouth,25/02/2024
9352,Jennifer Gallagher,zbaker@example.org,Male,Lopezmouth,20/05/2025
8323,Mike Farmer,rollinskaren@example.net,Male,New Christopherhaven,9/11/2025
3398,Angel Nelson,rgarcia@example.org,Female,Port Sean,18/10/2024
3945,Tammy Pacheco,george60@example.com,Male,Port Julian,21/07/2024
1634,Andre Davis,rwilson@example.org,Male,Mcconnellside,5/12/2024
5308,Joshua Warren,johnsonadam@example.net,Male,Richardside,13/07/2024
8090,William Gray,wheelerpedro@example.net,Male,Nicoletown,17/09/2024
6992,Christopher Reese,joe24@example.com,Other,Tylerport,27/01/2025
798,Kelly Nichols,qjackson@example.org,Female,Ericstad,9/03/2024
9860,Erik Phillips,daniellestokes@example.com,Female,South Jon,16/12/2024
4248,Ashley Perkins,eward@example.com,Male,Lake Robertside,5/10/2024
4862,Kathleen Copeland,zrose@example.com,Male,Jasonton,22/03/2024
9942,Katrina Hull,nclayton@example.org,Male,Port Amanda,24/03/2024
6531,Alicia Abbott,salinasjason@example.org,Female,Littleland,5/05/2025
5877,Jillian Duncan,edwardsdaniel@example.com,Male,South Sarah,9/08/2024
426,Charles Phillips,prattsue@example.net,Female,Heatherfurt,13/03/2024
204,Jessica Rodriguez,bmendez@example.org,Male,North Craig,3/10/2025
4622,Matthew Le,kristinabrown@example.net,Female,South Jessicaton,17/05/2025
3541,Raymond Sanchez,nicole11@example.net,Female,Foxborough,6/04/2024
6180,Lisa Harris,millerrandy@example.com,Male,South Elizabethstad,15/07/2025
3777,Heather Ward,hannahmorris@example.com,Male,Port Vanessachester,16/04/2024
9527,Janice Hill,nguyenbrandon@example.org,Male,Allenfort,5/06/2024
8616,Paul Ferguson,smithsamantha@example.com,Female,Joelberg,21/06/2025
7414,Amanda Baker,frank59@example.net,Male,Lake Tara,12/06/2024
4702,Madeline Sanchez,nicole65@example.org,Other,East Jenniferside,13/05/2024
9385,Alexander Nelson,kelsey37@example.com,Female,Port Eileenton,3/05/2025
3561,Kaitlyn Jensen,rodneythomas@example.net,Male,Rebeccaberg,4/10/2025
4067,Matthew Kramer,ngibson@example.org,Other,South Fernandochester,12/04/2024
8398,Leslie Wiggins,dgood@example.net,Male,Spencerborough,5/07/2024
8750,Ian Hunt,vasquezjames@example.org,Other,West Brandonfort,31/05/2025
9892,Ashley Mccormick,unorris@example.net,Other,Port Amandahaven,20/06/2025
7114,Bethany Cantrell,hopkinskim@example.com,Female,West Kennethberg,12/02/2025
9919,Tracy Williams,heatherhall@example.org,Male,Erinborough,16/05/2024
454,Andrew Williams,lopezcurtis@example.com,Other,Lake Samuel,8/05/2024
7413,Brittany Ortiz,andrewrussell@example.com,Male,Sanchezview,17/10/2025
4,Melanie Munoz,blairamanda@example.com,Other,New Kellystad,7/03/2024
2180,Kristina Gardner,christopherryan@example.net,Other,New Patrick,17/02/2025
8405,Samantha Reyes,brich@example.net,Male,Whitneyshire,14/08/2024
1665,Rachel May,tonycraig@example.net,Male,West Jennifer,31/01/2024
7277,Sherri Frost,tannerespinoza@example.com,Male,South Robintown,29/10/2024
7168,Christine Freeman,hannah84@example.org,Male,Cummingston,4/06/2024
4899,Rebecca Hicks,rmullen@example.org,Other,Brianland,3/09/2025
9481,Toni Silva,vmitchell@example.org,Female,Deborahview,1/11/2025
8966,Christina Simmons,sarah91@example.com,Female,Lake Charlesland,30/07/2025
5704,Stephanie Brown,hmckinney@example.com,Other,Ambertown,16/10/2024
8016,Phillip Patterson,hfletcher@example.com,Female,Powersborough,9/10/2025
8264,Angela Patterson,andersonapril@example.net,Female,Mcguirebury,14/12/2024
5939,Anna Martin,kimberly95@example.org,Female,Simmonsville,8/04/2024
4355,Cassandra Dodson,brandyrogers@example.com,Other,New Jenna,26/11/2024
8364,Carl Finley,davidjennings@example.com,Other,Lopezberg,11/08/2024
1739,Brooke Ramirez,amiranda@example.net,Female,New Laurahaven,23/08/2024
3507,Morgan Lewis,laurenrice@example.com,Female,East James,1/05/2024
5112,Carol Burns,kayla18@example.org,Female,Andrewsberg,22/01/2024
786,Bryce Hughes,krodriguez@example.com,Male,Christopherville,10/10/2025
3206,Paul Griffin,torresstephanie@example.com,Female,Port Ashley,25/04/2024
7883,Rodney Cooper,bowerssamuel@example.org,Other,East Kara,17/06/2025
501,Stephanie Gonzales,dwatts@example.org,Male,Sullivanton,1/05/2024
9285,Christina Lopez,qschultz@example.org,Female,South Ashley,17/10/2024
2097,Kristina Smith,raymond29@example.org,Other,Kevinborough,2/04/2024
4138,Brendan Henderson,staffordmarissa@example.com,Other,South Peggychester,16/10/2025
9340,Antonio Allen,fwaller@example.org,Female,Lake Johnathan,14/10/2024
2397,Lindsey Wright,emily56@example.net,Male,Maddenview,30/05/2024
227,Mark Walters,whenry@example.net,Female,Reynoldsshire,24/10/2025
4029,Michelle Vega,ywatson@example.org,Other,Justinton,7/07/2024
1455,Ruben Murphy,staceysmith@example.org,Other,Garyport,10/01/2024
1293,Jeff Arnold,donnagiles@example.com,Other,South Andrew,4/02/2024
8968,Hector Frederick,schroederlinda@example.org,Female,Schaeferville,29/06/2024
9369,Connor Moore,jeremyramirez@example.org,Other,West Stevenview,9/07/2024
1002,David Freeman,jordandonna@example.org,Female,West Devinport,18/07/2025
1285,Douglas Garcia,adamsmith@example.org,Male,Mackville,10/09/2024
2182,Heather Smith,aferguson@example.org,Male,Morrismouth,5/03/2025
3509,Daniel Morgan,kelly95@example.com,Male,Garrettland,27/02/2024
7687,Brandon Caldwell,tina52@example.com,Other,Benjamintown,20/03/2024
7088,Daniel Drake,barbara46@example.org,Other,East Anna,21/03/2025
7097,David Bean,yhenderson@example.com,Female,North Jean,11/02/2024
7442,Shelby Mata,joseph32@example.org,Female,Jamesland,24/09/2024
1741,Kim Beck,lwalker@example.org,Other,Staffordborough,15/04/2024
445,Thomas Brown,fwarren@example.org,Male,Christineland,2/10/2025
8662,William Morales,nathan31@example.org,Male,Port Tammy,24/03/2025
5003,Sierra Chaney,nicole33@example.com,Male,Huanghaven,16/09/2024
4713,Michael Jones,alejandro09@example.net,Other,Lake Jamesstad,20/11/2024
7115,John Cooper,elizabethedwards@example.org,Other,East Emily,20/03/2025
3011,Jessica Obrien,mcdanielfrances@example.org,Female,North Seanmouth,9/07/2024
5778,Brandi Schwartz,james86@example.net,Other,Margaretbury,2/08/2024
9862,Amanda Snyder,stevendavis@example.org,Female,Scottbury,9/07/2025
2875,Valerie Arnold,twoods@example.org,Male,Ericafort,11/10/2024
6279,Kenneth Rodriguez,robertflowers@example.org,Other,Johnsonburgh,11/05/2024
3807,Dylan Black,keith30@example.com,Male,Emilystad,3/10/2024
3939,Jane Duarte,hollowayseth@example.com,Other,North Tara,11/08/2024
2769,Michael Campbell,ublack@example.net,Male,New Jeffreyfurt,9/11/2024
6234,Haley Simpson,scottlisa@example.com,Female,West Crystalport,2/10/2025
3720,Derrick Fields,ritabeard@example.com,Male,Gallegosview,16/01/2024
22,Richard Brown,ysmith@example.com,Other,Mitchellside,26/05/2024
1787,Kathryn Scott,alexanderryan@example.org,Male,Cassandraborough,15/07/2024
7178,Eric Foster,washingtonamanda@example.com,Male,New Stephen,26/02/2024
3796,Elizabeth Charles,davidlopez@example.net,Female,Lake Kimberlyton,9/02/2025
1842,Robert Hamilton,teresa44@example.net,Other,West Jenna,23/09/2025
717,Amanda Price,abigailfernandez@example.org,Male,New Andreahaven,27/02/2024
8389,Dwayne Mathis,justin81@example.com,Female,Maldonadostad,7/05/2025
740,Aaron Marshall,denise20@example.org,Other,Nelsonview,4/11/2024
2345,Tara Sandoval,kmartinez@example.com,Female,East Darlene,25/07/2024
4582,Jim King,georgekara@example.org,Male,Liberg,18/12/2024
7987,Travis Rodriguez,laura71@example.org,Male,Paultown,27/05/2024
4381,Susan Peters,jared29@example.com,Male,West Jenniferton,27/08/2024
4563,Megan Haney,guzmancarl@example.com,Male,Cameronchester,11/02/2025
6018,Shannon Thompson,lopezwilliam@example.net,Female,Westbury,10/05/2025
971,Marc Hall,cruzcarolyn@example.net,Other,North Ann,23/01/2025
8314,Elizabeth Carter,fitzpatricktamara@example.net,Other,South Zachary,18/04/2025
3006,Austin Vazquez,lisareilly@example.com,Other,Nancyville,10/07/2025
5200,Lynn Crane,judymueller@example.org,Other,Ericview,11/01/2024
8078,Haley Mills,frankmaynard@example.net,Female,Lake Joy,2/03/2024
2643,Randall Horton,claire11@example.net,Male,Lake Alyssa,27/05/2025
3518,Catherine Ibarra,laurenflynn@example.net,Other,Harperton,16/09/2025
381,Adam Owens,billmcfarland@example.net,Female,Port Sarahport,1/08/2025
2565,Olivia Vega,justinclark@example.com,Female,Johnstonmouth,27/06/2024
4608,Stephen Jones,orice@example.com,Female,Brandonberg,17/03/2025
249,Isaac Steele,ibarnes@example.net,Male,Hendersonfort,27/07/2024
3852,Timothy Carlson,john03@example.net,Male,East James,21/08/2025
3379,James Fuentes,bauermichelle@example.net,Other,Sheilamouth,15/05/2024
5010,Christina Hunt,dhall@example.org,Other,South Danielle,6/04/2025
898,Jeffrey Sanford,jonathansmith@example.net,Female,Lake Juliefurt,17/07/2025
5179,Justin Martin,ifriedman@example.com,Female,Nelsonbury,14/12/2024
6243,Hannah Castillo,ydavid@example.net,Male,New Douglasbury,16/12/2024
6529,Joanna Welch,ericlopez@example.com,Female,East Timothyview,17/08/2024
7679,David Webb,karengordon@example.net,Female,Mooremouth,27/03/2024
8315,Robert Hardy,lori80@example.com,Female,New Jason,27/11/2024
5473,Catherine Miller,robertkane@example.org,Other,Markborough,29/11/2024
8419,John Curtis,kelly37@example.net,Male,Port Danielle,19/06/2025
1492,Vickie Day,forozco@example.com,Male,New David,6/10/2024
7166,Lucas Cardenas,raymond26@example.com,Other,Nicoleburgh,15/09/2025
2590,Matthew Burke,alvin91@example.com,Female,Lake Jesse,9/09/2024
1474,Jason Estrada,mallorycarter@example.org,Other,Beltranchester,10/02/2024
8257,Shawn Miller,david65@example.org,Female,North Philip,29/08/2025
862,Kristin Gray,chrismartinez@example.org,Female,Jonesland,4/08/2024
20,James West,dwhite@example.org,Male,South Lindseyside,19/06/2024
2537,Daniel Warner,jasminesullivan@example.org,Female,Lake Amberbury,10/09/2025
2599,Carrie Cooper,lambalexandra@example.net,Male,East Teresaside,30/11/2024
5821,Lisa Jones,chandlerdouglas@example.org,Other,South Brett,1/06/2025
7889,Katelyn Smith,ylewis@example.net,Male,Russellberg,22/03/2025
3987,Jonathan Kramer,fcalhoun@example.org,Other,Andrewfurt,29/11/2024
6472,Holly Soto,edavis@example.net,Female,Garzaville,9/04/2025
1661,Bryan Johnson,barnesluke@example.net,Female,Port Meganborough,3/01/2025
8875,Donald Smith,mary91@example.org,Male,East Mike,4/10/2024
3313,Ryan Wang,emily00@example.org,Female,New Lauriebury,6/02/2024
3077,Margaret Woods,wallsthomas@example.com,Male,Paulmouth,7/10/2025
4415,Steven Walters,andersonjulia@example.org,Male,Smithfort,20/05/2024
611,Danielle Silva,kimberlywang@example.org,Other,North Amandamouth,7/02/2024
5587,Kristen Rose,jerry24@example.net,Male,Mirandaborough,6/11/2024
6317,James Lucas,megan58@example.com,Male,North Amystad,15/05/2025
3892,Molly Harris,kevinguerrero@example.org,Female,West Nataliefort,25/03/2024
6800,Martin Smith,davisanne@example.net,Other,Aaronside,18/07/2025
2343,Stephen Chen,derrick71@example.net,Female,South Thomas,28/07/2025
2355,Daniel Bell,donaldthomas@example.org,Female,East Angela,9/12/2024
919,Kaitlin Hale,theodore57@example.net,Female,West Danielton,23/05/2025
9198,Juan Martinez,omarjenkins@example.org,Male,Stewartville,17/07/2024
105,Kristin Harris,brendali@example.org,Other,Kimtown,7/11/2025
8793,Melissa Brown,jonathan40@example.org,Male,Port William,15/01/2025
8225,Sara Carpenter,bvargas@example.net,Male,Lake Tammy,31/08/2025
9132,Caleb Baker,jennifer72@example.net,Other,Walkerside,22/08/2024
1291,Alyssa Sanchez,ashleygould@example.net,Female,Rachelside,1/04/2024
2850,Jeffrey Henderson,jsalazar@example.com,Male,Albertborough,30/04/2025
4130,Michael Wilson,melissapham@example.org,Female,Chavezberg,7/02/2025
2220,Jeffery Crosby,gtanner@example.net,Other,South Richardport,15/11/2024
4273,Catherine Ballard,juliaball@example.org,Other,Monicafurt,12/11/2025
5746,Eddie Vasquez,michelle92@example.net,Male,Lake Christopher,25/05/2024
7540,Tiffany Valdez,gellis@example.org,Male,New Allison,13/11/2024
8280,Laura Johnson,joseph16@example.net,Other,Vazqueztown,18/03/2025
7800,Lisa Garcia,briancampbell@example.org,Male,Port Caitlin,23/06/2025
8787,Michelle Bradshaw,kimberly38@example.net,Male,Lake Jesse,21/10/2024
8043,Danielle Holt,ryanowens@example.com,Female,East Jessica,30/07/2024
9259,Sarah Woodward,ashleytaylor@example.org,Other,Port Lisa,5/12/2024
3495,Matthew Russell,amarshall@example.org,Other,Davidshire,15/07/2025
5317,Jennifer Murphy,millerjoy@example.net,Female,East Joanmouth,19/06/2024
7608,Amanda Smith,nromero@example.org,Female,Port John,7/02/2024
7628,Alyssa Clark,lisa14@example.org,Female,North Danielleshire,15/10/2025
2561,Russell Chapman,stephen61@example.com,Other,Port Michellechester,20/10/2025
6190,Cheryl Tanner,burtonphilip@example.net,Male,Patrickside,21/09/2025
8243,Jennifer Becker,elizabethharrington@example.com,Other,West Robertfurt,22/10/2024
9665,Laura Reid,jamie67@example.com,Male,North Michellechester,10/04/2025
4915,Whitney Brooks,murillojeffrey@example.com,Other,Port Anna,17/05/2025
2838,Dawn Thomas,fadams@example.org,Other,South Emmafurt,20/01/2025
8057,Jody Chan,jessicahamilton@example.net,Other,New David,19/01/2024
7543,Amanda Kelly,leecaitlin@example.net,Other,New Victor,17/01/2025
1075,Charles Watts,hamiltonsarah@example.net,Female,Jamesside,4/04/2025
9256,Paul Hines,gbarry@example.net,Male,Heatherside,9/04/2025
85,Julie Thornton,qhughes@example.net,Other,South Tammie,30/01/2024
4434,Eileen Cook,tbradley@example.org,Other,Jerryburgh,20/04/2024
297,Christina Holland,jjenkins@example.com,Male,North Joshuaberg,24/02/2025
6506,Samantha Fernandez,angela52@example.com,Male,Hortonland,27/09/2025
1177,Raymond Garcia,william48@example.net,Male,Port Brianshire,30/03/2025
7718,Eileen Miller,kellychristopher@example.net,Female,Bobbyfort,28/04/2025
7705,David Lamb,brandy06@example.net,Other,Port Williamborough,7/04/2025
2820,Kara Miller,roger61@example.net,Female,Leeview,1/04/2025
3965,Pedro Soto,rgreen@example.net,Male,Michaelmouth,31/03/2024
5542,Maria Norman,qduran@example.net,Female,Elizabethhaven,16/06/2025
1283,Jennifer Johnson,pjones@example.net,Male,Angelaberg,17/08/2024
2085,Tyler Gonzalez,lstevens@example.com,Male,Ernesttown,15/06/2024
4206,Theresa Hamilton,taylorbruce@example.com,Female,Paulchester,21/03/2025
7569,Travis Hernandez,gburnett@example.com,Female,Port Deborah,21/06/2025
750,Nicole Daniel,james08@example.net,Female,Erinmouth,8/08/2025
5613,Christopher Harrison,cschultz@example.net,Female,New Susan,21/02/2025
3304,Sarah Cain,charles48@example.com,Male,Joshuaburgh,11/06/2024
4123,Nicholas Bell,mendozamichele@example.org,Male,Sandersfurt,3/07/2025
2089,Ashley Moore,leslie24@example.org,Other,East Janet,19/01/2024
4555,Christina Shields,davismaria@example.com,Other,Bakerborough,20/07/2024
5514,Heather Brown,cgarcia@example.org,Male,West Katelynborough,5/01/2025
7448,Laura Richards,moorejoann@example.org,Male,Tracyburgh,5/11/2025
4564,Holly Anderson,tiffany48@example.net,Male,Port Raymond,4/08/2024
1651,Leslie Contreras,stewartgeorge@example.com,Male,Port Brittanyfort,27/01/2025
8291,Anthony Morrow,hlee@example.org,Male,New Amandafurt,11/02/2024
8977,Amy Campbell,lbentley@example.net,Female,Jacksonfurt,14/09/2025
6353,Michelle Graham,qdiaz@example.org,Female,Isaiahshire,16/10/2024
4131,Christopher Conley,ugriffin@example.net,Male,West Andrewburgh,12/05/2025
5319,Krista Hogan,brownmolly@example.org,Female,Charlenechester,16/11/2024
1368,Anthony Haynes,xmullins@example.org,Female,Barkerstad,6/08/2024
9412,Kevin Snow,umoore@example.org,Female,Lake Rebeccahaven,25/02/2024
3593,Kenneth Lambert,joy57@example.com,Female,Boyerland,31/01/2025
7001,John Park,thomasprice@example.org,Female,West Patriciaburgh,18/11/2024
6008,Brittany Bennett,wbanks@example.net,Male,Lake Elaine,1/03/2024
4322,Scott Fisher,vanessamann@example.net,Male,North Stephanie,25/08/2024
609,Janice Wells,tara92@example.net,Other,Morganville,14/08/2024
9579,Andrea Johns,erikmorris@example.com,Female,Kellymouth,10/05/2025
5393,Heather Glover,nelsonbrian@example.org,Other,North Lindsay,24/12/2024
3975,Timothy Williams,gonzalezkaren@example.net,Male,Malloryshire,22/05/2024
7104,Melissa Jacobs,garrettadam@example.com,Other,Josephton,11/03/2025
3406,Kimberly Barnes,qjones@example.com,Male,Lake Stephaniefurt,25/06/2024
2878,Eric Lee,justin33@example.com,Other,Davidside,22/09/2024
5793,Ryan Neal,kreed@example.net,Male,Rebeccaton,29/01/2024
8300,Catherine Johnson,rosschristine@example.net,Other,Port Jessicaton,18/05/2024
5843,Theresa Wilson,jeremyberger@example.com,Female,Rebeccaborough,18/09/2025
2064,Denise Henry,novakdaniel@example.org,Male,Port Kellyside,21/07/2025
4922,Jennifer Robinson,kerryschultz@example.com,Female,West Nicolemouth,29/06/2025
1960,Jamie Nichols,robert40@example.com,Other,North Jacobside,10/03/2025
8809,Debra Donovan,fdunn@example.net,Female,South Chelseaside,17/02/2025
1948,Sandy Richards,madelinebrooks@example.net,Male,Julieside,12/08/2025
2224,Devin Carroll,wilkinsonrussell@example.org,Other,Port Billyfurt,6/11/2024
5989,Jacob Young,stephaniekerr@example.com,Other,Port Scottville,4/08/2025
6068,Keith Davis,brownjeffrey@example.com,Other,West Tiffanymouth,9/06/2025
1951,Dennis Cline,david60@example.net,Other,Lake Amandaside,20/11/2024
7019,Samantha Johnson,brianpowers@example.org,Other,Austinhaven,8/02/2025
6567,Shane Mcmillan,james49@example.org,Female,Romanland,31/07/2025
1264,Laura Martinez,savannah15@example.net,Female,New April,30/08/2025
8233,William Collins,fieldsjohnathan@example.com,Male,Sherylborough,20/01/2024
1073,Samantha Wilson,fsnyder@example.org,Female,Jessicaville,4/05/2025
6178,Monica Gordon,patrick31@example.org,Male,Goodfurt,12/03/2024
9333,Donna Conway,joanna78@example.net,Female,East Whitneytown,27/06/2025
7600,Melanie Wells,harrisonjohn@example.org,Female,Ryanmouth,1/03/2025
3451,Seth Edwards,ashleyfoster@example.com,Other,Danaland,27/04/2025
9140,Brent Snyder,lisa03@example.net,Male,Dunlapburgh,16/04/2025
4840,Jennifer Wilson,mrodriguez@example.com,Female,South Wayne,15/11/2024
2014,Kevin Thompson,tiffanybarnes@example.org,Male,Patricktown,25/10/2025
9866,Stephanie Ryan,lmcmillan@example.org,Female,Johnsonmouth,22/04/2024
6862,Thomas Chen,janderson@example.net,Female,East Jennifer,3/11/2024
9421,Richard Raymond,evelynroth@example.net,Other,Paulland,16/03/2024
7583,Darin Sloan,jenniferduran@example.org,Male,Port Elizabethton,30/06/2025
1774,Cassandra Robinson,jfranklin@example.net,Female,Nolanhaven,6/07/2025
1509,Laura Gordon,karen42@example.org,Male,New Elizabeth,4/04/2025
5531,Jose Brown,brooksnancy@example.org,Male,South Colleenfort,19/03/2025
7599,Victor Harrison,ysavage@example.com,Male,East Markhaven,9/02/2024
965,David Hill,stephaniebailey@example.net,Male,Stuartfort,18/04/2025
7511,Christine Williams,humphreyclaudia@example.com,Male,South Nicholebury,27/02/2025
5841,Jeffery Reyes,mallory73@example.net,Female,Port Allisonstad,22/03/2024
5303,Jeffrey Robinson,bvalenzuela@example.net,Other,Lake Christopherside,23/03/2024
7806,Andrew Hoffman,christinereilly@example.org,Female,New Dustin,2/12/2024
6228,Katherine Norman,frank35@example.net,Other,Fullerburgh,7/09/2025
8911,Trevor Simpson,karen03@example.org,Other,West Jennifermouth,15/10/2024
9317,Annette Short,brittneykane@example.com,Other,East Stephen,11/09/2025
4193,Nicole Holland,emilysolomon@example.net,Other,Victoriachester,1/10/2024
8839,Heather Williams,silvamonica@example.org,Other,Port Richardside,10/10/2025
202,Michelle Wilson,urice@example.org,Male,Port Andrewport,31/03/2024
9910,Ronald Jimenez,ramirezgary@example.org,Other,Wangside,30/04/2024
3080,David Reynolds,weaverrachel@example.net,Other,Port Elizabeth,24/04/2024
2988,Andrea Dean,johnrogers@example.net,Other,Port Beckyburgh,19/04/2025
7293,Jennifer Johnson,marycook@example.net,Female,North Jillbury,7/01/2025
4373,Elizabeth Wilson,sarah78@example.org,Male,Grimesfort,6/01/2025
8272,Samuel Trevino,ashleybryant@example.com,Male,East Juan,22/12/2024
4436,Jill Marsh,brian89@example.com,Other,Carpenterstad,6/07/2024
9656,James Smith,omichael@example.net,Other,East Tara,6/11/2024
3259,Jason Allen,lewischarles@example.net,Male,Hawkinston,28/01/2025
4788,Timothy Allen,livingstondavid@example.org,Male,East Michaelside,28/07/2024
6124,Mary Mitchell,srodriguez@example.com,Other,South Joseph,22/10/2025
8399,Nancy Morales,james52@example.org,Other,West Michelle,6/08/2025
5977,Benjamin Swanson,gregory20@example.net,Female,Brendatown,30/10/2025
5645,Jamie Villegas,thomasandrew@example.org,Male,New Danieltown,12/09/2025
2115,Wendy Martin,kendra53@example.com,Other,South Anita,25/01/2025
2549,Daisy Evans,veronica90@example.net,Other,South Michelle,31/07/2024
499,Hailey Woods,xjoseph@example.org,Male,Henryberg,2/09/2024
7699,Stuart Forbes,colleen85@example.org,Male,Gabriellaberg,16/09/2024
8372,Jerome Gutierrez,kelleypeter@example.net,Male,West Ericfort,28/12/2024
1451,Joseph Snow,montoyaelizabeth@example.net,Other,Ralphtown,1/06/2024
2789,Monica Gentry,dominguezomar@example.com,Other,West Kristinbury,26/07/2025
2480,Clinton Clark,nicoletaylor@example.com,Female,Kelseybury,18/10/2025
3920,Alexandra Morris,xbrown@example.net,Male,Jamieville,21/06/2025
6955,Marisa Foster,jessecuevas@example.org,Female,Hensonton,7/07/2024
2298,Henry Lozano,ashleyturner@example.org,Other,North Johnny,25/11/2024
7822,Thomas Reed,herrerarobert@example.com,Female,South Geoffreyside,16/02/2025
7920,Micheal Robinson,clarencebailey@example.org,Male,Danielleport,17/06/2025
8972,Brandon Andrews,gjones@example.net,Female,East David,5/03/2025
8349,Sean Dixon,hperez@example.com,Male,Thompsonburgh,11/07/2024
5147,Samantha Lewis,floresstephen@example.org,Female,Lake Timothy,2/05/2024
7406,Brandon Harris,ncortez@example.net,Other,Hamiltonburgh,24/02/2025
7050,Jaime Martin,austin71@example.net,Male,Melissashire,2/11/2024
3878,Angela Harper,smithmaria@example.com,Female,Wisebury,4/09/2024
7151,Jennifer Ward,erikdavid@example.org,Female,Lake Dennis,22/06/2025
4878,Heather Brown,pnavarro@example.net,Male,Millerport,4/03/2024
5491,Sue Richardson,lmurphy@example.org,Female,Jonesshire,20/03/2024
1453,Rachel Case,shawstephanie@example.net,Other,Kaylaton,1/01/2025
7443,Mary White,everettkatie@example.net,Female,New Elizabethborough,12/10/2024
9717,Andrew White,richard01@example.org,Female,Pamelafort,13/06/2024
2255,Katherine Martin,sroberson@example.net,Female,North Melinda,5/05/2025
4076,Leroy Nicholson,matthewleonard@example.net,Male,Parksborough,15/09/2025
8721,Virginia Warren,coreyjones@example.org,Other,Troyville,19/03/2024
2597,Samantha Jones,alankelly@example.com,Other,West Rachel,25/10/2025
2414,Bryan Allen,richard85@example.org,Other,Port Mark,11/02/2024
1785,Alexis Brown,xgrant@example.com,Male,Stevenston,14/10/2024
1619,Jason Zimmerman,devon88@example.org,Female,East Anthony,6/05/2025
2641,Michael Green,wgilmore@example.org,Male,South Blake,12/03/2024
1915,Sara West,rose00@example.org,Female,Lake Michaelfurt,10/01/2024
6704,Paige Morris,gilmorejeremy@example.com,Other,Joshuafurt,9/04/2025
7986,Carolyn Calderon,matthewgreen@example.org,Male,Rodriguezland,16/04/2025
8388,Tammy Sweeney,dustinschwartz@example.com,Male,Kristenport,12/05/2024
4304,Andrew Burton,nrodriguez@example.net,Male,Kelseymouth,1/10/2024
5039,Nathan Olson,ksimpson@example.com,Female,Lake Alicia,14/02/2025
353,Timothy Young,powersrebecca@example.net,Male,Hernandezland,15/04/2025
4242,Jessica Sanchez,bradjackson@example.com,Male,Garcialand,7/02/2025
1082,Joseph Lewis,xbrown@example.com,Female,Emilychester,20/01/2024
8069,Paul Gonzalez,moorejerry@example.com,Female,Smithton,22/11/2024
8432,Donald Alexander,coxcindy@example.net,Male,Edwardborough,14/02/2025
4028,Bryan Miles,mary60@example.net,Female,Clayfurt,8/07/2024
2168,David Smith,phopkins@example.net,Other,South Christinachester,2/10/2024
6590,Susan Richards,jenniferlopez@example.com,Other,Lake Thomas,23/03/2025
4976,Dawn Horton,irivera@example.net,Female,Port Linda,6/08/2025
5787,Michelle Hamilton,aoliver@example.com,Other,Port Kimberly,10/07/2025
6782,Laura Jordan,edwin96@example.com,Male,New Andre,19/09/2024
6256,Donald Mcdonald,chelsey19@example.org,Other,West Thomashaven,22/12/2024
4541,Amy Sharp,zmendoza@example.org,Male,New Dillonport,26/02/2025
3115,Kristen Cantu,cindywilkinson@example.com,Female,North Anthonyton,29/08/2025
7610,Victoria Gonzalez,debranelson@example.org,Female,Shannonbury,17/07/2025
8026,Cole Willis,rdrake@example.net,Male,Lake Robertmouth,31/07/2024
2734,Debbie Erickson,wcastillo@example.com,Other,Jamesport,3/06/2025
7316,Deborah Patel,kruegerbryan@example.net,Female,South Sheila,23/08/2024
4786,James Sims,glennchloe@example.org,Other,Walkerfurt,8/07/2024
8954,Peter Herrera,johnsoncarl@example.org,Other,North James,28/07/2025
9414,Steve Bruce,charlesmartinez@example.com,Other,Olsonside,22/08/2025
1698,Jennifer West,nfleming@example.net,Male,South Samuelfurt,15/04/2024
7823,Mike Davis,denise39@example.com,Female,Jamesstad,8/08/2024
3994,Robert Johnson,aduarte@example.org,Other,Lake Sarahmouth,4/11/2024
2349,Cassandra Hunter,tinajohnson@example.org,Female,Ryanstad,18/10/2024
636,Megan Powell,maryhardy@example.com,Male,Katelynfurt,16/05/2024
1095,Thomas Sharp,briansnyder@example.com,Other,Joyberg,25/02/2025
4182,Daniel Morales,robertnguyen@example.org,Female,West Meganshire,4/09/2024
6750,Susan Ashley,rharris@example.org,Female,Robinbury,18/01/2025
2318,Mitchell Sanchez,harveyrobert@example.com,Female,West Thomasstad,18/10/2025
7945,Luis Knight,zoeshaffer@example.org,Female,Austinfort,26/07/2025
3880,John Landry,janetdrake@example.net,Female,Mendozaville,29/06/2024
2395,Clinton Maxwell,olsenlinda@example.org,Male,Longburgh,5/04/2024
5996,Lauren Lee,ashleymartin@example.com,Other,New Margaret,19/02/2025
8570,Jessica Krueger,twilliams@example.org,Female,Hansonside,28/06/2024
6333,Antonio Singleton,rachel30@example.org,Female,West David,4/06/2025
5858,Steve Camacho,tcontreras@example.com,Female,Taylorborough,29/02/2024
7981,Amanda Knox,fjones@example.com,Male,New Nathan,10/09/2025
5635,Jeffrey Juarez,ushields@example.org,Other,South Tinaberg,8/09/2024
4690,Amanda Young,lawsonjessica@example.net,Other,New Matthew,19/02/2025
5739,Chad Rogers,millercarol@example.com,Other,North Rhonda,16/05/2024
2737,Deborah Davidson,kellyperkins@example.com,Other,Lake Anthonyton,26/09/2025
3417,Michael Zimmerman,loganpineda@example.net,Female,Lake Walter,2/10/2025
8355,Gregory Lowe,myerslisa@example.net,Female,New Gregoryborough,15/03/2025
3004,Ashley Russell,antonio11@example.org,Other,Laraview,4/05/2025
9146,Kelly Dickerson,jhernandez@example.com,Other,West Angelicaton,28/08/2024
389,Andre Nunez,maychristine@example.net,Male,Lake Melaniestad,23/10/2024
5160,Patricia Rhodes,jennifermartinez@example.net,Male,Hansonside,13/02/2024
8834,Ray Singleton,kennedyvictor@example.org,Other,Port Sharon,12/12/2024
9211,Connie Wagner,robertschmidt@example.net,Other,Lynchmouth,4/05/2024
7339,Daniel Kim,biancaweber@example.org,Female,Newtonborough,18/04/2025
8470,David Ramos,dconley@example.net,Female,Michaelfort,14/02/2025
3934,Natasha Kemp,traci58@example.org,Male,South Douglasville,1/02/2025
295,Christopher Boone,david70@example.org,Male,Underwoodfurt,7/07/2025
2375,Kelly White,melindamorris@example.net,Other,New Paul,7/04/2025
1924,Amanda Edwards,irivas@example.com,Female,Jessicaborough,13/07/2025
3230,Aaron Ford,bartonteresa@example.org,Male,Port Patrickborough,18/10/2024
5043,Ricky Hamilton,ilamb@example.com,Male,Jasonland,17/02/2025
4486,Dawn Snyder,connermatthew@example.org,Other,Lake Benjaminton,25/04/2025
2677,Jacob Burch,drew38@example.net,Female,Lake Brittanymouth,22/09/2025
4409,Robert Wood,ievans@example.net,Female,Sarastad,1/04/2024
7701,Miguel Hudson,kmorris@example.org,Other,South Sandraside,16/12/2024
1980,Karen Johnson,fjackson@example.org,Male,New Lisa,2/03/2024
4906,Brenda Winters,meyervalerie@example.org,Other,East Emilyview,21/06/2024
1470,Mathew Figueroa,caseyrush@example.net,Female,North Patriciaton,4/03/2024
1517,Sarah Black,mrobbins@example.net,Female,South Josephberg,6/12/2024
211,Carrie Russo,lindamatthews@example.net,Male,South Jason,5/04/2025
6232,Bill Robertson,vchristensen@example.com,Female,Crystalborough,4/05/2024
9057,Cory Davis,bryan36@example.com,Female,Damonbury,21/05/2025
1579,Harold Woodard,ewest@example.org,Female,North Sarah,1/09/2024
811,Adam Kane,mckaybrett@example.org,Other,East Christopher,29/10/2024
969,Natalie Clements,raymond12@example.com,Other,Gibbsstad,17/02/2025
3312,Jeff Miller,johntravis@example.org,Other,Martinbury,1/09/2025
4520,Denise Long,yclark@example.org,Male,Henryview,2/05/2025
6351,Jennifer Ferguson,xanderson@example.org,Female,North Robinfort,10/03/2024
6895,Melinda Murillo,zcastillo@example.org,Male,East Tamaratown,31/08/2024
6093,Tricia Rivas,nlove@example.org,Female,Lake Stephanie,21/05/2024
3057,Victoria Norton,greenetyler@example.com,Male,Rosestad,3/03/2024
5603,Charles Sanders,doris29@example.org,Other,East Bryan,17/03/2024
967,Tony Andrade,rcarlson@example.com,Other,New Patrickborough,14/10/2025
7135,Julia Herman,karina29@example.org,Other,East Daisy,9/04/2024
103,Sheila Ramirez,jeff73@example.com,Other,Lake Michaelstad,25/02/2025
7221,Angel Leach,katherine53@example.org,Other,Lake Lisamouth,5/03/2025
9723,Amy Grant,jwright@example.net,Female,Port Brendanland,12/11/2025
3803,Brianna Harrison,biancahess@example.net,Other,Port Samuel,18/06/2024
5400,Jennifer Mills,gbray@example.com,Male,East Maria,24/04/2025
5103,Lisa Foster,shawnsanders@example.net,Other,South Allison,29/09/2024
6332,Erin Gould,iwest@example.org,Female,Hudsonmouth,7/10/2024
5207,Francisco Dennis,pfranklin@example.net,Male,Lake Stephanie,5/09/2025
4572,Grace Weber,tschmidt@example.org,Female,Heatherborough,6/12/2024
9050,Elizabeth King,davidroman@example.net,Other,Karenhaven,13/09/2024
5168,Catherine Lopez,piercemadeline@example.org,Female,Myersview,5/06/2024
369,Daniel Perry,bartonshannon@example.net,Other,South Adam,5/05/2025
6059,Gloria Ford,kingmiguel@example.net,Other,Stoutchester,26/03/2025
6146,David Stephenson,erin91@example.org,Male,Lake Patrickville,1/04/2024
7810,David Roberts,njohnson@example.com,Female,Kimberlystad,8/09/2025
4038,Ronald Munoz,javieringram@example.com,Male,Gravesberg,16/02/2024
4111,Sean Lee,collinsdebra@example.com,Male,Lisaville,31/10/2024
2215,Gina Smith,kingvictoria@example.org,Female,Jensenbury,3/04/2024
2873,Anthony Mcbride,john98@example.org,Male,Stephanieshire,16/04/2025
2941,Leslie Farley,peter98@example.com,Other,New Walter,15/09/2025
2632,Marcus Cooper,carol28@example.net,Male,Hillmouth,3/10/2025
560,Denise Nelson,joseph14@example.net,Female,Murraybury,21/02/2025
5987,Mary Carter,dominguezalbert@example.net,Other,Caitlinport,2/01/2024
3693,Sarah Haynes,bryan25@example.com,Female,North Kellyborough,21/11/2024
2967,Jessica Vega,geraldpineda@example.org,Female,Natalieport,8/05/2024
4167,Nicole Smith,campbelljulie@example.org,Other,Johnsonchester,16/02/2024
4577,Alexis Brown,spencerjohn@example.net,Other,Joneston,24/09/2025
2954,Jeremy Lopez,cindyjones@example.net,Male,West Amy,7/12/2024
539,Sarah Andrews,mwilson@example.com,Female,Angelamouth,23/02/2024
5264,Sarah Davis,ptrevino@example.net,Female,Lake John,4/09/2024
4449,Alexis Olson,esawyer@example.net,Male,Morrisonport,10/04/2025
8385,Eric Miller,hhood@example.com,Male,West Christopherfurt,12/04/2024
4560,Teresa Fleming,molly80@example.org,Other,North Lori,5/01/2024
9110,Andrew Montes,nmorris@example.net,Other,New Hollymouth,3/01/2024
36,Donna Ross,michelle45@example.net,Male,Frazierside,1/06/2024
2535,Jeffery Chen,reneewaters@example.com,Female,South Lindseyland,14/11/2025
1175,Penny Smith,petersonkyle@example.org,Male,West Charlotte,29/04/2024
5648,Cynthia Mendoza,patricia08@example.org,Male,New Dustin,28/09/2025
362,Taylor Simpson,charlesvasquez@example.org,Male,Taraton,11/12/2024
4034,Leroy White,heather85@example.org,Other,Meganton,22/04/2024
1798,Lisa Lopez,ucarlson@example.com,Female,Sandersmouth,13/12/2024
4902,Christopher Morgan,daniellestone@example.net,Other,West Michelle,5/06/2024
8270,Billy Wagner,sheri66@example.org,Male,South Lee,2/07/2024
56,Anthony Collins,tsanders@example.org,Other,New Hannahbury,14/03/2024
1412,Krista Ford,hthompson@example.net,Other,East Danielle,8/09/2024
6304,Susan Brewer,taylor36@example.org,Other,Schmidtberg,29/04/2024
3158,Daniel Russo,danny48@example.com,Other,Alvarezfort,4/07/2025
4504,Gregory Weaver,yjenkins@example.net,Female,Kevinbury,30/12/2024
4278,Benjamin Hardy,chelsea44@example.com,Female,Ramirezmouth,9/08/2024
2588,Thomas Coleman,dixonkathryn@example.com,Male,Caldwellview,14/05/2025
6852,Benjamin Taylor,rryan@example.org,Male,Mollybury,22/07/2025
2856,Stephen Wallace,jimmy40@example.net,Female,Tylerfurt,12/05/2024
1641,Lisa Murray,rodriguezangela@example.org,Other,North Jaredchester,3/04/2024
2708,Chad Floyd,pottskatherine@example.com,Other,East Angelachester,23/09/2025
5895,Julian Watkins,merediththompson@example.com,Female,North Lorimouth,18/12/2024
7644,Seth Tate,rachelcastaneda@example.org,Male,North Dawnton,16/11/2024
497,Kathy Beard,tali@example.com,Male,Edwinborough,12/05/2025
5990,Emily West,paul82@example.com,Male,Josebury,8/12/2024
9978,Eric Wilcox,jamie54@example.org,Female,South Ernestland,18/03/2024
4092,Samantha Hill,gholt@example.org,Male,Castanedaborough,15/07/2024
1763,Jonathan Perkins,dorisarmstrong@example.org,Male,Port Jeffrey,10/11/2024
6503,Julie Randolph,harrisvincent@example.org,Male,Lake Jenny,16/03/2024
449,Linda Ramos,robert24@example.org,Female,New Lisaberg,4/01/2025
7193,Stephen Allen,brooke40@example.net,Male,Wendybury,11/08/2025
726,Kevin Tucker,douglaslawrence@example.org,Other,Pamelaborough,8/11/2025
8730,Kathleen Norman,sfowler@example.com,Female,Jessicaton,18/07/2024
1328,Cody Christensen,christopher77@example.net,Male,Carlfurt,15/12/2024
3897,Ryan Cline,albert05@example.net,Other,Daleborough,8/03/2024
3088,Raymond Wheeler,gabriellelittle@example.com,Female,South Jonathanview,28/06/2024
3996,Nicole Roberts,robertjones@example.net,Male,Port Erik,7/03/2024
4016,Cassandra Moore,angelahall@example.net,Other,West Jamieshire,15/04/2025
7479,Sherry Bryant,brownrobert@example.com,Other,Lowerytown,13/09/2025
9871,Jason Murphy,fgriffin@example.org,Female,North Charles,19/03/2024
3401,Patricia Zimmerman,marissa54@example.com,Other,Pattersonhaven,12/09/2025
9630,Sharon Griffin,grace23@example.org,Female,Rodrigueztown,17/01/2025
3210,Dustin Ortega,josephcastro@example.org,Other,North Jeremy,18/06/2025
470,Joseph Williams,davenportchristian@example.org,Male,North Jessicaside,17/07/2025
3875,Ryan Andersen,kbrown@example.org,Male,South Juliaberg,3/08/2025
6485,Karen Johnson,riveraheather@example.net,Female,Lake Kristinafort,23/11/2024
3997,Peggy Smith,perryjason@example.com,Other,Josephshire,11/05/2025
241,Gwendolyn Walker,peter98@example.org,Other,Whitneyfort,16/01/2025
3133,Martha Parker,mscott@example.org,Other,Jeffreyside,19/02/2024
3677,Melinda Carpenter,stonejulie@example.com,Other,Lake Emilymouth,5/01/2025
5628,Katie Ayala,pdonovan@example.org,Female,East Lisaborough,23/03/2025
1543,Elizabeth Hayes,obrienbrandon@example.com,Female,Port Keithshire,6/02/2024
8540,Karen Burke,otaylor@example.net,Female,New Craig,2/03/2024
6266,Joseph Gordon,xjones@example.com,Other,West Micheleburgh,15/11/2024
6533,Emily Mitchell,schultztyler@example.com,Other,West Katelynstad,21/02/2025
7839,John Allen,nbowers@example.com,Other,Rodriguezborough,27/07/2024
8619,Isaiah Bowen,norrisrobert@example.com,Other,Joannaborough,25/11/2024
6069,David Anderson,simmonsmorgan@example.com,Male,West Monicahaven,30/06/2024
5834,Madison Wolfe,vbecker@example.com,Other,Linfort,15/07/2024
7487,Douglas Rodriguez,david60@example.org,Female,North Adrian,11/04/2024
6032,Mary Martinez,dylancampos@example.org,Other,Markton,10/03/2025
2322,Danielle Boyer,vtapia@example.net,Other,West Joseph,25/02/2024
6344,Stephanie Peterson,mcclainmax@example.com,Other,New Darryl,22/02/2024
325,Benjamin Preston,hannah07@example.com,Female,Andrewport,19/04/2025
8704,Briana Davis,jasonlyons@example.com,Female,Jasonport,7/08/2025
3226,Eric Campbell,lynchscott@example.org,Female,East Robertchester,23/10/2025
5771,Jeffrey Fry,xgill@example.com,Other,Brittanyport,14/06/2024
2273,Jose Collins,danieljones@example.org,Female,Pamton,16/07/2025
3424,Wendy Edwards,marylopez@example.net,Female,Mooreberg,9/04/2025
2067,Alexander Shea,jack64@example.com,Female,North Roberttown,27/06/2025
3485,Juan Jones,anthony55@example.org,Other,Warrenburgh,20/02/2025
4437,Cesar Hill,aaronmarshall@example.net,Female,South Johnbury,27/05/2024
1680,Erin Brown,pvang@example.net,Other,Smallton,9/05/2025
7629,Randy Russo,reginaldhuang@example.com,Other,West Johnton,20/06/2024
4115,Kristy Pace,delgadoryan@example.org,Other,South Michaelville,12/09/2025
7,Sara Watts,gabriellecameron@example.org,Male,Port Antonio,3/07/2024
1157,Collin Robinson,duncangregory@example.org,Female,Piercestad,4/08/2025
3009,Robert Conrad,wongsean@example.com,Female,Stevenport,9/01/2024
2529,Tina Richardson,shane26@example.org,Other,Carlsonchester,11/02/2025
9751,Sheryl Meadows,kevin37@example.net,Female,Booneton,25/03/2024
6694,Rachel Castillo,jacob27@example.org,Other,Foleyburgh,22/03/2025
8127,Charles Anderson,johnnyrodriguez@example.org,Male,South Troychester,3/10/2024
887,Joshua Obrien,flopez@example.com,Female,Kevinville,14/07/2024
697,Heather Lopez,clarkdeborah@example.net,Male,South Megan,12/07/2025
4911,Christopher Lowery,robert90@example.com,Other,Port Jeremiah,20/08/2025
3788,Tamara Wilson,alan04@example.com,Female,Port Robert,4/02/2024
8271,Sarah Palmer,pamela78@example.com,Female,Sanchezbury,8/05/2024
166,Clarence Davidson,georgeweber@example.net,Other,Meganshire,24/02/2025
8281,Joseph Hart,michelleking@example.net,Female,Kirkchester,3/07/2024
6543,Jessica Wolf,logangraves@example.net,Female,Garciaburgh,6/04/2024
2623,Kathleen Cross,jessica82@example.net,Male,Kyleshire,13/08/2024
6781,Alfred Joseph,ssanchez@example.com,Male,East Kimberly,12/09/2025
9189,Carlos Barrett,lestervictoria@example.org,Male,Brandonbury,26/09/2024
6383,Anthony Harvey,ntate@example.net,Female,Port Anthonyburgh,4/06/2024
4212,Michael Moreno,lisawise@example.org,Male,Jameschester,25/01/2024
2668,Jake Munoz,frederick49@example.org,Other,Sullivanbury,20/02/2024
8699,Aaron Duncan,mezatimothy@example.net,Other,East Danielleberg,20/08/2025
5384,Dan Smith,kfreeman@example.com,Female,West Helenfurt,7/12/2024
2706,Katrina Ramos,czamora@example.net,Other,Taylorborough,24/01/2024
1244,Melissa Washington,linda52@example.org,Other,Allenborough,18/05/2024
4482,Allen Griffin,brittanycoffey@example.net,Male,Lake Donaldfurt,15/03/2025
5280,Denise Munoz,zflores@example.com,Female,Taylorside,30/05/2025
2199,Joshua Mccoy,bradleymitchell@example.net,Female,Heathermouth,25/06/2024
5450,Shannon Townsend,thomaslynch@example.net,Male,East Shawn,16/01/2025
7754,Emily Montgomery,charles79@example.org,Other,South Charlesport,11/02/2025
8593,Katherine Chapman,patelmary@example.com,Female,Port Leahview,11/01/2025
4119,Thomas Mccann,duranmatthew@example.com,Male,Christinaberg,6/02/2025
963,Christina Payne,aimeescott@example.org,Male,New Anthony,26/11/2024
3574,David Webb,twillis@example.org,Other,South Peterville,3/01/2024
3971,Michael Brown,zmorrison@example.org,Female,Kellyfort,14/05/2024
8503,Angela Arias,imassey@example.com,Female,Jonesland,5/05/2024
5041,Eileen Johnson,christopher51@example.com,Male,Aprilfurt,13/02/2025
7669,Tamara Williams,hancockeric@example.com,Female,East Jonathan,3/10/2025
236,Sarah Gonzalez,erinpierce@example.net,Male,Hahnborough,6/09/2024
2960,Mark Ellis,cynthiacole@example.org,Other,Jonesmouth,6/07/2025
6320,Thomas Mccall,jim68@example.org,Female,West Cindymouth,19/06/2024
7605,Ashley Nolan,nblack@example.net,Male,North Valerieside,23/06/2025
9747,Jonathan Jacobson,nicolemarshall@example.org,Other,East Heatherville,3/02/2024
6563,Brian Davis,anthonymcdonald@example.org,Other,East Aaron,16/05/2025
3411,Tony Thomas,kerry42@example.org,Male,South Chaseside,16/01/2025
6199,John Stone,henryalexander@example.net,Other,Lake Darrell,21/10/2025
3531,Kelly Price,noahroberson@example.com,Female,New Andrewberg,1/03/2024
2940,Gregory Taylor,robinmills@example.net,Male,Reynoldston,10/04/2025
1059,Joseph Huff,rhonda53@example.com,Other,South Leslie,28/10/2024
5449,Laura Velasquez,enielsen@example.com,Other,Andrewfurt,17/07/2024
2302,Wayne Brown,fhanna@example.com,Female,New Christopher,4/07/2025
6580,Robert Romero,carlos03@example.org,Other,North Kimberly,3/04/2024
2604,Rebecca Phillips,phillipsrichard@example.org,Other,North Martin,15/04/2024
3667,Kelly Keith,jbaker@example.org,Other,New Aaronchester,9/02/2024
2363,William Peters,andrewwalker@example.com,Other,Zavalaside,28/02/2024
2038,Kayla Lewis,kmaynard@example.org,Other,Richardsfurt,12/05/2024
7530,Crystal Robles,reeveschristine@example.net,Other,South Roger,10/08/2025
1726,Carrie Bowers,weaverlaura@example.net,Male,West Christopher,22/07/2024
9191,Ray Chavez,paula90@example.com,Other,North Travis,14/05/2024
3783,Alex Smith,ftucker@example.com,Female,Victorland,6/08/2024
9911,William Davis,leecameron@example.net,Male,Port Zacharyton,18/01/2025
1711,David Velasquez,lopezgregory@example.org,Male,North Heatherfurt,24/04/2024
1648,Eduardo Gomez,warrenmariah@example.net,Other,Smithton,25/10/2024
9662,Tami Norris,scooper@example.org,Male,Jasonport,23/06/2025
5869,Leah Rogers,arnoldpaul@example.com,Male,Ellenmouth,13/11/2025
6415,Madison Garcia,kristinmendez@example.net,Female,North Douglasmouth,22/03/2024
4074,Michael Wade,kyle43@example.org,Female,North Thomashaven,20/10/2024
8816,Timothy Green,paul88@example.com,Female,East Jennifer,24/04/2025
414,Mitchell Williams,zperez@example.com,Other,Bellshire,23/12/2024
9456,Steven Gallagher,carl31@example.com,Other,Port Brianhaven,7/07/2024
6138,Anthony Patel,jeffreyyates@example.org,Female,Glennville,3/05/2024
6054,Susan Hayes,davislaura@example.com,Female,Port Shawn,11/06/2024
7206,Samuel Ellis,hhamilton@example.net,Female,North David,6/04/2025
2212,Jasmine Hale,kristianderson@example.net,Male,Robertston,8/04/2024
2049,Brittany Hubbard,vhunter@example.com,Male,Ericton,1/04/2024
5225,Tyler Conley,devinbernard@example.org,Other,South Eileenland,16/07/2024
5037,Tammy Crosby,xkim@example.org,Female,Smithburgh,4/04/2024
8652,Vincent Butler,jamesthompson@example.net,Male,Zhangside,16/09/2025
3888,Laura Fitzpatrick,fandrade@example.com,Other,South Damonton,20/03/2025
9756,Sean Lane,jay75@example.org,Other,North James,8/07/2025
9440,Gabriel Giles,april71@example.org,Female,Parsonsport,1/07/2025
3492,Thomas Jones,murrayelizabeth@example.com,Male,Sheilamouth,8/08/2025
3713,Rebecca Ayala,figueroawilliam@example.org,Female,West Allisonville,24/06/2025
4125,Dalton Johnston,robert09@example.net,Female,Nunezside,6/04/2025
6010,Sara Camacho,darrell17@example.com,Other,Lisastad,29/10/2025
9454,Dylan James,theresacampbell@example.net,Other,Port Teresaton,8/06/2025
6804,Nicole Webster,ffrey@example.net,Male,Rodneystad,24/02/2025
8606,Melinda Chavez,carrillodeborah@example.org,Other,Mistystad,7/05/2025
2533,Beth Webster,collinscarolyn@example.org,Female,South Emily,13/08/2024
3757,Jay Kent,katherineyoung@example.org,Female,Fordmouth,3/05/2024
7133,Billy Dyer,elizabethkelly@example.net,Other,Albertview,28/05/2025
3456,Mike Miller,ashley28@example.com,Other,South Lindashire,19/02/2025
9856,Shawn Washington,landrychristopher@example.net,Female,West Adamhaven,12/08/2024
3120,Scott Roberts,ginahooper@example.net,Female,Port Randy,27/09/2025
6363,Ann Aguilar,shelbythompson@example.com,Female,North Kyleshire,17/03/2025
3864,Christine Morrison,anthonywilliams@example.net,Male,Thompsonton,13/01/2024
4611,Alicia Singh,snewman@example.com,Female,Robertschester,5/10/2024
7997,Adrian Schneider,robert56@example.com,Female,North Heidiberg,30/08/2025
4232,Clayton Miller,wbartlett@example.org,Male,New Julie,13/05/2024
9738,Angelica Patel,chapmanclaudia@example.org,Male,Brittneyhaven,15/08/2025
6241,Dustin Davis,joshuahoffman@example.org,Male,Nicholefort,29/05/2024
4599,Omar Jackson,mmann@example.org,Other,Hunterton,26/02/2025
8888,Melissa Morrow,wallersandra@example.net,Other,Richardmouth,24/10/2024
4942,Jason Harrell,grasmussen@example.com,Male,Henryberg,18/10/2025
2760,Joshua Sanchez,amartinez@example.org,Female,Lake Elizabethside,30/03/2024
7266,Christopher Murphy,markryan@example.org,Female,Elizabethland,28/05/2024
6346,Jamie Brown,gwendolyn59@example.net,Male,North Williammouth,5/07/2024
9730,Bridget Flynn,todd43@example.net,Male,Davidhaven,24/02/2025
245,Crystal Lopez,vfoster@example.net,Male,South Brittany,29/06/2025
4218,Anna White,tperez@example.com,Female,East Sylvia,3/03/2025
5209,Luke Lyons,erica00@example.net,Other,Woodmouth,28/02/2024
921,Warren Fletcher,rhuynh@example.org,Other,Spenceberg,20/09/2025
6326,Cassandra Wilcox,brownjamie@example.org,Other,Port Tammy,30/12/2024
6276,Tyrone Rodriguez,jasonmartinez@example.com,Other,East Kathleen,19/02/2025
4684,Philip Ortiz,robinsonmark@example.com,Female,New Katelyn,25/02/2025
616,Angela Page,jamescollier@example.com,Other,Williamsport,10/10/2024
7399,Amy Everett,hsingleton@example.org,Other,Stewartside,10/02/2025
7615,Matthew Parks,ccarlson@example.org,Male,Meganbury,9/02/2025
5791,Kevin Reeves,joneschristine@example.net,Female,Lake Katrina,29/02/2024
9976,Annette Alvarado,margaretmccoy@example.com,Male,Smithmouth,27/02/2024
3980,Anna Bullock,haneycarrie@example.com,Male,Fraziershire,19/07/2025
3466,Karen Frazier,christopher69@example.net,Other,Robertland,31/08/2025
9086,Paul Ingram,lukenguyen@example.org,Female,Jonesshire,8/11/2025
8125,Nancy Calderon,jonesderrick@example.org,Male,Rodriguezberg,8/05/2024
9442,Ricardo Maldonado,brandygarcia@example.com,Female,Lynntown,5/10/2024
5184,Andrew Stephens,daniel57@example.org,Other,Hayeston,16/04/2025
6948,Holly Soto,staceyryan@example.net,Male,South Kyleshire,1/04/2024
7619,Chris Brown,ureed@example.net,Other,East Zacharyburgh,1/08/2025
1967,Kathleen Santana,eharris@example.com,Other,Suzannebury,8/02/2025
7474,Dominique Mclaughlin,weissashley@example.net,Male,Tashaville,21/09/2025
3309,Susan Kaiser,nicolemckenzie@example.org,Female,Lake Margaret,16/08/2025
8253,Brandon Vaughan,across@example.com,Female,Morrowshire,18/10/2025
3347,David Wall,richmondlarry@example.net,Female,Josephberg,14/06/2025
3584,Jennifer Jensen,ericlynn@example.com,Female,Matthewborough,25/09/2024
5513,Timothy Pennington,wrightbrian@example.net,Other,Jodiland,24/06/2024
9237,Alexandra Ramirez,adominguez@example.com,Other,Jasonmouth,2/01/2025
2830,Lawrence Meadows,qgill@example.com,Male,Kathleenbury,2/10/2025
2203,Rodney West,shane26@example.com,Female,East Jamesland,30/07/2024
5501,Brian Moody,tara59@example.net,Female,West Lawrenceland,14/05/2025
5391,Devon Jones,hwilson@example.com,Female,Travisburgh,8/11/2025
4921,Joshua Rowland,zjohnson@example.net,Other,Isaacbury,16/08/2025
128,William Collins,xjohnson@example.com,Other,Lake Michelleland,8/02/2024
4263,Franklin Carter,nicholas79@example.org,Male,West Jasonfurt,4/07/2025
5055,Holly Carson,vrice@example.net,Female,South Laura,27/09/2025
2696,Lisa Hodges,darius87@example.com,Other,Marshallchester,22/06/2024
3649,Joshua Brandt,fprice@example.net,Other,Luisfort,8/09/2025
81,Kelly Thornton,edavenport@example.org,Male,Arnoldfurt,29/09/2025
4171,Ashley Freeman,yhunt@example.com,Male,North Angela,3/11/2025
1260,Christopher Hayes,warrenandrew@example.net,Female,New Brianstad,18/03/2025
6076,John Hale,btaylor@example.org,Female,Scottmouth,21/10/2024
9934,Julie Green,aclarke@example.net,Female,Lopezmouth,2/08/2025
8886,Madeline James,millertimothy@example.com,Other,Shawnport,31/07/2024
1629,Jennifer Stanley,mrandolph@example.net,Female,North Kelly,1/11/2024
2466,Howard Perez,rickyclark@example.org,Other,South Garyton,12/04/2024
2247,Paul Nelson,evansrobin@example.com,Other,West Karen,23/05/2024
4784,Diana Hendrix,jacob43@example.org,Other,Annemouth,6/02/2025
4990,Brandon Bates,juan23@example.net,Female,Port Ronaldburgh,26/02/2025
6802,Michael Sanchez,mary15@example.com,Female,East Beth,2/08/2025
6174,Joseph Anderson,donaldreid@example.com,Male,Fritzport,20/07/2024
4663,Elizabeth Rojas,paigeking@example.org,Other,Catherinechester,9/06/2024
4874,Amy Church,kholmes@example.com,Female,Christianport,12/11/2025
6718,Wendy Ruiz,monica32@example.net,Male,Carrolltown,11/07/2025
6446,Kathleen Scott,lisa81@example.com,Other,Brendaview,1/05/2024
2361,Keith Delacruz,john19@example.com,Female,Port Kathleen,10/03/2024
9028,Patrick Dawson,samantha27@example.net,Male,New Tonya,17/06/2024
9405,Jody Andrade,baileygutierrez@example.com,Other,Ginafort,29/04/2025
8037,James Sullivan,singhdonald@example.org,Other,Heatherfurt,9/07/2024
8203,Lisa Pierce,marcus53@example.net,Other,Jacksonberg,16/12/2024
7924,Todd Newton,patriciavang@example.com,Other,South Katherineborough,20/10/2024
5983,David Young,thompsonnicholas@example.net,Female,Michaelborough,16/09/2024
1549,Jeffrey Santiago,debra82@example.net,Female,Port Loriport,21/12/2024
7528,Timothy Davis,david04@example.com,Male,West Phillipberg,3/10/2025
6270,William Griffin,ptaylor@example.org,Female,Thomasland,28/06/2025
4992,Ana Hall,jennifermedina@example.org,Female,Karenborough,29/08/2025
6798,Stephen Durham,randystewart@example.com,Other,Nicoleside,16/01/2024
1345,Tammy Powers,hharris@example.org,Male,Ballardborough,31/10/2024
1137,Kevin Davis,bvaldez@example.org,Female,Larryfort,31/01/2024
623,Douglas Taylor,nathan76@example.com,Male,North Jeffery,28/08/2024
3501,Patricia Sims,hollyscott@example.net,Male,New Wesley,24/04/2025
2240,Kristin Perry,kellybrown@example.org,Other,Reyesview,18/08/2024
2266,Lindsay Garcia,yboone@example.org,Male,Port Lindsey,9/01/2025
1004,Jeffery Kennedy,john66@example.com,Other,West Samanthaport,25/02/2024
7548,Andrea Phillips,rodrigueztina@example.com,Other,Anthonyborough,1/07/2024
9604,Matthew Moran,marywilliams@example.net,Female,New Breanna,5/10/2025
1956,Tony Lopez,kristy11@example.com,Other,Johnton,12/06/2024
589,Crystal Cantrell,matthewjohnson@example.net,Other,West Derekmouth,7/05/2025
3903,Tonya Pope,thomasmiller@example.net,Male,New Markfurt,3/02/2024
6050,Michelle Horn,patelwilliam@example.net,Male,Mayport,10/04/2025
5325,Hunter Coffey,daledavila@example.com,Female,Lawrencefort,16/03/2025
6176,Tammy Berg,rschmidt@example.com,Male,Carloschester,16/01/2024
2011,David Allen,stephenjohnson@example.net,Female,East Tonya,6/02/2024
1650,David King,curryjose@example.org,Other,Port Jenniferview,31/03/2025
8641,Aaron Smith,breanna37@example.org,Male,Wilsonview,4/10/2024
7581,Brooke Gray,krowe@example.net,Male,Grayshire,6/10/2025
2951,Matthew Odonnell,tinaflynn@example.com,Other,West Damonchester,14/08/2024
8546,Nicholas Reed,hwood@example.org,Other,North Kristinville,16/03/2025
3215,Shelia Baker,ksexton@example.com,Other,West Robertview,13/03/2025
952,Laura Marshall,xsmith@example.org,Female,Josephview,27/08/2024
607,Anna Johnson,tiffany25@example.com,Other,New Kevin,6/05/2024
360,Alexander Oneill,tiffanysantiago@example.com,Male,South Dorothybury,24/03/2025
54,Denise Webster,jamessmith@example.org,Other,East Thomas,18/06/2025
801,Alexis Hoover,walkernicole@example.net,Female,Lake Gary,20/01/2024
4634,Brenda Gonzalez,hbrown@example.com,Female,Jonesfurt,29/03/2024
7766,Ronald Pham,qbailey@example.org,Female,Adamsmouth,4/08/2024
3717,David Smith,justinfranco@example.com,Male,New Maryville,29/01/2024
6584,Mallory Baldwin,tonyawalsh@example.com,Other,Jamesville,21/04/2024
8042,Peter Schmidt,ypatton@example.com,Male,Port Travis,7/12/2024
5274,Heather Lutz,jhumphrey@example.net,Female,East Rebecca,16/03/2025
5165,Danny Daniels,adamvelasquez@example.org,Other,Moranland,20/09/2025
9574,Shannon Chavez,pyates@example.org,Male,North Wesleyhaven,27/07/2024
27,Charles Lewis,david51@example.org,Other,Justinmouth,12/11/2025
3898,Yvonne Delgado,darleneroberts@example.com,Other,Lake Daniel,21/11/2024
5677,Charles Gordon,wspencer@example.org,Female,Thomasshire,1/03/2025
661,Sylvia Suarez,michaelbaldwin@example.com,Other,Lake Tammyton,11/04/2025
2380,Edward Butler,rodriguezjohn@example.org,Female,West Christine,6/01/2024
8002,Linda Gonzalez,jasonmays@example.org,Female,Hillhaven,22/10/2025
4802,Julie Martinez,snyderdawn@example.net,Other,West Lindamouth,15/08/2025
7797,Philip Mack,hernandezwilliam@example.org,Male,Jamesfort,27/04/2025
7706,Dylan Oliver,nathaniellee@example.net,Male,Tonyaland,13/12/2024
193,Patrick Griffin,stephanie49@example.net,Other,West Desireebury,5/01/2024
3340,William Saunders,john31@example.com,Female,Hannahstad,10/02/2024
9196,Brian Patterson,anita71@example.org,Male,South Jody,9/02/2024
2787,Melissa Campbell,eric22@example.com,Other,West Amanda,8/07/2025
1449,Benjamin Maynard,amber70@example.com,Other,Andrewshire,15/05/2025
7343,Steven Jones,zadkins@example.org,Other,North Katherinetown,1/05/2024
8227,Jane Howell,mitchell92@example.com,Other,Lake Kenneth,12/02/2024
164,Hunter Burch,dshaw@example.org,Other,West Fred,13/03/2025
6454,Michael Taylor,carl28@example.net,Other,East Patrickville,13/11/2025
2065,Keith Hood,oray@example.org,Female,Gregoryville,11/09/2024
4363,Catherine Fernandez,samanthacox@example.com,Male,South Moniqueborough,14/05/2024
6121,Charles Gordon,stevenlucas@example.net,Other,Port Jamesville,11/01/2025
7631,Nathan Graves,fgraham@example.com,Female,East Michaelmouth,20/07/2024
5866,John Morris,ronnie22@example.org,Other,Stephenfurt,12/09/2024
3530,Erica Solomon,fsmith@example.com,Male,Port Georgeton,1/09/2024
4651,Karen Johnson,gthompson@example.org,Female,Cherylville,26/05/2024
6687,Edgar Anderson,robinsonheidi@example.net,Female,Jensenland,7/01/2024
7074,Mark Blackburn,lwilson@example.org,Female,Lake Jonathanside,6/08/2025
1635,Michael Parker,jasonjohnson@example.org,Male,North Donald,11/08/2024
1114,Thomas Golden,johnsonanthony@example.net,Female,Lake Jill,1/12/2024
5299,Sarah White,alex51@example.com,Other,Amandaside,19/03/2024
412,Nicholas Anderson,harrismichele@example.net,Other,Serranoville,17/02/2024
6839,David Dennis,dmolina@example.org,Female,Stephanieport,7/10/2024
5258,Lindsay Curtis,orichard@example.net,Male,Washingtonville,11/11/2024
7777,Thomas Castro,michael61@example.org,Male,Port Theresa,5/09/2025
162,Nicole Jones,ukey@example.com,Male,Hammondshire,29/03/2024
5967,Jeffrey Campbell,roy66@example.org,Male,Millerhaven,21/03/2024
3198,Amy Lucas,pettyarthur@example.com,Other,New Christian,3/11/2025
9407,Clarence Villanueva,alicehernandez@example.net,Other,West Sharontown,24/10/2024
9885,Melissa Gonzales,taralyons@example.org,Other,New Paulshire,16/01/2025
4507,Jonathan Page,smithjustin@example.net,Female,Lake Tony,28/05/2024
1129,Kevin Arellano,kathrynsantana@example.net,Other,South Ronaldview,9/04/2025
7279,Jeremy Carroll,cobbkaren@example.net,Male,Port Joseph,13/03/2024
4472,Samuel Moody,icraig@example.com,Female,Port Jimmy,10/01/2025
3848,Matthew Hunter,carpentermegan@example.com,Male,Bowmanmouth,26/08/2025
1071,Andrea Romero,anthonyorr@example.net,Female,North Tracy,6/03/2024
4378,Kirk Jackson,lgonzalez@example.net,Other,Newmanview,5/08/2025
247,Jose Huffman,candice96@example.net,Other,West Michaelmouth,8/11/2024
4395,Kimberly Elliott,stephen36@example.net,Male,New Melinda,11/01/2024
6502,Lawrence Reyes,luis44@example.org,Male,East Frankside,22/02/2025
4428,Mikayla Crawford,frankjackson@example.org,Male,West Johnton,30/09/2025
7228,Alexandria Hall,stephaniegarcia@example.com,Other,South Marialand,15/07/2024
6230,Adam Wilson,icarson@example.org,Female,Richardsonbury,15/12/2024
2715,Anthony Hawkins,ljohnson@example.org,Other,Lake Brittany,15/08/2024
4469,Mitchell Lee,johnsondaniel@example.com,Other,Alexview,22/05/2024
9849,Amanda Jones,patriciabaker@example.net,Other,Jenniferton,22/08/2024
7105,Aaron Sims,chelseygarrett@example.com,Male,North Janiceside,13/06/2025
6305,Mark Robinson,devon00@example.org,Female,New Danielleburgh,1/06/2024
6670,Norma Harris,alvarezrebecca@example.net,Other,East Michael,16/05/2024
2952,Angela Nash,wardbrandy@example.net,Male,Ricardomouth,22/11/2024
5511,Lori Farmer,michellerogers@example.com,Other,West Alyssa,16/04/2024
7879,Ian Lindsey,ngreen@example.org,Other,Lake Melissaton,29/07/2024
7155,Dennis Zuniga,donnavargas@example.com,Male,Timothymouth,14/05/2024
864,Jessica Parker,wdavis@example.net,Other,Andreaville,30/04/2024
4189,Tricia Camacho,william46@example.net,Other,Dawnton,9/03/2025
7096,Matthew Ray,jonpreston@example.com,Male,Kyleside,2/08/2024
9722,Frank Floyd,wongashley@example.net,Male,South Dennis,4/02/2024
6697,Lee Case,michaelthompson@example.org,Female,Lake Kimberly,9/01/2024
6352,Shirley Ingram,dennis71@example.net,Other,South Alyssachester,13/03/2024
839,Brittany Lopez,berrydavid@example.com,Other,Raytown,20/08/2024
8414,Jermaine Harmon,bradleyangela@example.org,Other,West Debbie,27/12/2024
2815,Jeremy Flores,davidlove@example.com,Female,West Angel,22/11/2024
283,Stephanie Jones,xcline@example.com,Other,Christophermouth,2/11/2025
4518,Leah Parker,brandongonzalez@example.com,Male,Lake Jenniferton,17/01/2024
8773,Tanya Mccoy,sophia59@example.com,Other,Tanyaborough,11/01/2025
4039,Patrick Armstrong,shane87@example.net,Male,North Ashley,20/06/2025
9026,Shawn Brown,frivera@example.com,Male,Hernandezbury,4/03/2025
7335,Brittany Richardson,brittney70@example.com,Other,Michelleport,12/10/2024
448,Carla Welch,omills@example.net,Other,Reginafort,1/05/2024
3202,Karen Gutierrez,preynolds@example.net,Other,Nicoleberg,21/12/2024
3521,Christine Perry,daniellerodriguez@example.org,Male,New Peterland,26/09/2025
7365,Megan Peterson,tonyawolf@example.net,Male,Lake Jeremyberg,27/05/2024
3759,Albert Fletcher,qgreene@example.org,Other,Gainesland,31/03/2025
9991,Joseph Weaver,roachtimothy@example.com,Other,Michaelmouth,27/07/2024
1677,Joseph Ramos,gblack@example.org,Male,Cindyfurt,9/04/2024
2435,Susan White,rileykathleen@example.org,Other,South Andrewport,2/03/2025
1850,Michelle Cook,hlin@example.net,Other,Leeshire,19/05/2024
4361,Andrew Shaffer,vgreen@example.net,Male,South Robertport,5/01/2024
5874,Jessica Wells,daniel37@example.org,Female,North Jennifer,12/11/2024
2447,Angela Meyer,pachecokyle@example.net,Other,East Alisonbury,9/06/2024
5205,Joseph Williams,joshua77@example.com,Female,Stevenchester,7/05/2025
8340,Brian Jimenez,nrusso@example.org,Other,Tonyaborough,15/11/2024
537,Amanda Morales,pallen@example.net,Female,South Patrick,26/06/2025
1508,Corey Bowers,brian90@example.net,Female,West Lawrence,13/10/2025
9204,Richard Sanchez,noblephillip@example.com,Male,Lake Saraland,4/04/2024
1562,Leon Espinoza,jamesmoon@example.com,Other,South Amyland,14/10/2025
3867,Gerald Andrews,tamaramurphy@example.org,Female,West Brittanybury,19/07/2025
1892,Brooke Austin,pearsonwillie@example.org,Male,Lake Andreaton,6/02/2025
5827,Sherri Goodman,donald38@example.com,Male,Gordontown,23/05/2024
2396,Michelle Mcdowell,bryce27@example.org,Female,Lesliestad,21/10/2024
5888,Michelle Brooks,trevor39@example.org,Female,Michaelport,11/10/2024
4154,Derek Thomas,sharonbeck@example.com,Female,Brookstown,19/07/2025
5434,Maria Hoffman,rebeccatate@example.net,Male,Port Paulland,12/10/2025
2213,Ann Anderson,kathrynochoa@example.com,Female,Williamsonshire,7/05/2024
8905,Isabella Baker,john48@example.org,Female,South Bradley,20/03/2024
2178,John Estrada,fwilliams@example.com,Male,North Justinshire,2/04/2025
7371,Michael Martinez,cristian93@example.com,Female,Hendersonbury,28/04/2025
2877,Samantha Walsh,lesliejohnson@example.net,Other,South Williamborough,5/03/2024
3107,Madison Hernandez,kenneth22@example.net,Female,Jamesville,9/11/2025
4896,Jim Cook,jamesmorales@example.net,Male,Collinsshire,15/07/2024
2657,Nathan Tran,todd94@example.com,Other,Sarahville,7/09/2024
1899,Daniel Dudley,ericwagner@example.org,Female,East Jennifer,22/10/2025
6865,Jennifer Marshall,llozano@example.net,Male,Jamesshire,7/05/2025
7473,Kim Vance,evansshannon@example.com,Other,Kevinmouth,5/10/2025
9223,Kristi Johnson,matthewsjulie@example.org,Other,Lake Stephentown,21/03/2024
2371,Nancy Smith,emma32@example.com,Other,East Kevin,9/08/2024
8194,Gary Jones,paynenicole@example.net,Other,Kennethview,4/09/2025
8318,Jacob Bean,krojas@example.net,Female,New Kimberlyside,18/09/2025
338,Danielle Alvarez,william28@example.org,Other,Connorberg,14/04/2025
6685,Martin Riley,brobinson@example.net,Female,Lake Glenland,15/01/2024
5175,Margaret Chapman,jenningsdouglas@example.org,Female,Port Charles,13/04/2025
8945,Steven Willis,dyang@example.org,Female,Port Ryan,3/06/2025
1655,Elizabeth Larson,forbessean@example.org,Female,Lake Lynnview,23/10/2025
5077,Timothy Morrison,mjones@example.com,Male,Port Amberville,31/03/2025
8711,David Mays,jaredmontgomery@example.com,Female,New Joycetown,23/06/2025
5320,Christopher Morgan,nancy84@example.com,Male,Christopherfurt,3/08/2024
3755,Rachel Carter,thenderson@example.net,Female,New Kenneth,9/08/2025
8268,Sydney Burton,nolanjonathan@example.org,Male,Friedmanmouth,4/10/2025
7567,Dawn Ho,bowersalexandra@example.org,Other,Port Michelleton,25/09/2025
9136,Sherri Anderson,jriley@example.net,Male,Johnshire,23/02/2024
9336,Charles Franklin,pclay@example.org,Male,Melissabury,28/08/2025
7704,Brian Mcdonald,joshuagarcia@example.com,Male,Caldwellstad,2/06/2025
3188,Bryan Mitchell,patricia94@example.net,Other,Ashleychester,12/01/2024
7258,David Webb,garciachris@example.com,Other,Port Jamesburgh,7/02/2025
4026,Lynn Bullock,ipruitt@example.org,Female,Patriciaton,14/07/2025
376,Frances Thomas,vaughnkenneth@example.net,Other,West Lisaville,3/11/2025
6239,David Strong,rodney02@example.com,Male,Danielschester,12/05/2024
8512,Catherine Gonzalez,kevin65@example.net,Male,Port Markburgh,24/01/2024
7532,Robert Ortiz,johnsonfrederick@example.net,Female,New Matthew,12/12/2024
8267,Amanda Brady,maychristian@example.com,Female,Maldonadoberg,19/06/2024
2079,Brenda Thompson,michaellee@example.org,Male,North Susan,17/09/2025
3546,Tiffany Frederick,yayers@example.com,Other,Allenchester,28/11/2024
6702,Mallory Green,walter50@example.org,Female,South Timothy,14/11/2024
3647,Alison Miller,xsimon@example.com,Other,Lake Donnaton,15/12/2024
4053,Rodney Meza,hutchinsonerik@example.net,Male,West Jessicaburgh,16/02/2024
4936,Kevin Allen,jessica09@example.com,Female,Mitchellmouth,15/10/2024
1779,Jennifer Hernandez,davidgonzales@example.com,Other,Lake Nancy,8/07/2024
9733,Kathy Pierce,jeremytucker@example.org,Other,Port Howardborough,18/12/2024
3039,Felicia Chen,amandarichardson@example.net,Male,East Michaelfort,4/06/2025
9221,Joseph Miller,monique62@example.org,Other,North Amyton,18/02/2025
8152,John Douglas,bsampson@example.com,Other,Burtonville,6/02/2025
7749,Roy Bates,anitawhite@example.com,Other,Lake Amy,6/11/2024
311,Timothy Shields,franciscojones@example.org,Male,Andrewview,10/03/2024
9470,Gordon Glover,teresahogan@example.com,Other,Montoyafort,21/06/2024
3895,Stacy Harper,corey59@example.org,Female,West Samantha,20/12/2024
7874,Robin Smith,taylor25@example.org,Other,Kirkbury,23/06/2024
457,Maria Martinez,paulproctor@example.org,Male,East Stevenville,12/07/2025
3533,Joshua Sanchez,lgallagher@example.com,Female,Port Sethchester,17/04/2024
8156,Jill Villegas,houselorraine@example.com,Other,East Kaitlinfort,10/06/2025
8722,Kerri Cervantes,david38@example.com,Male,New Felicia,2/08/2025
873,Matthew Shelton,robertstimothy@example.com,Other,North Joann,25/10/2025
4360,Damon Watson,cristinaphillips@example.com,Male,Johnsonmouth,19/02/2024
8752,Kathleen Lee,travis74@example.com,Other,Marieburgh,3/03/2025
4972,Kelli Conway,mcdanielnathan@example.net,Female,Torresfort,17/02/2024
191,Jessica Wong,alexisrogers@example.com,Other,East Cheryl,14/08/2024
4843,Deborah Lopez,cortezeric@example.org,Female,Jesuschester,5/03/2025
6961,Stephanie Nelson,vreid@example.net,Male,West Katherinefurt,14/01/2025
8361,Colton Lester,uwilson@example.org,Male,Williamsside,8/02/2025
3318,Dan Jenkins,harrelllinda@example.com,Other,Smithtown,27/07/2024
3582,Donna Hart,samanthafaulkner@example.org,Other,North Dianaburgh,23/10/2025
9071,Ann Lopez,banksrussell@example.com,Male,Thomasmouth,27/07/2025
9463,Julie Jackson,eschneider@example.net,Other,East Samantha,3/06/2024
3454,Kurt Brown,ewilliams@example.org,Other,Mooreshire,2/10/2025
9549,Norma Carson,tinayork@example.net,Other,North Richard,3/05/2024
7107,Dennis Bryant,wilsonkevin@example.com,Other,Tinashire,5/09/2025
8569,Jessica Hunt,matthew96@example.net,Other,East Vincent,4/11/2025
1410,Eric Frederick,kristinnguyen@example.org,Female,Williamtown,9/05/2025
6197,Jonathan Ho,sthompson@example.com,Other,South Russellside,2/02/2025
7458,Carrie Acosta,cstevens@example.com,Female,North Ethan,14/03/2025
9334,Kevin Martin,hduncan@example.org,Male,Michellechester,6/01/2024
1384,David Mendez,wlucas@example.net,Male,East Carol,27/05/2025
7841,Jennifer Mathews,lee05@example.net,Female,East James,4/08/2024
4948,Rebecca Mason,jeffward@example.net,Other,Ramirezchester,26/10/2024
6341,Wendy Grant,fhunt@example.org,Male,Meganland,22/08/2025
5945,Sheila Johnson,kthomas@example.net,Female,East Beth,23/12/2024
1725,Michael Dixon,murraystephen@example.net,Male,Lake Juliefort,20/06/2025
1707,Victoria Edwards,marygarcia@example.com,Male,West Nicholas,11/02/2024
5576,Jonathan Johnson,smalltabitha@example.net,Male,Jordanshire,27/09/2025
1334,James Obrien,frank25@example.org,Male,North Mindyside,7/11/2024
2030,John Christensen,ladkins@example.com,Female,Williamsville,10/07/2025
9737,Deborah Peterson,mccoyalexander@example.net,Female,Rickyland,6/04/2025
2117,Matthew Blackwell,rharmon@example.org,Male,South Jessicabury,8/12/2024
1683,Diana Armstrong,kennethmata@example.com,Other,North Kelly,17/01/2024
6859,Robert Ruiz,hibarra@example.org,Female,South Heidiside,22/12/2024
6368,Jesse Nelson,pottercarolyn@example.net,Male,Tracyhaven,3/01/2024
358,Megan Garcia,rpham@example.com,Male,New Noah,2/11/2025
736,Maria Martinez,johnharper@example.org,Female,Romerohaven,13/09/2024
5835,Sonya Blake,garnerlaura@example.net,Male,West James,14/08/2024
1676,David Green,paynestephanie@example.net,Other,Port Richardside,12/06/2025
7807,Tammy Taylor,sarah34@example.net,Other,Nancymouth,10/03/2025
7943,Zachary Perez,owright@example.org,Other,Russoview,20/03/2024
5798,Virginia May,haleylinda@example.net,Female,Port Tracyfurt,12/10/2024
559,Sara Cole,suzanne01@example.net,Male,Stephaniechester,9/01/2024
1910,April Soto,raymondperkins@example.net,Male,South Kellyshire,27/07/2025
622,Carol Jackson,monique44@example.net,Female,Codyshire,7/06/2025
5508,Alice Waters,staceychen@example.net,Other,Christopherstad,16/08/2024
9602,Mary Vargas,powersscott@example.com,Female,Murphystad,29/04/2024
3621,Gregory Morris,qwoods@example.net,Male,Codyport,29/03/2025
3519,Albert Jones,samuel59@example.org,Other,North Rachelmouth,20/09/2024
4030,Stacey Adkins,brianharrison@example.org,Other,Penashire,10/03/2025
9030,John Turner,michaelnichols@example.org,Female,South Natalieville,1/03/2024
704,Lauren Richard,justincurry@example.net,Male,Andersonborough,28/06/2025
7579,Shannon Richardson,angela54@example.com,Female,Shawnchester,24/04/2024
3691,Brian Haynes,terrigarner@example.org,Female,Deborahshire,15/02/2024
7496,Christopher Jackson,carriekelly@example.org,Male,Ashleyville,20/06/2024
6893,Christopher Reed,fgomez@example.com,Female,East Mariostad,8/08/2025
2531,Daniel Clark,porterronald@example.com,Female,Jacobburgh,22/04/2025
4741,Amy Robbins,edwardsaaron@example.net,Female,Cassiefurt,18/01/2024
5729,Austin Reid,brandon21@example.net,Other,East Robinfort,1/06/2025
7677,Beverly Miller,michaelwilliams@example.net,Male,North Scott,20/09/2025
3697,Derek Hancock,vjohnson@example.com,Male,Johnland,11/11/2024
9752,Eduardo Waters,justin28@example.com,Other,West Alexandraland,1/02/2025
4569,Nicole Rivera,tina16@example.net,Female,East Jennifer,7/07/2024
7674,Shelby Torres,william57@example.com,Female,West Andremouth,28/10/2025
587,Kimberly Nguyen,youngrobert@example.org,Male,Vanceland,10/08/2024
8969,Melissa Bentley,earlmcdonald@example.com,Female,Rebeccachester,26/07/2025
1983,Thomas Smith,kirk60@example.org,Male,Port Kevin,21/10/2025
4442,Jennifer Robinson,cruztodd@example.org,Other,Samanthaton,10/08/2024
3967,Tonya Johnson,stephanie07@example.org,Female,Mcfarlandfort,29/04/2025
9159,Daniel Soto,devinthomas@example.net,Male,Stevenmouth,11/01/2024
2069,Benjamin Peterson,pughkelly@example.org,Female,East Robert,29/08/2025
3121,Steve Sharp,dscott@example.org,Male,South Paul,12/11/2024
3908,Lauren Davis,hernandezelizabeth@example.org,Female,Zunigamouth,26/09/2024
2353,Jackie Wallace,mcdowelladam@example.net,Male,Ortizton,28/01/2024
6172,Wendy Fields,watkinsjoshua@example.com,Male,Shelialand,29/05/2025
9106,William Lambert,lthomas@example.net,Other,Lake Sarahbury,5/01/2024
1078,Cheryl Mckinney,barnesjose@example.com,Female,Lake Michael,1/12/2024
3442,Kaitlyn Elliott,qchapman@example.org,Female,Lake Kathleen,17/07/2025
8269,Amanda Wilson,rodrigueznicole@example.org,Female,Port Jeffreyborough,21/06/2024
9801,Rebecca Hansen,deandouglas@example.net,Male,North Benjamin,7/02/2025
8126,Hailey Yu,joseph75@example.org,Other,Diazview,1/04/2024
6356,Michael Calderon,davidwright@example.org,Female,East Brandifurt,21/02/2024
2606,Christopher Joseph,jensenpamela@example.com,Male,Christinaport,28/10/2024
7958,Lindsey Johnson,cheryl21@example.org,Female,Robertburgh,24/05/2025
6047,Joseph Wolfe,jonathan32@example.com,Other,Harrisonland,23/03/2025
25,Shelly Hudson,harveyrobert@example.net,Other,Sarahborough,3/10/2024
97,David Ryan,alyssa42@example.com,Male,Coffeyport,30/04/2024
5986,Sandra Trujillo,christianperez@example.com,Female,Alexisfurt,18/10/2025
5347,Amanda Morales,christopher38@example.net,Male,Jasonburgh,6/09/2025
7516,Heather Ramirez,rjohnson@example.org,Male,Camposfort,23/02/2025
2901,Jose Alexander,robert77@example.com,Female,South Christopherhaven,11/09/2025
743,Nicole Dougherty,tiffany74@example.org,Other,Matthewmouth,2/07/2025
3687,Jessica Edwards,wallacevictoria@example.com,Male,New Robert,25/03/2024
7037,Craig Chapman,jeffrey43@example.org,Female,Joneshaven,29/06/2024
1769,Heather Martinez,zwilson@example.com,Female,East Jennifer,31/08/2025
1231,Chad Richmond,donald61@example.net,Male,East Scott,24/07/2025
3306,Cole Gutierrez,daniel10@example.net,Other,Jimenezmouth,28/08/2024
7557,Mary Ray,elaine30@example.org,Other,North Megan,24/09/2025
2236,Paul Stephenson,tashachase@example.com,Other,East Randall,14/06/2025
7999,Teresa Evans,eatonkelly@example.com,Female,Smithburgh,23/12/2024
5988,Shannon Robinson,ronaldbrown@example.com,Male,Zacharyborough,25/06/2024
1958,Debra Ortiz,robin42@example.net,Male,South Lindsayview,12/11/2025
7988,Stacy Russell,mschneider@example.org,Male,North Linda,13/10/2024
4648,Jimmy Walker,bakerevelyn@example.org,Other,Robertsburgh,18/01/2025
3113,Cynthia Martinez,brittanycamacho@example.com,Female,Michaelmouth,30/05/2024
1135,Jessica Coleman,wferguson@example.com,Female,East Nicoleburgh,14/07/2025
9792,David Thomas,kowens@example.com,Male,Lake Matthewview,11/05/2024
943,Samuel Gaines,jmorrow@example.net,Male,North Jennifer,22/10/2025
4737,Jessica Payne,priscillafritz@example.org,Male,Vincentport,13/02/2025
4059,Roberto Acosta,brian99@example.com,Female,Jeffreytown,15/10/2024
3856,Michelle Riley,smithnicholas@example.com,Female,New Robertburgh,7/07/2025
6089,Joel Johnson,jessica52@example.net,Female,Port Nicholas,12/05/2024
1100,Christina Watson,donaldmills@example.org,Other,Aprilview,23/12/2024
7075,Sherry Mason,eric15@example.net,Other,Taylorburgh,5/07/2024
8781,Eric Brown,logan76@example.org,Other,Amandaview,29/02/2024
263,Patricia Farmer,garciakristen@example.com,Other,North Sarahburgh,23/06/2025
3904,Heather Adams,rojasmichael@example.net,Other,West Jenniferstad,15/01/2025
2834,Michael Garcia,alfredblair@example.com,Female,South Gary,27/04/2024
968,Nathaniel Chen,colepamela@example.net,Female,Brendaport,22/01/2025
8510,Vicki Perez,dferguson@example.org,Male,Vanceburgh,31/10/2024
9255,Tammy Smith,brian83@example.net,Other,South Erika,28/01/2024
5696,Luis Thomas,craig45@example.net,Other,Lopezville,18/06/2024
8046,Jason Proctor,icole@example.org,Other,Rodriguezborough,27/08/2024
9922,Duane Ray,swhite@example.org,Other,Port Travis,31/10/2024
3136,Tammy Parker,karagutierrez@example.com,Female,Montgomeryland,29/07/2024
6840,Trevor Navarro,woodwardpatricia@example.com,Other,North Joshua,1/02/2024
7052,Laura Jones,baileyyoung@example.org,Other,Floresberg,7/08/2024
7985,Caroline Pruitt,jacqueline57@example.org,Female,Brandichester,9/11/2025
5992,Sandra Smith,bobbyrojas@example.org,Other,Glennshire,21/02/2025
5563,Kevin Burke,gsingleton@example.com,Female,East Janet,27/05/2024
4837,Jerry Wolfe,cbutler@example.com,Female,New Nicholas,22/02/2025
142,Samantha Kennedy,katherineharrison@example.net,Male,North Andrewborough,27/01/2024
3409,Johnathan Kaufman,hartdavid@example.net,Male,Melissaberg,1/10/2024
9895,Brandy Rodriguez,glennparks@example.org,Other,East Daniel,1/12/2024
853,Heather Davis,patrickcooke@example.net,Male,Evansberg,23/11/2024
3542,Adrienne Curtis,wendy33@example.net,Female,West Curtisland,2/11/2024
5408,David Kelley,nhanson@example.com,Other,Port Tasha,26/04/2024
8983,Karen Oliver,yolanda68@example.com,Other,Pricehaven,12/08/2025
9318,Monique Weber,dawntodd@example.net,Female,New Adam,6/11/2025
1064,Mary Johnson,veronicaanderson@example.net,Male,Strongstad,17/08/2025
176,James Hicks,williamsderrick@example.com,Female,Stoneberg,31/05/2025
7435,Melissa Cohen,johnvazquez@example.net,Male,Lake Michelleburgh,2/07/2024
5145,Kathy Evans,coopermelissa@example.com,Male,North Sierra,4/07/2025
6535,Kevin Salinas,rcollins@example.net,Male,Port Justinborough,4/05/2024
6988,Nicole Boyer,gprice@example.net,Other,East Kimberly,25/07/2024
851,Vickie Lambert,stricklandmichelle@example.net,Male,Hillmouth,14/06/2025
9551,Kimberly Colon,eric23@example.net,Other,Hallville,6/04/2025
9651,Michael Chaney,katherine05@example.net,Other,Mcguireshire,16/04/2024
9268,Leslie Cline,gabrieldavis@example.org,Female,Lake Lee,27/09/2024
4974,Yvette Nelson,xsavage@example.org,Other,East Marybury,3/02/2025
7672,Jim Burns,linda20@example.com,Female,North Cody,24/02/2025
4728,Samuel Silva,erica70@example.com,Female,New Richardstad,11/11/2025
7651,Dana Ramirez,diana52@example.com,Female,Mcintyrechester,10/06/2025
1803,Alyssa Kelly,douglasmartinez@example.com,Male,Davisside,5/12/2024
6175,Stephanie Meadows,afigueroa@example.com,Other,Madisonmouth,16/04/2024
7093,Thomas Lopez,amanda40@example.com,Other,Perryton,23/04/2024
1127,Rebecca Lopez,kevin78@example.org,Other,South Lisamouth,18/08/2024
4051,Kenneth Porter,hcox@example.net,Male,Taylortown,5/01/2025
8795,Kristin White,joseph52@example.org,Male,West Zacharyside,2/09/2025
6205,Zachary Smith,edwardsdenise@example.com,Male,Wardview,17/07/2024
6561,Laura Harvey,rileydavid@example.net,Male,New Lawrenceton,8/11/2024
8072,Derrick Meyer,powellheather@example.org,Other,Denniston,2/02/2024
5268,Ashley Snyder,tmartinez@example.net,Other,Smithland,10/10/2024
1057,Antonio Barber,pfarmer@example.org,Other,East Arianashire,22/07/2025
3,Adam Shaffer,jpeterson@example.org,Male,Curtisfurt,7/07/2025
6943,Robert Wood,gail86@example.org,Other,Hawkinshaven,7/05/2025
7683,Jonathan Thomas,william86@example.net,Male,West Carlafurt,1/09/2025
5994,Sandra Avila,sgoodman@example.net,Female,Wrightside,7/03/2024
7620,Eric Townsend,ghines@example.net,Female,Port Joshua,22/04/2024
7580,April Brooks,donna02@example.org,Other,New Jessicamouth,21/05/2024
1571,Dana Powell,chavezisabel@example.com,Other,Youngfurt,7/01/2025
2436,John Williams,cookkristina@example.net,Other,North Rebeccamouth,23/11/2024
4303,Dillon Green,emily54@example.com,Female,Christianton,28/08/2025
4327,Shawn Schneider,hvelez@example.net,Male,North Jonathan,11/02/2024
3124,Wesley Grimes,timothytyler@example.com,Female,South Jose,10/08/2025
1835,Lauren Mitchell,dawsonaaron@example.com,Male,Fosterport,13/03/2025
1627,Gloria Graves,wortiz@example.net,Female,North Darius,21/03/2024
5256,Robert Parker,dcook@example.com,Female,Josemouth,8/06/2024
6486,Amber Lewis,afox@example.org,Other,Heatherport,23/08/2025
2756,Phillip Jones,nathanwatson@example.org,Female,West Jesse,9/10/2025
3160,Stacey Rice,melissajohnson@example.com,Male,South Anthony,3/07/2024
3785,Jeffrey Evans,vramos@example.net,Male,Dicksonborough,14/06/2024
1319,Douglas Christensen,iherring@example.com,Other,Fritzberg,5/11/2024
9012,Andrea Adams,stephanieperez@example.org,Male,South Doris,3/09/2025
7808,Teresa Knight,nicolemartin@example.com,Other,South Shawnland,30/04/2025
151,Micheal Preston,ykline@example.com,Male,South Heather,26/03/2024
7577,Michael Diaz,juangarcia@example.net,Male,Dayland,6/09/2024
88,Michele James,courtney78@example.org,Other,East Crystalport,6/08/2025
8085,George Kim,brendasosa@example.net,Male,Williamberg,3/10/2024
4607,Sean Burnett,fholland@example.com,Male,New Elizabethstad,4/08/2025
6237,Carolyn Scott,rjones@example.org,Female,Morrisfort,30/09/2024
4234,Richard Henry,beverly73@example.net,Female,Petersville,23/03/2025
6021,Maria Long,wmartinez@example.net,Male,Reidfort,12/09/2024
9172,Taylor Smith,haleroberta@example.net,Male,East Haleyton,12/09/2024
2778,Ashley Crawford,gyoung@example.com,Other,West Nicholas,30/07/2025
3833,Jeffery Rodriguez,gpowell@example.com,Female,Jacksonburgh,15/08/2025
9327,Michael Henry,mitchellnicole@example.org,Female,East Laurastad,3/09/2025
9127,Jasmine Robinson,gainesmackenzie@example.org,Male,South Shelby,5/01/2025
8782,Katie Vargas,farrellbrenda@example.com,Other,Lake Melissafort,28/06/2024
7868,Keith Brown,wparsons@example.net,Other,West Chadside,7/02/2024
6366,Tammy Gonzalez,beckypierce@example.net,Male,Catherineton,19/04/2025
2135,Stephanie Young,craigjohn@example.com,Male,Gloriatown,1/01/2025
2185,William Hanna,criddle@example.net,Male,North Tiffany,29/11/2024
8505,Christopher Phelps,owilliams@example.org,Male,Michaelborough,5/03/2025
8387,Robert Hill,gcortez@example.net,Other,Grayton,27/03/2025
6306,John Smith,aliciamays@example.net,Female,Port Charlesberg,19/09/2025
8810,Nicole Johnson,nmayo@example.net,Female,Maryfurt,5/01/2025
34,Gregory Gutierrez,jillcook@example.com,Other,West Erik,1/07/2025
9716,James Jones,elizabeth84@example.com,Female,Lake Thomasfort,22/10/2025
427,Kayla Todd,lmaldonado@example.org,Female,Wilsonland,20/01/2025
5814,Dennis Liu,swilcox@example.net,Other,Lorifurt,19/04/2025
6137,Steven Boyd,vincent80@example.com,Other,Joseport,19/03/2025
5052,Kristen Scott,georgejenkins@example.com,Other,West Heather,13/09/2025
4969,Michael Jones,brandon60@example.net,Other,Lake Daniel,15/07/2024
5497,Noah Hoffman,hneal@example.net,Other,East Chelsea,22/07/2024
5758,Stephen Morales,cummingskelly@example.org,Male,Kennedyborough,1/05/2024
8695,Richard Carrillo,anthonycole@example.net,Male,Edwardsberg,25/09/2024
5430,Margaret Wright,danielhuynh@example.net,Other,Lauratown,20/05/2024
1653,Lisa Reyes,curtis61@example.org,Female,South Justin,13/04/2025
1371,Jane Hayes,rdavis@example.org,Other,New Seanhaven,12/01/2025
548,Andrea Cole,jeremiah69@example.org,Male,Bradfordbury,14/12/2024
508,George Rogers,fernandothomas@example.net,Female,South Kylemouth,31/01/2024
7553,Jeanne Munoz,parkershannon@example.net,Female,Angelaborough,15/04/2025
2619,Cynthia Stanton,ryan43@example.org,Male,South Markstad,18/08/2025
3899,Stacey Daniels,fowleramanda@example.net,Male,Shawnfurt,12/04/2025
2450,Derrick Reid,baileytracey@example.net,Female,Kimberlyview,5/04/2024
2609,Gabrielle Donovan,johnsonteresa@example.net,Other,Hendrixfurt,12/10/2024
1112,Michael Lee,mark54@example.net,Female,New Joshuaview,13/05/2024
9358,David Mann,jeremymeyer@example.com,Female,Thompsonfort,28/08/2024
7400,Rose Vega,boltonolivia@example.net,Other,Lake Christine,18/05/2025
8460,James Hawkins,smejia@example.com,Other,Barnesport,3/05/2024
2092,Nicholas Figueroa,ericdavis@example.net,Male,Lake Lori,28/10/2025
787,Gregory Serrano,mjohnson@example.org,Male,Campbellbury,6/04/2025
8438,Theresa Davis,halllisa@example.org,Other,Lake Joseph,13/03/2024
9185,Ryan Miller,julia82@example.org,Female,East Nancyside,1/08/2024
4288,Shaun Strickland,phillipadams@example.org,Male,Tammymouth,22/01/2025
7721,Anthony Ross,anna61@example.org,Male,Perkinstown,28/03/2024
392,Laura Daniel,susan08@example.net,Other,North Bobby,17/09/2025
4512,Nicole Gonzalez,nicholas69@example.org,Male,West Kellyhaven,12/05/2024
7700,Leonard Palmer,rodriguezjudy@example.org,Male,Fitzgeraldfurt,20/02/2025
4122,Candace Tapia,reidmarilyn@example.org,Female,North Sarah,22/04/2024
4909,Sophia Frederick,ghicks@example.com,Other,Foxhaven,6/03/2024
3452,Ernest Arellano,markoconnor@example.com,Other,Timothyshire,6/01/2024
7697,Clarence Galvan,johnmoore@example.org,Female,Allisonburgh,13/09/2025
3019,Lauren Thompson,morgan73@example.net,Male,Taraburgh,8/11/2024
9920,Sabrina Phillips,johnsonamanda@example.net,Female,West Elizabethstad,7/03/2025
8580,Stephanie Martin,samuel86@example.net,Female,Margaretstad,17/04/2025
1160,Diana Vega,reyesdenise@example.com,Female,Lopeztown,5/06/2025
9343,Keith Johnson,wheelercaleb@example.org,Male,Lake Vanessa,22/08/2025
1475,Keith Wright,mannjonathan@example.net,Other,Smithville,14/09/2025
8086,Nicholas Vazquez,inelson@example.com,Other,Wrightmouth,21/12/2024
4152,Michaela Weaver,kgoodman@example.org,Male,Johnsonchester,29/01/2024
1447,Michael Cooper,matthew17@example.net,Other,East Dylan,7/01/2024
2211,Craig Lopez,morrisonryan@example.org,Female,East Melissa,5/07/2025
59,Ryan Gross,christina87@example.com,Male,Petersenshire,28/04/2025
3078,Adam Ross,vaughnpaula@example.org,Male,Mccormickberg,23/06/2024
555,Joanne Hopkins,lindsey43@example.com,Other,Port Alison,14/09/2025
5091,John Lucas,keyrachel@example.net,Male,Port Veronicamouth,20/12/2024
1053,Meredith Gomez,burkemichael@example.org,Other,Wilsonland,9/04/2025
6903,Jason Newman,livingstonerica@example.org,Female,East Markborough,14/04/2025
4228,Joseph Dunn,martinezamy@example.com,Female,Hunterville,30/08/2025
3806,Tara Yang,smithscott@example.org,Female,Lake Stefanie,13/05/2025
2424,Jared Briggs,adamkramer@example.com,Other,East Rachel,17/02/2025
3930,Arthur Ingram,rjenkins@example.com,Male,Lake Pamelafurt,27/05/2024
9995,Michael Taylor,fhopkins@example.org,Male,East Nicholas,19/05/2025
8742,Bryan Fletcher,uhunt@example.com,Male,Adamsshire,3/08/2025
1581,Edward Hanson,twagner@example.org,Male,West Zachary,19/09/2024
3195,Kevin Lara,johnsonrobert@example.net,Male,West Jamesfort,2/06/2025
4276,Ashley Blanchard,emilyhughes@example.com,Other,Randallshire,1/11/2024
3116,Latoya Turner,kevin97@example.com,Female,Lisachester,25/05/2025
2004,Pamela Nelson,jreynolds@example.net,Other,North Brianberg,12/07/2024
6949,Marc Williamson,joyceramirez@example.net,Female,Port Douglas,6/11/2025
8048,Thomas Wilson,jesse23@example.net,Male,Richardburgh,26/04/2025
3787,Michael White,jroberts@example.net,Male,Sanchezmouth,24/09/2025
5409,Paula Perez,tthomas@example.com,Other,West Charles,29/04/2024
5441,Desiree Hicks,richard53@example.net,Other,Stephaniemouth,14/11/2024
1532,Rebecca Rangel,peterlynch@example.com,Female,North Charles,18/10/2025
500,Jeremy Ortiz,schaeferstephanie@example.org,Other,Port James,22/04/2024
5610,Danielle Stevenson,thammond@example.org,Female,West Rachel,8/01/2024
6181,Katherine Higgins,melinda46@example.net,Male,Brightmouth,26/07/2025
9695,Becky Byrd,andrewsmith@example.org,Other,Ericborough,17/10/2025
2931,Sara Taylor,robertzamora@example.org,Other,Sydneychester,19/09/2025
4041,Eduardo Gallegos,harrisjamie@example.com,Male,East Deannaside,27/10/2024
4047,Kayla Nguyen,tylergreen@example.org,Other,Johnside,21/09/2024
4376,Michael Jones,cantrellvictoria@example.org,Female,Smithberg,24/04/2024
5662,Aaron Todd,katrinawest@example.com,Male,Hillchester,13/03/2024
205,Carla Warner,sanchezbradley@example.com,Male,New Jeff,23/01/2024
2591,Jessica Andrews,tylerodonnell@example.org,Other,Joshuafort,7/06/2024
3600,John Walker,eward@example.org,Male,Davidsonshire,20/07/2024
2600,Mark Aguirre,bennettmichael@example.net,Other,East Amanda,31/10/2025
9474,Tara Martinez,hkey@example.com,Other,East Michaelhaven,7/05/2025
9958,Dawn Jones,davidball@example.net,Female,Morganbury,24/01/2025
8584,Jonathan Clements,tinasullivan@example.net,Other,Mitchellfort,29/05/2025
1756,Teresa Mitchell,danielscourtney@example.org,Female,Lake Matthew,22/02/2025
8843,Kimberly Hernandez,robertmcknight@example.net,Female,East Rebecca,8/07/2024
8543,Joseph Burns,paige60@example.com,Female,Lake Ericton,4/03/2024
2098,Dana Flores,christopher96@example.org,Other,East Isaiah,12/08/2025
5466,Alex Wallace,russellamy@example.com,Female,Whitefort,10/05/2024
2767,Katherine Herrera,omarthompson@example.org,Other,South Stacyfort,10/11/2025
7278,Sara Murray,eric03@example.org,Male,Crystaltown,14/03/2025
2192,Rick Wright,xlivingston@example.org,Other,East Kaitlynland,31/03/2024
3280,James Craig,umyers@example.org,Female,New Matthew,3/07/2024
3453,Mary Gonzalez,jerrysanders@example.org,Male,Chadberg,9/03/2025
6294,Barbara Cox,charlesbecker@example.org,Male,Joanport,1/08/2024
6534,Andre Rivera,kgreen@example.com,Other,Port Kimberly,7/11/2025
8720,Elizabeth Garcia,kelly99@example.com,Female,Lake Amytown,9/05/2025
7798,Susan Jones,crystalbrewer@example.net,Female,Pamelafort,9/08/2025
1400,Pamela Jefferson,wjohnson@example.com,Male,Lake Travis,12/04/2024
2464,Courtney Day,brittanysmith@example.org,Male,West Cynthia,9/11/2025
966,Stacey Nielsen,gerald46@example.org,Male,Gabrielborough,25/10/2024
5891,Angelica Mueller,trevinohayley@example.net,Other,Starkchester,19/06/2025
3000,Matthew Knight,bfrench@example.org,Other,North Melissa,11/07/2024
5947,Joseph Wright,mcleandavid@example.net,Other,Port Douglas,28/04/2024
4951,John Diaz,dwhite@example.com,Male,New Andrea,15/01/2024
8712,Brad Austin,cabbott@example.org,Other,Jenniferton,7/01/2024
6616,Carl White,marc50@example.org,Male,North Amy,14/02/2025
7933,Tamara Morrow,dodsonadam@example.org,Other,Tanyaport,25/04/2025
2118,Brittany Smith,perkinsjeffrey@example.net,Other,West Emilyton,7/08/2024
7875,Ashley Hudson,lauragonzalez@example.net,Other,North Michael,5/02/2024
5269,Donald Rush,joelbautista@example.net,Other,Annettebury,5/03/2024
9265,Kristin Morgan,rwilson@example.com,Female,Jonesmouth,19/04/2024
373,Jennifer Walls,jamesweber@example.com,Female,Samanthaberg,11/08/2025
7453,Michael Lowe,micheal38@example.com,Other,New Timothyshire,5/04/2024
3296,Duane Yates,melvinwhite@example.com,Male,Nicolechester,23/10/2025
9307,Denise Sanchez,jerometaylor@example.net,Male,Burnsmouth,14/05/2025
2919,Brianna Johnson,vjackson@example.org,Female,Seanview,7/07/2024
2341,Mario Castillo,gibbsdarren@example.org,Male,New Evelyntown,10/02/2024
6965,Samuel Tyler,kyle83@example.net,Female,West Melindafort,24/05/2025
1883,Andrea Davis,jenniferwalker@example.net,Male,North Josephside,18/03/2025
3902,Elizabeth Shaw,eric53@example.org,Other,Roblesmouth,24/01/2024
7210,Donna May,xmorgan@example.org,Female,Waltersfort,17/05/2024
5594,Karina Davis,travisbrady@example.net,Female,North Kevin,13/07/2024
8134,Melissa Morrison,lisadyer@example.com,Other,Manuelton,3/01/2024
3893,Kelly Foster,wthomas@example.net,Female,East Jeremy,4/08/2024
356,Patricia Friedman,natalie15@example.com,Male,North Richard,12/08/2024
3261,Carmen Hill,gking@example.org,Other,East Angelicafurt,6/02/2024
5961,Paul Smith,scampbell@example.net,Male,Thomasshire,30/07/2024
1415,Benjamin Jones,meagan19@example.com,Female,Bennettstad,27/03/2024
113,Joanne Cain,willisanna@example.com,Male,South Michaelchester,7/03/2024
9448,Brett Collier,jason31@example.org,Other,Nathanmouth,6/03/2024
8301,Alexander Barry,myersjay@example.com,Other,Hessfort,26/06/2024
3365,Lisa Page,tiffany46@example.com,Male,Coryburgh,6/10/2024
6377,Brittany Hill,justinolson@example.org,Female,South Justin,22/10/2025
8312,Sarah Arias,charper@example.net,Male,Delgadoborough,12/10/2025
8309,Jessica Gillespie,danagarrett@example.com,Female,Barbaraland,30/08/2024
23,Tommy Lee,tanyariley@example.net,Other,Lake Leeton,28/03/2025
2783,Benjamin Walker,benjamin67@example.com,Female,East Michaelstad,28/03/2024
6235,Kristin Willis,xavier49@example.org,Female,Amyside,20/06/2024
8766,James Graham,johnnyjones@example.com,Female,Whiteshire,20/07/2024
9796,Douglas Cannon,gsmith@example.org,Female,South Jayfurt,10/05/2024
9654,Henry Garcia,michaelhanson@example.net,Female,Garciafurt,2/05/2024
5024,Tammy Snyder,daniellefrazier@example.com,Male,North Kevin,30/09/2025
3824,Kevin Rush,davidwoods@example.com,Other,Lake Patrickport,17/08/2024
9316,Debra Simmons,ckoch@example.com,Female,Reynoldsmouth,17/04/2025
7826,Renee Romero,nicholaswilson@example.com,Male,Morrisview,10/10/2024
3815,Nathan Lewis,rhansen@example.net,Female,Port Ronald,16/10/2025
4859,Justin Wells,angelasilva@example.com,Female,Dennishaven,31/08/2024
1636,Brian Martinez,timothygrant@example.com,Male,East Carolton,25/11/2024
2222,Gavin Gordon,derek41@example.net,Male,Lake Thomasport,24/02/2025
5438,Gregory Walker,evandennis@example.org,Other,Vazquezstad,10/12/2024
8848,Timothy Garcia,davidmoore@example.org,Male,Gilmoreville,23/12/2024
8255,Kimberly Townsend,mperry@example.org,Other,South Zacharyfurt,8/04/2024
5532,Alex Baker,kathryn68@example.org,Male,New Loriport,12/10/2024
899,Jonathan Sims,lisawalker@example.com,Female,New Crystal,8/10/2025
3464,Sharon Evans,dmiller@example.com,Female,Jacksonside,29/08/2024
2152,Kathryn Scott,graveslisa@example.com,Other,Erinbury,1/06/2024
120,Brian Harris,katrinaduran@example.com,Female,Davidfort,4/11/2025
5984,Courtney George,mwalker@example.net,Male,East Davidland,4/09/2024
2500,Tony Ramos,michael99@example.net,Other,West Michelleton,11/04/2025
250,Heather Brewer,angelaburns@example.org,Male,West Megan,10/03/2025
5884,Stephen Cox,hrhodes@example.com,Female,New Matthew,21/01/2024
9735,Megan Becker,hnichols@example.org,Female,East Lindsaychester,8/10/2024
6272,Paul Williams,braunjesse@example.org,Other,West Jenniferfort,3/09/2025
6367,Alyssa Pugh,william46@example.com,Other,North Michellehaven,4/09/2024
7013,Karen Smith,wwilliams@example.com,Male,Huangberg,27/10/2025
1380,Joseph Moreno,nicole25@example.org,Other,Solisborough,24/12/2024
8495,James Luna,pwalker@example.net,Male,North Martinview,30/05/2024
2042,Patricia Moore,jacquelineneal@example.net,Other,New Derrick,8/06/2025
5515,Michael Williams,rothbriana@example.org,Female,Blakeshire,28/05/2024
7483,Kim Gallagher,amartin@example.org,Male,North Anthony,24/06/2024
5277,Steven Horton,ncoleman@example.com,Female,Christianstad,8/07/2024
8284,Haley Gordon,cchavez@example.com,Other,Amberville,8/09/2024
21,Denise Fernandez,novaksara@example.org,Male,South Todd,7/03/2024
363,Andrea Gray,christianwallace@example.net,Other,Millerfort,12/12/2024
7022,Kristi Davila,matthew28@example.org,Other,West Ashley,7/08/2024
8119,Danielle Wyatt,rkerr@example.org,Female,Port Philip,30/03/2025
8038,Tracey Miles,christopher28@example.com,Male,East Kathleenhaven,24/05/2024
9249,Tony Peters,jason05@example.net,Female,South Danielleborough,3/05/2025
3603,Ronald Pierce,pfrancis@example.net,Other,Port Michaelhaven,4/07/2024
6173,Alicia Jones,drakepamela@example.net,Other,Sarahshire,4/05/2024
8988,Karen Nelson,joshuaramos@example.net,Other,North Karashire,8/06/2025
7304,Michael Bond,bakerrhonda@example.net,Male,North Joseph,25/06/2025
4798,Angel Johnson,jnunez@example.net,Female,Lake Michael,8/06/2024
2929,Maurice Thomas,rodneylin@example.com,Male,Lawrenceside,7/07/2025
7587,Levi Duncan,katherine64@example.net,Male,Jonathanfurt,23/01/2024
5279,Joseph Houston,joshuabrooks@example.net,Female,Luistown,8/03/2025
4359,Megan Morales,shelby16@example.net,Male,North Thomas,26/07/2024
3622,Shaun Cannon,scott44@example.net,Female,Port Marcus,4/08/2024
1772,Jason Watson,crossnicole@example.net,Male,Vaughnfort,10/12/2024
4782,Beth Mcpherson,roserhonda@example.net,Other,Howardville,27/04/2025
9394,Savannah Watts,sbrown@example.net,Other,West Richard,20/02/2025
3753,Marcus Peterson,michelle09@example.net,Other,Griffintown,8/08/2024
8669,Lisa White,wesparza@example.net,Other,Lisaburgh,9/03/2025
3416,Dennis Roberts,ashleygarcia@example.org,Female,Jamesmouth,6/08/2024
3602,Peter Hayes,charlesking@example.net,Male,New Sophiamouth,5/08/2024
1369,Gail Vang,fjohnson@example.org,Female,Kingland,11/10/2025
4191,Amy Munoz,mmanning@example.org,Male,Cannonton,14/02/2025
3152,Alicia Horton,lisa07@example.org,Other,Clarkview,29/10/2025
3558,Kelly Evans,katrina23@example.net,Male,North Jonathanstad,25/03/2025
5180,Bryan Trujillo,donaldjoyce@example.net,Female,Lisabury,23/02/2024
7416,Jose Alexander,johncampbell@example.net,Female,Longchester,17/02/2024
4692,David Moore,kellykyle@example.org,Male,Fordfurt,22/01/2025
8111,Shannon Barry,jasonpeters@example.com,Male,Lake Donaldchester,9/03/2024
7554,Jeffrey Williams,scottlong@example.org,Other,Port April,29/01/2024
8751,Joanna Davis,jfarley@example.org,Other,Watsonside,19/02/2025
4726,Jessica Torres,charles47@example.com,Female,Port Scott,3/02/2025
1539,Julie Garcia,katrinaking@example.com,Other,Brettchester,7/08/2024
5334,Jonathan Peck,johnroberts@example.org,Male,West Edwardshire,15/06/2025
4691,Joshua Griffin,jaclynmack@example.com,Other,North Larry,20/04/2025
8978,Daniel Vasquez,mortonlinda@example.com,Other,Port Andrea,12/01/2024
5750,Alexa Walton,kathycastro@example.org,Female,West Michelle,5/03/2025
6820,Justin Brennan,rmartin@example.net,Male,Port Eric,6/07/2025
3007,Howard Blevins,justin66@example.net,Other,Kellyland,27/07/2024
8581,David Lam,brianrice@example.org,Male,North Johnside,27/03/2025
4982,Alexander Parker,laurenrojas@example.org,Male,Bakerberg,9/06/2025
2347,Jacob Jones,lisa52@example.com,Other,Port Diana,22/10/2025
4809,Kathy Cole,wgreen@example.net,Other,Sandrashire,2/11/2024
619,Michael Castillo,ooneill@example.net,Male,Mccannville,13/02/2025
7358,Erica Roberts,spearsstephanie@example.org,Other,Fishertown,1/11/2025
9979,Heather Ramirez,wheelerlisa@example.com,Male,South Patriciaton,12/03/2025
6445,Rachael Gonzalez,ugonzalez@example.org,Female,West Elizabethborough,16/06/2024
4841,Cynthia Thompson,jcarrillo@example.org,Female,Saunderschester,2/02/2025
4605,Troy Orr,johnbrown@example.org,Male,Wilsonstad,21/03/2024
9203,Christopher Perez,greenekathryn@example.com,Male,Cruzville,2/04/2024
5311,Darrell Bennett,browndan@example.net,Other,Woodtown,15/01/2024
8790,Aaron Tucker,robertsbrandi@example.org,Female,East Francisco,12/10/2024
261,Aaron Schroeder,simonstephen@example.net,Other,Melissaside,11/08/2024
4286,Richard Hall,kathylong@example.net,Male,East Alexborough,8/10/2024
1952,Melissa Love,campbellbruce@example.org,Other,Jasonmouth,29/06/2025
4757,Lisa Brewer,leestacey@example.org,Other,Port Williamberg,27/11/2024
2351,Peter Anderson,richard04@example.com,Male,South Andrewton,7/11/2024
5488,Julie Ross,owensalexander@example.net,Male,Hoganport,4/09/2025
2394,Dakota Hopkins,lauriecrawford@example.com,Female,West Paulahaven,3/05/2025
1110,Heather King,grantryan@example.com,Female,North Michelle,29/10/2024
2285,Clifford Cunningham,brewersherri@example.org,Male,Port Kathryn,17/12/2024
5760,Peter Lee,estafford@example.org,Other,West Josestad,25/08/2024
7211,Corey Miller,abigail62@example.org,Male,Jonesborough,30/08/2024
7681,Greg Nguyen,julie44@example.net,Male,West Vincentville,5/04/2024
7446,John Chen,omiles@example.net,Female,Kellyton,10/05/2025
4500,Donald Norris,cnorris@example.org,Male,Garciamouth,17/10/2025
2970,Johnny Taylor,rebeccanguyen@example.com,Female,North Angelaland,19/02/2025
1085,Andrew Gray,rhonda81@example.net,Male,New Jasonside,11/10/2025
9356,Jamie Price,ortizashley@example.net,Female,North Kimberly,1/08/2025
9622,Molly Hatfield,hcarlson@example.org,Male,East Madison,12/03/2025
2811,Virginia Robinson,kathryn24@example.net,Female,Robbinsberg,9/06/2024
5265,Peter Stewart,dennistran@example.com,Male,Francisville,12/10/2025
6717,John Kirby,michaelgraham@example.com,Male,Charlesshire,30/08/2024
2456,Kimberly Martin,kjackson@example.org,Other,Reynoldsmouth,24/08/2025
8587,Brittany Mills,gknight@example.org,Female,Josephberg,5/10/2025
5638,Ann Benton,alexander89@example.com,Other,Tinafort,6/05/2024
901,Gregory Hudson,deborahsmith@example.org,Male,Port Phillip,11/07/2025
6177,Angela Jackson,smithjennifer@example.com,Female,West Curtis,14/05/2024
2624,David Stevens,kruegerjesus@example.com,Male,New John,1/05/2025
3463,Joseph Thompson,jonking@example.com,Other,Sanderston,12/05/2025
5035,Cheryl Williams,jennifercarson@example.net,Other,North Austin,2/07/2024
239,Lisa Wheeler,rodriguezjohn@example.net,Male,Gabrielton,24/04/2025
1416,Tony Christensen,ryanlittle@example.org,Male,Grimesberg,17/01/2024
6035,Keith Kelly,fernandezgregory@example.net,Other,Andrewville,1/05/2025
7762,Wendy Lynch,grimeskristin@example.org,Male,West Jessicashire,5/08/2024
7959,Emily Hart,kbenson@example.com,Female,Toddton,9/03/2024
2527,Robert Rogers,vkelly@example.org,Male,North Ryanfort,8/01/2025
7002,Timothy Harris,joshua78@example.net,Female,West Edwardville,18/11/2024
6905,Lynn Nunez,qgould@example.com,Male,Mcculloughbury,1/09/2025
6112,Thomas Everett,deborahwilliams@example.com,Other,Tammyton,1/02/2025
9961,Angela Contreras,andrea51@example.org,Other,South Michaelton,11/10/2024
7109,Luis Watts,katherine43@example.org,Male,West Cynthia,17/01/2025
7793,Tanya Wallace,nicholasjones@example.org,Male,North Brandonville,18/06/2024
8232,Allison Gonzalez,mary40@example.com,Other,West Connor,23/11/2024
9612,Joshua Young,stacyhoward@example.net,Male,Veronicastad,8/05/2024
803,Marcus Smith,alexander37@example.org,Other,Lake Lisastad,13/03/2024
2839,Stephen Robinson,whernandez@example.com,Other,Royville,20/10/2025
584,Gina Schmitt,kjimenez@example.net,Female,North Deannaport,28/06/2025
7085,Tyler Weaver,hyoung@example.net,Female,Shannonmouth,5/02/2024
8285,Felicia Davis,vdixon@example.org,Male,Holderhaven,19/05/2024
8168,Kathryn Henry,zachary48@example.org,Other,Sandersport,9/08/2024
6765,Larry Rodriguez,jose46@example.net,Other,Lake Michaelshire,17/08/2025
9391,Larry Young,guerrerochristian@example.com,Other,North Billmouth,21/02/2024
6826,Brittany Donovan,lburton@example.com,Male,West Michael,15/07/2025
9376,Brenda Morrison,michelle31@example.org,Other,East Stephanieshire,9/11/2025
1730,Maria Page,hurleybrandon@example.net,Male,Robinsonmouth,8/09/2024
6707,George Riley,qjensen@example.net,Male,East Ashley,21/05/2025
3663,Jason Freeman,brownbrett@example.com,Male,Jonathanshire,26/03/2024
2651,Kevin Riggs,qherrera@example.com,Male,West Michelleshire,12/03/2025
7229,Jennifer Ortiz,jakesmith@example.net,Male,Susanville,16/02/2025
5629,Parker Heath,matthew85@example.net,Male,Port Ericberg,21/04/2025
7932,Margaret Thomas,hardingelizabeth@example.org,Male,Stokesmouth,18/09/2024
4556,Latasha Peterson,eguzman@example.net,Other,North Barbara,15/03/2025
57,Kendra Jefferson,hoganashlee@example.org,Male,Amandastad,10/03/2024
7418,Kimberly Williams,floresdennis@example.com,Female,Benjaminfurt,18/09/2024
9625,Rachel Miller,boyerjoshua@example.org,Female,Port Heather,27/09/2024
6604,David Lopez,billaustin@example.com,Female,Thomasberg,11/10/2024
2392,Matthew Odonnell,morganwarner@example.org,Female,East Jordan,6/11/2024
8101,Linda Valdez,christinacrawford@example.org,Female,Lake Kristenshire,7/02/2025
6888,Anthony Tran,butlerbrian@example.org,Other,Williamsmouth,16/08/2025
5044,Robin Brown,wgomez@example.org,Male,Jaclynview,20/09/2024
1167,Samuel Carey,carterraymond@example.net,Male,West Reginaldhaven,3/05/2025
4744,Nancy Lopez,kflores@example.org,Female,Payneburgh,10/07/2025
7950,Janet Atkins,rickey24@example.org,Female,East Zacharymouth,25/05/2024
4877,Jerry Wood,piercemichelle@example.org,Other,South Lorifurt,19/06/2024
346,David Reyes,gary04@example.com,Female,Lunahaven,23/08/2024
5229,Brianna Scott,millerjessica@example.org,Male,North Michael,17/07/2025
719,William Martinez,westashley@example.org,Female,Morganbury,26/06/2024
1797,Rebecca Martinez,matthewwood@example.net,Female,New Martinport,21/10/2024
2653,Michael Ford,mcknightelizabeth@example.org,Other,West Dawnmouth,24/08/2024
2741,Jennifer Goodwin,lorifoster@example.org,Male,Travismouth,15/03/2024
7887,Laura Jones,elizabethdavis@example.net,Male,Williehaven,11/11/2025
4503,Rebecca Russo,melissabarnett@example.com,Other,Michaelland,6/07/2025
6208,James Brown,vargascaroline@example.org,Female,Jonesview,12/09/2025
8208,Christopher Smith,burnettjesus@example.net,Male,West Dawntown,4/07/2025
7972,Tina Howell,krichards@example.com,Male,Andersonton,23/10/2024
7795,Jonathan Wallace,stephen73@example.com,Other,Danielport,29/05/2024
8951,Jamie Williams,nathan60@example.org,Male,Popeland,21/08/2025
3353,Jane Kennedy,solson@example.com,Male,Bakershire,3/05/2024
4223,Steven Ferguson,robinsoncharles@example.com,Other,West Charles,28/03/2025
7904,Aaron Franklin,maria20@example.net,Male,East Michelleborough,10/06/2024
3589,Cassandra Mason,laurengreene@example.net,Male,New Wesley,28/06/2025
4401,Matthew Rodriguez,millsbrittany@example.net,Male,East Amandamouth,16/02/2025
6350,Christopher Bishop,kylenichols@example.com,Female,Williamsbury,31/10/2024
9858,Bonnie Ortiz,crossmelanie@example.net,Male,Hahnton,3/04/2025
4323,Kathleen Lee,jonespaul@example.net,Female,East Christopher,8/09/2025
5019,Karen Andrews,garymeyer@example.org,Female,Melissaborough,27/03/2024
1820,William Walters,jon25@example.net,Female,Lake Lisa,21/09/2025
8974,Cody Rhodes,tperez@example.org,Male,New Matthewfurt,22/11/2024
55,Stacie Marshall,katie29@example.net,Female,Port Loriport,19/03/2024
9138,Cassandra Graves,hensleyjessica@example.net,Female,Berryshire,9/10/2024
9174,Jared Perez,ncherry@example.net,Male,Baileychester,8/09/2024
10,Brandon Rodriguez,laurahenderson@example.org,Male,Jamesmouth,3/03/2024
2431,Donna Allison,gduke@example.net,Other,Michaelshire,26/08/2024
8400,Dawn Anderson,markhampton@example.net,Other,New Christopher,14/12/2024
1568,Danielle Humphrey,curtislee@example.net,Male,Jacksonside,24/07/2025
7830,Timothy Thompson,thammond@example.net,Female,Johnsonland,14/09/2024
4583,Lisa Gutierrez,zachary00@example.org,Male,East Jennabury,25/03/2024
2376,Andrew Clayton,slong@example.net,Other,South Ericfort,1/02/2024
3480,Misty Henson,robinsoncorey@example.com,Female,Jessicaburgh,10/04/2024
1229,John Peters,jason99@example.org,Male,Port Robertberg,1/01/2024
6482,Brittany Martin,jennifer93@example.net,Other,Franklinfurt,8/02/2024
1801,Laura Moore,tvelasquez@example.com,Male,Jasonton,13/05/2024
2655,Taylor Mason,oscott@example.com,Other,Deborahfort,6/10/2025
9893,Joe Garner,mford@example.org,Other,Justinville,21/08/2025
6998,Jason Mathis,oadams@example.com,Male,New Michaelton,8/09/2025
8427,Nicholas Hart,gerald96@example.org,Male,South Kelly,6/06/2025
3327,Dana Allen,ccortez@example.com,Other,Margaretborough,4/11/2025
4173,Erik Hughes,aparker@example.org,Other,East Ginaville,12/03/2024
4336,Christopher Solis,tinafrye@example.net,Female,Port Anthony,12/12/2024
9366,Martin Gonzalez,warren71@example.org,Female,Sharonton,6/05/2025
3968,Colleen Dominguez,thomasarmstrong@example.net,Male,Brownside,30/03/2024
6525,Michelle Parker,veronica13@example.org,Female,South Richardton,27/12/2024
93,Roger Wright,james67@example.org,Male,South Ashley,13/03/2025
6164,Roy Price,luis01@example.com,Other,Goodmanberg,28/05/2025
2876,Heather Brown,gpearson@example.net,Male,Owensfurt,29/07/2025
2190,Erika Shelton,samanthawoodard@example.org,Other,Christensenport,13/08/2025
7654,Keith Day,hilljay@example.com,Female,Phillipburgh,26/07/2024
9443,Kerry Garcia,hannahlindsey@example.net,Female,East Bradton,17/02/2024
1681,Chad Miller,perezcaitlin@example.net,Other,Clarkmouth,28/08/2024
4812,Kathryn Hall,cookadam@example.com,Other,Boydview,25/09/2025
702,Ryan Martin,taylorkim@example.net,Other,New Regina,2/11/2024
8596,Shannon Curry,stephaniecontreras@example.com,Female,Burtonhaven,6/01/2024
6444,Joseph Perkins,mckinneyoscar@example.org,Female,Knightville,11/10/2024
6655,Johnathan Rodriguez,dustin73@example.net,Female,North Carloshaven,16/12/2024
6193,Jeffrey Hughes,tina67@example.org,Other,South Robinton,29/02/2024
5483,Raymond Velasquez,xball@example.com,Other,Williamsfurt,10/08/2024
2116,Haley Thompson,rgross@example.org,Other,North Caitlinbury,29/01/2024
9642,Steve Ruiz,bartonholly@example.org,Male,Thomashaven,10/11/2025
9413,Heidi Jackson,kristy81@example.net,Female,Emilyburgh,18/04/2024
7108,Tara Rodriguez,jacobtaylor@example.com,Male,North Tommyburgh,13/10/2024
5053,Holly Singh,justinlewis@example.net,Male,Smithport,16/04/2025
3339,Ashley Green,justinjohnson@example.net,Other,North Sarahborough,30/09/2025
7169,Brianna Wolfe,laguilar@example.org,Female,West Stephaniestad,12/02/2025
7482,Heather Wade,garcialinda@example.org,Male,Jamesfurt,3/05/2024
7801,Mark Oconnell,gregorymclean@example.com,Male,Michaelchester,19/07/2025
1098,Katherine Martin,martinsamuel@example.org,Other,South Tylerhaven,13/09/2024
1404,Lauren Price,michael07@example.com,Female,Blankenshipland,5/11/2024
6335,Tara Webster,jenna71@example.com,Male,Howardborough,17/06/2025
9199,Stephanie Colon,jonesdouglas@example.net,Male,Lake Scott,9/03/2024
2833,Donna Benson,khale@example.com,Male,Hickmanton,10/02/2025
5336,Eugene Hamilton,owenscody@example.org,Female,Port Jaclynmouth,11/11/2025
4828,Daniel Austin,millerlinda@example.com,Male,Port Harry,27/07/2025
5210,Corey Norris,hickskathryn@example.net,Male,East Travis,11/11/2024
6536,Kelly Morris,josephmegan@example.org,Other,Lake Gregoryberg,30/09/2024
9411,Stephanie Torres,aaronmartinez@example.org,Other,Underwoodfort,13/03/2025
6484,Jennifer Williams,michellehall@example.org,Other,Chanstad,1/09/2025
5278,Kevin Dennis,lholt@example.com,Male,East Beth,9/11/2024
3228,John Nguyen,edward72@example.org,Female,South Crystal,5/06/2025
2598,Kelsey Nichols,baileystephanie@example.net,Other,Danaville,25/10/2025
417,Denise King,ncunningham@example.com,Other,Fischerchester,15/04/2024
7719,Ashley Buchanan,williamgarcia@example.net,Female,New Heathermouth,20/10/2025
2692,Anthony Martin,torresrebecca@example.org,Male,New John,24/08/2024
7693,Lucas Long,sharonsimmons@example.com,Female,Loganport,12/12/2024
8964,Gregory Miller,rmiller@example.org,Female,Scotthaven,6/03/2025
2678,Jennifer Palmer,herrerarachael@example.com,Female,West Patrickberg,26/07/2025
2709,Donna Johnson,karlmartin@example.org,Other,North Kristin,27/04/2024
4254,Angela Durham,ublake@example.org,Female,South Jennifer,18/10/2025
2125,Randy Newman,andrewsullivan@example.net,Female,New Sarahburgh,24/05/2024
7372,Lisa Everett,amy08@example.org,Male,Lake Todd,3/02/2024
3418,Christopher Allen,tanya69@example.com,Female,Lake Valerie,2/05/2025
6585,Kathryn Stevenson,dhamilton@example.com,Female,Lake Mirandatown,2/06/2025
7882,Scott Rios,nsmith@example.org,Other,Port Nicholas,19/08/2024
746,Michael Hess,paul01@example.com,Male,Sharonmouth,4/04/2025
2356,Amanda Ruiz,aliciahoward@example.net,Female,Anthonyview,13/07/2024
354,Charles Cummings,dawn74@example.com,Male,Williamsburgh,17/06/2025
824,Robert Butler,jessica22@example.com,Male,Lake Dennis,13/06/2025
2617,Linda Williams,thompsonsavannah@example.org,Male,Alexanderstad,30/09/2024
7267,David Moore,amandaadkins@example.org,Female,West Michaelmouth,12/08/2025
9306,Gregory Johnson,kelseyoliver@example.net,Male,Josephshire,3/07/2024
5101,Patrick Anderson,john59@example.com,Other,New Brittany,5/03/2024
5358,Elizabeth Brown,phoffman@example.net,Other,West Richard,12/03/2025
7979,Sarah Jackson,stewartbarbara@example.com,Other,Thomasborough,20/03/2024
6591,Kimberly Moore,eblake@example.com,Other,Amybury,17/03/2025
8798,Edward Rice,hunterwest@example.com,Female,Danielleview,1/11/2024
582,Christopher Serrano,michael08@example.org,Female,North Valerie,22/02/2025
7146,Thomas Anderson,jennystewart@example.net,Male,Johnsonmouth,6/08/2025
6264,Kaylee Kirby,melissa69@example.org,Female,Lake Jenniferside,21/11/2024
8615,Stacey Olson,alexmacias@example.org,Male,Port Bryanville,5/06/2025
8539,Kelli Gregory,pateljacqueline@example.net,Other,Stephaniemouth,16/10/2025
6688,Ryan Johnson,vazquezbonnie@example.com,Female,Port Johnny,14/01/2025
2955,Amanda Hardin,qjohnson@example.com,Male,East Erica,13/08/2024
1845,Mary Lyons,dustinwilliams@example.com,Male,Andersonfort,3/06/2025
8885,Shelly Snow,fmiller@example.net,Female,Patriciafurt,7/01/2024
6460,Jason Ayala,brenda60@example.com,Male,Lake Williammouth,9/06/2025
4305,Scott Murphy,hallleslie@example.com,Male,Parkerview,29/05/2024
4629,Frank Luna,millerkim@example.net,Female,Contrerashaven,29/09/2025
5267,Anthony Thompson,katherinerodriguez@example.org,Male,West Michael,2/01/2024
3527,Carolyn Nichols,peterhamilton@example.com,Other,Jenniferville,27/03/2025
9368,Eric Huang,lauren65@example.org,Female,Port Joannview,25/08/2024
3572,Veronica Stevenson,armstrongsarah@example.org,Male,Fernandoton,5/03/2025
7670,Laura Waters,kylewaters@example.com,Female,Rebeccamouth,11/01/2024
5403,Sandra Hayes,robertanderson@example.com,Other,Christineport,2/01/2024
4050,Brian Peters,jamesandrade@example.org,Female,Johnsonshire,12/05/2024
8382,Mark Mcmillan,stephen99@example.org,Male,Port Theresaside,21/04/2025
9951,Shelley Wright,lynchalan@example.org,Male,Rollinsstad,1/04/2025
1703,William Palmer,kirbymichael@example.org,Male,Jonathanstad,28/10/2024
2777,Andrew Brown,kenneth08@example.net,Male,Lake Annaside,18/08/2024
9044,Julie Bennett,jjackson@example.org,Male,New Danielburgh,16/02/2025
1007,Gina Howard,ronald66@example.com,Other,New Anthonychester,10/12/2024
5238,Renee Henry,qlewis@example.net,Female,North Rachelmouth,14/02/2025
6947,Daniel Butler,stephanie93@example.com,Female,Brandonfurt,25/05/2025
3399,Kristen Quinn,blairdonna@example.com,Female,Jamesside,10/11/2025
546,Monique Martinez,jonesalfred@example.net,Male,Barrettberg,16/07/2024
4773,Amanda Robles,nicholas08@example.net,Male,North John,1/06/2025
361,Elizabeth Davidson,marygrant@example.net,Other,North Dawnburgh,25/11/2024
5716,Jennifer Durham,brockmartha@example.org,Female,East Christina,12/05/2024
1489,Pamela Nguyen,michael38@example.com,Male,Perezside,3/03/2025
5556,Heather Morris,francojenna@example.com,Other,Lauriemouth,24/11/2024
3566,Christopher Kelly,hendersonnicole@example.net,Male,West Michaelmouth,19/08/2024
6448,Steven Pearson,mccoyhannah@example.net,Male,Ashleymouth,4/09/2024
6044,Wendy Collins,rholloway@example.org,Female,New Robert,19/03/2024
1481,Brandon Smith,ymoore@example.org,Male,Warrenborough,6/07/2024
1413,Carlos Bennett,mitchellallison@example.com,Female,Piercefurt,31/05/2025
1171,Earl Roberts,nicoleelliott@example.net,Other,Kristopherburgh,4/06/2025
2429,Denise Dorsey,aaronmorrison@example.org,Other,Solomonberg,16/05/2025
138,Scott Hammond,ashaw@example.org,Male,Port Cassandra,25/01/2025
5328,Robert Jackson,michaelmckee@example.org,Female,South Wendymouth,6/06/2025
6974,Adam Baker,hhunter@example.net,Female,Carlsonfort,26/03/2024
3575,Christopher Petersen,rsanchez@example.net,Female,Port Alexandriastad,30/05/2025
6224,Brenda Jones,wileykristine@example.net,Female,Simpsonstad,17/05/2025
9078,Tamara Bailey,kimberly35@example.com,Male,Heatherburgh,1/04/2024
4937,Justin Hudson,jhenderson@example.net,Female,Travischester,7/06/2024
9401,Michael Leonard,kfox@example.org,Female,Shepherdchester,1/01/2025
6292,Charles Douglas,brownkelli@example.org,Male,Drakestad,1/09/2025
2942,Heather Patel,shane05@example.org,Other,East Christianbury,16/04/2024
6316,Shelly Guerrero,thomas09@example.org,Male,Piercestad,12/04/2025
837,Travis Pope,monica99@example.org,Female,Nicholasfurt,9/03/2025
3573,Jamie Duncan,henrybailey@example.net,Female,South Johnbury,26/06/2024
9677,Lisa Jones,matthew92@example.com,Male,Patriciatown,25/05/2024
1881,Edward Stewart,phall@example.com,Male,Lake Ricky,29/05/2024
1158,Robert Greene,kaylee15@example.net,Female,Perezfurt,28/05/2025
6214,James Wood,ydavis@example.org,Female,West Tonyberg,28/06/2024
2147,Robert Chambers,juan35@example.net,Male,Mccoyburgh,11/11/2025
6009,Jose Quinn,odudley@example.net,Male,West Michaelland,25/06/2024
4110,Nicole Martin,katherine38@example.com,Female,Port Diana,22/02/2024
3953,Felicia Ramirez,mmahoney@example.net,Other,Port Beth,6/10/2025
9643,Bruce Jones,kristina42@example.net,Other,Barnesborough,2/09/2025
1448,Michaela Manning,alyssa89@example.net,Female,South Kayla,10/04/2025
7503,Christopher Rich,kirkrobert@example.net,Female,Kevintown,21/01/2025
7908,Timothy Sanchez,xvargas@example.com,Male,Cynthiaberg,11/03/2025
5652,Garrett Fox,karenolson@example.com,Other,Johnberg,16/10/2025
8833,Tanner Cunningham,marvinbell@example.com,Other,East Kimberly,10/04/2024
9666,Tony Miller,danielmartin@example.org,Male,Torresberg,17/04/2024
1324,Gabriella Patterson,georgealyssa@example.com,Female,Lindsayberg,7/03/2025
3554,Brian Aguilar,kimmark@example.com,Female,West Gary,6/11/2024
192,Richard Patterson,christopher12@example.org,Male,Morrisbury,12/03/2025
2698,Kathleen Williams,gregorycarpenter@example.com,Female,Cookfort,5/06/2025
1431,Mark Miller,cindyfry@example.net,Female,Port Leeton,13/10/2024
7929,David Anderson,jmartin@example.com,Female,North Michael,4/06/2024
9182,Joshua Lyons,darinharris@example.com,Other,East Staceyhaven,22/09/2024
644,Brandy Hubbard,oscar65@example.com,Other,Bellbury,7/07/2025
232,Dustin Jackson,robert71@example.com,Other,Sherylfort,2/07/2024
2078,Christian Watson,nicole39@example.org,Female,Jonathonshire,7/05/2024
3614,Jason Salazar,ipierce@example.com,Other,Kellyborough,12/01/2024
727,Jodi Smith,carlos06@example.com,Other,Arielmouth,5/05/2024
4752,Jose Green,annaho@example.net,Other,Gonzalezfort,20/05/2024
8132,Lori Silva,robertstewart@example.net,Other,Lake Rebeccaton,29/10/2024
5627,Russell Guzman,stephanie80@example.net,Other,Cherylshire,7/08/2025
2422,John Wright,justinhughes@example.net,Male,North Taylor,6/09/2024
9771,Katherine Walker,maxwelltammy@example.net,Male,Danielston,1/10/2024
3972,Kimberly Becker,donald71@example.com,Female,Anneland,5/12/2024
4470,Morgan Lopez,michael10@example.com,Other,South Peggy,14/10/2025
5242,Sheila Taylor,jefferylittle@example.net,Female,Beckershire,11/11/2025
561,Brianna Lee,erica25@example.net,Female,Lake Alanland,17/05/2025
7998,Megan Orr,pamela49@example.net,Other,South Victoriastad,3/04/2025
2124,Nicole Johnson,perezjohn@example.com,Female,Vargasbury,8/10/2024
2218,Sara Morris,harrissusan@example.org,Female,North Jenniferfurt,9/02/2024
4558,Briana Hoover,garciapamela@example.net,Other,Christyport,11/12/2024
6398,John Mays,abbottmary@example.org,Other,East Joel,25/02/2024
7488,Jason Duncan,clairewilson@example.com,Male,West Charlene,7/05/2025
4993,Michael Soto,byrdjames@example.com,Female,Port Danielmouth,29/02/2024
1441,Briana Wilson,boltondavid@example.net,Male,West Kayleemouth,24/02/2024
1699,John Carter,tracyjohnson@example.net,Male,Cohenland,6/06/2025
276,Brenda Hines,collinssamuel@example.org,Female,East Christopherchester,11/08/2024
3983,Tina White,iwells@example.net,Male,South Barbaraland,7/01/2024
37,Anthony Wiley,gregory40@example.org,Male,Reedmouth,14/08/2024
7408,Karen Morgan,davidgrimes@example.net,Other,Troybury,28/11/2024
4282,Chelsea Wilson,castrodeborah@example.net,Male,Castillotown,11/10/2025
4274,Taylor Lawrence,xedwards@example.com,Other,Port Davidport,23/11/2024
7539,Michael Edwards,spencermiller@example.org,Other,Sototown,23/04/2024
3854,Rodney Medina,savagejeffrey@example.net,Female,Stephanieland,17/04/2024
6512,Jason Martin,lutzdevin@example.org,Male,North Lisa,7/02/2024
5315,Adrian Burton,tholder@example.net,Other,East Brian,15/05/2025
5608,Kelly Adams,christopher78@example.com,Female,Thomasfort,18/06/2024
1620,Teresa Taylor,randy08@example.org,Female,North Nicole,6/04/2025
7409,Brittany Baker,charlesjoshua@example.net,Male,West Corey,16/01/2024
7226,Michelle Phillips,qshaw@example.org,Female,Port Ann,19/09/2024
9399,Mark Moore,colechristopher@example.org,Female,New Selenabury,16/10/2024
415,Dennis Woods,reneemiller@example.net,Other,Scotttown,7/03/2024
1245,Regina Graves,katherine82@example.com,Other,East Clarencefurt,1/02/2025
6126,Scott Garcia,jenniferrivera@example.com,Other,Port Jeffrey,10/05/2024
2301,Brandy Mitchell,bsimpson@example.com,Male,New Jameshaven,17/07/2024
7082,April Vargas,jamesconner@example.com,Female,Davischester,26/09/2024
9181,Robert Smith,joshuapatterson@example.org,Other,Garrettville,19/09/2025
7143,Thomas Williams,mguerra@example.com,Male,Kevinberg,29/09/2025
7255,William Foster,timothyevans@example.com,Female,Nicholasberg,15/01/2024
7219,Christine Wilson,meghan60@example.org,Female,West Justinborough,25/12/2024
5136,Gary Garcia,mary84@example.org,Male,New Elizabeth,23/07/2024
3285,Robert Moore,poolelori@example.org,Male,South Kevinton,7/08/2025
4991,Teresa Dixon,christina18@example.net,Other,Davisfurt,17/09/2024
3942,Jeffrey Scott,turnerarthur@example.net,Male,South Crystaltown,17/01/2024
9896,Shannon Sharp,kayladavis@example.org,Other,Port Kyle,16/06/2024
5166,Christopher Williams,christopherramirez@example.net,Other,North Jenniferside,26/05/2024
6978,Ronald Walker,aprilmoore@example.org,Other,New Crystal,10/01/2024
6103,Cindy Kelly,hbutler@example.net,Female,West Brianbury,17/08/2024
343,Brian Hayes,kathleenjackson@example.org,Male,Gloverland,2/08/2024
4291,Paul Johnson,reginald69@example.com,Male,North Saraburgh,17/06/2024
8800,Henry Hickman,gwilliams@example.net,Male,Port Jimmyville,30/11/2024
1315,Alyssa Pena,juan21@example.org,Other,South Maxton,18/05/2025
6576,Laura Carpenter,lorireese@example.org,Female,Smithshire,7/06/2025
3134,Amy Stephens,harold72@example.org,Other,New Catherine,17/01/2024
2857,Matthew Berg,caitlinwilliams@example.org,Female,North Robinburgh,29/04/2024
4515,Zachary Acevedo,howardzachary@example.net,Other,East Sarah,21/04/2025
6500,Phillip Thompson,therring@example.com,Female,Cantuborough,11/10/2025
6475,Robert Martinez,steven01@example.org,Other,North Sarah,5/10/2024
9155,Kenneth Benson,jennaanderson@example.com,Female,West Emilyhaven,23/04/2024
9605,Dalton French,cynthiaanderson@example.org,Female,North Jermaine,12/10/2025
3314,Kenneth Crane,byrdsamantha@example.org,Female,New Ericland,27/04/2025
2985,John Vaughn,johnsondaniel@example.net,Female,Alexandratown,5/11/2025
4215,Nicole Lane,guzmantiffany@example.com,Male,Michaelview,31/07/2025
5946,Michelle Freeman,ealvarez@example.com,Male,Lake Kevin,19/01/2025
9673,Kathryn Carter,anthonyalexander@example.com,Female,Port Shannon,15/08/2025
5115,Sandra Crane,kfitzgerald@example.org,Female,New Anthonymouth,3/02/2025
3845,Wesley Brown,deborah82@example.net,Other,South Ericland,9/09/2025
8702,Brad Brown,ihunt@example.com,Other,North Erin,24/06/2024
4440,Jessica White,james82@example.org,Male,Ryanburgh,13/05/2024
7136,Martin Carter,greenjames@example.org,Other,Lake Loritown,9/08/2024
2556,Gregory Wright,patrickoliver@example.org,Other,Matthewmouth,9/07/2025
8292,Jessica Leblanc,wsalinas@example.net,Male,South Jeffery,15/06/2024
370,Angela Reynolds,xglass@example.org,Other,Lake Lisa,18/05/2025
2994,Mason Zamora,ccastillo@example.org,Female,Michaelport,13/03/2024
4956,Jennifer Freeman,jbryant@example.org,Other,Lake Ruben,24/09/2024
6210,Michael Taylor,jenkinsmariah@example.net,Other,Perezland,26/05/2024
6964,Keith Bonilla,johnwilson@example.net,Female,Lake Sarah,27/08/2024
5761,Wayne Daniel,tgilmore@example.com,Male,Smithchester,25/06/2025
8758,Kenneth Murphy,adrian08@example.net,Female,Brownmouth,25/06/2024
8410,Amanda Hudson,mhorton@example.net,Other,Taylorfurt,20/04/2025
6435,David Thomas,zgonzales@example.net,Female,Salinastown,21/06/2025
1799,Melissa Allen,rberg@example.org,Male,West Kimberly,4/05/2024
7222,Juan Ward,qhill@example.org,Other,East Amandabury,11/03/2025
9080,Wendy Cowan,zingram@example.net,Female,Blankenshipstad,28/12/2024
744,Mark Sloan,deborahsmith@example.com,Male,North Emilychester,17/10/2025
8197,Amanda Thompson,sabrinaadams@example.com,Other,Lake Aliciaview,29/04/2025
3245,Adam Green,mollyharrison@example.net,Male,Ronaldburgh,14/08/2025
3048,Jennifer Davis,hallmatthew@example.com,Other,Port Terry,3/02/2025
6375,Denise Williams,wking@example.org,Male,Martinview,9/07/2024
8050,Sandra Massey,williamsjeffrey@example.org,Other,East Christopher,14/11/2025
8234,James Graham,xnguyen@example.org,Male,New David,5/02/2024
3537,Ray Scott,thomaslori@example.net,Male,Josephmouth,21/06/2025
8157,Timothy Cline,nbenitez@example.org,Other,North Ronniefurt,17/03/2024
237,Kelly Schwartz,ichambers@example.net,Male,Johnberg,26/10/2024
1632,Michelle Ray,tina29@example.com,Other,Andersonshire,22/09/2025
4678,Shannon Archer,jgriffin@example.org,Female,Christopherchester,1/03/2025
2968,Jacqueline Aguilar,phall@example.org,Female,Christopherland,7/01/2024
5169,John Matthews,warrenpeter@example.net,Female,Clarkshire,2/03/2025
5228,Bryan Walton,perezbrian@example.net,Other,Lake David,13/01/2024
3640,Susan Clark,rhughes@example.net,Male,East Andrew,20/09/2024
9195,Christopher Russell,briannapatterson@example.com,Other,Josephborough,23/04/2024
4761,Kimberly Calderon,melissaglover@example.org,Other,Vasquezview,3/01/2025
5113,Juan Mosley,nguyenscott@example.com,Other,Avilaburgh,3/06/2024
7459,Susan Mora,sarajohnson@example.net,Other,West Josephburgh,15/03/2024
3689,Jennifer Johnston,paulabrooks@example.net,Male,Norrischester,11/11/2025
6712,Stephanie Woodard,nicole37@example.org,Male,Port Ashleytown,22/07/2024
7379,Jennifer Huang,sperez@example.com,Male,Martinezfort,17/05/2025
8,Joseph Clark,jason76@example.net,Male,Thomasberg,3/08/2024
2179,Maria Smith,luis41@example.net,Male,Tracibury,17/06/2024
6508,Kevin Mcbride,xrandall@example.org,Other,East Paul,8/05/2024
7124,John Smith,jenkinsmary@example.net,Other,Anthonymouth,20/08/2025
504,Scott Wilkerson,steven64@example.net,Female,Lake Zacharyberg,9/05/2024
3876,Raymond Giles,daryldavis@example.org,Male,East Daniel,4/06/2025
3990,Ashley Taylor,john37@example.org,Other,South Michael,5/07/2025
4200,Krista Johnson,josebrown@example.net,Female,West Jennaport,27/01/2024
4035,Mark King,davissamuel@example.net,Other,Chambersstad,21/03/2024
2035,Christina Daugherty,davidharris@example.net,Female,Kingfort,16/03/2024
1224,Maria Martinez,david54@example.com,Male,Tranland,28/10/2025
5887,Rebecca Walters,andrewhenderson@example.com,Other,West Carrie,2/09/2024
1,Angel Hill,donaldgarcia@example.net,Other,New Roberttown,13/03/2025
1169,Donald Sanchez,gclark@example.com,Other,South Rachelfort,25/03/2025
4775,Stacy Peterson,christinafreeman@example.com,Male,Lake Kimberly,20/02/2025
1968,Jason Campbell,qcole@example.org,Other,Lake Alan,15/05/2025
6720,Eric Briggs,aliciabeltran@example.net,Other,Popeburgh,25/03/2025
7083,Jennifer Lee,joyce72@example.com,Female,Mooretown,9/01/2025
5469,Ian Miller,patrick05@example.net,Male,Annland,9/04/2025
4978,Krystal Parsons,bmorton@example.net,Male,North Devinchester,26/02/2024
7780,Timothy Lee,patricktimothy@example.com,Female,Matthewsborough,30/03/2025
8769,Joshua Davis,stephen53@example.org,Other,Emilystad,11/01/2024
700,Melinda Mclaughlin,benjamin67@example.net,Other,Hallton,31/10/2025
4987,Joseph Russell,johnny71@example.org,Male,Port Marystad,15/10/2025
2897,James Moore,choitina@example.org,Female,Cherryside,12/02/2024
1945,Peter Mills,whitejeff@example.org,Male,New Wesley,23/12/2024
2821,Tammy Burgess,taylorchristopher@example.org,Female,North Emilyside,22/06/2025
5870,Julie Stein,xrosario@example.com,Male,Sloanland,11/09/2025
6695,Renee Gonzalez,drodriguez@example.org,Other,Hartborough,14/05/2025
3123,Eric Grimes,kristinnewman@example.org,Female,New Mariaborough,10/01/2025
5792,Jonathan Kelly,johnspatrick@example.com,Female,South Ginastad,26/05/2025
1667,Nicholas Payne,selena60@example.com,Other,Huntberg,25/07/2025
4742,Curtis Pena,bryan59@example.com,Female,Kimberlyborough,10/03/2025
3865,Cynthia Mercer,travis85@example.net,Male,Hansonside,25/11/2024
823,Joseph Clark,ahale@example.org,Other,Smithland,10/07/2025
9450,James Greene,villegasmatthew@example.org,Male,Lake Elizabeth,9/10/2025
433,Jeffrey Ray,foxrodney@example.net,Other,New Michaelburgh,10/07/2024
4508,Matthew Bradford,reginald15@example.org,Female,North Karla,2/10/2025
5751,Carol Nelson,evansjoseph@example.com,Male,Lake Erica,25/04/2024
6982,Jonathan Farley,carrieanderson@example.org,Other,Warnerborough,16/12/2024
9353,Tonya Johnson,katherinebrown@example.net,Female,Goodmanstad,2/05/2025
2390,David Kelly,charlestaylor@example.net,Other,Deborahstad,12/04/2025
98,Matthew Wilson,taylortammy@example.net,Female,Coffeyside,25/05/2025
9833,Brittany Hicks,rkramer@example.net,Male,Jonathanside,18/05/2025
2961,Michael Reynolds,steven94@example.com,Other,Petersonmouth,25/09/2025
1005,Ryan Liu,feliciagonzalez@example.org,Other,Spencerport,28/04/2024
8981,Trevor Lyons,fowens@example.org,Female,Michaelton,21/07/2024
1414,Steven Holland,kristin96@example.com,Male,Jacksonfort,30/08/2025
617,Kevin Hansen,ywalker@example.org,Other,West Kevin,24/07/2025
858,Tracy Edwards,catherine83@example.net,Other,Lake Loribury,5/04/2024
1649,Richard Coleman,tammy90@example.org,Female,North Sergiofort,1/11/2025
8220,William Brown,jennifer21@example.org,Male,Lake Aaron,18/03/2024
9988,Jason Butler,williamdavis@example.net,Other,Nixonview,26/10/2025
5284,Dennis Williams,hicksandrew@example.com,Other,New Walterburgh,17/10/2024
1728,Lisa Keith,jennifer54@example.org,Male,Port Angelaport,3/11/2024
8802,Christopher Hudson,clifford16@example.net,Other,Annettechester,12/01/2025
341,Erin Moreno,jbrown@example.org,Other,West Robert,22/03/2024
1165,Mary Wiggins,johnbowen@example.org,Male,Lake Antoniochester,3/07/2025
3310,Zachary Alexander,michaelvalencia@example.net,Female,Harmonmouth,17/03/2024
7847,Jennifer Brown,travisramirez@example.com,Male,Gomezside,18/02/2025
7616,Danielle Ruiz,richardhamilton@example.org,Male,North Scotthaven,11/04/2024
7925,Vanessa Parks,zthomas@example.com,Other,Trujilloside,18/08/2024
9408,Paul West,katie61@example.org,Other,North Misty,16/07/2024
5270,Michael Miller,tball@example.com,Female,Helentown,15/05/2025
6422,Crystal Garcia,talvarado@example.net,Male,Wilsonview,24/08/2024
7906,Jeffrey Wood,tmorgan@example.net,Other,Jacquelineport,17/07/2025
9594,Jennifer Martinez,jamesmelissa@example.org,Male,Jacksonhaven,4/02/2024
768,Justin Robinson,jennifer58@example.org,Female,East Andrew,16/05/2024
9597,Dustin Adams,bauerandrew@example.org,Male,New Savannahside,12/05/2024
4108,Patrick George,jessicamcdonald@example.net,Other,Lake Monica,24/07/2025
5772,Julian Williams,dawn67@example.net,Other,Lisafurt,14/11/2024
8165,Melissa Wilson,buckleymichael@example.com,Female,Port Brenda,1/08/2025
698,Amanda Miller,bhernandez@example.org,Male,East Rachelmouth,10/08/2025
7059,Angela Wang,brittanyreynolds@example.org,Male,Dianafurt,23/11/2024
5828,Adam Figueroa,vli@example.com,Male,Campbellmouth,22/05/2025
1511,Tanner Williams,smithjose@example.org,Male,Reedmouth,12/12/2024
1257,Jessica Wright,maryjohnson@example.com,Male,West Christopherfurt,14/05/2025
7989,Angela Holmes,robert68@example.org,Other,Curtisfurt,14/08/2025
7737,Joshua Ramirez,jenniferperez@example.com,Female,North Blake,9/06/2025
6297,Grace Page,fcross@example.org,Female,Morrowborough,10/06/2025
9679,Matthew Jordan,losborne@example.com,Other,Gregorymouth,1/02/2024
1583,Brett Adams,alvaradomindy@example.com,Other,Lunamouth,11/06/2024
9157,Lisa Smith,blackwellpamela@example.net,Other,Christiantown,29/12/2024
7038,Ryan Obrien,jenniferrodriguez@example.com,Female,Lake Jaredbury,26/07/2024
5140,Traci Grimes,kenneth96@example.net,Other,Garciamouth,26/05/2025
4007,Kerry Terrell,claudiaglass@example.org,Male,Snydertown,3/03/2024
1411,Patricia Long,brandonmoore@example.org,Female,Port Chelsea,8/12/2024
1566,Bradley Roth,dhill@example.org,Male,Harrisview,20/07/2024
4928,Shane Davis,emartinez@example.net,Other,Port Heather,21/04/2025
9355,Jared Brown,connie66@example.org,Other,Armstrongmouth,12/03/2024
1096,Hannah George,adamsjason@example.net,Other,Gardnermouth,25/01/2024
7815,Nicole Charles,qrowe@example.net,Other,New Brandon,7/03/2025
4499,Anna Jimenez,campbellkristen@example.com,Male,Robbinschester,29/09/2024
246,Janet Harris,raylauren@example.net,Male,West Mark,22/09/2024
2670,Katrina Mcpherson,beckrobin@example.net,Male,Port Michael,14/05/2024
8541,Jill Nguyen,iwilliams@example.com,Female,Millerchester,4/11/2025
7519,Barbara Powers,lrandolph@example.org,Female,New Jacob,30/12/2024
6818,Kathy Manning,stephanie51@example.net,Other,New Natalie,18/08/2024
1471,Michael Weaver,erik83@example.org,Female,Garyshire,16/11/2024
790,Thomas Munoz,briana87@example.com,Male,North Vickie,30/04/2025
856,David Anderson,denisemiller@example.com,Other,North Tinahaven,1/07/2025
3475,Melissa Moreno,vickie87@example.org,Male,Robinmouth,4/10/2025
1322,Victor Graham,tonywade@example.com,Female,North Stephaniefort,19/02/2025
2605,Michael Sweeney,floresbenjamin@example.org,Other,Kennethmouth,14/03/2025
7486,Amber Pruitt,joshua21@example.net,Other,South Kathyfurt,4/12/2024
7877,Karen Brooks,wfowler@example.com,Other,New Wyattmouth,3/11/2025
3422,Amanda Taylor,mary79@example.com,Male,South Timothy,12/04/2025
2216,Gregory Ramirez,jasonphillips@example.net,Female,New Brittanyberg,4/06/2025
2187,Matthew Hill,ann52@example.com,Male,East Dominique,9/03/2024
8305,Joseph Romero,david26@example.org,Female,Lake Kimberly,30/09/2025
9948,Christopher Shaffer,etran@example.org,Other,Danaborough,11/06/2025
2344,Travis Phillips,elopez@example.org,Male,North Samanthafort,14/12/2024
2427,Jennifer Smith,ocannon@example.net,Other,South Laura,26/03/2024
1375,Trevor Reeves,garciadonald@example.net,Male,South Tylerchester,3/02/2025
4264,Theresa Murphy,melanie54@example.com,Male,South Angelaview,15/08/2025
9089,Dawn Mendoza,jasoncarter@example.net,Other,North Aaronview,5/06/2024
1853,Jamie Zamora,mariamoore@example.net,Other,North Michaela,2/02/2024
3653,Amber Young,dianeparsons@example.com,Female,West Spencermouth,5/03/2024
6051,Daniel Allen,lmartin@example.net,Female,Markchester,24/05/2025
7833,Nancy Kerr,ryanwilliams@example.net,Male,Dorseyborough,1/03/2024
2779,Alexander Yates,john30@example.org,Female,New Christopherbury,24/09/2024
840,Brittany Lee,uwhitney@example.com,Other,New Elizabeth,31/07/2024
2525,Sonya Pearson,ccook@example.net,Male,Marissafort,12/06/2025
221,Richard Cunningham,kevinclayton@example.org,Other,North Richardfurt,12/09/2024
3775,Megan Mitchell,vincent12@example.net,Female,New Josephstad,2/06/2025
2441,Christopher Cooley,xdiaz@example.net,Male,West Philip,22/08/2025
5553,Tammy Cooke,jeremycarey@example.com,Male,New Kevin,11/07/2024
9392,Allison Suarez,qmccarty@example.org,Other,New Ashley,10/12/2024
1606,Chad Robinson,jasminemorton@example.org,Female,East Mary,11/10/2025
4627,Jimmy Avery,josephthompson@example.org,Other,Serranoport,21/10/2024
129,William Ford,colelisa@example.net,Other,West Cassidy,24/02/2025
9954,Harry Nguyen,rebeccagonzalez@example.net,Male,Port Jamesland,16/11/2024
678,Logan Moreno,jorgeedwards@example.org,Male,Savageview,31/03/2024
7106,Jonathan Saunders,matthewmontes@example.com,Male,South Shawnborough,26/01/2025
3962,Emily Baird,twilliams@example.com,Other,Woodsfort,8/02/2025
8471,Andrea Santos,thomas43@example.org,Male,Port Danielview,8/08/2025
1288,Justin Simon,kkidd@example.com,Other,South Lindaberg,2/06/2024
6583,Rachel White,ruizjoshua@example.net,Female,West Emilyfurt,7/12/2024
6793,Emily Vasquez,thomas67@example.org,Other,West Melinda,8/04/2024
9987,Christopher Williams,lindawright@example.com,Other,Murphyland,15/06/2024
6716,Matthew Campbell,robyn29@example.net,Female,Susanmouth,12/12/2024
152,Laura Adams,acostachristian@example.net,Female,New Kelly,8/09/2024
1745,Crystal Horn,iherman@example.org,Male,Matthewmouth,29/06/2025
6364,Stephanie Schmitt,vickie71@example.org,Female,North Scottland,11/04/2025
8482,Juan Cook,jacksonjeffrey@example.com,Female,Lake Rachelview,19/04/2024
2105,Robert Smith,stevenhopkins@example.com,Male,Campbellville,20/04/2025
9830,Donna Rivera,hicksadam@example.com,Other,Rothside,6/07/2025
7331,Adam Gay,anita28@example.org,Female,Lake Matthewport,18/10/2025
5046,Tyler Alvarado,erinmurillo@example.org,Other,Riverachester,29/08/2024
4767,Heather Oneal,bradley11@example.org,Male,Jonathanfurt,20/03/2024
9996,Jill Moreno,joshua27@example.com,Female,East Monica,11/05/2025
2457,Hayley Smith,sethsanders@example.com,Male,Garyside,18/12/2024
1388,Joseph Nelson,brooke35@example.com,Female,New James,21/06/2024
7702,Alex Mason,floresanna@example.org,Other,Port Johnfurt,27/07/2025
3402,Kathleen Ramsey,carlos27@example.net,Other,Nicoleland,12/04/2024
3630,Nicholas Ortega,tmejia@example.net,Other,Carpentermouth,13/11/2024
8316,Rebecca Ellison,delgadowilliam@example.net,Female,Harrisontown,21/02/2025
5555,Robert Ramirez,richardmorgan@example.com,Female,Christinashire,2/10/2024
8788,Jennifer Morton,annette81@example.net,Female,Maryville,29/01/2024
1685,Lori Velazquez,rodney57@example.com,Male,Amandatown,20/04/2024
993,Kathleen Smith,tara90@example.com,Male,South Daniel,26/04/2024
7475,Aaron Wilson,washingtonelizabeth@example.org,Male,Kevinside,23/03/2024
3601,Aaron Sullivan,tracy43@example.net,Other,Burnston,6/03/2025
1877,Gabrielle Jones,jake77@example.com,Male,South Ronald,7/06/2025
9572,Tina Davis,jennifermcneil@example.com,Male,New Zachary,30/04/2025
9932,Susan Martin,justin49@example.org,Other,Morrowburgh,17/09/2024
7344,John Keller,gnguyen@example.com,Other,New Philip,7/09/2025
8206,Douglas Rogers,fishertina@example.org,Male,Chloechester,4/09/2024
5326,Samantha Reed,garciadavid@example.com,Female,Port Thomasside,7/01/2024
2267,Tracy Sexton,mespinoza@example.org,Male,North Shawnberg,19/03/2025
8753,Debbie Henson,jeffreymoody@example.org,Male,West Sarahshire,28/08/2024
2077,Andrew Williams,ortegasandra@example.net,Other,New Brandon,1/08/2025
2569,Tina Fleming,ambersavage@example.com,Male,Garnerfurt,14/08/2024
4103,Jessica Lee,chadholland@example.net,Female,North Laura,15/03/2025
5477,Andrea Potter,tmitchell@example.net,Male,Leeburgh,12/03/2024
8594,Amy Aguilar,gfranklin@example.net,Female,Lake Joshualand,13/04/2024
1911,Joseph Stewart,elizabethrobertson@example.com,Male,West Tammieville,31/12/2024
3139,Elizabeth Hughes,tiffanysilva@example.com,Male,North Laurenborough,17/09/2024
3749,Gerald Benton,susan01@example.net,Other,Stevenfort,26/05/2025
2816,Briana Salazar,karen64@example.com,Female,Port Brittany,22/04/2025
2080,Carlos Moore,rebecca55@example.org,Male,New Nicolebury,16/06/2024
28,Jade Carr,contrerasangela@example.net,Other,East Josephville,24/07/2025
7394,Patricia Pittman,troy26@example.net,Female,Mooreside,14/04/2024
662,Eileen Everett,johnnycruz@example.net,Other,Rebeccaville,29/07/2025
3499,Michael Chapman,amandawarren@example.net,Other,Bowersstad,26/02/2025
9453,Elizabeth Miller,davidthompson@example.org,Female,Jonesside,6/03/2025
3991,Cory Oliver,laurenstewart@example.org,Other,West Jason,27/12/2024
6033,Andrea Henderson,vglover@example.org,Other,Hodgefurt,22/07/2025
5359,Brent Mendoza,annamontoya@example.org,Other,New Sarah,27/09/2024
8829,Barbara Wong,bwalters@example.org,Female,South Rileyville,29/08/2025
9165,Todd Zamora,marilyn26@example.net,Female,West Gregoryburgh,13/09/2025
5721,Jessica Phillips,xochoa@example.com,Male,Davilaville,14/05/2024
4396,Susan Ward,michael58@example.com,Male,Shelleyside,15/09/2024
7657,Renee Thomas,matthewrichardson@example.net,Male,Laurenport,11/11/2025
8329,Eric Vazquez,teresa64@example.com,Other,East Amy,11/03/2025
2831,Julie Patterson,hhunter@example.org,Male,Kristabury,2/07/2025
6710,Jessica Caldwell,hcastro@example.org,Female,North Jasontown,20/10/2024
4923,William Roach,qjacobs@example.net,Other,Jessicaburgh,25/03/2024
2114,Gary Adams,ynorman@example.org,Female,Armstrongmouth,9/06/2025
4073,Benjamin Lloyd,mitchellkrista@example.net,Male,North Brandonville,11/03/2025
5650,Anthony Perez,reginamartinez@example.com,Other,West Matthew,8/08/2025
7377,Audrey Ramos,bryantjames@example.org,Other,Jacobville,25/04/2024
9921,Hailey Bautista,lambertana@example.org,Other,Evansberg,14/12/2024
3337,Anthony Sanchez,mary68@example.net,Other,Sandovalview,21/06/2025
3053,Teresa Bell,ddouglas@example.org,Female,East Stacey,12/04/2025
8293,Brent Johnson,aprilsmith@example.org,Other,Vincentfort,1/09/2025
125,Rebecca Bailey,joelthomas@example.org,Female,New Eric,14/12/2024
9765,Gregory Banks,daniellewilson@example.org,Other,Maxwellborough,13/02/2025
838,Kristen Burch,ostokes@example.com,Male,West Christopherland,23/03/2025
3498,Kevin Wagner,scottsandoval@example.com,Male,Lake Eduardo,16/10/2025
6075,Daniel Alexander,donald17@example.org,Other,Ruizshire,25/04/2024
6577,Theodore Grimes,michael31@example.org,Other,Lake Melissa,4/12/2024
1261,Aaron Galloway,smithpaul@example.org,Female,Micheleburgh,6/03/2024
1937,Brittany Sanders,benitezjeffrey@example.com,Female,New Cassandra,30/09/2025
9397,Scott Wilson,lopezsteven@example.net,Female,South Darylville,5/11/2024
7827,Kari Novak,michaelreyes@example.net,Male,Leefurt,1/09/2024
926,Leonard Harding,hooperkaren@example.com,Female,West Karen,1/02/2024
1631,Kristen Thompson,mitchellkristine@example.net,Male,Garrettberg,12/04/2024
174,Kathryn Diaz,jwilliams@example.org,Other,Angelaland,12/05/2025
6170,Alec Lopez,brett85@example.com,Other,Jessicastad,24/02/2025
377,Emma Hoffman,juliahoffman@example.org,Other,Heatherton,25/02/2025
5226,Travis Wade,smithjustin@example.org,Other,South Monicachester,6/09/2025
6882,Colleen Lewis,cgill@example.org,Male,Rubenfort,11/01/2025
606,Gregory Erickson,evanwilson@example.com,Male,South Jorge,4/05/2024
2007,Haley Conway,wperez@example.net,Other,South Larry,5/12/2024
4706,Savannah Erickson,kruegerjade@example.com,Female,New Jenniferberg,21/03/2025
6414,Anthony Washington,qwatson@example.net,Female,South Jason,1/06/2024
6526,Chloe Valencia,christinacook@example.org,Female,Monicatown,10/05/2025
2880,Lawrence Lambert,lisa49@example.com,Other,West Brooke,9/11/2024
550,Christopher Cross,steven18@example.net,Female,East Thomasland,19/10/2025
7330,Joel Smith,eric65@example.net,Male,Deniseview,19/08/2025
874,Jeff Torres,wallspatricia@example.com,Other,West Adammouth,24/01/2025
7865,Emily Gonzalez,wallacemichael@example.net,Other,Robertmouth,15/01/2025
248,Lisa Mccarthy,samantha91@example.net,Other,West David,26/02/2025
2936,Kevin Wright,maryhorne@example.org,Female,Joneschester,10/03/2025
3429,Bryan Henson,jake50@example.com,Female,Miguelborough,3/09/2025
7347,William Phillips,dsoto@example.net,Other,Port Melissa,5/05/2024
3711,Claudia Vasquez,danielhurley@example.com,Male,South Joshuafurt,2/04/2025
3671,Steve Hernandez,wrightjohn@example.com,Female,Erichaven,23/12/2024
9008,Mark Walker,uarnold@example.net,Female,Wadeborough,9/05/2024
2046,Aaron Smith,gilmorejoshua@example.com,Male,Greenberg,3/03/2024
2157,Susan Elliott,alexbutler@example.org,Male,Fryshire,6/05/2024
2847,Gerald Vaughn,clarkalex@example.com,Other,East John,20/10/2024
6034,Taylor Sandoval,cruzalejandro@example.org,Female,Jenniferton,19/09/2024
2283,Thomas Scott,jessicareed@example.net,Male,Amyland,19/09/2024
1067,Emily Chavez,samuel89@example.com,Other,East Kennethmouth,9/02/2025
9857,George Guzman,jenniferray@example.com,Female,Paynefort,29/05/2024
7894,Nicole Graves,michaelphillips@example.com,Male,East Amanda,20/08/2024
1106,Tammy Mclaughlin,aclark@example.org,Female,North Sarah,17/02/2025
9513,Trevor Perry,lmata@example.org,Other,South Jeremy,3/05/2025
5031,Rhonda Garcia,selenaortiz@example.org,Other,South Julia,14/01/2025
5698,Mathew Bailey,heather17@example.com,Other,Robertside,22/06/2025
7778,Abigail Peters,wdennis@example.org,Male,Fowlerport,3/02/2024
7560,Kimberly Strong,gravestammy@example.org,Female,Annaside,1/05/2025
7262,John Collins,jason93@example.org,Female,Collinsberg,9/02/2024
7176,Robert Hudson,mariejohnson@example.com,Other,Powellburgh,6/05/2024
9341,Anthony Flores,whitejasmine@example.org,Male,North Richard,21/04/2024
2002,Katherine Mccarty,edward03@example.net,Male,Lindatown,8/12/2024
3481,Rebecca Lewis,bsnyder@example.org,Other,South Seanville,27/12/2024
8254,Erik Bennett,angelaboyd@example.net,Other,Williamsbury,4/07/2024
9344,Jennifer Rasmussen,rlopez@example.com,Male,Patriciafort,8/12/2024
2764,Robert Davis,oconnorcarol@example.com,Male,New Brittneyton,7/06/2025
5723,Candice Rivera,sandersdaniel@example.com,Other,Kennedyside,21/04/2025
8513,Rachel Sparks,samuel85@example.org,Male,Debraborough,5/12/2024
6606,April Martin,timothyshelton@example.net,Other,Brittanybury,2/10/2025
8796,Nathan Herrera,gina09@example.net,Other,Christopherchester,29/08/2025
3836,Clifford Coleman,gerald14@example.com,Female,Millerchester,13/06/2025
502,Madison Cortez,vcarr@example.net,Female,New Danielmouth,19/02/2025
2372,Anthony Miller,kylecortez@example.com,Other,Port Raymond,4/01/2024
3599,Ronald Phelps,cgood@example.org,Other,East Deborahbury,30/01/2025
4985,Brian Davis,joseph85@example.com,Male,New Cynthiafort,14/08/2025
8473,Becky Silva,williamsontanner@example.org,Female,Kimberlybury,14/09/2025
4116,Maria Brooks,ebean@example.net,Other,Shaffermouth,6/07/2024
8558,Charles Long,brian34@example.com,Male,Richardville,10/05/2024
624,Marie Pope,butlersabrina@example.org,Male,North Timothy,10/12/2024
5176,Vanessa Brewer,christian68@example.com,Female,West Kellyville,24/03/2025
9929,Christopher Lee,iayala@example.com,Male,Williamside,3/07/2024
778,Jesus Brewer,rachel48@example.net,Male,Port Joshuabury,2/05/2024
8239,Justin Hanson,jeremy76@example.com,Other,Mccoyport,14/03/2024
2193,Kevin Anderson,chess@example.org,Female,South Zachary,21/05/2025
1957,Mary Bartlett,dtucker@example.org,Other,New Brooke,27/03/2025
7828,Jose Mendoza,usandoval@example.net,Female,Taylortown,6/07/2025
8719,Jeffrey Bailey,annecruz@example.org,Other,East Miguelport,20/09/2024
9032,Jennifer Thomas,gbennett@example.org,Other,Christinaview,16/08/2024
6719,Karen Taylor,davidthomas@example.net,Male,Staffordtown,7/05/2024
7572,Andrew Munoz,michellebrown@example.com,Male,Lindseymouth,28/05/2025
7753,Michael Brooks,kevinallen@example.net,Female,Port Nicoleville,11/07/2024
1115,David Barnes,browndana@example.org,Female,Connorside,18/08/2025
3335,Stacey Jimenez,anna67@example.org,Female,Port Alexisville,24/07/2024
6980,Calvin Stephens,ahernandez@example.net,Other,Wardmouth,20/01/2024
5114,Jeffrey Duncan,debrapowell@example.org,Male,South Adrianview,26/02/2024
2844,Megan Pierce,amyking@example.net,Other,South Evelynburgh,26/02/2025
1083,Scott Ross,adamsjessica@example.com,Male,West Sethbury,24/09/2024
91,Christian Pitts,tyleraguilar@example.org,Other,Littlemouth,26/04/2024
1331,Lisa Lopez,phillipsbruce@example.org,Other,Johnfurt,16/05/2024
440,Robert Bell,barbarasantos@example.net,Male,Port Justin,23/08/2024
7707,Rebecca Palmer,rthomas@example.org,Female,East Laura,13/04/2025
2895,Bobby Brown,nicoledixon@example.net,Female,Wallaceview,21/09/2025
6212,Kathryn Cook,denniscynthia@example.org,Female,West Ericabury,26/09/2024
458,Tina Kennedy,sharon20@example.net,Male,West Timothyport,22/12/2024
5683,Jonathan Curtis,danny38@example.org,Other,North Carlmouth,8/09/2024
6042,Crystal Wheeler,monica94@example.net,Male,North Steven,3/05/2024
6824,Antonio Taylor,cbates@example.com,Male,East Christopherview,5/10/2024
2683,Megan Foster,douglasdakota@example.com,Female,North Jeremy,8/01/2025
8006,John Kelly,lcollins@example.net,Female,Scottfort,18/02/2025
8774,Jennifer Herring,lrogers@example.net,Other,New Joanmouth,13/01/2025
3583,Christian Washington,pachecojason@example.com,Other,Cruzbury,9/12/2024
1989,Victoria Warner,jscott@example.com,Male,Martinezmouth,25/08/2025
3981,Jay Meza,margaret83@example.net,Male,Howardport,22/06/2024
2853,Kevin Carpenter,kgreer@example.net,Female,New Davidville,1/12/2024
632,David Rodriguez,tylerward@example.com,Female,North Markville,4/11/2025
5167,Terri Edwards,michael73@example.com,Male,East Ann,22/06/2024
9778,Zachary Russell,schwartztiffany@example.net,Other,East Becky,11/09/2024
7863,Mackenzie Elliott,harringtonvanessa@example.com,Male,West Kaitlinland,23/03/2024
7046,Mark Schultz,bmontoya@example.org,Male,North Jennifer,5/12/2024
7597,Brenda Mitchell,natalie18@example.org,Female,West Daniel,16/01/2024
7606,Linda Wilson,greenkathryn@example.com,Male,Nelsonton,29/04/2024
339,Jessica Hansen,staceylam@example.net,Other,East Michaelport,21/05/2025
2964,Sarah Dunlap,kimberlyjones@example.net,Female,Coleland,8/04/2024
9107,Alexander Rice,moorewilliam@example.com,Female,North Patrick,16/01/2024
2342,Kevin Marshall,martinsarah@example.net,Male,West Christopherberg,12/11/2025
9815,Catherine Frye,kimberly25@example.com,Other,South Lindsey,11/09/2025
7944,Kelsey Jensen,tsanchez@example.com,Other,Port Alecside,30/04/2024
8195,Joel Daniels,hunthenry@example.com,Other,South Donnaside,22/12/2024
7666,Alexander Taylor,carlos85@example.net,Female,Pacehaven,21/08/2024
8607,Bradley Bailey,mcneiltony@example.com,Other,Crosbyhaven,15/02/2024
9873,Christopher Lee,chenamy@example.net,Female,New Rodneyton,30/05/2024
5510,Nancy Rich,matthew82@example.com,Other,Jasonbury,29/03/2024
5562,Linda Bailey,williamgreen@example.com,Male,Martinshire,9/11/2024
5337,Jose Burnett,hurststacy@example.com,Male,East Daleside,17/08/2024
3992,Christopher Khan,william56@example.com,Female,North Lisa,13/02/2024
7625,Jane Mclaughlin,hgarcia@example.com,Female,North Toniborough,22/06/2024
1843,Latoya Torres,fostersarah@example.net,Male,Port Catherine,21/06/2025
5817,Robert Morton,acase@example.net,Other,Sellersborough,27/01/2024
4219,Tracy Williams,duncanvanessa@example.com,Female,Sullivanmouth,10/10/2025
944,Duane Beck,alexis72@example.com,Male,Danielchester,30/01/2025
4685,Darrell Clark,ntucker@example.com,Male,West Amanda,7/05/2024
183,Shelly Hendrix,janet75@example.com,Other,Annview,23/07/2024
1630,Omar Clark,guerrerostanley@example.net,Female,Kimberlyville,11/05/2024
6260,Eric Lynch,jenniferhardin@example.com,Male,Mcleanview,10/10/2024
7141,Mark Cowan,alvarezmaureen@example.org,Other,Port Amy,21/07/2024
6622,Kelly Cordova,fergusonwilliam@example.org,Other,Nunezstad,15/04/2025
8908,Brandon Alvarez,pagechad@example.com,Other,Port Jenniferchester,10/04/2025
3307,Jerry Valencia,wperez@example.com,Other,Port Matthewtown,14/03/2024
7073,Christina Moreno,michaelhogan@example.com,Female,South Samantha,20/05/2024
1851,Erica Ruiz,petersrussell@example.org,Other,North Jose,18/08/2024
7731,Christina Decker,destiny85@example.com,Female,Hooperside,19/03/2024
2315,Brandy Kelly,ochristensen@example.net,Female,Weberbury,14/05/2025
8768,Erica Flores,theresa09@example.com,Female,Gibsonhaven,6/01/2024
8011,Yvette Bean,joseph42@example.com,Other,Lake Jesse,20/09/2024
1154,Ashley Miller,whoffman@example.org,Female,Lake Traci,27/03/2025
8421,Michael Horton,thomas67@example.com,Male,East Kaylaport,21/07/2024
8849,Ashley Lucas,karenwallace@example.com,Male,New Jesse,14/10/2025
4289,David Delgado,ijackson@example.net,Male,Port Charlesburgh,15/07/2024
3272,Shane Ashley,allisonhogan@example.net,Male,North Christopherfort,16/06/2024
7816,Alex Ward,davidortiz@example.com,Female,North Michael,8/07/2024
5612,Kathryn Coleman,juan18@example.com,Male,Cobbside,19/09/2025
3458,Cindy Williams,twagner@example.com,Female,Jordanfurt,9/11/2024
1161,Dillon Harvey,greenejessica@example.org,Male,Chelseaburgh,27/02/2025
7662,Tammie Morales,jsimmons@example.com,Other,Christopherbury,4/04/2025
2331,Patrick Carter,adavis@example.com,Other,South Evelynside,25/04/2025
8222,Alexandra Hunt,kennethjordan@example.com,Male,Lake Mary,10/08/2024
9378,Shannon Norman,ibarratimothy@example.net,Male,Medinaland,28/10/2024
8277,Joshua Griffin,davidadams@example.com,Female,Nguyenborough,20/05/2024
7165,Francis Mooney,johnmckinney@example.org,Female,Lake Troy,2/06/2024
7564,Lauren Williams,myersmaria@example.com,Female,Muellershire,4/10/2025
9114,Melissa Pearson,vargaspaul@example.com,Male,North Laura,3/06/2024
8746,Rebecca Lopez,iturner@example.net,Other,Sanchezhaven,2/02/2025
485,Andrew Torres,christina79@example.org,Male,Williamsbury,10/02/2025
1946,Melinda Wilson,lanechelsea@example.com,Other,West Sierramouth,29/05/2025
5467,Kerry Lynch,stevenssteven@example.org,Male,New Sydney,1/03/2025
3426,Jennifer Butler,edwarddavis@example.com,Other,Russellbury,11/07/2025
4989,Cynthia Ross,fvelazquez@example.com,Other,Wardstad,15/06/2025
6940,Holly White,tamarageorge@example.org,Other,Cannonland,28/06/2024
4901,Samantha Norris,amymccormick@example.com,Female,Wilkersonland,27/02/2025
2154,Joshua Joseph,mhernandez@example.org,Female,South Benjamin,20/12/2024
5762,Nicholas Taylor,dyeredward@example.org,Male,South David,8/10/2025
6539,Janet Price,agarcia@example.net,Other,Lake Suzanne,2/01/2025
107,Alfred Baker,judyfox@example.net,Male,South Shanestad,6/02/2025
6884,Joel Williams,shanecooper@example.com,Other,Grahambury,22/02/2025
7954,Jessica Andrade,karen00@example.net,Other,South Thomasport,14/09/2024
2186,Carol Gilbert,michelle11@example.org,Male,Port Peter,4/05/2025
3137,Brenda Smith,shieldsalicia@example.com,Female,Port Sarahview,27/06/2024
7094,Diane Cochran,vwilliams@example.com,Female,Thorntonton,13/12/2024
9031,David Ramsey,kevin09@example.com,Female,Edwardshaven,27/07/2024
6680,Matthew Freeman,lturner@example.com,Male,North Benjamin,15/02/2024
8696,Rachael Gonzales,michellemartin@example.org,Female,Williammouth,21/11/2024
1313,Terri Baker,hollywarner@example.org,Other,East Melinda,24/02/2024
3596,Patrick Smith,rileyjustin@example.org,Male,Johnsonfurt,1/06/2025
2563,Stephanie Randolph,zgarcia@example.com,Female,Robertmouth,28/06/2025
2969,Rachel Ward,michaelarmstrong@example.net,Male,Lake Anthonyfort,16/07/2025
3570,Nathaniel Lawson,watkinschristopher@example.org,Male,Bergermouth,15/12/2024
7549,Matthew Dodson,brownmorgan@example.org,Other,Leetown,14/05/2024
2425,Timothy Cruz,jonathanjones@example.com,Other,East Luishaven,12/11/2024
2888,Emily Livingston,jessetaylor@example.com,Other,New Jennifer,18/02/2025
3849,Brandy Hernandez,joseph93@example.org,Female,South Tracy,29/05/2025
7289,Steven Bullock,reyesrobert@example.net,Male,Glenntown,27/03/2024
7673,Donald Perry,kaitlynsnyder@example.net,Male,Vazquezburgh,9/02/2024
1219,Nicholas Thomas,adkinslauren@example.net,Other,Port Jamesburgh,12/08/2024
4669,Sylvia Jacobs,englishoscar@example.org,Male,Joseland,21/04/2025
953,Raven Blankenship,adamstout@example.org,Male,North Ericstad,29/07/2024
6118,Courtney Rogers,jrobertson@example.com,Male,Thomaston,3/08/2025
4695,Shawn Oconnell,mhudson@example.com,Male,Chasetown,4/02/2024
6962,Adam Adkins,aprilperez@example.net,Male,Wilkinsburgh,28/01/2025
2913,George Santana,ndiaz@example.net,Other,Adamsmouth,7/11/2025
6376,Susan Guerrero,uwilliams@example.net,Other,West Nicholas,24/05/2024
8068,John Stone,amyrogers@example.net,Female,Hoffmanchester,13/01/2025
1943,Kevin Fernandez,droach@example.org,Male,Karenhaven,14/07/2025
7023,Madeline Griffin,michelle32@example.com,Other,Millerton,17/12/2024
1729,Martha Williams,ichan@example.org,Other,East Megan,12/09/2024
8073,Edwin Webb,lunadustin@example.net,Other,Bowmanmouth,5/03/2024
763,Anita Brown,james33@example.org,Female,Jaimefort,14/07/2025
8390,Amanda White,kjames@example.com,Male,North Sean,10/04/2024
1615,Peggy Nguyen,jacqueline39@example.net,Female,West Angela,8/04/2024
3900,Angela Miranda,traceyhill@example.net,Male,Cynthiaview,6/02/2024
2158,Gregory Stafford,lbishop@example.net,Other,New Robin,3/02/2025
8113,Emily Barajas,jamescarr@example.com,Female,Petersonview,13/07/2024
6514,Marie Stuart,angelagreen@example.com,Female,Stoneland,20/11/2024
5231,Stephanie Morris,holmessamantha@example.com,Female,Hoffmanville,1/05/2025
2915,Gary Hernandez,elizabeth20@example.com,Other,South Justinstad,22/07/2025
9655,Michael Smith,kathryn48@example.org,Other,New Alexandra,21/07/2025
5598,Manuel Wells,jennifer85@example.org,Female,Mccarthyland,24/05/2025
8442,Willie Marks,hurstandrew@example.org,Other,East Williamhaven,21/08/2025
2976,Eric Lambert,manuelbrandt@example.net,Female,North Scott,25/01/2024
3326,Cynthia Rodriguez,gballard@example.com,Male,New Daniel,18/06/2024
2647,Kaitlyn Smith,guerramaria@example.org,Female,New Williammouth,1/07/2024
3348,Jacqueline Ferguson,leonard75@example.net,Female,South Alyssa,9/10/2024
9672,Gregory Chapman,mark74@example.net,Male,Gonzalezshire,23/11/2024
3699,Brian Campbell,gzhang@example.org,Other,Lake Jamestown,17/08/2024
1934,James Mitchell,rwhite@example.org,Male,Huntermouth,6/01/2025
7873,Jonathan Brown,craig74@example.net,Male,Brownmouth,3/07/2024
2155,Steven Rowe,ecampbell@example.org,Male,Bonnieshire,2/10/2024
3580,Jenny Cobb,jmiller@example.net,Male,North Tammy,28/03/2024
1122,Annette Gutierrez,joshuagonzalez@example.com,Female,Heidiview,9/07/2024
6102,Benjamin Turner,jfernandez@example.org,Other,Leeville,2/02/2025
9428,Meghan Harrison,wcook@example.net,Male,Crystalport,14/09/2024
3239,Morgan Jackson,michelleknapp@example.net,Male,Davisside,26/04/2025
4660,Kimberly Pineda,qcarpenter@example.net,Other,Wendyland,11/08/2025
8391,Brett Gibbs,steven57@example.net,Male,Martinhaven,8/01/2024
8836,Jacob Hickman,shawnclarke@example.com,Female,Lake Edward,3/02/2025
2099,Kari Ferguson,jessica62@example.com,Other,Jacksonchester,27/08/2024
274,Carlos Baker,livingstonstacy@example.com,Female,Courtneyhaven,12/01/2024
2658,Richard Moore,courtney13@example.com,Other,East Jason,23/03/2025
5162,Krista Garcia,marshjoann@example.net,Male,New Robert,6/07/2025
8369,Jacob Cook,rrodriguez@example.org,Male,West Chadmouth,23/01/2025
2295,Carl Richards,jill69@example.net,Other,Michaelburgh,16/09/2024
5993,Felicia Rice,pgood@example.com,Other,Powellborough,20/06/2024
6434,David Morales,robin37@example.org,Female,Frankland,26/08/2024
9387,Oscar Lopez,fosterandrew@example.org,Female,Annaborough,4/03/2024
2354,Vanessa Brock,tuckeramanda@example.org,Male,Russellborough,4/04/2025
7952,Eric Weeks,willie43@example.org,Other,South Morgan,29/09/2025
7526,Christina Alvarez,hoodnathan@example.com,Female,North Brianna,18/08/2024
4916,Thomas Brown,eroy@example.org,Male,Kristinshire,14/02/2025
6220,Heather Miller,ginalewis@example.org,Female,North Jeremy,12/01/2024
9108,Phillip Rosales,heatherdiaz@example.com,Male,Jacquelineton,13/08/2025
1503,Lisa Brown,amberhall@example.org,Male,North William,2/05/2025
8916,Clayton Pratt,cheyennehernandez@example.com,Male,Lake Amyfurt,31/07/2025
2520,John Edwards,ewatkins@example.org,Female,South Andrea,19/01/2024
2430,Margaret Moran,donald44@example.com,Female,Lake Tamara,20/02/2024
7622,Dustin Cardenas,emaldonado@example.net,Male,Port William,30/08/2025
6735,Richard Kent,davidpatel@example.com,Other,Glenville,20/09/2024
2434,Madison Campbell,valeriejames@example.net,Female,Jamesmouth,20/04/2024
1329,Lacey Hill,michaelstrickland@example.com,Female,East Cynthia,15/06/2025
1401,Alexandria Morris,yromero@example.com,Male,West Drew,24/06/2025
7111,Allison Robbins,robertwilliams@example.com,Male,West Billy,3/02/2025
9013,Joseph Arnold,george85@example.org,Male,Burtonstad,15/08/2025
123,Mark Solis,xcollier@example.org,Female,Richardbury,15/01/2024
7259,Stephen Boone,sramos@example.org,Other,Port Brandonmouth,2/01/2025
3734,Teresa Fisher,michael02@example.net,Female,Guerreroshire,25/02/2024
483,Tony Pearson,annshea@example.net,Other,East Charles,17/01/2025
3816,Zachary Martinez,imartin@example.com,Female,Rogerschester,30/09/2025
1990,Brian Smith,larry40@example.net,Other,South Lori,16/09/2024
2494,Caleb Higgins,brittany44@example.org,Female,New Melissaborough,18/02/2025
8171,Jennifer Cobb,jasonpalmer@example.org,Other,Cruzberg,4/10/2024
9933,Brian Brooks,hintonmichael@example.net,Female,Martinezmouth,3/04/2024
8080,Alan Scott,frederick59@example.org,Other,West Justin,21/11/2024
4005,Miguel Hawkins,bradleyemily@example.com,Male,Reneeton,18/09/2024
556,Tracey Coffey,marymullins@example.com,Other,Youngmouth,23/01/2024
9694,Alexander Wolfe,jonesann@example.org,Male,Williamsmouth,26/02/2025
3283,Darren Jennings,ernest99@example.com,Male,West Danieltown,4/02/2025
7355,Heidi Mcdaniel,ronaldruiz@example.org,Other,Melanieland,28/04/2024
9788,Amanda Townsend,robertrodriguez@example.org,Other,Salazarchester,3/04/2024
366,Christine Kennedy,jennifer11@example.net,Other,North Matthew,18/01/2025
3905,Michael Dorsey,wayneschmidt@example.com,Other,South Raymond,23/01/2024
6857,Garrett Contreras,hudsonrobert@example.org,Other,Sandraberg,17/06/2025
8204,Brian Martin,qchen@example.net,Male,Erictown,27/01/2024
6651,Michael Alexander,weaverscott@example.com,Female,South Scottmouth,6/01/2025
7903,Benjamin Brown,christopher63@example.net,Male,West David,27/06/2024
143,Ana Acosta,srodriguez@example.org,Male,Davidbury,25/07/2025
6975,John Vincent,laurenbrown@example.org,Male,North Christineville,4/10/2025
5411,Joseph Pace,vickimartin@example.net,Other,East Gregory,19/03/2025
3368,Tracy Norton,jamieclark@example.net,Female,Jaybury,7/09/2025
3247,Ryan Valencia,stevensonanthony@example.net,Male,South Mary,23/03/2024
6487,Rachel Davenport,shane31@example.org,Other,East Victoriachester,28/09/2024
7025,Brandon Elliott,mnicholson@example.com,Male,Port Kristina,15/02/2024
1363,Gwendolyn Travis,daniellechavez@example.net,Other,Lake Aaron,27/05/2025
3069,Carrie Lewis,david86@example.net,Other,Smithbury,2/08/2024
6038,Carl Huynh,carterandrea@example.org,Male,South Jessica,30/04/2025
7671,Kenneth Morris,williambrown@example.com,Male,West Richardport,30/10/2025
5960,Stephen Harrington,eleonard@example.net,Other,Johnsonton,14/11/2025
4717,Michael Rivera,erika44@example.net,Male,Travisberg,4/09/2024
3414,Michelle Scott,leeamy@example.org,Other,East Lori,20/04/2024
8661,Thomas Robbins,alexajones@example.org,Other,North Christina,3/02/2025
1241,Jon Cardenas,michael34@example.com,Female,West Stephenview,4/08/2025
788,Alice Gibson,april25@example.com,Male,Mooreville,18/07/2024
228,Christopher Montgomery,jennifermiller@example.org,Other,Dawsonberg,27/03/2025
6795,Hannah Zimmerman,uclark@example.com,Other,North Amanda,10/01/2025
3333,Hailey Richardson,amedina@example.com,Female,North Stephanieport,2/10/2024
6357,John Garza,jacksonlauren@example.org,Female,Hamiltonburgh,25/12/2024
1183,Timothy Campbell,joseph83@example.com,Other,Ericahaven,12/08/2024
8328,David Ward,teresa43@example.org,Other,Susanburgh,29/12/2024
8190,Michaela Smith,johnpowell@example.com,Other,North Jeffrey,1/03/2025
9049,Kelli Orozco,joanne47@example.net,Male,New Autumn,7/04/2025
2137,Scott Smith,wendy82@example.com,Female,New Rita,14/07/2025
6074,Kristina Morris,barbara46@example.com,Male,South Peggyshire,27/12/2024
4226,Larry Ramirez,sarah64@example.com,Female,North Denise,16/05/2025
8629,Elizabeth Woodard,justinchandler@example.net,Other,Lake Patrickfort,19/12/2024
4714,Dillon Jacobson,christinayoung@example.net,Other,North Patrickfort,8/06/2025
7504,Penny Weiss,hendersonmatthew@example.com,Other,Port Dustinfort,10/09/2024
289,Phillip Decker,louis43@example.org,Male,East Kimberly,25/09/2025
49,Steven Brown,xprice@example.net,Female,Port Nicoleshire,14/08/2024
5047,Samantha Gardner,amy97@example.net,Male,West Mikayla,29/01/2024
8756,Michael Boone,bishopjohn@example.net,Female,New Petermouth,16/10/2024
6184,Richard Smith,johnhoward@example.net,Female,Wilsonville,8/09/2025
1374,Julie Valdez,kelseywilliams@example.org,Other,West Michelle,21/09/2024
948,Ronald Dickson,daniel27@example.com,Other,Gregoryburgh,20/07/2025
7921,Devin Obrien,ngonzales@example.org,Other,Marcport,18/09/2024
141,Wayne Young,brooksanthony@example.org,Female,Laceyberg,6/02/2024
2812,James Francis,megan65@example.net,Female,Port Christy,27/09/2025
5111,Jennifer Hawkins,melissa48@example.net,Male,Port Danielle,22/09/2024
264,Aaron Rubio,wendyblankenship@example.net,Other,Erikview,28/10/2024
4208,Sandra Brown,banksyolanda@example.com,Female,Port Tracey,14/01/2025
5539,James Morrow,michaelbradford@example.org,Male,Joshuatown,31/01/2025
6099,Barry Russell,lcarroll@example.com,Male,Robertview,24/10/2024
2620,Dennis Robertson,gschmidt@example.com,Male,Baileybury,22/10/2024
8970,John Wallace,jessica40@example.org,Female,Jennafurt,10/12/2024
3594,John Daniels,vcooper@example.org,Male,Lake Patricialand,8/05/2025
2407,Abigail Gonzalez,jonesdevon@example.org,Other,Port Stacyton,1/11/2025
9068,Brian Moses,kenneth62@example.com,Female,Carlosfort,29/06/2025
8310,Ryan Jackson,karen32@example.com,Female,New Jonathan,5/11/2024
4328,Benjamin Stevens,gordonjonathan@example.net,Other,Lake Danielville,6/01/2025
9282,Austin Hurley,dsloan@example.net,Male,Lake Ianside,19/04/2025
7359,Mary Hess,cpatterson@example.net,Male,Robertsberg,22/10/2025
9994,Daniel Vasquez,jeremymclaughlin@example.org,Other,North Travisville,4/09/2025
2649,Joshua Weaver,zacharyschneider@example.net,Female,Nelsonmouth,20/10/2024
8188,Brittany Hendricks,ryanriley@example.net,Female,Lake Scottmouth,14/06/2024
1663,Frederick Santiago,stevengoodwin@example.net,Other,Beckton,3/07/2024
7484,Kimberly Jackson,roseerik@example.com,Male,Port Mariafurt,6/04/2025
8199,James Dunn,tiffanywilliamson@example.org,Other,Stevenfort,26/08/2025
89,Julie Hamilton,hodgesjane@example.org,Other,Jacksonport,13/11/2025
4175,Christopher Miller,cheryl20@example.com,Male,North Melody,7/01/2025
3361,Ashley Moore,ronaldhartman@example.com,Male,Ashleyview,10/11/2024
5621,Timothy Woods,thomasmarcia@example.com,Other,East Mark,10/02/2024
9090,Karen Rivers,stephanie92@example.com,Male,New Karinamouth,3/12/2024
6263,David Cooper,speters@example.org,Other,Davisville,13/10/2025
1278,Sherry Scott,smitchell@example.com,Male,Danielville,11/08/2024
9304,Michele Freeman,hknight@example.org,Male,Dixonchester,10/09/2025
545,Amy Bates,jtaylor@example.com,Other,Maryberg,17/09/2024
776,Selena Brooks,taylorchristopher@example.com,Other,Jerryton,25/01/2025
3586,Haley Wade,kellereric@example.com,Male,Davidmouth,24/08/2024
9104,Crystal Nguyen,rwatkins@example.com,Other,East Ryanbury,1/03/2024
3510,Amanda Evans,nicholas81@example.com,Male,East Claireville,8/03/2025
6385,Jessica Thomas,fmorse@example.org,Male,Hartburgh,13/07/2024
8501,Alexa Payne,scott95@example.org,Male,Morganfurt,8/05/2024
7439,Tracy Stewart,eadams@example.net,Other,South Amy,22/04/2025
1987,Kevin Grant,josephcooper@example.net,Male,Breannastad,16/02/2025
3143,Melissa Smith,aromero@example.net,Other,Websterton,14/05/2025
1269,Nicholas Henry,jgarcia@example.com,Other,Torresport,3/10/2024
2835,Olivia Levy,nhardy@example.org,Female,West William,9/10/2024
1782,Amanda Anderson,suttondenise@example.net,Male,South Felicialand,6/03/2024
3540,Justin Jones,jenniferadkins@example.org,Male,Brianstad,20/04/2024
1806,Lori Walker,iford@example.net,Other,Rossmouth,21/08/2025
3669,Kim Wilson,taylorcathy@example.net,Female,Timothymouth,1/02/2025
186,Brent Stein,danawilliams@example.com,Male,Jenniferville,12/06/2024
4060,Jenny Smith,seanthompson@example.net,Female,Janicebury,29/12/2024
8087,William Robinson,aliceyoung@example.org,Female,Kennedybury,7/02/2025
509,Henry Roach,adamcannon@example.org,Female,Jimenezfort,16/07/2024
8148,William Cowan,kristiharrison@example.com,Female,East Adamshire,4/09/2024
8179,Timothy Miller,ashley52@example.net,Other,Lake Renee,12/11/2025
8209,Matthew Taylor,john40@example.com,Female,East Patriciamouth,11/10/2024
809,Kathleen Meyer,swong@example.org,Female,Port Jessica,16/03/2025
6930,April Smith,jessica88@example.net,Male,Fredbury,29/09/2025
3571,Patricia Grant,jriley@example.com,Other,Duncanhaven,1/08/2025
8906,Kristin Mack,brianguerra@example.com,Female,North Cheryl,20/10/2024
7149,Dwayne Smith,garycantrell@example.com,Other,South Staceyshire,26/04/2025
797,Diane Reeves,rtaylor@example.org,Male,Port Andrew,26/02/2024
4079,Dylan Johnson,russellgregory@example.com,Female,Odonnellview,1/01/2024
5385,Maria Anderson,donovanjames@example.net,Other,Lake Bryanside,21/02/2025
7497,Wendy Schneider,millerallison@example.org,Male,Samanthachester,1/06/2025
8565,Andrew Garcia,williamwatkins@example.net,Female,Lake Kevinport,11/11/2024
3213,Robin Nguyen,pbates@example.net,Male,Margaretmouth,14/04/2025
4625,Richard Johnson,mezarobert@example.org,Other,North Mary,13/09/2024
9894,Jared Hansen,ralphmitchell@example.net,Other,Zoeburgh,14/10/2024
4112,Anne Keller,tanya96@example.org,Other,Elizabethside,10/02/2025
8926,Ryan Howell,leonardthomas@example.net,Female,Adamview,21/01/2025
7817,Michael Watkins,davidcantu@example.com,Female,New Kimberlyview,13/04/2024
960,Sara Martinez,justinkline@example.org,Male,South Meganborough,16/03/2024
2484,Kelly Blevins,crystal60@example.net,Male,New Jesseville,27/08/2024
5600,Dylan Reynolds,christopherdunn@example.net,Other,Lake Ginabury,8/01/2025
181,Thomas Charles,thorntonapril@example.net,Other,Whitneyfort,22/02/2025
5875,Leslie Garcia,peterjones@example.com,Female,Kingfort,8/11/2024
8995,Brooke Williams,samuelmyers@example.com,Other,Jeffreyberg,18/11/2024
8241,Randy White,parkercolleen@example.net,Male,Lake Brianberg,10/04/2025
3623,Diana Vaughan,mannlisa@example.com,Female,Port Saraville,7/05/2025
5593,Elizabeth Wilson,lauracochran@example.org,Other,Port Brian,27/04/2025
2768,Aaron Little,nunezsherry@example.com,Other,Mooreborough,17/04/2024
8202,Nicholas Cooper,iperry@example.net,Female,Masonview,27/10/2024
7637,Jennifer Pierce,janetwilson@example.net,Other,Piercestad,8/01/2025
5314,Annette Sanchez,gmoses@example.org,Female,Holmeshaven,24/06/2024
8975,Eric Stark,kevincarroll@example.net,Male,West Catherinemouth,16/12/2024
8630,Heidi Davidson,penningtoncheryl@example.net,Female,New Michael,9/09/2024
7472,Jimmy Cochran,obrienjacob@example.net,Other,Andersonshire,3/11/2024
8889,Sara Sampson,christensenrenee@example.com,Female,South Lauren,5/01/2024
9370,Sean Carson,sandrawong@example.com,Female,Bobbyside,23/03/2024
3910,Aaron Vaughn,aprilcooper@example.com,Male,South Gregorymouth,3/04/2024
4446,Daniel Leblanc,angela33@example.net,Male,Romeroshire,10/11/2024
9720,Erica Bowen,jeffrey71@example.net,Female,Port Morgantown,11/06/2025
446,Nicole Parker,joanramos@example.org,Female,New Mary,23/03/2025
1638,Debra Santana,luis20@example.org,Female,Antonioton,11/07/2024
1181,James Daniels,carmenevans@example.org,Other,Callahanville,27/02/2024
8725,Julie Kelley,william64@example.net,Female,South Christineville,16/02/2025
2803,Daisy Velasquez,william81@example.com,Other,Lake Johnville,14/06/2025
9727,Melanie Sanchez,simpsonthomas@example.org,Female,East Judithmouth,11/04/2025
5604,Julia Riley,jennifer89@example.org,Female,North Caleb,28/02/2025
3128,Eric Green,johnsonpaul@example.org,Other,Grantland,28/08/2024
2608,Angela Beltran,thomassheila@example.net,Male,Matthewton,22/03/2024
8544,Matthew Edwards,lindawhite@example.net,Female,Port Mckenzietown,28/09/2024
5485,Jeffrey Valdez,bonnie25@example.com,Female,Sarahburgh,11/05/2025
9493,Michael Stanton,bridgesjennifer@example.net,Other,Williamsberg,25/10/2024
5335,Michael Meyer,grayjames@example.net,Male,Lake Brandon,10/10/2024
4852,Sheena Hawkins,browndeanna@example.com,Other,Jeffreyton,27/01/2024
7055,Corey Tran,michaelmiller@example.net,Male,Steeleburgh,8/11/2025
5360,Gabriella Morrow,nicolecummings@example.org,Male,Younghaven,19/12/2024
9977,Daniel Armstrong,campbellwilliam@example.net,Male,Michaelberg,11/08/2024
5214,Benjamin Williams,james05@example.com,Female,Millerfort,29/11/2024
7357,Denise Robinson,jaredvelazquez@example.net,Female,Guerraview,20/10/2024
3029,Michael Hill,waynegriffin@example.net,Male,Tyroneshire,18/11/2024
1847,Timothy Williams,kevin85@example.org,Other,Crystalchester,19/03/2024
5681,Amber Macias,deborahmacias@example.net,Other,Chavezchester,24/01/2025
3443,Adrian Brown,fredericksmall@example.com,Female,Robbinsbury,23/09/2025
2473,Zachary Allen,valencialisa@example.com,Female,Alicetown,21/07/2025
5653,Heather Johnson,jgomez@example.com,Male,West Michael,22/11/2024
374,Debra Mullen,jennifer58@example.com,Female,Craigside,2/11/2025
2842,Mary Jackson,williamsthomas@example.net,Other,North George,19/10/2025
8447,Patricia Wilkerson,fpacheco@example.com,Male,Leahhaven,3/09/2024
3055,Arthur Smith,ufoster@example.org,Other,Clarkberg,31/01/2025
6582,Joseph Cooper,jking@example.com,Male,Ashleyberg,22/11/2024
217,Jennifer Freeman,warrenmary@example.org,Other,Port Adamberg,25/04/2024
4973,Raymond Hernandez,hodgesara@example.org,Female,Philiptown,26/01/2024
6801,Gavin Nelson,gthomas@example.com,Male,Bellberg,25/05/2025
5330,Mandy Knapp,millervanessa@example.net,Other,East James,3/10/2025
5094,Debra Gill,hoganrobert@example.net,Female,Vargaschester,29/10/2025
9828,Michaela Huber,tracie66@example.net,Female,Lisaberg,12/06/2024
5679,Robert Cooper,johnsonkelly@example.net,Male,Stephenshire,18/06/2025
6489,Nathan Anderson,sheltonmichael@example.net,Male,Bradleyview,30/04/2024
3146,Roger Pham,brooke45@example.net,Other,Riosfurt,3/12/2024
6204,Adam Harris,alicia39@example.com,Female,Lake Lisatown,17/05/2024
9773,Paul Martin,annalopez@example.com,Other,Longberg,24/02/2024
2153,Margaret Nelson,davidsawyer@example.net,Male,Boltonbury,20/08/2025
620,Jessica Smith,francisco02@example.com,Male,Johnsberg,12/09/2024
4722,Jason Brown,snydercatherine@example.net,Male,East Jacqueline,16/04/2024
1253,Calvin Forbes,castroangelica@example.org,Other,Thomasberg,8/02/2025
8117,Travis Fuller,timothystephens@example.org,Other,Andreachester,21/08/2025
7824,Margaret Warren,gary46@example.org,Female,Lake Christopherstad,25/04/2024
1362,Matthew Wilson,amy68@example.net,Other,Robinsonstad,30/04/2025
977,Sharon Garcia,brandonsmith@example.org,Female,Michellechester,30/07/2025
6745,Rachel Simmons,tamarasmith@example.com,Female,Tracifort,1/11/2024
7967,Yesenia Coleman,ccastillo@example.net,Male,East Vanessa,27/06/2025
4513,Bradley Jacobs,oleon@example.org,Female,Port Chase,24/09/2024
2645,Tara Sharp,angelavalencia@example.net,Female,Gibsonmouth,11/10/2025
2546,Gary Hodges,eric02@example.net,Female,Johnstad,17/07/2024
3651,Ashley Reed,melanie07@example.org,Female,Lake Saramouth,13/06/2025
7517,Michael Mueller,xwalsh@example.net,Male,Gordonchester,1/08/2024
1708,Christopher Daniel,lpage@example.com,Male,East Marie,25/01/2024
648,Charles Jefferson,karlwilliams@example.net,Female,Ballardland,28/10/2025
7897,Rebecca Burns,icampbell@example.com,Female,North Nicholas,6/03/2024
8933,Natasha Ward,boltoncrystal@example.com,Male,Hernandezshire,16/09/2024
9323,Wayne Clark,allisonpotter@example.com,Female,Thompsonport,24/08/2025
6516,Thomas Wright,rodriguezjoseph@example.net,Other,Webbstad,16/12/2024
5695,Ethan Johnson,haleyjordan@example.org,Male,New Garrett,5/02/2024
4579,Alan Hardy,erika25@example.com,Other,Lake Ashley,24/09/2025
7375,Nancy Bass,gilmorejohn@example.org,Other,Travisfurt,21/06/2025
9310,Christine Snyder,john14@example.com,Female,Jonestown,22/02/2024
6630,Austin Smith,christina20@example.com,Other,Lucaston,3/10/2025
9545,Kimberly Ellis,sextonchristopher@example.com,Other,Georgeport,2/01/2025
1493,Kylie Herrera,bradleybarker@example.net,Female,Lake Katherine,4/07/2025
3834,Sherry Silva,oconner@example.net,Female,Tracystad,22/06/2025
4352,Wendy Boyd,wgilbert@example.org,Female,Tonyport,11/02/2024
6791,Dana Evans,wrightmelissa@example.org,Male,South Stevenshire,22/02/2025
5015,Donna Pacheco,aphillips@example.org,Female,Hollowaytown,13/05/2024
9134,Courtney Lewis,mwhite@example.org,Other,West Anthonystad,6/07/2025
7362,Diana Bennett,michaelcole@example.net,Other,Randallfort,23/08/2025
9396,Paul Morales,coxjill@example.org,Female,Garrettside,30/03/2025
2367,Carrie Jordan,norrismichael@example.org,Other,Smithland,24/07/2025
7809,Brad Torres,odominguez@example.org,Other,East Randallfort,18/12/2024
3557,Patrick Hardy,curryisabella@example.com,Female,Maryfurt,12/10/2025
7076,Jessica Crosby,obrooks@example.org,Other,Lake Jack,16/02/2024
2191,Charles Williamson,jessica94@example.com,Female,Larachester,24/09/2024
2923,Elizabeth Williams,mcummings@example.net,Male,Heatherside,21/03/2024
51,Anthony Rogers,dramsey@example.org,Other,South Brittanytown,25/10/2024
933,Kathryn Ramos,shelbybonilla@example.com,Male,West Michelefurt,31/10/2025
6530,Sherry Weeks,meredith68@example.org,Other,Cervantesview,6/09/2025
7905,James Landry,geoffreyberry@example.com,Male,New Dorothyburgh,23/03/2025
5943,Dominic Green,wyattsandra@example.org,Other,Sherrychester,18/01/2025
2031,Katherine Henson,kathleencase@example.net,Female,Lake Williamville,28/08/2025
7334,John Montoya,fritzgregory@example.com,Other,New Amy,7/02/2025
159,Shannon Roach,zosborn@example.net,Male,Elizabethland,6/08/2025
2405,Jessica Moore,householly@example.com,Other,Calebfurt,31/10/2024
9331,Amy Merritt,kennethbrooks@example.org,Female,Robbinschester,6/10/2024
5609,Jason Anderson,christophermorrison@example.com,Male,Durhamland,30/01/2024
6338,Glenn Webb,kjennings@example.com,Male,Edwardsmouth,2/10/2025
2033,Matthew Morgan,jasminjohnson@example.org,Other,Millstown,17/10/2025
2119,Meghan Reid,carterstanley@example.net,Other,Joshuamouth,27/07/2024
7086,Norma Martin,myersrachel@example.net,Female,Lake Teresaland,11/04/2024
656,Gregory Phelps,dcasey@example.org,Male,Carolynland,26/03/2025
6696,Amy Lopez,buchananwilliam@example.org,Male,Ericmouth,1/06/2025
2945,Amber Alvarado,jacob28@example.com,Other,Jarvisbury,19/10/2024
5522,Jeffrey Thompson,robertsjohn@example.com,Other,South Dwayne,3/11/2024
4077,Kim Gonzalez,jenkinsrandy@example.com,Female,North Karaton,8/02/2024
2962,Nathan Richardson,mario36@example.org,Female,South Dannyhaven,22/02/2025
7342,Amanda Ortiz,richardsonheather@example.com,Other,Colemouth,1/06/2024
8598,Danielle Collins,allenramirez@example.com,Male,Samanthaberg,29/08/2024
1381,Timothy Lewis,paulschultz@example.net,Other,East Elizabethhaven,30/03/2025
5959,Jacqueline Mitchell,tmcgee@example.com,Other,Port Joshua,10/08/2025
7069,Sylvia Shepard,stacycooper@example.org,Male,Maryland,15/10/2024
8445,Daniel Price,uhamilton@example.net,Male,Port Angelafurt,1/02/2025
121,Gregory James,vincentwhitaker@example.com,Female,South Michelleton,25/05/2025
4032,David Hanson,ruth54@example.com,Female,New William,5/09/2025
3315,Andrew Miller,taylorjose@example.com,Female,South Cynthiafort,28/04/2025
2703,Annette Bryant,paulray@example.com,Female,Josephtown,12/04/2024
3694,Robert Sanders,jmarshall@example.com,Male,South Danielberg,7/09/2025
722,Christopher Coleman,thomasgriffin@example.com,Female,Chapmanhaven,8/10/2024
326,Megan Garrison,comptonjeremy@example.com,Other,Schroedermouth,31/07/2024
5188,Tammy Rice,william10@example.net,Male,East Melodyside,8/10/2025
961,Travis Johnson,tuckerconnie@example.org,Other,Brooksmouth,24/09/2024
6159,Yolanda Stewart,robert79@example.net,Female,Port Ronaldland,5/02/2024
2451,Melanie Wiggins,charlesclayton@example.org,Female,West Erinborough,10/06/2025
3079,Debra Rangel,xvargas@example.org,Male,Stewartland,8/05/2025
8376,Richard Salazar,mosesrachel@example.org,Other,North Williamville,10/04/2024
8499,Shannon Zimmerman,katherinejohnson@example.net,Male,Derrickland,16/10/2024
251,Michelle Crane,ytaylor@example.net,Male,Ortizfort,27/02/2025
1312,Tyler Mccarthy,rroberts@example.net,Male,South Jacksontown,29/04/2025
8153,Summer Underwood,rcurtis@example.org,Other,West Robin,17/06/2025
1056,Rhonda Johnson,lindseydixon@example.net,Male,Shelbyfurt,28/09/2025
7926,Brian Hull,ymarsh@example.com,Female,South Stephenton,4/10/2025
9312,Jeremy Cruz,pam45@example.net,Other,Jonathanton,30/04/2025
1476,James King,barbaraolsen@example.net,Other,Lake Johnton,4/10/2024
4319,Tim Reid,martinezhenry@example.org,Other,Freemanburgh,9/01/2024
3281,Lauren Jones,uhorton@example.net,Male,South Deborahville,5/10/2025
2851,Jonathan Ramirez,caleb06@example.org,Female,Myersshire,9/08/2025
364,David Jimenez,garciarobert@example.net,Other,Port Christopherport,1/11/2024
2510,Jennifer Deleon,dgentry@example.org,Other,Allenside,24/06/2024
8613,Stephanie Snyder,ana03@example.org,Female,Sparksport,23/02/2024
9523,Jennifer Miller,danielle60@example.com,Other,South Randallport,27/09/2025
6906,Cynthia Palmer,robersonmary@example.com,Male,Port Jessicaside,9/01/2024
8474,Julia Herring,zsmith@example.org,Male,West Carrieborough,7/03/2024
9852,Lisa Wilkins,bradfordashley@example.net,Male,Lewiston,20/05/2025
2025,Jennifer Rice,brenda68@example.org,Male,Sullivantown,5/07/2025
4693,Renee Pierce,troy04@example.org,Male,Erikfort,10/04/2024
9772,Raymond Harmon,rmerritt@example.com,Male,Amandafurt,17/03/2024
9079,Aimee Ross,zacharygarcia@example.net,Male,Lake Patrick,15/07/2024
1373,Francisco Roberts,ronald21@example.org,Male,Tuckertown,19/07/2024
9151,Kristine Miller,quinnryan@example.org,Other,Crystalborough,15/10/2024
8535,Kathleen Oliver,lisa96@example.com,Male,Amandaport,3/03/2024
7860,Brenda Greene,rodriguezlauren@example.com,Female,West Katherine,12/01/2025
5892,Shelly Hicks,sarah31@example.com,Other,Antonioside,12/08/2025
2963,Pamela Larsen,hansenclaudia@example.org,Other,Davidstad,6/09/2024
8831,Nicole Jackson,zwilson@example.net,Other,Stevensview,13/05/2025
5404,Nancy Keith,qgreene@example.com,Other,Nguyenstad,15/03/2024
6499,Brenda Frazier,timothyfloyd@example.net,Male,South Joyview,20/02/2024
2840,Michael Peters,jamiejohnson@example.org,Other,West Raymondbury,11/03/2024
3403,Jessica Munoz,nthompson@example.net,Female,Ginaburgh,20/06/2024
114,Jennifer Schmitt,michael98@example.org,Male,Lake Timothy,16/08/2025
1674,Michael Blanchard,tyler41@example.net,Male,South Louiston,14/09/2025
5630,Amanda Brooks,karla92@example.com,Male,Cameronburgh,7/01/2024
2921,Brittany Davis,davissydney@example.net,Male,Laurenland,28/10/2024
6876,Timothy Johns,ribarra@example.org,Male,West Samanthaton,12/11/2024
4584,Andrew Barnes,xrogers@example.net,Male,Santosbury,30/10/2025
9853,Wesley Chambers,juliebell@example.org,Female,Port Alexa,20/09/2025
3479,Heidi Payne,feliciawebster@example.org,Other,Cruzstad,1/05/2024
9299,Jessica Taylor,tryan@example.com,Male,Loganport,14/04/2024
2253,James Mason,maryflores@example.net,Other,Hortonview,8/05/2025
1255,Jason Hayes,mark98@example.com,Female,Port Amber,5/11/2025
4277,Monica Stone,oholmes@example.net,Other,West Davidbury,24/09/2024
7436,Michelle Thompson,mwillis@example.net,Male,Port Kristinaview,8/02/2025
1819,Scott Baker,jasonbooker@example.org,Other,East Stephanie,17/05/2024
2103,Justin Williams,christinawilliams@example.org,Male,East Nathan,22/11/2024
3122,Tina Gomez,smithtammy@example.com,Female,East Melissa,10/08/2025
1113,Raymond Forbes,joshua09@example.org,Male,Osbornmouth,14/03/2025
1709,Brittany Martin,johnsparks@example.org,Other,Lake Donnafort,19/03/2025
8989,Brett Oneill,vmurphy@example.net,Other,West Gregoryland,7/09/2025
1186,Jason Shaw,katie71@example.net,Female,Saraborough,5/06/2025
3153,Aaron Hobbs,gregorymayo@example.com,Other,West Daleberg,29/02/2024
4459,Sean Kim,cbrown@example.net,Other,Robertsburgh,7/07/2024
157,Michael Edwards,john10@example.net,Female,South April,4/04/2024
7763,Lawrence Ferguson,mburns@example.net,Male,East Carolyn,28/02/2024
2943,Gary Jensen,udavis@example.org,Other,Lake Erik,28/07/2025
2261,Steven Griffin,jacqueline17@example.com,Male,Edwardsborough,10/07/2024
47,Joshua Strickland,rsims@example.com,Female,Lake Justinview,28/07/2025
6684,Shawn Callahan,brittany91@example.net,Female,Larsonmouth,16/05/2024
7831,Edward Orr,dbutler@example.org,Female,Robinsonberg,5/11/2025
765,Nancy Lozano,arobinson@example.net,Male,Lake Jerry,12/03/2024
9944,Charles Ruiz,tylervazquez@example.net,Other,Port Brianport,18/12/2024
8462,Alexander May,andrea91@example.com,Female,Andreaport,20/12/2024
8554,Teresa Flowers,obarnes@example.net,Male,New Ian,21/02/2024
9950,Donna Good,khicks@example.org,Female,New Ethan,17/01/2024
7471,James Lewis,carlcummings@example.com,Male,Rowlandland,31/10/2025
2656,Phillip Murphy,taylor95@example.org,Female,Port Duane,30/07/2024
4516,Lucas White,carriebrewer@example.com,Other,Joshualand,8/07/2024
5907,Justin Davis,wendytucker@example.net,Other,North Tina,31/07/2024
2792,Andrea Waters,bryan03@example.com,Other,West Christopherland,6/10/2024
1132,Dylan Andrade,kyle23@example.org,Male,Davisbury,1/01/2024
4224,Emily Baldwin,jbrady@example.com,Female,North Danielport,23/08/2024
6828,Christina Velasquez,eosborn@example.com,Male,Travisstad,16/08/2025
1163,Jennifer Allen,mgiles@example.com,Other,West Calvin,9/11/2024
3818,Julie Fowler,qolson@example.org,Other,Tiffanyport,5/08/2024
3881,Robert Newton,jacksonbianca@example.org,Other,Nicolemouth,7/02/2024
1682,Theresa Holland,robertsonjordan@example.com,Other,South Toddton,19/06/2024
5689,Valerie Nunez,anthony91@example.org,Other,Wuland,30/04/2024
5551,Nicole Hobbs,ichandler@example.org,Other,Port Christopher,20/08/2024
1325,Tara Brown,pwood@example.org,Female,Haleymouth,9/09/2024
4495,Michael Harris,sherri53@example.com,Female,Mitchellberg,18/11/2024
2893,Patrick Chandler,ginafischer@example.org,Male,Lake Caitlynshire,16/09/2025
5045,Jamie Austin,rgross@example.com,Male,North Andrew,30/07/2025
3569,Rebecca Robinson,robert32@example.org,Other,Rebeccaland,20/03/2024
2432,Thomas Bennett,zbailey@example.com,Other,Russellton,2/02/2025
2843,Jennifer Jarvis,amy22@example.org,Male,Andersonland,28/10/2024
6258,William Johnson,andrewsnicholas@example.com,Male,Cuevasstad,6/04/2025
6064,Madison Mccoy,hosborn@example.net,Other,Sharonbury,17/07/2024
6194,Rebecca Jimenez,ytodd@example.net,Other,South Nathaniel,29/09/2025
2965,Jenna Davis,travis45@example.org,Male,Port Jamesberg,21/02/2025
6528,Susan May,evelynthomas@example.org,Other,South Marcus,14/04/2025
7596,Danielle Poole,parsonsjacqueline@example.net,Other,Port Derekmouth,1/09/2024
5724,Christina Webster,josephwilson@example.org,Other,Lake Amanda,13/04/2025
4820,Todd Harvey,ricerobert@example.com,Male,New Stevenbury,11/10/2025
1360,Tonya Thomas,amber29@example.org,Female,Port Heather,20/09/2025
9980,Margaret Kelly,bryan63@example.net,Male,Jillbury,13/05/2025
9263,Erin Williams,jacqueline47@example.net,Male,Harperside,5/02/2025
8791,Melinda Burnett,curtisflynn@example.net,Male,Stephanieville,16/05/2025
7765,Thomas Lewis,yatesbrenda@example.org,Other,Petersonberg,6/05/2024
9402,Ashley Hayes,kathleen71@example.org,Female,Melissaton,19/11/2024
667,Krystal Taylor,tgonzalez@example.com,Other,North Erichaven,7/03/2025
8079,Steven Gibson,johnbailey@example.net,Male,North Michaelburgh,26/05/2025
4567,Jared Brown,matthewbrock@example.org,Other,Jeffreystad,19/02/2025
8879,Katie Chan,thomasjoseph@example.org,Male,Jessicaville,15/05/2024
6976,Jennifer Guzman,parksangela@example.org,Other,Stevenborough,9/07/2024
4681,David Villegas,lauren46@example.org,Other,Rodriguezbury,17/06/2024
7360,Robin Johnson,jenniferodonnell@example.org,Other,New Christine,5/06/2025
6672,Thomas Johnson,tommybentley@example.net,Female,New Ryanshire,7/03/2024
2173,Ivan Carter,joshua74@example.net,Female,Port Josephchester,23/07/2024
1953,Chad Cooper,wharris@example.com,Other,South Christian,21/05/2024
3648,Pedro Smith,williamwalters@example.org,Male,Vanceberg,4/05/2024
1932,Amanda Walker,morenorobert@example.org,Male,East Margaret,30/11/2024
7057,James Mccall,deanmelissa@example.net,Female,West Margaretstad,1/12/2024
179,Joseph Rios,jennifersilva@example.org,Other,Hernandezbury,12/02/2025
471,James Sandoval,angelagrant@example.net,Female,Port Daniellestad,20/09/2024
904,Sheena Greene,rosariodaniel@example.net,Other,Melissaland,2/07/2024
6280,Kevin Mendez,ramirezdaniel@example.net,Male,Hancockfort,10/05/2025
1512,Jennifer Hill,richardhart@example.org,Other,Hernandezview,1/03/2024
5181,Ryan Preston,briankelly@example.com,Female,North Christine,1/11/2024
3961,Seth Andrews,fullermegan@example.com,Other,Port Patricia,29/05/2025
7321,Jose Becker,matthewrobinson@example.com,Male,Mcfarlandhaven,9/10/2024
836,Sarah Orr,jeffrey47@example.net,Other,Lake Derekside,19/04/2024
5323,John Berger,zvelasquez@example.net,Male,Port Brandi,14/10/2024
9826,Lindsay Gardner,michaelmcbride@example.net,Other,Shawnville,16/08/2024
5054,Anthony Best,ocampbell@example.com,Male,West Emily,27/03/2024
2475,John Cantrell,sshea@example.com,Male,West Andrewport,21/06/2024
605,Nathan Roberts,hernandezjustin@example.org,Other,Lake Amanda,4/06/2024
4730,Derrick Cuevas,robert70@example.com,Female,South Jose,2/08/2024
1817,Michael Bruce,patriciagrant@example.net,Female,Lake Christopher,28/09/2024
9657,Craig Cunningham,bwhite@example.net,Female,Jonesberg,19/03/2025
7664,Kenneth Tate,haley26@example.com,Female,Bonniemouth,8/11/2025
4729,Brett Marshall,vmclean@example.org,Female,West Brendatown,5/10/2025
7243,Brenda Grant,johnmorgan@example.org,Male,New Sarahview,22/09/2024
5418,Adam Wong,aarontapia@example.com,Other,South Julie,30/09/2024
728,Thomas Cortez,kathleenwagner@example.com,Other,Contrerasberg,18/06/2025
2704,Bethany Lynch,sue68@example.com,Male,Smithchester,2/06/2025
1505,Bradley Henry,donaldtyler@example.net,Female,New Dylanmouth,20/07/2025
6323,Brittany Campbell,ricardothompson@example.org,Other,Codyhaven,11/06/2024
8931,Shawn Morales,karen80@example.com,Male,New Katherineton,13/03/2024
436,Richard Hayes,tiffanyparks@example.org,Other,Lindaside,6/09/2024
4004,Jonathan Rodriguez,victorporter@example.org,Female,Annaville,18/08/2024
6999,Elizabeth Moore,laura99@example.org,Male,Katherinebury,2/04/2024
9171,Raven Smith,ibaker@example.net,Other,Lake Crystalshire,28/02/2024
5836,Alexandria Morton,smithsamantha@example.org,Female,Hernandezhaven,7/07/2024
3642,Kelly Williams,zmoore@example.org,Other,East Shirleyfurt,5/08/2025
7127,Jon Mitchell,karen16@example.com,Other,Tiffanyland,9/07/2025
5276,Matthew Garcia,yvette87@example.net,Other,Thomastown,23/02/2024
9045,Robert Gomez,jeffrey83@example.com,Male,Lake Paula,1/05/2024
3643,Brandon Bryan,krista74@example.net,Male,Lake Christopherbury,1/08/2024
601,Sierra Lamb,lopeznicole@example.org,Female,South Rachaelport,1/07/2025
4829,Edward Rodriguez,iscott@example.net,Male,Williamfurt,12/04/2024
9141,Gerald Pena,kevin80@example.org,Male,Andersonshire,17/06/2024
804,Nicole Jenkins,gbird@example.net,Other,West Susan,31/01/2024
9769,Rebecca Jenkins,daledavis@example.org,Male,Destinyhaven,4/11/2025
5435,Karen Gardner,pwilliams@example.com,Female,Bradfordview,16/09/2025
5025,Jason Mcguire,erica57@example.com,Male,New Roger,19/05/2025
5439,Grace Kirby,tonymoyer@example.net,Other,East Cesar,18/04/2024
5567,Dawn Walker,wsosa@example.com,Male,New Brandon,6/07/2025
4721,Edward Goodwin,vjackson@example.com,Male,Victoriaville,7/02/2024
958,Cynthia Strickland,johnhurst@example.com,Male,New Mary,3/11/2025
2471,Elaine Barnes,elizabethbrennan@example.net,Female,Port Kenneth,29/10/2025
4824,Nicholas Smith,kristin70@example.org,Male,Browntown,7/01/2025
3161,Anthony Powell,wcook@example.com,Male,South Christopherside,4/06/2025
1757,Patricia Moyer,michael35@example.net,Other,Dwaynestad,24/02/2025
2084,Kimberly Potter,nedwards@example.net,Other,North David,9/02/2024
6726,Nicole Perkins,millsashley@example.net,Female,South Kevinmouth,25/10/2024
4781,Christopher Munoz,natasha08@example.net,Female,Kathyshire,18/04/2024
6345,Sue Moore,dadams@example.net,Female,West Sarah,3/04/2025
6532,Mark Torres,gutierrezshelly@example.org,Male,Aliciafort,30/01/2024
5925,Natasha Garcia,caseyjoseph@example.org,Other,New Markbury,26/06/2025
6872,Michele Shaw,david63@example.org,Female,Millershire,21/06/2025
1472,Dale Burnett,trobinson@example.org,Female,Lake Susan,24/04/2025
8589,Dennis Good,erinnguyen@example.org,Male,North Angela,15/03/2024
7232,Aaron Cordova,jasmineknapp@example.net,Other,Michaelborough,6/10/2024
9460,Jodi Kelly,chad69@example.com,Female,Parkerfort,3/05/2024
5463,John Robbins,batesolivia@example.org,Male,Jacksonview,18/08/2024
1124,Jason Park,debbie43@example.com,Other,Christopherborough,2/01/2025
7276,Kristy Gallagher,xrodriguez@example.org,Male,Scottmouth,12/04/2025
8902,Jon Wall,jgonzalez@example.net,Female,Jacquelineborough,11/01/2025
8924,Anthony Soto,tammycampbell@example.org,Female,Holtberg,28/03/2024
481,Karen Johnston,walkerkeith@example.com,Other,East Matthew,26/10/2025
1689,Edwin White,epatterson@example.net,Female,Collinsberg,21/03/2024
6310,Evan Nash,combsdaniel@example.org,Male,Watersmouth,23/04/2024
9302,Dennis Rivera,evansraymond@example.net,Other,Madisonhaven,29/02/2024
3103,Edgar Reilly,jarias@example.org,Other,East Travisshire,31/01/2024
3072,Paul Rocha,harpercathy@example.net,Female,East Robinstad,17/01/2025
7153,Autumn Welch,josephclark@example.net,Female,Lake Christine,10/09/2025
3126,Richard Levy,clayamy@example.org,Other,East Jamesview,7/09/2025
7196,Adam Floyd,veronica67@example.net,Other,Robertsonburgh,28/10/2025
418,Angela White,tking@example.net,Male,Kimfurt,12/01/2025
1258,Stacy Hughes,ejames@example.org,Male,Isaacport,27/01/2025
8518,Craig Kim,cohenwilliam@example.com,Female,Matthewsside,31/12/2024
9949,Edward Chapman,carloskrueger@example.com,Other,New Jennifer,29/03/2025
